ISO-10303-21;
HEADER;
/* Generated by software containing ST-Developer
 * from STEP Tools, Inc. (www.steptools.com) 
 */

FILE_DESCRIPTION(
/* description */ ('STEP AP242'),
/* implementation_level */ '2;1');

FILE_NAME(
/* name */ '0781710003.step',
/* time_stamp */ '2026-05-23T01:44:57+07:00',
/* author */ (''),
/* organization */ (''),
/* preprocessor_version */ 'ST-DEVELOPER v20.1',
/* originating_system */ 'Autodesk Translation Framework v15.8.0.0',
/* authorisation */ '');

FILE_SCHEMA (('AUTOMOTIVE_DESIGN { 1 0 10303 214 3 1 1 }'));
ENDSEC;

DATA;
#10=MECHANICAL_DESIGN_GEOMETRIC_PRESENTATION_REPRESENTATION('',(#13),#4870);
#11=SHAPE_REPRESENTATION_RELATIONSHIP('SRR','None',#4877,#12);
#12=ADVANCED_BREP_SHAPE_REPRESENTATION('',(#14),#4869);
#13=STYLED_ITEM('',(#4887),#14);
#14=MANIFOLD_SOLID_BREP('Body1',#3038);
#15=FACE_BOUND('',#329,.T.);
#16=FACE_BOUND('',#331,.T.);
#17=FACE_BOUND('',#365,.T.);
#18=FACE_BOUND('',#380,.T.);
#19=PLANE('',#3055);
#20=PLANE('',#3060);
#21=PLANE('',#3066);
#22=PLANE('',#3067);
#23=PLANE('',#3074);
#24=PLANE('',#3075);
#25=PLANE('',#3082);
#26=PLANE('',#3083);
#27=PLANE('',#3090);
#28=PLANE('',#3091);
#29=PLANE('',#3092);
#30=PLANE('',#3093);
#31=PLANE('',#3094);
#32=PLANE('',#3095);
#33=PLANE('',#3096);
#34=PLANE('',#3097);
#35=PLANE('',#3098);
#36=PLANE('',#3099);
#37=PLANE('',#3100);
#38=PLANE('',#3101);
#39=PLANE('',#3102);
#40=PLANE('',#3103);
#41=PLANE('',#3104);
#42=PLANE('',#3105);
#43=PLANE('',#3106);
#44=PLANE('',#3107);
#45=PLANE('',#3108);
#46=PLANE('',#3109);
#47=PLANE('',#3110);
#48=PLANE('',#3111);
#49=PLANE('',#3112);
#50=PLANE('',#3113);
#51=PLANE('',#3114);
#52=PLANE('',#3115);
#53=PLANE('',#3116);
#54=PLANE('',#3117);
#55=PLANE('',#3118);
#56=PLANE('',#3119);
#57=PLANE('',#3120);
#58=PLANE('',#3121);
#59=PLANE('',#3122);
#60=PLANE('',#3123);
#61=PLANE('',#3124);
#62=PLANE('',#3125);
#63=PLANE('',#3126);
#64=PLANE('',#3127);
#65=PLANE('',#3128);
#66=PLANE('',#3129);
#67=PLANE('',#3130);
#68=PLANE('',#3131);
#69=PLANE('',#3132);
#70=PLANE('',#3133);
#71=PLANE('',#3134);
#72=PLANE('',#3135);
#73=PLANE('',#3136);
#74=PLANE('',#3137);
#75=PLANE('',#3138);
#76=PLANE('',#3139);
#77=PLANE('',#3140);
#78=PLANE('',#3141);
#79=PLANE('',#3142);
#80=PLANE('',#3143);
#81=PLANE('',#3144);
#82=PLANE('',#3145);
#83=PLANE('',#3146);
#84=PLANE('',#3147);
#85=PLANE('',#3148);
#86=PLANE('',#3149);
#87=PLANE('',#3150);
#88=PLANE('',#3151);
#89=PLANE('',#3154);
#90=PLANE('',#3157);
#91=PLANE('',#3160);
#92=PLANE('',#3161);
#93=PLANE('',#3162);
#94=PLANE('',#3163);
#95=PLANE('',#3164);
#96=PLANE('',#3165);
#97=PLANE('',#3166);
#98=PLANE('',#3167);
#99=PLANE('',#3168);
#100=PLANE('',#3169);
#101=PLANE('',#3170);
#102=PLANE('',#3171);
#103=PLANE('',#3172);
#104=PLANE('',#3173);
#105=PLANE('',#3174);
#106=PLANE('',#3175);
#107=PLANE('',#3176);
#108=PLANE('',#3177);
#109=PLANE('',#3178);
#110=PLANE('',#3179);
#111=PLANE('',#3180);
#112=PLANE('',#3181);
#113=PLANE('',#3182);
#114=PLANE('',#3183);
#115=PLANE('',#3184);
#116=PLANE('',#3185);
#117=PLANE('',#3186);
#118=PLANE('',#3187);
#119=PLANE('',#3188);
#120=PLANE('',#3189);
#121=PLANE('',#3190);
#122=PLANE('',#3191);
#123=PLANE('',#3192);
#124=PLANE('',#3193);
#125=PLANE('',#3195);
#126=PLANE('',#3198);
#127=PLANE('',#3199);
#128=PLANE('',#3200);
#129=PLANE('',#3201);
#130=PLANE('',#3202);
#131=PLANE('',#3203);
#132=PLANE('',#3206);
#133=PLANE('',#3209);
#134=PLANE('',#3212);
#135=PLANE('',#3213);
#136=PLANE('',#3214);
#137=PLANE('',#3215);
#138=PLANE('',#3216);
#139=PLANE('',#3217);
#140=PLANE('',#3218);
#141=PLANE('',#3219);
#142=PLANE('',#3220);
#143=PLANE('',#3221);
#144=PLANE('',#3222);
#145=PLANE('',#3223);
#146=PLANE('',#3224);
#147=PLANE('',#3225);
#148=PLANE('',#3226);
#149=PLANE('',#3227);
#150=PLANE('',#3228);
#151=PLANE('',#3229);
#152=PLANE('',#3230);
#153=PLANE('',#3231);
#154=PLANE('',#3232);
#155=FACE_OUTER_BOUND('',#306,.T.);
#156=FACE_OUTER_BOUND('',#307,.T.);
#157=FACE_OUTER_BOUND('',#308,.T.);
#158=FACE_OUTER_BOUND('',#309,.T.);
#159=FACE_OUTER_BOUND('',#310,.T.);
#160=FACE_OUTER_BOUND('',#311,.T.);
#161=FACE_OUTER_BOUND('',#312,.T.);
#162=FACE_OUTER_BOUND('',#313,.T.);
#163=FACE_OUTER_BOUND('',#314,.T.);
#164=FACE_OUTER_BOUND('',#315,.T.);
#165=FACE_OUTER_BOUND('',#316,.T.);
#166=FACE_OUTER_BOUND('',#317,.T.);
#167=FACE_OUTER_BOUND('',#318,.T.);
#168=FACE_OUTER_BOUND('',#319,.T.);
#169=FACE_OUTER_BOUND('',#320,.T.);
#170=FACE_OUTER_BOUND('',#321,.T.);
#171=FACE_OUTER_BOUND('',#322,.T.);
#172=FACE_OUTER_BOUND('',#323,.T.);
#173=FACE_OUTER_BOUND('',#324,.T.);
#174=FACE_OUTER_BOUND('',#325,.T.);
#175=FACE_OUTER_BOUND('',#326,.T.);
#176=FACE_OUTER_BOUND('',#327,.T.);
#177=FACE_OUTER_BOUND('',#328,.T.);
#178=FACE_OUTER_BOUND('',#330,.T.);
#179=FACE_OUTER_BOUND('',#332,.T.);
#180=FACE_OUTER_BOUND('',#333,.T.);
#181=FACE_OUTER_BOUND('',#334,.T.);
#182=FACE_OUTER_BOUND('',#335,.T.);
#183=FACE_OUTER_BOUND('',#336,.T.);
#184=FACE_OUTER_BOUND('',#337,.T.);
#185=FACE_OUTER_BOUND('',#338,.T.);
#186=FACE_OUTER_BOUND('',#339,.T.);
#187=FACE_OUTER_BOUND('',#340,.T.);
#188=FACE_OUTER_BOUND('',#341,.T.);
#189=FACE_OUTER_BOUND('',#342,.T.);
#190=FACE_OUTER_BOUND('',#343,.T.);
#191=FACE_OUTER_BOUND('',#344,.T.);
#192=FACE_OUTER_BOUND('',#345,.T.);
#193=FACE_OUTER_BOUND('',#346,.T.);
#194=FACE_OUTER_BOUND('',#347,.T.);
#195=FACE_OUTER_BOUND('',#348,.T.);
#196=FACE_OUTER_BOUND('',#349,.T.);
#197=FACE_OUTER_BOUND('',#350,.T.);
#198=FACE_OUTER_BOUND('',#351,.T.);
#199=FACE_OUTER_BOUND('',#352,.T.);
#200=FACE_OUTER_BOUND('',#353,.T.);
#201=FACE_OUTER_BOUND('',#354,.T.);
#202=FACE_OUTER_BOUND('',#355,.T.);
#203=FACE_OUTER_BOUND('',#356,.T.);
#204=FACE_OUTER_BOUND('',#357,.T.);
#205=FACE_OUTER_BOUND('',#358,.T.);
#206=FACE_OUTER_BOUND('',#359,.T.);
#207=FACE_OUTER_BOUND('',#360,.T.);
#208=FACE_OUTER_BOUND('',#361,.T.);
#209=FACE_OUTER_BOUND('',#362,.T.);
#210=FACE_OUTER_BOUND('',#363,.T.);
#211=FACE_OUTER_BOUND('',#364,.T.);
#212=FACE_OUTER_BOUND('',#366,.T.);
#213=FACE_OUTER_BOUND('',#367,.T.);
#214=FACE_OUTER_BOUND('',#368,.T.);
#215=FACE_OUTER_BOUND('',#369,.T.);
#216=FACE_OUTER_BOUND('',#370,.T.);
#217=FACE_OUTER_BOUND('',#371,.T.);
#218=FACE_OUTER_BOUND('',#372,.T.);
#219=FACE_OUTER_BOUND('',#373,.T.);
#220=FACE_OUTER_BOUND('',#374,.T.);
#221=FACE_OUTER_BOUND('',#375,.T.);
#222=FACE_OUTER_BOUND('',#376,.T.);
#223=FACE_OUTER_BOUND('',#377,.T.);
#224=FACE_OUTER_BOUND('',#378,.T.);
#225=FACE_OUTER_BOUND('',#379,.T.);
#226=FACE_OUTER_BOUND('',#381,.T.);
#227=FACE_OUTER_BOUND('',#382,.T.);
#228=FACE_OUTER_BOUND('',#383,.T.);
#229=FACE_OUTER_BOUND('',#384,.T.);
#230=FACE_OUTER_BOUND('',#385,.T.);
#231=FACE_OUTER_BOUND('',#386,.T.);
#232=FACE_OUTER_BOUND('',#387,.T.);
#233=FACE_OUTER_BOUND('',#388,.T.);
#234=FACE_OUTER_BOUND('',#389,.T.);
#235=FACE_OUTER_BOUND('',#390,.T.);
#236=FACE_OUTER_BOUND('',#391,.T.);
#237=FACE_OUTER_BOUND('',#392,.T.);
#238=FACE_OUTER_BOUND('',#393,.T.);
#239=FACE_OUTER_BOUND('',#394,.T.);
#240=FACE_OUTER_BOUND('',#395,.T.);
#241=FACE_OUTER_BOUND('',#396,.T.);
#242=FACE_OUTER_BOUND('',#397,.T.);
#243=FACE_OUTER_BOUND('',#398,.T.);
#244=FACE_OUTER_BOUND('',#399,.T.);
#245=FACE_OUTER_BOUND('',#400,.T.);
#246=FACE_OUTER_BOUND('',#401,.T.);
#247=FACE_OUTER_BOUND('',#402,.T.);
#248=FACE_OUTER_BOUND('',#403,.T.);
#249=FACE_OUTER_BOUND('',#404,.T.);
#250=FACE_OUTER_BOUND('',#405,.T.);
#251=FACE_OUTER_BOUND('',#406,.T.);
#252=FACE_OUTER_BOUND('',#407,.T.);
#253=FACE_OUTER_BOUND('',#408,.T.);
#254=FACE_OUTER_BOUND('',#409,.T.);
#255=FACE_OUTER_BOUND('',#410,.T.);
#256=FACE_OUTER_BOUND('',#411,.T.);
#257=FACE_OUTER_BOUND('',#412,.T.);
#258=FACE_OUTER_BOUND('',#413,.T.);
#259=FACE_OUTER_BOUND('',#414,.T.);
#260=FACE_OUTER_BOUND('',#415,.T.);
#261=FACE_OUTER_BOUND('',#416,.T.);
#262=FACE_OUTER_BOUND('',#417,.T.);
#263=FACE_OUTER_BOUND('',#418,.T.);
#264=FACE_OUTER_BOUND('',#419,.T.);
#265=FACE_OUTER_BOUND('',#420,.T.);
#266=FACE_OUTER_BOUND('',#421,.T.);
#267=FACE_OUTER_BOUND('',#422,.T.);
#268=FACE_OUTER_BOUND('',#423,.T.);
#269=FACE_OUTER_BOUND('',#424,.T.);
#270=FACE_OUTER_BOUND('',#425,.T.);
#271=FACE_OUTER_BOUND('',#426,.T.);
#272=FACE_OUTER_BOUND('',#427,.T.);
#273=FACE_OUTER_BOUND('',#428,.T.);
#274=FACE_OUTER_BOUND('',#429,.T.);
#275=FACE_OUTER_BOUND('',#430,.T.);
#276=FACE_OUTER_BOUND('',#431,.T.);
#277=FACE_OUTER_BOUND('',#432,.T.);
#278=FACE_OUTER_BOUND('',#433,.T.);
#279=FACE_OUTER_BOUND('',#434,.T.);
#280=FACE_OUTER_BOUND('',#435,.T.);
#281=FACE_OUTER_BOUND('',#436,.T.);
#282=FACE_OUTER_BOUND('',#437,.T.);
#283=FACE_OUTER_BOUND('',#438,.T.);
#284=FACE_OUTER_BOUND('',#439,.T.);
#285=FACE_OUTER_BOUND('',#440,.T.);
#286=FACE_OUTER_BOUND('',#441,.T.);
#287=FACE_OUTER_BOUND('',#442,.T.);
#288=FACE_OUTER_BOUND('',#443,.T.);
#289=FACE_OUTER_BOUND('',#444,.T.);
#290=FACE_OUTER_BOUND('',#445,.T.);
#291=FACE_OUTER_BOUND('',#446,.T.);
#292=FACE_OUTER_BOUND('',#447,.T.);
#293=FACE_OUTER_BOUND('',#448,.T.);
#294=FACE_OUTER_BOUND('',#449,.T.);
#295=FACE_OUTER_BOUND('',#450,.T.);
#296=FACE_OUTER_BOUND('',#451,.T.);
#297=FACE_OUTER_BOUND('',#452,.T.);
#298=FACE_OUTER_BOUND('',#453,.T.);
#299=FACE_OUTER_BOUND('',#454,.T.);
#300=FACE_OUTER_BOUND('',#455,.T.);
#301=FACE_OUTER_BOUND('',#456,.T.);
#302=FACE_OUTER_BOUND('',#457,.T.);
#303=FACE_OUTER_BOUND('',#458,.T.);
#304=FACE_OUTER_BOUND('',#459,.T.);
#305=FACE_OUTER_BOUND('',#460,.T.);
#306=EDGE_LOOP('',(#2010,#2011,#2012,#2013));
#307=EDGE_LOOP('',(#2014,#2015,#2016,#2017,#2018,#2019,#2020,#2021,#2022,
#2023,#2024,#2025,#2026,#2027));
#308=EDGE_LOOP('',(#2028,#2029,#2030,#2031));
#309=EDGE_LOOP('',(#2032,#2033,#2034,#2035));
#310=EDGE_LOOP('',(#2036,#2037,#2038,#2039));
#311=EDGE_LOOP('',(#2040,#2041,#2042,#2043));
#312=EDGE_LOOP('',(#2044,#2045,#2046,#2047,#2048,#2049,#2050,#2051,#2052,
#2053,#2054,#2055,#2056,#2057));
#313=EDGE_LOOP('',(#2058,#2059,#2060,#2061));
#314=EDGE_LOOP('',(#2062,#2063,#2064,#2065));
#315=EDGE_LOOP('',(#2066,#2067,#2068,#2069,#2070,#2071,#2072,#2073,#2074,
#2075,#2076,#2077,#2078,#2079));
#316=EDGE_LOOP('',(#2080,#2081,#2082,#2083));
#317=EDGE_LOOP('',(#2084,#2085,#2086,#2087));
#318=EDGE_LOOP('',(#2088,#2089,#2090,#2091,#2092,#2093,#2094,#2095,#2096,
#2097,#2098,#2099,#2100,#2101));
#319=EDGE_LOOP('',(#2102,#2103,#2104,#2105));
#320=EDGE_LOOP('',(#2106,#2107,#2108,#2109));
#321=EDGE_LOOP('',(#2110,#2111,#2112,#2113,#2114,#2115,#2116,#2117,#2118,
#2119,#2120,#2121,#2122,#2123,#2124,#2125));
#322=EDGE_LOOP('',(#2126,#2127,#2128,#2129,#2130,#2131,#2132,#2133,#2134,
#2135,#2136,#2137,#2138,#2139,#2140,#2141));
#323=EDGE_LOOP('',(#2142,#2143,#2144,#2145,#2146,#2147,#2148,#2149,#2150,
#2151,#2152,#2153,#2154,#2155,#2156,#2157));
#324=EDGE_LOOP('',(#2158,#2159,#2160,#2161));
#325=EDGE_LOOP('',(#2162,#2163,#2164,#2165));
#326=EDGE_LOOP('',(#2166,#2167,#2168,#2169));
#327=EDGE_LOOP('',(#2170,#2171,#2172,#2173));
#328=EDGE_LOOP('',(#2174,#2175,#2176,#2177));
#329=EDGE_LOOP('',(#2178,#2179,#2180,#2181));
#330=EDGE_LOOP('',(#2182,#2183,#2184,#2185));
#331=EDGE_LOOP('',(#2186,#2187,#2188,#2189));
#332=EDGE_LOOP('',(#2190,#2191,#2192,#2193));
#333=EDGE_LOOP('',(#2194,#2195,#2196,#2197));
#334=EDGE_LOOP('',(#2198,#2199,#2200,#2201));
#335=EDGE_LOOP('',(#2202,#2203,#2204,#2205,#2206,#2207,#2208,#2209));
#336=EDGE_LOOP('',(#2210,#2211,#2212,#2213,#2214,#2215,#2216,#2217,#2218,
#2219,#2220));
#337=EDGE_LOOP('',(#2221,#2222,#2223,#2224,#2225,#2226,#2227,#2228,#2229,
#2230,#2231,#2232,#2233,#2234,#2235,#2236,#2237,#2238,#2239,#2240,#2241,
#2242));
#338=EDGE_LOOP('',(#2243,#2244,#2245,#2246));
#339=EDGE_LOOP('',(#2247,#2248,#2249,#2250,#2251,#2252));
#340=EDGE_LOOP('',(#2253,#2254,#2255,#2256,#2257,#2258,#2259,#2260,#2261,
#2262,#2263,#2264));
#341=EDGE_LOOP('',(#2265,#2266,#2267,#2268,#2269,#2270,#2271,#2272,#2273,
#2274,#2275,#2276,#2277,#2278));
#342=EDGE_LOOP('',(#2279,#2280,#2281,#2282,#2283,#2284,#2285,#2286,#2287,
#2288,#2289,#2290,#2291,#2292));
#343=EDGE_LOOP('',(#2293,#2294,#2295,#2296,#2297,#2298,#2299,#2300));
#344=EDGE_LOOP('',(#2301,#2302,#2303,#2304));
#345=EDGE_LOOP('',(#2305,#2306,#2307,#2308,#2309,#2310,#2311,#2312,#2313));
#346=EDGE_LOOP('',(#2314,#2315,#2316,#2317));
#347=EDGE_LOOP('',(#2318,#2319,#2320,#2321));
#348=EDGE_LOOP('',(#2322,#2323,#2324,#2325));
#349=EDGE_LOOP('',(#2326,#2327,#2328,#2329,#2330,#2331,#2332,#2333,#2334,
#2335,#2336));
#350=EDGE_LOOP('',(#2337,#2338,#2339,#2340));
#351=EDGE_LOOP('',(#2341,#2342,#2343,#2344,#2345,#2346,#2347,#2348,#2349,
#2350,#2351,#2352,#2353,#2354,#2355,#2356,#2357,#2358,#2359,#2360,#2361,
#2362,#2363,#2364,#2365,#2366,#2367,#2368,#2369,#2370,#2371,#2372));
#352=EDGE_LOOP('',(#2373,#2374,#2375,#2376));
#353=EDGE_LOOP('',(#2377,#2378,#2379,#2380,#2381,#2382,#2383,#2384));
#354=EDGE_LOOP('',(#2385,#2386,#2387,#2388));
#355=EDGE_LOOP('',(#2389,#2390,#2391,#2392));
#356=EDGE_LOOP('',(#2393,#2394,#2395,#2396));
#357=EDGE_LOOP('',(#2397,#2398,#2399,#2400,#2401,#2402));
#358=EDGE_LOOP('',(#2403,#2404,#2405,#2406));
#359=EDGE_LOOP('',(#2407,#2408,#2409,#2410));
#360=EDGE_LOOP('',(#2411,#2412,#2413,#2414,#2415,#2416));
#361=EDGE_LOOP('',(#2417,#2418,#2419,#2420));
#362=EDGE_LOOP('',(#2421,#2422,#2423,#2424));
#363=EDGE_LOOP('',(#2425,#2426,#2427,#2428,#2429,#2430));
#364=EDGE_LOOP('',(#2431,#2432,#2433,#2434));
#365=EDGE_LOOP('',(#2435,#2436,#2437,#2438));
#366=EDGE_LOOP('',(#2439,#2440,#2441,#2442));
#367=EDGE_LOOP('',(#2443,#2444,#2445,#2446));
#368=EDGE_LOOP('',(#2447,#2448,#2449,#2450));
#369=EDGE_LOOP('',(#2451,#2452,#2453,#2454));
#370=EDGE_LOOP('',(#2455,#2456,#2457,#2458));
#371=EDGE_LOOP('',(#2459,#2460,#2461,#2462,#2463,#2464,#2465,#2466,#2467));
#372=EDGE_LOOP('',(#2468,#2469,#2470,#2471));
#373=EDGE_LOOP('',(#2472,#2473,#2474,#2475));
#374=EDGE_LOOP('',(#2476,#2477,#2478,#2479,#2480,#2481,#2482));
#375=EDGE_LOOP('',(#2483,#2484,#2485,#2486));
#376=EDGE_LOOP('',(#2487,#2488,#2489,#2490));
#377=EDGE_LOOP('',(#2491,#2492,#2493,#2494));
#378=EDGE_LOOP('',(#2495,#2496,#2497,#2498));
#379=EDGE_LOOP('',(#2499,#2500,#2501,#2502));
#380=EDGE_LOOP('',(#2503,#2504,#2505,#2506));
#381=EDGE_LOOP('',(#2507,#2508,#2509,#2510,#2511,#2512));
#382=EDGE_LOOP('',(#2513,#2514,#2515,#2516,#2517,#2518));
#383=EDGE_LOOP('',(#2519,#2520,#2521));
#384=EDGE_LOOP('',(#2522,#2523,#2524,#2525));
#385=EDGE_LOOP('',(#2526,#2527,#2528,#2529));
#386=EDGE_LOOP('',(#2530,#2531,#2532,#2533));
#387=EDGE_LOOP('',(#2534,#2535,#2536,#2537));
#388=EDGE_LOOP('',(#2538,#2539,#2540,#2541));
#389=EDGE_LOOP('',(#2542,#2543,#2544,#2545,#2546,#2547,#2548,#2549,#2550,
#2551,#2552,#2553,#2554,#2555));
#390=EDGE_LOOP('',(#2556,#2557,#2558,#2559));
#391=EDGE_LOOP('',(#2560,#2561,#2562,#2563));
#392=EDGE_LOOP('',(#2564,#2565,#2566,#2567));
#393=EDGE_LOOP('',(#2568,#2569,#2570,#2571));
#394=EDGE_LOOP('',(#2572,#2573,#2574,#2575));
#395=EDGE_LOOP('',(#2576,#2577,#2578,#2579));
#396=EDGE_LOOP('',(#2580,#2581,#2582,#2583));
#397=EDGE_LOOP('',(#2584,#2585,#2586,#2587));
#398=EDGE_LOOP('',(#2588,#2589,#2590,#2591));
#399=EDGE_LOOP('',(#2592,#2593,#2594,#2595,#2596,#2597));
#400=EDGE_LOOP('',(#2598,#2599,#2600,#2601,#2602,#2603));
#401=EDGE_LOOP('',(#2604,#2605,#2606,#2607));
#402=EDGE_LOOP('',(#2608,#2609,#2610,#2611));
#403=EDGE_LOOP('',(#2612,#2613,#2614,#2615));
#404=EDGE_LOOP('',(#2616,#2617,#2618,#2619,#2620,#2621));
#405=EDGE_LOOP('',(#2622,#2623,#2624,#2625,#2626,#2627));
#406=EDGE_LOOP('',(#2628,#2629,#2630,#2631));
#407=EDGE_LOOP('',(#2632,#2633,#2634,#2635));
#408=EDGE_LOOP('',(#2636,#2637,#2638,#2639));
#409=EDGE_LOOP('',(#2640,#2641,#2642,#2643));
#410=EDGE_LOOP('',(#2644,#2645,#2646,#2647));
#411=EDGE_LOOP('',(#2648,#2649,#2650,#2651));
#412=EDGE_LOOP('',(#2652,#2653,#2654,#2655));
#413=EDGE_LOOP('',(#2656,#2657,#2658,#2659,#2660,#2661));
#414=EDGE_LOOP('',(#2662,#2663,#2664,#2665,#2666,#2667));
#415=EDGE_LOOP('',(#2668,#2669,#2670,#2671));
#416=EDGE_LOOP('',(#2672,#2673,#2674,#2675));
#417=EDGE_LOOP('',(#2676,#2677,#2678,#2679));
#418=EDGE_LOOP('',(#2680,#2681,#2682,#2683,#2684,#2685));
#419=EDGE_LOOP('',(#2686,#2687,#2688,#2689,#2690,#2691));
#420=EDGE_LOOP('',(#2692,#2693,#2694,#2695));
#421=EDGE_LOOP('',(#2696,#2697,#2698,#2699));
#422=EDGE_LOOP('',(#2700,#2701,#2702,#2703));
#423=EDGE_LOOP('',(#2704,#2705,#2706,#2707));
#424=EDGE_LOOP('',(#2708,#2709,#2710,#2711));
#425=EDGE_LOOP('',(#2712,#2713,#2714,#2715));
#426=EDGE_LOOP('',(#2716,#2717,#2718,#2719));
#427=EDGE_LOOP('',(#2720,#2721,#2722,#2723));
#428=EDGE_LOOP('',(#2724,#2725,#2726,#2727));
#429=EDGE_LOOP('',(#2728,#2729,#2730,#2731));
#430=EDGE_LOOP('',(#2732,#2733,#2734,#2735));
#431=EDGE_LOOP('',(#2736,#2737,#2738,#2739));
#432=EDGE_LOOP('',(#2740,#2741,#2742,#2743));
#433=EDGE_LOOP('',(#2744,#2745,#2746,#2747));
#434=EDGE_LOOP('',(#2748,#2749,#2750,#2751));
#435=EDGE_LOOP('',(#2752,#2753,#2754,#2755));
#436=EDGE_LOOP('',(#2756,#2757,#2758,#2759));
#437=EDGE_LOOP('',(#2760,#2761,#2762,#2763));
#438=EDGE_LOOP('',(#2764,#2765,#2766,#2767,#2768,#2769,#2770,#2771,#2772,
#2773,#2774,#2775,#2776,#2777));
#439=EDGE_LOOP('',(#2778,#2779,#2780,#2781));
#440=EDGE_LOOP('',(#2782,#2783,#2784,#2785));
#441=EDGE_LOOP('',(#2786,#2787,#2788,#2789));
#442=EDGE_LOOP('',(#2790,#2791,#2792,#2793));
#443=EDGE_LOOP('',(#2794,#2795,#2796,#2797));
#444=EDGE_LOOP('',(#2798,#2799,#2800,#2801));
#445=EDGE_LOOP('',(#2802,#2803,#2804,#2805));
#446=EDGE_LOOP('',(#2806,#2807,#2808,#2809,#2810));
#447=EDGE_LOOP('',(#2811,#2812,#2813,#2814));
#448=EDGE_LOOP('',(#2815,#2816,#2817,#2818,#2819));
#449=EDGE_LOOP('',(#2820,#2821,#2822,#2823));
#450=EDGE_LOOP('',(#2824,#2825,#2826,#2827,#2828));
#451=EDGE_LOOP('',(#2829,#2830,#2831,#2832));
#452=EDGE_LOOP('',(#2833,#2834,#2835,#2836,#2837));
#453=EDGE_LOOP('',(#2838,#2839,#2840,#2841,#2842));
#454=EDGE_LOOP('',(#2843,#2844,#2845,#2846,#2847));
#455=EDGE_LOOP('',(#2848,#2849,#2850,#2851));
#456=EDGE_LOOP('',(#2852,#2853,#2854,#2855,#2856));
#457=EDGE_LOOP('',(#2857,#2858,#2859,#2860));
#458=EDGE_LOOP('',(#2861,#2862,#2863,#2864));
#459=EDGE_LOOP('',(#2865,#2866,#2867,#2868));
#460=EDGE_LOOP('',(#2869,#2870,#2871));
#461=LINE('',#4004,#862);
#462=LINE('',#4007,#863);
#463=LINE('',#4010,#864);
#464=LINE('',#4014,#865);
#465=LINE('',#4018,#866);
#466=LINE('',#4022,#867);
#467=LINE('',#4024,#868);
#468=LINE('',#4026,#869);
#469=LINE('',#4028,#870);
#470=LINE('',#4030,#871);
#471=LINE('',#4033,#872);
#472=LINE('',#4036,#873);
#473=LINE('',#4037,#874);
#474=LINE('',#4041,#875);
#475=LINE('',#4047,#876);
#476=LINE('',#4050,#877);
#477=LINE('',#4053,#878);
#478=LINE('',#4055,#879);
#479=LINE('',#4056,#880);
#480=LINE('',#4059,#881);
#481=LINE('',#4063,#882);
#482=LINE('',#4067,#883);
#483=LINE('',#4071,#884);
#484=LINE('',#4073,#885);
#485=LINE('',#4075,#886);
#486=LINE('',#4077,#887);
#487=LINE('',#4079,#888);
#488=LINE('',#4085,#889);
#489=LINE('',#4086,#890);
#490=LINE('',#4089,#891);
#491=LINE('',#4090,#892);
#492=LINE('',#4095,#893);
#493=LINE('',#4097,#894);
#494=LINE('',#4099,#895);
#495=LINE('',#4101,#896);
#496=LINE('',#4103,#897);
#497=LINE('',#4107,#898);
#498=LINE('',#4109,#899);
#499=LINE('',#4115,#900);
#500=LINE('',#4118,#901);
#501=LINE('',#4121,#902);
#502=LINE('',#4123,#903);
#503=LINE('',#4124,#904);
#504=LINE('',#4127,#905);
#505=LINE('',#4131,#906);
#506=LINE('',#4135,#907);
#507=LINE('',#4139,#908);
#508=LINE('',#4141,#909);
#509=LINE('',#4143,#910);
#510=LINE('',#4145,#911);
#511=LINE('',#4147,#912);
#512=LINE('',#4153,#913);
#513=LINE('',#4154,#914);
#514=LINE('',#4157,#915);
#515=LINE('',#4158,#916);
#516=LINE('',#4162,#917);
#517=LINE('',#4164,#918);
#518=LINE('',#4166,#919);
#519=LINE('',#4168,#920);
#520=LINE('',#4170,#921);
#521=LINE('',#4172,#922);
#522=LINE('',#4174,#923);
#523=LINE('',#4176,#924);
#524=LINE('',#4178,#925);
#525=LINE('',#4180,#926);
#526=LINE('',#4182,#927);
#527=LINE('',#4184,#928);
#528=LINE('',#4186,#929);
#529=LINE('',#4188,#930);
#530=LINE('',#4190,#931);
#531=LINE('',#4191,#932);
#532=LINE('',#4193,#933);
#533=LINE('',#4195,#934);
#534=LINE('',#4197,#935);
#535=LINE('',#4199,#936);
#536=LINE('',#4201,#937);
#537=LINE('',#4203,#938);
#538=LINE('',#4205,#939);
#539=LINE('',#4206,#940);
#540=LINE('',#4208,#941);
#541=LINE('',#4210,#942);
#542=LINE('',#4211,#943);
#543=LINE('',#4212,#944);
#544=LINE('',#4215,#945);
#545=LINE('',#4216,#946);
#546=LINE('',#4217,#947);
#547=LINE('',#4219,#948);
#548=LINE('',#4221,#949);
#549=LINE('',#4222,#950);
#550=LINE('',#4224,#951);
#551=LINE('',#4226,#952);
#552=LINE('',#4228,#953);
#553=LINE('',#4230,#954);
#554=LINE('',#4232,#955);
#555=LINE('',#4233,#956);
#556=LINE('',#4235,#957);
#557=LINE('',#4239,#958);
#558=LINE('',#4240,#959);
#559=LINE('',#4242,#960);
#560=LINE('',#4246,#961);
#561=LINE('',#4248,#962);
#562=LINE('',#4250,#963);
#563=LINE('',#4251,#964);
#564=LINE('',#4254,#965);
#565=LINE('',#4256,#966);
#566=LINE('',#4258,#967);
#567=LINE('',#4259,#968);
#568=LINE('',#4263,#969);
#569=LINE('',#4265,#970);
#570=LINE('',#4267,#971);
#571=LINE('',#4268,#972);
#572=LINE('',#4271,#973);
#573=LINE('',#4273,#974);
#574=LINE('',#4275,#975);
#575=LINE('',#4276,#976);
#576=LINE('',#4279,#977);
#577=LINE('',#4280,#978);
#578=LINE('',#4282,#979);
#579=LINE('',#4286,#980);
#580=LINE('',#4288,#981);
#581=LINE('',#4290,#982);
#582=LINE('',#4291,#983);
#583=LINE('',#4294,#984);
#584=LINE('',#4296,#985);
#585=LINE('',#4298,#986);
#586=LINE('',#4300,#987);
#587=LINE('',#4302,#988);
#588=LINE('',#4304,#989);
#589=LINE('',#4305,#990);
#590=LINE('',#4309,#991);
#591=LINE('',#4310,#992);
#592=LINE('',#4312,#993);
#593=LINE('',#4314,#994);
#594=LINE('',#4316,#995);
#595=LINE('',#4318,#996);
#596=LINE('',#4320,#997);
#597=LINE('',#4322,#998);
#598=LINE('',#4324,#999);
#599=LINE('',#4325,#1000);
#600=LINE('',#4329,#1001);
#601=LINE('',#4331,#1002);
#602=LINE('',#4332,#1003);
#603=LINE('',#4334,#1004);
#604=LINE('',#4336,#1005);
#605=LINE('',#4338,#1006);
#606=LINE('',#4340,#1007);
#607=LINE('',#4342,#1008);
#608=LINE('',#4344,#1009);
#609=LINE('',#4346,#1010);
#610=LINE('',#4348,#1011);
#611=LINE('',#4350,#1012);
#612=LINE('',#4352,#1013);
#613=LINE('',#4354,#1014);
#614=LINE('',#4356,#1015);
#615=LINE('',#4358,#1016);
#616=LINE('',#4360,#1017);
#617=LINE('',#4362,#1018);
#618=LINE('',#4364,#1019);
#619=LINE('',#4366,#1020);
#620=LINE('',#4368,#1021);
#621=LINE('',#4369,#1022);
#622=LINE('',#4373,#1023);
#623=LINE('',#4374,#1024);
#624=LINE('',#4375,#1025);
#625=LINE('',#4378,#1026);
#626=LINE('',#4379,#1027);
#627=LINE('',#4380,#1028);
#628=LINE('',#4384,#1029);
#629=LINE('',#4386,#1030);
#630=LINE('',#4388,#1031);
#631=LINE('',#4390,#1032);
#632=LINE('',#4392,#1033);
#633=LINE('',#4393,#1034);
#634=LINE('',#4395,#1035);
#635=LINE('',#4397,#1036);
#636=LINE('',#4399,#1037);
#637=LINE('',#4401,#1038);
#638=LINE('',#4402,#1039);
#639=LINE('',#4405,#1040);
#640=LINE('',#4407,#1041);
#641=LINE('',#4408,#1042);
#642=LINE('',#4409,#1043);
#643=LINE('',#4411,#1044);
#644=LINE('',#4412,#1045);
#645=LINE('',#4413,#1046);
#646=LINE('',#4415,#1047);
#647=LINE('',#4416,#1048);
#648=LINE('',#4418,#1049);
#649=LINE('',#4419,#1050);
#650=LINE('',#4421,#1051);
#651=LINE('',#4422,#1052);
#652=LINE('',#4423,#1053);
#653=LINE('',#4426,#1054);
#654=LINE('',#4428,#1055);
#655=LINE('',#4430,#1056);
#656=LINE('',#4432,#1057);
#657=LINE('',#4434,#1058);
#658=LINE('',#4436,#1059);
#659=LINE('',#4437,#1060);
#660=LINE('',#4441,#1061);
#661=LINE('',#4443,#1062);
#662=LINE('',#4445,#1063);
#663=LINE('',#4446,#1064);
#664=LINE('',#4450,#1065);
#665=LINE('',#4451,#1066);
#666=LINE('',#4453,#1067);
#667=LINE('',#4455,#1068);
#668=LINE('',#4457,#1069);
#669=LINE('',#4458,#1070);
#670=LINE('',#4459,#1071);
#671=LINE('',#4463,#1072);
#672=LINE('',#4464,#1073);
#673=LINE('',#4465,#1074);
#674=LINE('',#4468,#1075);
#675=LINE('',#4469,#1076);
#676=LINE('',#4471,#1077);
#677=LINE('',#4475,#1078);
#678=LINE('',#4477,#1079);
#679=LINE('',#4478,#1080);
#680=LINE('',#4479,#1081);
#681=LINE('',#4480,#1082);
#682=LINE('',#4484,#1083);
#683=LINE('',#4486,#1084);
#684=LINE('',#4487,#1085);
#685=LINE('',#4489,#1086);
#686=LINE('',#4491,#1087);
#687=LINE('',#4492,#1088);
#688=LINE('',#4494,#1089);
#689=LINE('',#4495,#1090);
#690=LINE('',#4496,#1091);
#691=LINE('',#4498,#1092);
#692=LINE('',#4500,#1093);
#693=LINE('',#4501,#1094);
#694=LINE('',#4503,#1095);
#695=LINE('',#4505,#1096);
#696=LINE('',#4506,#1097);
#697=LINE('',#4508,#1098);
#698=LINE('',#4510,#1099);
#699=LINE('',#4511,#1100);
#700=LINE('',#4514,#1101);
#701=LINE('',#4515,#1102);
#702=LINE('',#4519,#1103);
#703=LINE('',#4521,#1104);
#704=LINE('',#4522,#1105);
#705=LINE('',#4524,#1106);
#706=LINE('',#4526,#1107);
#707=LINE('',#4527,#1108);
#708=LINE('',#4529,#1109);
#709=LINE('',#4531,#1110);
#710=LINE('',#4534,#1111);
#711=LINE('',#4535,#1112);
#712=LINE('',#4538,#1113);
#713=LINE('',#4540,#1114);
#714=LINE('',#4542,#1115);
#715=LINE('',#4543,#1116);
#716=LINE('',#4545,#1117);
#717=LINE('',#4548,#1118);
#718=LINE('',#4549,#1119);
#719=LINE('',#4553,#1120);
#720=LINE('',#4555,#1121);
#721=LINE('',#4556,#1122);
#722=LINE('',#4557,#1123);
#723=LINE('',#4559,#1124);
#724=LINE('',#4563,#1125);
#725=LINE('',#4564,#1126);
#726=LINE('',#4565,#1127);
#727=LINE('',#4568,#1128);
#728=LINE('',#4569,#1129);
#729=LINE('',#4570,#1130);
#730=LINE('',#4574,#1131);
#731=LINE('',#4576,#1132);
#732=LINE('',#4578,#1133);
#733=LINE('',#4579,#1134);
#734=LINE('',#4582,#1135);
#735=LINE('',#4583,#1136);
#736=LINE('',#4585,#1137);
#737=LINE('',#4587,#1138);
#738=LINE('',#4589,#1139);
#739=LINE('',#4591,#1140);
#740=LINE('',#4593,#1141);
#741=LINE('',#4595,#1142);
#742=LINE('',#4596,#1143);
#743=LINE('',#4598,#1144);
#744=LINE('',#4599,#1145);
#745=LINE('',#4603,#1146);
#746=LINE('',#4604,#1147);
#747=LINE('',#4606,#1148);
#748=LINE('',#4610,#1149);
#749=LINE('',#4611,#1150);
#750=LINE('',#4613,#1151);
#751=LINE('',#4617,#1152);
#752=LINE('',#4619,#1153);
#753=LINE('',#4621,#1154);
#754=LINE('',#4622,#1155);
#755=LINE('',#4625,#1156);
#756=LINE('',#4626,#1157);
#757=LINE('',#4629,#1158);
#758=LINE('',#4630,#1159);
#759=LINE('',#4634,#1160);
#760=LINE('',#4635,#1161);
#761=LINE('',#4638,#1162);
#762=LINE('',#4639,#1163);
#763=LINE('',#4643,#1164);
#764=LINE('',#4646,#1165);
#765=LINE('',#4647,#1166);
#766=LINE('',#4651,#1167);
#767=LINE('',#4654,#1168);
#768=LINE('',#4659,#1169);
#769=LINE('',#4661,#1170);
#770=LINE('',#4662,#1171);
#771=LINE('',#4664,#1172);
#772=LINE('',#4666,#1173);
#773=LINE('',#4671,#1174);
#774=LINE('',#4673,#1175);
#775=LINE('',#4675,#1176);
#776=LINE('',#4676,#1177);
#777=LINE('',#4679,#1178);
#778=LINE('',#4681,#1179);
#779=LINE('',#4682,#1180);
#780=LINE('',#4685,#1181);
#781=LINE('',#4687,#1182);
#782=LINE('',#4688,#1183);
#783=LINE('',#4690,#1184);
#784=LINE('',#4691,#1185);
#785=LINE('',#4693,#1186);
#786=LINE('',#4694,#1187);
#787=LINE('',#4699,#1188);
#788=LINE('',#4701,#1189);
#789=LINE('',#4702,#1190);
#790=LINE('',#4705,#1191);
#791=LINE('',#4707,#1192);
#792=LINE('',#4709,#1193);
#793=LINE('',#4710,#1194);
#794=LINE('',#4713,#1195);
#795=LINE('',#4715,#1196);
#796=LINE('',#4717,#1197);
#797=LINE('',#4718,#1198);
#798=LINE('',#4720,#1199);
#799=LINE('',#4721,#1200);
#800=LINE('',#4723,#1201);
#801=LINE('',#4729,#1202);
#802=LINE('',#4731,#1203);
#803=LINE('',#4733,#1204);
#804=LINE('',#4734,#1205);
#805=LINE('',#4737,#1206);
#806=LINE('',#4739,#1207);
#807=LINE('',#4740,#1208);
#808=LINE('',#4743,#1209);
#809=LINE('',#4745,#1210);
#810=LINE('',#4746,#1211);
#811=LINE('',#4748,#1212);
#812=LINE('',#4749,#1213);
#813=LINE('',#4751,#1214);
#814=LINE('',#4752,#1215);
#815=LINE('',#4757,#1216);
#816=LINE('',#4759,#1217);
#817=LINE('',#4760,#1218);
#818=LINE('',#4763,#1219);
#819=LINE('',#4765,#1220);
#820=LINE('',#4767,#1221);
#821=LINE('',#4768,#1222);
#822=LINE('',#4771,#1223);
#823=LINE('',#4773,#1224);
#824=LINE('',#4775,#1225);
#825=LINE('',#4776,#1226);
#826=LINE('',#4778,#1227);
#827=LINE('',#4779,#1228);
#828=LINE('',#4781,#1229);
#829=LINE('',#4786,#1230);
#830=LINE('',#4788,#1231);
#831=LINE('',#4790,#1232);
#832=LINE('',#4795,#1233);
#833=LINE('',#4797,#1234);
#834=LINE('',#4798,#1235);
#835=LINE('',#4800,#1236);
#836=LINE('',#4802,#1237);
#837=LINE('',#4805,#1238);
#838=LINE('',#4809,#1239);
#839=LINE('',#4812,#1240);
#840=LINE('',#4813,#1241);
#841=LINE('',#4817,#1242);
#842=LINE('',#4820,#1243);
#843=LINE('',#4825,#1244);
#844=LINE('',#4827,#1245);
#845=LINE('',#4828,#1246);
#846=LINE('',#4830,#1247);
#847=LINE('',#4832,#1248);
#848=LINE('',#4835,#1249);
#849=LINE('',#4838,#1250);
#850=LINE('',#4842,#1251);
#851=LINE('',#4844,#1252);
#852=LINE('',#4846,#1253);
#853=LINE('',#4848,#1254);
#854=LINE('',#4850,#1255);
#855=LINE('',#4852,#1256);
#856=LINE('',#4856,#1257);
#857=LINE('',#4858,#1258);
#858=LINE('',#4859,#1259);
#859=LINE('',#4862,#1260);
#860=LINE('',#4863,#1261);
#861=LINE('',#4865,#1262);
#862=VECTOR('',#3239,10.);
#863=VECTOR('',#3242,10.);
#864=VECTOR('',#3245,10.);
#865=VECTOR('',#3248,1.);
#866=VECTOR('',#3251,1.);
#867=VECTOR('',#3254,1.);
#868=VECTOR('',#3255,1.);
#869=VECTOR('',#3256,1.);
#870=VECTOR('',#3257,1.);
#871=VECTOR('',#3258,1.);
#872=VECTOR('',#3261,1.);
#873=VECTOR('',#3264,10.);
#874=VECTOR('',#3265,10.);
#875=VECTOR('',#3270,10.);
#876=VECTOR('',#3275,10.);
#877=VECTOR('',#3278,10.);
#878=VECTOR('',#3281,1.);
#879=VECTOR('',#3282,1.);
#880=VECTOR('',#3283,1.);
#881=VECTOR('',#3286,10.);
#882=VECTOR('',#3289,1.);
#883=VECTOR('',#3292,1.);
#884=VECTOR('',#3295,1.);
#885=VECTOR('',#3296,1.);
#886=VECTOR('',#3297,1.);
#887=VECTOR('',#3298,1.);
#888=VECTOR('',#3299,1.);
#889=VECTOR('',#3306,10.);
#890=VECTOR('',#3307,10.);
#891=VECTOR('',#3310,1.);
#892=VECTOR('',#3311,1.);
#893=VECTOR('',#3316,1.);
#894=VECTOR('',#3317,1.);
#895=VECTOR('',#3318,1.);
#896=VECTOR('',#3319,1.);
#897=VECTOR('',#3320,1.);
#898=VECTOR('',#3323,1.);
#899=VECTOR('',#3326,10.);
#900=VECTOR('',#3331,10.);
#901=VECTOR('',#3334,10.);
#902=VECTOR('',#3337,1.);
#903=VECTOR('',#3338,1.);
#904=VECTOR('',#3339,1.);
#905=VECTOR('',#3342,10.);
#906=VECTOR('',#3345,1.);
#907=VECTOR('',#3348,1.);
#908=VECTOR('',#3351,1.);
#909=VECTOR('',#3352,1.);
#910=VECTOR('',#3353,1.);
#911=VECTOR('',#3354,1.);
#912=VECTOR('',#3355,1.);
#913=VECTOR('',#3362,10.);
#914=VECTOR('',#3363,10.);
#915=VECTOR('',#3366,1.);
#916=VECTOR('',#3367,1.);
#917=VECTOR('',#3370,1.);
#918=VECTOR('',#3371,1.);
#919=VECTOR('',#3372,1.);
#920=VECTOR('',#3373,1.);
#921=VECTOR('',#3374,1.);
#922=VECTOR('',#3375,1.);
#923=VECTOR('',#3376,1.);
#924=VECTOR('',#3377,1.);
#925=VECTOR('',#3378,1.);
#926=VECTOR('',#3379,1.);
#927=VECTOR('',#3380,1.);
#928=VECTOR('',#3381,1.);
#929=VECTOR('',#3382,1.);
#930=VECTOR('',#3383,1.);
#931=VECTOR('',#3384,1.);
#932=VECTOR('',#3385,1.);
#933=VECTOR('',#3388,1.);
#934=VECTOR('',#3389,1.);
#935=VECTOR('',#3390,1.);
#936=VECTOR('',#3391,1.);
#937=VECTOR('',#3392,10.);
#938=VECTOR('',#3393,10.);
#939=VECTOR('',#3394,10.);
#940=VECTOR('',#3395,1.);
#941=VECTOR('',#3396,1.);
#942=VECTOR('',#3397,1.);
#943=VECTOR('',#3398,1.);
#944=VECTOR('',#3399,1.);
#945=VECTOR('',#3402,1.);
#946=VECTOR('',#3403,1.);
#947=VECTOR('',#3404,1.);
#948=VECTOR('',#3405,1.);
#949=VECTOR('',#3406,1.);
#950=VECTOR('',#3407,1.);
#951=VECTOR('',#3408,1.);
#952=VECTOR('',#3409,10.);
#953=VECTOR('',#3410,1.);
#954=VECTOR('',#3411,10.);
#955=VECTOR('',#3412,1.);
#956=VECTOR('',#3413,1.);
#957=VECTOR('',#3416,1.);
#958=VECTOR('',#3421,1.);
#959=VECTOR('',#3422,1.);
#960=VECTOR('',#3425,1.);
#961=VECTOR('',#3428,10.);
#962=VECTOR('',#3429,10.);
#963=VECTOR('',#3430,1.);
#964=VECTOR('',#3431,1.);
#965=VECTOR('',#3432,1.);
#966=VECTOR('',#3433,1.);
#967=VECTOR('',#3434,1.);
#968=VECTOR('',#3435,1.);
#969=VECTOR('',#3438,10.);
#970=VECTOR('',#3439,1.);
#971=VECTOR('',#3440,1.);
#972=VECTOR('',#3441,10.);
#973=VECTOR('',#3442,1.);
#974=VECTOR('',#3443,1.);
#975=VECTOR('',#3444,1.);
#976=VECTOR('',#3445,1.);
#977=VECTOR('',#3448,1.);
#978=VECTOR('',#3449,10.);
#979=VECTOR('',#3452,10.);
#980=VECTOR('',#3455,10.);
#981=VECTOR('',#3456,1.);
#982=VECTOR('',#3457,1.);
#983=VECTOR('',#3458,1.);
#984=VECTOR('',#3461,1.);
#985=VECTOR('',#3462,1.);
#986=VECTOR('',#3463,1.);
#987=VECTOR('',#3464,1.);
#988=VECTOR('',#3465,1.);
#989=VECTOR('',#3466,1.);
#990=VECTOR('',#3467,1.);
#991=VECTOR('',#3470,10.);
#992=VECTOR('',#3471,10.);
#993=VECTOR('',#3472,10.);
#994=VECTOR('',#3473,10.);
#995=VECTOR('',#3474,10.);
#996=VECTOR('',#3475,10.);
#997=VECTOR('',#3476,10.);
#998=VECTOR('',#3477,10.);
#999=VECTOR('',#3478,10.);
#1000=VECTOR('',#3479,10.);
#1001=VECTOR('',#3482,10.);
#1002=VECTOR('',#3483,10.);
#1003=VECTOR('',#3484,10.);
#1004=VECTOR('',#3485,10.);
#1005=VECTOR('',#3486,10.);
#1006=VECTOR('',#3487,10.);
#1007=VECTOR('',#3488,10.);
#1008=VECTOR('',#3489,10.);
#1009=VECTOR('',#3490,10.);
#1010=VECTOR('',#3491,10.);
#1011=VECTOR('',#3492,10.);
#1012=VECTOR('',#3493,10.);
#1013=VECTOR('',#3494,10.);
#1014=VECTOR('',#3495,10.);
#1015=VECTOR('',#3496,10.);
#1016=VECTOR('',#3497,10.);
#1017=VECTOR('',#3498,10.);
#1018=VECTOR('',#3499,10.);
#1019=VECTOR('',#3500,10.);
#1020=VECTOR('',#3501,10.);
#1021=VECTOR('',#3502,10.);
#1022=VECTOR('',#3503,10.);
#1023=VECTOR('',#3506,1.);
#1024=VECTOR('',#3507,1.);
#1025=VECTOR('',#3508,10.);
#1026=VECTOR('',#3511,1.);
#1027=VECTOR('',#3512,10.);
#1028=VECTOR('',#3513,1.);
#1029=VECTOR('',#3516,10.);
#1030=VECTOR('',#3517,10.);
#1031=VECTOR('',#3518,10.);
#1032=VECTOR('',#3519,10.);
#1033=VECTOR('',#3520,10.);
#1034=VECTOR('',#3521,10.);
#1035=VECTOR('',#3522,10.);
#1036=VECTOR('',#3523,10.);
#1037=VECTOR('',#3524,10.);
#1038=VECTOR('',#3525,10.);
#1039=VECTOR('',#3526,10.);
#1040=VECTOR('',#3529,10.);
#1041=VECTOR('',#3530,10.);
#1042=VECTOR('',#3531,10.);
#1043=VECTOR('',#3532,10.);
#1044=VECTOR('',#3533,10.);
#1045=VECTOR('',#3534,10.);
#1046=VECTOR('',#3535,10.);
#1047=VECTOR('',#3538,10.);
#1048=VECTOR('',#3539,10.);
#1049=VECTOR('',#3540,10.);
#1050=VECTOR('',#3541,10.);
#1051=VECTOR('',#3542,10.);
#1052=VECTOR('',#3543,10.);
#1053=VECTOR('',#3544,10.);
#1054=VECTOR('',#3547,1.);
#1055=VECTOR('',#3548,1.);
#1056=VECTOR('',#3549,1.);
#1057=VECTOR('',#3550,1.);
#1058=VECTOR('',#3551,1.);
#1059=VECTOR('',#3552,1.);
#1060=VECTOR('',#3553,1.);
#1061=VECTOR('',#3556,1.);
#1062=VECTOR('',#3557,1.);
#1063=VECTOR('',#3558,1.);
#1064=VECTOR('',#3559,1.);
#1065=VECTOR('',#3562,1.);
#1066=VECTOR('',#3563,1.);
#1067=VECTOR('',#3564,1.);
#1068=VECTOR('',#3565,1.);
#1069=VECTOR('',#3566,1.);
#1070=VECTOR('',#3567,1.);
#1071=VECTOR('',#3568,1.);
#1072=VECTOR('',#3571,1.);
#1073=VECTOR('',#3572,10.);
#1074=VECTOR('',#3573,1.);
#1075=VECTOR('',#3576,1.);
#1076=VECTOR('',#3577,1.);
#1077=VECTOR('',#3580,1.);
#1078=VECTOR('',#3583,10.);
#1079=VECTOR('',#3584,10.);
#1080=VECTOR('',#3585,10.);
#1081=VECTOR('',#3586,10.);
#1082=VECTOR('',#3587,10.);
#1083=VECTOR('',#3592,1.);
#1084=VECTOR('',#3593,1.);
#1085=VECTOR('',#3594,1.);
#1086=VECTOR('',#3595,1.);
#1087=VECTOR('',#3596,1.);
#1088=VECTOR('',#3597,1.);
#1089=VECTOR('',#3598,1.);
#1090=VECTOR('',#3599,1.);
#1091=VECTOR('',#3600,1.);
#1092=VECTOR('',#3601,1.);
#1093=VECTOR('',#3602,1.);
#1094=VECTOR('',#3603,1.);
#1095=VECTOR('',#3604,1.);
#1096=VECTOR('',#3605,1.);
#1097=VECTOR('',#3606,1.);
#1098=VECTOR('',#3607,1.);
#1099=VECTOR('',#3608,1.);
#1100=VECTOR('',#3609,1.);
#1101=VECTOR('',#3612,1.);
#1102=VECTOR('',#3613,1.);
#1103=VECTOR('',#3616,1.);
#1104=VECTOR('',#3617,1.);
#1105=VECTOR('',#3618,1.);
#1106=VECTOR('',#3619,1.);
#1107=VECTOR('',#3620,1.);
#1108=VECTOR('',#3621,1.);
#1109=VECTOR('',#3624,1.);
#1110=VECTOR('',#3627,1.);
#1111=VECTOR('',#3630,1.);
#1112=VECTOR('',#3631,1.);
#1113=VECTOR('',#3634,1.);
#1114=VECTOR('',#3635,1.);
#1115=VECTOR('',#3636,1.);
#1116=VECTOR('',#3637,1.);
#1117=VECTOR('',#3640,1.);
#1118=VECTOR('',#3643,1.);
#1119=VECTOR('',#3644,1.);
#1120=VECTOR('',#3647,1.);
#1121=VECTOR('',#3648,1.);
#1122=VECTOR('',#3649,1.);
#1123=VECTOR('',#3650,1.);
#1124=VECTOR('',#3653,1.);
#1125=VECTOR('',#3656,1.);
#1126=VECTOR('',#3657,1.);
#1127=VECTOR('',#3658,1.);
#1128=VECTOR('',#3661,1.);
#1129=VECTOR('',#3662,1.);
#1130=VECTOR('',#3663,1.);
#1131=VECTOR('',#3666,1.);
#1132=VECTOR('',#3667,1.);
#1133=VECTOR('',#3668,1.);
#1134=VECTOR('',#3669,1.);
#1135=VECTOR('',#3672,1.);
#1136=VECTOR('',#3673,1.);
#1137=VECTOR('',#3676,1.);
#1138=VECTOR('',#3679,1.);
#1139=VECTOR('',#3682,1.);
#1140=VECTOR('',#3685,1.);
#1141=VECTOR('',#3688,1.);
#1142=VECTOR('',#3689,1.);
#1143=VECTOR('',#3690,1.);
#1144=VECTOR('',#3693,1.);
#1145=VECTOR('',#3694,1.);
#1146=VECTOR('',#3699,1.);
#1147=VECTOR('',#3700,1.);
#1148=VECTOR('',#3703,1.);
#1149=VECTOR('',#3708,1.);
#1150=VECTOR('',#3709,1.);
#1151=VECTOR('',#3712,1.);
#1152=VECTOR('',#3715,1.);
#1153=VECTOR('',#3716,1.);
#1154=VECTOR('',#3717,1.);
#1155=VECTOR('',#3718,1.);
#1156=VECTOR('',#3721,1.);
#1157=VECTOR('',#3722,1.);
#1158=VECTOR('',#3725,1.);
#1159=VECTOR('',#3726,1.);
#1160=VECTOR('',#3731,1.);
#1161=VECTOR('',#3732,1.);
#1162=VECTOR('',#3735,1.);
#1163=VECTOR('',#3736,1.);
#1164=VECTOR('',#3741,1.);
#1165=VECTOR('',#3744,1.);
#1166=VECTOR('',#3745,1.);
#1167=VECTOR('',#3750,1.);
#1168=VECTOR('',#3755,1.);
#1169=VECTOR('',#3762,1.);
#1170=VECTOR('',#3763,1.);
#1171=VECTOR('',#3764,1.);
#1172=VECTOR('',#3767,1.);
#1173=VECTOR('',#3770,1.);
#1174=VECTOR('',#3775,10.);
#1175=VECTOR('',#3776,10.);
#1176=VECTOR('',#3777,10.);
#1177=VECTOR('',#3778,10.);
#1178=VECTOR('',#3781,10.);
#1179=VECTOR('',#3782,10.);
#1180=VECTOR('',#3783,10.);
#1181=VECTOR('',#3786,10.);
#1182=VECTOR('',#3787,10.);
#1183=VECTOR('',#3788,10.);
#1184=VECTOR('',#3791,1.);
#1185=VECTOR('',#3792,1.);
#1186=VECTOR('',#3795,1.);
#1187=VECTOR('',#3796,1.);
#1188=VECTOR('',#3803,1.);
#1189=VECTOR('',#3804,1.);
#1190=VECTOR('',#3805,1.);
#1191=VECTOR('',#3808,1.);
#1192=VECTOR('',#3809,1.);
#1193=VECTOR('',#3810,1.);
#1194=VECTOR('',#3811,1.);
#1195=VECTOR('',#3814,1.);
#1196=VECTOR('',#3815,1.);
#1197=VECTOR('',#3816,1.);
#1198=VECTOR('',#3817,1.);
#1199=VECTOR('',#3820,1.);
#1200=VECTOR('',#3821,1.);
#1201=VECTOR('',#3824,1.);
#1202=VECTOR('',#3831,10.);
#1203=VECTOR('',#3832,10.);
#1204=VECTOR('',#3833,10.);
#1205=VECTOR('',#3834,10.);
#1206=VECTOR('',#3837,10.);
#1207=VECTOR('',#3838,10.);
#1208=VECTOR('',#3839,10.);
#1209=VECTOR('',#3842,10.);
#1210=VECTOR('',#3843,10.);
#1211=VECTOR('',#3844,10.);
#1212=VECTOR('',#3847,1.);
#1213=VECTOR('',#3848,1.);
#1214=VECTOR('',#3851,1.);
#1215=VECTOR('',#3852,1.);
#1216=VECTOR('',#3859,1.);
#1217=VECTOR('',#3860,1.);
#1218=VECTOR('',#3861,1.);
#1219=VECTOR('',#3864,1.);
#1220=VECTOR('',#3865,1.);
#1221=VECTOR('',#3866,1.);
#1222=VECTOR('',#3867,1.);
#1223=VECTOR('',#3870,1.);
#1224=VECTOR('',#3871,1.);
#1225=VECTOR('',#3872,1.);
#1226=VECTOR('',#3873,1.);
#1227=VECTOR('',#3876,1.);
#1228=VECTOR('',#3877,1.);
#1229=VECTOR('',#3880,1.);
#1230=VECTOR('',#3889,1.);
#1231=VECTOR('',#3892,1.);
#1232=VECTOR('',#3895,1.);
#1233=VECTOR('',#3902,1.);
#1234=VECTOR('',#3903,1.);
#1235=VECTOR('',#3904,1.);
#1236=VECTOR('',#3907,1.);
#1237=VECTOR('',#3910,1.);
#1238=VECTOR('',#3915,10.);
#1239=VECTOR('',#3920,1.);
#1240=VECTOR('',#3923,1.);
#1241=VECTOR('',#3924,1.);
#1242=VECTOR('',#3929,1.);
#1243=VECTOR('',#3934,1.);
#1244=VECTOR('',#3941,1.);
#1245=VECTOR('',#3942,1.);
#1246=VECTOR('',#3943,1.);
#1247=VECTOR('',#3946,1.);
#1248=VECTOR('',#3949,1.);
#1249=VECTOR('',#3954,1.);
#1250=VECTOR('',#3959,1.);
#1251=VECTOR('',#3966,0.999999999999999);
#1252=VECTOR('',#3969,0.999999999999999);
#1253=VECTOR('',#3972,1.);
#1254=VECTOR('',#3975,1.);
#1255=VECTOR('',#3978,1.);
#1256=VECTOR('',#3981,1.);
#1257=VECTOR('',#3986,1.);
#1258=VECTOR('',#3987,10.);
#1259=VECTOR('',#3988,1.);
#1260=VECTOR('',#3991,1.);
#1261=VECTOR('',#3992,10.);
#1262=VECTOR('',#3995,10.);
#1263=CIRCLE('',#3053,0.1);
#1264=CIRCLE('',#3054,0.1);
#1265=CIRCLE('',#3056,0.05);
#1266=CIRCLE('',#3057,0.05);
#1267=CIRCLE('',#3058,0.06);
#1268=CIRCLE('',#3059,0.05);
#1269=CIRCLE('',#3062,0.05);
#1270=CIRCLE('',#3064,0.1);
#1271=CIRCLE('',#3065,0.1);
#1272=CIRCLE('',#3068,0.05);
#1273=CIRCLE('',#3069,0.05);
#1274=CIRCLE('',#3070,0.06);
#1275=CIRCLE('',#3071,0.05);
#1276=CIRCLE('',#3073,0.05);
#1277=CIRCLE('',#3076,0.05);
#1278=CIRCLE('',#3077,0.06);
#1279=CIRCLE('',#3078,0.05);
#1280=CIRCLE('',#3080,0.1);
#1281=CIRCLE('',#3081,0.1);
#1282=CIRCLE('',#3084,0.05);
#1283=CIRCLE('',#3085,0.05);
#1284=CIRCLE('',#3086,0.06);
#1285=CIRCLE('',#3087,0.05);
#1286=CIRCLE('',#3089,0.05);
#1287=CIRCLE('',#3153,0.05);
#1288=CIRCLE('',#3156,0.06);
#1289=CIRCLE('',#3158,0.05);
#1290=CIRCLE('',#3205,0.05);
#1291=CIRCLE('',#3208,0.06);
#1292=CIRCLE('',#3210,0.05);
#1293=VERTEX_POINT('',#4000);
#1294=VERTEX_POINT('',#4001);
#1295=VERTEX_POINT('',#4003);
#1296=VERTEX_POINT('',#4005);
#1297=VERTEX_POINT('',#4009);
#1298=VERTEX_POINT('',#4011);
#1299=VERTEX_POINT('',#4013);
#1300=VERTEX_POINT('',#4015);
#1301=VERTEX_POINT('',#4017);
#1302=VERTEX_POINT('',#4019);
#1303=VERTEX_POINT('',#4021);
#1304=VERTEX_POINT('',#4023);
#1305=VERTEX_POINT('',#4025);
#1306=VERTEX_POINT('',#4027);
#1307=VERTEX_POINT('',#4029);
#1308=VERTEX_POINT('',#4031);
#1309=VERTEX_POINT('',#4035);
#1310=VERTEX_POINT('',#4039);
#1311=VERTEX_POINT('',#4043);
#1312=VERTEX_POINT('',#4044);
#1313=VERTEX_POINT('',#4046);
#1314=VERTEX_POINT('',#4048);
#1315=VERTEX_POINT('',#4052);
#1316=VERTEX_POINT('',#4054);
#1317=VERTEX_POINT('',#4058);
#1318=VERTEX_POINT('',#4060);
#1319=VERTEX_POINT('',#4062);
#1320=VERTEX_POINT('',#4064);
#1321=VERTEX_POINT('',#4066);
#1322=VERTEX_POINT('',#4068);
#1323=VERTEX_POINT('',#4070);
#1324=VERTEX_POINT('',#4072);
#1325=VERTEX_POINT('',#4074);
#1326=VERTEX_POINT('',#4076);
#1327=VERTEX_POINT('',#4078);
#1328=VERTEX_POINT('',#4082);
#1329=VERTEX_POINT('',#4083);
#1330=VERTEX_POINT('',#4088);
#1331=VERTEX_POINT('',#4092);
#1332=VERTEX_POINT('',#4094);
#1333=VERTEX_POINT('',#4096);
#1334=VERTEX_POINT('',#4098);
#1335=VERTEX_POINT('',#4100);
#1336=VERTEX_POINT('',#4102);
#1337=VERTEX_POINT('',#4104);
#1338=VERTEX_POINT('',#4106);
#1339=VERTEX_POINT('',#4111);
#1340=VERTEX_POINT('',#4112);
#1341=VERTEX_POINT('',#4114);
#1342=VERTEX_POINT('',#4116);
#1343=VERTEX_POINT('',#4120);
#1344=VERTEX_POINT('',#4122);
#1345=VERTEX_POINT('',#4126);
#1346=VERTEX_POINT('',#4128);
#1347=VERTEX_POINT('',#4130);
#1348=VERTEX_POINT('',#4132);
#1349=VERTEX_POINT('',#4134);
#1350=VERTEX_POINT('',#4136);
#1351=VERTEX_POINT('',#4138);
#1352=VERTEX_POINT('',#4140);
#1353=VERTEX_POINT('',#4142);
#1354=VERTEX_POINT('',#4144);
#1355=VERTEX_POINT('',#4146);
#1356=VERTEX_POINT('',#4150);
#1357=VERTEX_POINT('',#4151);
#1358=VERTEX_POINT('',#4156);
#1359=VERTEX_POINT('',#4160);
#1360=VERTEX_POINT('',#4161);
#1361=VERTEX_POINT('',#4163);
#1362=VERTEX_POINT('',#4165);
#1363=VERTEX_POINT('',#4167);
#1364=VERTEX_POINT('',#4169);
#1365=VERTEX_POINT('',#4171);
#1366=VERTEX_POINT('',#4173);
#1367=VERTEX_POINT('',#4175);
#1368=VERTEX_POINT('',#4177);
#1369=VERTEX_POINT('',#4179);
#1370=VERTEX_POINT('',#4181);
#1371=VERTEX_POINT('',#4183);
#1372=VERTEX_POINT('',#4185);
#1373=VERTEX_POINT('',#4187);
#1374=VERTEX_POINT('',#4189);
#1375=VERTEX_POINT('',#4194);
#1376=VERTEX_POINT('',#4196);
#1377=VERTEX_POINT('',#4198);
#1378=VERTEX_POINT('',#4200);
#1379=VERTEX_POINT('',#4202);
#1380=VERTEX_POINT('',#4204);
#1381=VERTEX_POINT('',#4207);
#1382=VERTEX_POINT('',#4209);
#1383=VERTEX_POINT('',#4214);
#1384=VERTEX_POINT('',#4218);
#1385=VERTEX_POINT('',#4220);
#1386=VERTEX_POINT('',#4223);
#1387=VERTEX_POINT('',#4225);
#1388=VERTEX_POINT('',#4227);
#1389=VERTEX_POINT('',#4229);
#1390=VERTEX_POINT('',#4231);
#1391=VERTEX_POINT('',#4238);
#1392=VERTEX_POINT('',#4244);
#1393=VERTEX_POINT('',#4245);
#1394=VERTEX_POINT('',#4247);
#1395=VERTEX_POINT('',#4249);
#1396=VERTEX_POINT('',#4252);
#1397=VERTEX_POINT('',#4253);
#1398=VERTEX_POINT('',#4255);
#1399=VERTEX_POINT('',#4257);
#1400=VERTEX_POINT('',#4261);
#1401=VERTEX_POINT('',#4262);
#1402=VERTEX_POINT('',#4264);
#1403=VERTEX_POINT('',#4266);
#1404=VERTEX_POINT('',#4269);
#1405=VERTEX_POINT('',#4270);
#1406=VERTEX_POINT('',#4272);
#1407=VERTEX_POINT('',#4274);
#1408=VERTEX_POINT('',#4278);
#1409=VERTEX_POINT('',#4284);
#1410=VERTEX_POINT('',#4285);
#1411=VERTEX_POINT('',#4287);
#1412=VERTEX_POINT('',#4289);
#1413=VERTEX_POINT('',#4293);
#1414=VERTEX_POINT('',#4295);
#1415=VERTEX_POINT('',#4297);
#1416=VERTEX_POINT('',#4299);
#1417=VERTEX_POINT('',#4301);
#1418=VERTEX_POINT('',#4303);
#1419=VERTEX_POINT('',#4307);
#1420=VERTEX_POINT('',#4308);
#1421=VERTEX_POINT('',#4311);
#1422=VERTEX_POINT('',#4313);
#1423=VERTEX_POINT('',#4315);
#1424=VERTEX_POINT('',#4317);
#1425=VERTEX_POINT('',#4319);
#1426=VERTEX_POINT('',#4321);
#1427=VERTEX_POINT('',#4323);
#1428=VERTEX_POINT('',#4327);
#1429=VERTEX_POINT('',#4328);
#1430=VERTEX_POINT('',#4330);
#1431=VERTEX_POINT('',#4333);
#1432=VERTEX_POINT('',#4335);
#1433=VERTEX_POINT('',#4337);
#1434=VERTEX_POINT('',#4339);
#1435=VERTEX_POINT('',#4341);
#1436=VERTEX_POINT('',#4343);
#1437=VERTEX_POINT('',#4345);
#1438=VERTEX_POINT('',#4347);
#1439=VERTEX_POINT('',#4349);
#1440=VERTEX_POINT('',#4351);
#1441=VERTEX_POINT('',#4353);
#1442=VERTEX_POINT('',#4355);
#1443=VERTEX_POINT('',#4357);
#1444=VERTEX_POINT('',#4359);
#1445=VERTEX_POINT('',#4361);
#1446=VERTEX_POINT('',#4363);
#1447=VERTEX_POINT('',#4365);
#1448=VERTEX_POINT('',#4367);
#1449=VERTEX_POINT('',#4371);
#1450=VERTEX_POINT('',#4372);
#1451=VERTEX_POINT('',#4377);
#1452=VERTEX_POINT('',#4382);
#1453=VERTEX_POINT('',#4383);
#1454=VERTEX_POINT('',#4385);
#1455=VERTEX_POINT('',#4387);
#1456=VERTEX_POINT('',#4389);
#1457=VERTEX_POINT('',#4391);
#1458=VERTEX_POINT('',#4394);
#1459=VERTEX_POINT('',#4396);
#1460=VERTEX_POINT('',#4398);
#1461=VERTEX_POINT('',#4400);
#1462=VERTEX_POINT('',#4404);
#1463=VERTEX_POINT('',#4406);
#1464=VERTEX_POINT('',#4410);
#1465=VERTEX_POINT('',#4417);
#1466=VERTEX_POINT('',#4420);
#1467=VERTEX_POINT('',#4425);
#1468=VERTEX_POINT('',#4427);
#1469=VERTEX_POINT('',#4429);
#1470=VERTEX_POINT('',#4431);
#1471=VERTEX_POINT('',#4433);
#1472=VERTEX_POINT('',#4435);
#1473=VERTEX_POINT('',#4439);
#1474=VERTEX_POINT('',#4440);
#1475=VERTEX_POINT('',#4442);
#1476=VERTEX_POINT('',#4444);
#1477=VERTEX_POINT('',#4448);
#1478=VERTEX_POINT('',#4449);
#1479=VERTEX_POINT('',#4452);
#1480=VERTEX_POINT('',#4454);
#1481=VERTEX_POINT('',#4456);
#1482=VERTEX_POINT('',#4461);
#1483=VERTEX_POINT('',#4462);
#1484=VERTEX_POINT('',#4467);
#1485=VERTEX_POINT('',#4473);
#1486=VERTEX_POINT('',#4474);
#1487=VERTEX_POINT('',#4476);
#1488=VERTEX_POINT('',#4483);
#1489=VERTEX_POINT('',#4485);
#1490=VERTEX_POINT('',#4488);
#1491=VERTEX_POINT('',#4490);
#1492=VERTEX_POINT('',#4493);
#1493=VERTEX_POINT('',#4497);
#1494=VERTEX_POINT('',#4499);
#1495=VERTEX_POINT('',#4502);
#1496=VERTEX_POINT('',#4504);
#1497=VERTEX_POINT('',#4507);
#1498=VERTEX_POINT('',#4509);
#1499=VERTEX_POINT('',#4513);
#1500=VERTEX_POINT('',#4517);
#1501=VERTEX_POINT('',#4518);
#1502=VERTEX_POINT('',#4520);
#1503=VERTEX_POINT('',#4523);
#1504=VERTEX_POINT('',#4525);
#1505=VERTEX_POINT('',#4533);
#1506=VERTEX_POINT('',#4537);
#1507=VERTEX_POINT('',#4539);
#1508=VERTEX_POINT('',#4541);
#1509=VERTEX_POINT('',#4547);
#1510=VERTEX_POINT('',#4551);
#1511=VERTEX_POINT('',#4552);
#1512=VERTEX_POINT('',#4554);
#1513=VERTEX_POINT('',#4561);
#1514=VERTEX_POINT('',#4562);
#1515=VERTEX_POINT('',#4567);
#1516=VERTEX_POINT('',#4572);
#1517=VERTEX_POINT('',#4573);
#1518=VERTEX_POINT('',#4575);
#1519=VERTEX_POINT('',#4577);
#1520=VERTEX_POINT('',#4581);
#1521=VERTEX_POINT('',#4594);
#1522=VERTEX_POINT('',#4602);
#1523=VERTEX_POINT('',#4609);
#1524=VERTEX_POINT('',#4615);
#1525=VERTEX_POINT('',#4616);
#1526=VERTEX_POINT('',#4618);
#1527=VERTEX_POINT('',#4620);
#1528=VERTEX_POINT('',#4624);
#1529=VERTEX_POINT('',#4628);
#1530=VERTEX_POINT('',#4633);
#1531=VERTEX_POINT('',#4637);
#1532=VERTEX_POINT('',#4641);
#1533=VERTEX_POINT('',#4645);
#1534=VERTEX_POINT('',#4649);
#1535=VERTEX_POINT('',#4658);
#1536=VERTEX_POINT('',#4660);
#1537=VERTEX_POINT('',#4669);
#1538=VERTEX_POINT('',#4670);
#1539=VERTEX_POINT('',#4672);
#1540=VERTEX_POINT('',#4674);
#1541=VERTEX_POINT('',#4678);
#1542=VERTEX_POINT('',#4680);
#1543=VERTEX_POINT('',#4684);
#1544=VERTEX_POINT('',#4686);
#1545=VERTEX_POINT('',#4698);
#1546=VERTEX_POINT('',#4700);
#1547=VERTEX_POINT('',#4704);
#1548=VERTEX_POINT('',#4706);
#1549=VERTEX_POINT('',#4708);
#1550=VERTEX_POINT('',#4712);
#1551=VERTEX_POINT('',#4714);
#1552=VERTEX_POINT('',#4716);
#1553=VERTEX_POINT('',#4727);
#1554=VERTEX_POINT('',#4728);
#1555=VERTEX_POINT('',#4730);
#1556=VERTEX_POINT('',#4732);
#1557=VERTEX_POINT('',#4736);
#1558=VERTEX_POINT('',#4738);
#1559=VERTEX_POINT('',#4742);
#1560=VERTEX_POINT('',#4744);
#1561=VERTEX_POINT('',#4756);
#1562=VERTEX_POINT('',#4758);
#1563=VERTEX_POINT('',#4762);
#1564=VERTEX_POINT('',#4764);
#1565=VERTEX_POINT('',#4766);
#1566=VERTEX_POINT('',#4770);
#1567=VERTEX_POINT('',#4772);
#1568=VERTEX_POINT('',#4774);
#1569=VERTEX_POINT('',#4794);
#1570=VERTEX_POINT('',#4796);
#1571=VERTEX_POINT('',#4807);
#1572=VERTEX_POINT('',#4811);
#1573=VERTEX_POINT('',#4815);
#1574=VERTEX_POINT('',#4824);
#1575=VERTEX_POINT('',#4826);
#1576=VERTEX_POINT('',#4855);
#1577=VERTEX_POINT('',#4857);
#1578=VERTEX_POINT('',#4861);
#1579=EDGE_CURVE('',#1293,#1294,#1263,.T.);
#1580=EDGE_CURVE('',#1294,#1295,#461,.T.);
#1581=EDGE_CURVE('',#1295,#1296,#1264,.T.);
#1582=EDGE_CURVE('',#1296,#1293,#462,.T.);
#1583=EDGE_CURVE('',#1295,#1297,#463,.F.);
#1584=EDGE_CURVE('',#1298,#1297,#1265,.T.);
#1585=EDGE_CURVE('',#1298,#1299,#464,.T.);
#1586=EDGE_CURVE('',#1299,#1300,#1266,.T.);
#1587=EDGE_CURVE('',#1300,#1301,#465,.T.);
#1588=EDGE_CURVE('',#1301,#1302,#1267,.T.);
#1589=EDGE_CURVE('',#1302,#1303,#466,.T.);
#1590=EDGE_CURVE('',#1304,#1303,#467,.T.);
#1591=EDGE_CURVE('',#1305,#1304,#468,.T.);
#1592=EDGE_CURVE('',#1306,#1305,#469,.T.);
#1593=EDGE_CURVE('',#1307,#1306,#470,.T.);
#1594=EDGE_CURVE('',#1307,#1308,#1268,.T.);
#1595=EDGE_CURVE('',#1308,#1296,#471,.T.);
#1596=EDGE_CURVE('',#1294,#1309,#472,.F.);
#1597=EDGE_CURVE('',#1297,#1309,#473,.T.);
#1598=EDGE_CURVE('',#1309,#1310,#1269,.T.);
#1599=EDGE_CURVE('',#1310,#1298,#474,.T.);
#1600=EDGE_CURVE('',#1311,#1312,#1270,.T.);
#1601=EDGE_CURVE('',#1312,#1313,#475,.T.);
#1602=EDGE_CURVE('',#1313,#1314,#1271,.T.);
#1603=EDGE_CURVE('',#1314,#1311,#476,.T.);
#1604=EDGE_CURVE('',#1315,#1314,#477,.T.);
#1605=EDGE_CURVE('',#1315,#1316,#478,.T.);
#1606=EDGE_CURVE('',#1316,#1311,#479,.T.);
#1607=EDGE_CURVE('',#1313,#1317,#480,.F.);
#1608=EDGE_CURVE('',#1318,#1317,#1272,.T.);
#1609=EDGE_CURVE('',#1318,#1319,#481,.T.);
#1610=EDGE_CURVE('',#1319,#1320,#1273,.T.);
#1611=EDGE_CURVE('',#1320,#1321,#482,.T.);
#1612=EDGE_CURVE('',#1321,#1322,#1274,.T.);
#1613=EDGE_CURVE('',#1322,#1323,#483,.T.);
#1614=EDGE_CURVE('',#1324,#1323,#484,.T.);
#1615=EDGE_CURVE('',#1325,#1324,#485,.T.);
#1616=EDGE_CURVE('',#1326,#1325,#486,.T.);
#1617=EDGE_CURVE('',#1327,#1326,#487,.T.);
#1618=EDGE_CURVE('',#1327,#1315,#1275,.T.);
#1619=EDGE_CURVE('',#1328,#1329,#1276,.T.);
#1620=EDGE_CURVE('',#1329,#1318,#488,.T.);
#1621=EDGE_CURVE('',#1317,#1328,#489,.T.);
#1622=EDGE_CURVE('',#1329,#1330,#490,.T.);
#1623=EDGE_CURVE('',#1319,#1330,#491,.T.);
#1624=EDGE_CURVE('',#1331,#1316,#1277,.T.);
#1625=EDGE_CURVE('',#1331,#1332,#492,.T.);
#1626=EDGE_CURVE('',#1332,#1333,#493,.T.);
#1627=EDGE_CURVE('',#1333,#1334,#494,.T.);
#1628=EDGE_CURVE('',#1334,#1335,#495,.T.);
#1629=EDGE_CURVE('',#1336,#1335,#496,.T.);
#1630=EDGE_CURVE('',#1337,#1336,#1278,.T.);
#1631=EDGE_CURVE('',#1338,#1337,#497,.T.);
#1632=EDGE_CURVE('',#1330,#1338,#1279,.T.);
#1633=EDGE_CURVE('',#1312,#1328,#498,.F.);
#1634=EDGE_CURVE('',#1339,#1340,#1280,.T.);
#1635=EDGE_CURVE('',#1340,#1341,#499,.T.);
#1636=EDGE_CURVE('',#1341,#1342,#1281,.T.);
#1637=EDGE_CURVE('',#1342,#1339,#500,.T.);
#1638=EDGE_CURVE('',#1343,#1342,#501,.T.);
#1639=EDGE_CURVE('',#1343,#1344,#502,.T.);
#1640=EDGE_CURVE('',#1344,#1339,#503,.T.);
#1641=EDGE_CURVE('',#1341,#1345,#504,.F.);
#1642=EDGE_CURVE('',#1346,#1345,#1282,.T.);
#1643=EDGE_CURVE('',#1346,#1347,#505,.T.);
#1644=EDGE_CURVE('',#1347,#1348,#1283,.T.);
#1645=EDGE_CURVE('',#1348,#1349,#506,.T.);
#1646=EDGE_CURVE('',#1349,#1350,#1284,.T.);
#1647=EDGE_CURVE('',#1350,#1351,#507,.T.);
#1648=EDGE_CURVE('',#1352,#1351,#508,.T.);
#1649=EDGE_CURVE('',#1353,#1352,#509,.T.);
#1650=EDGE_CURVE('',#1354,#1353,#510,.T.);
#1651=EDGE_CURVE('',#1355,#1354,#511,.T.);
#1652=EDGE_CURVE('',#1355,#1343,#1285,.T.);
#1653=EDGE_CURVE('',#1356,#1357,#1286,.T.);
#1654=EDGE_CURVE('',#1357,#1346,#512,.T.);
#1655=EDGE_CURVE('',#1345,#1356,#513,.T.);
#1656=EDGE_CURVE('',#1357,#1358,#514,.T.);
#1657=EDGE_CURVE('',#1347,#1358,#515,.T.);
#1658=EDGE_CURVE('',#1359,#1360,#516,.T.);
#1659=EDGE_CURVE('',#1359,#1361,#517,.T.);
#1660=EDGE_CURVE('',#1361,#1362,#518,.T.);
#1661=EDGE_CURVE('',#1362,#1363,#519,.T.);
#1662=EDGE_CURVE('',#1363,#1364,#520,.T.);
#1663=EDGE_CURVE('',#1365,#1364,#521,.T.);
#1664=EDGE_CURVE('',#1366,#1365,#522,.T.);
#1665=EDGE_CURVE('',#1366,#1367,#523,.T.);
#1666=EDGE_CURVE('',#1367,#1368,#524,.T.);
#1667=EDGE_CURVE('',#1369,#1368,#525,.T.);
#1668=EDGE_CURVE('',#1370,#1369,#526,.T.);
#1669=EDGE_CURVE('',#1370,#1371,#527,.T.);
#1670=EDGE_CURVE('',#1371,#1372,#528,.T.);
#1671=EDGE_CURVE('',#1373,#1372,#529,.T.);
#1672=EDGE_CURVE('',#1374,#1373,#530,.T.);
#1673=EDGE_CURVE('',#1374,#1360,#531,.T.);
#1674=EDGE_CURVE('',#1352,#1334,#532,.T.);
#1675=EDGE_CURVE('',#1351,#1375,#533,.T.);
#1676=EDGE_CURVE('',#1376,#1375,#534,.T.);
#1677=EDGE_CURVE('',#1377,#1376,#535,.T.);
#1678=EDGE_CURVE('',#1378,#1377,#536,.F.);
#1679=EDGE_CURVE('',#1379,#1378,#537,.F.);
#1680=EDGE_CURVE('',#1379,#1380,#538,.T.);
#1681=EDGE_CURVE('',#1304,#1380,#539,.T.);
#1682=EDGE_CURVE('',#1303,#1381,#540,.T.);
#1683=EDGE_CURVE('',#1382,#1381,#541,.T.);
#1684=EDGE_CURVE('',#1324,#1382,#542,.T.);
#1685=EDGE_CURVE('',#1323,#1335,#543,.T.);
#1686=EDGE_CURVE('',#1383,#1355,#544,.T.);
#1687=EDGE_CURVE('',#1354,#1332,#545,.T.);
#1688=EDGE_CURVE('',#1331,#1327,#546,.T.);
#1689=EDGE_CURVE('',#1326,#1384,#547,.T.);
#1690=EDGE_CURVE('',#1385,#1384,#548,.T.);
#1691=EDGE_CURVE('',#1385,#1307,#549,.T.);
#1692=EDGE_CURVE('',#1306,#1386,#550,.T.);
#1693=EDGE_CURVE('',#1386,#1387,#551,.T.);
#1694=EDGE_CURVE('',#1388,#1387,#552,.T.);
#1695=EDGE_CURVE('',#1389,#1388,#553,.F.);
#1696=EDGE_CURVE('',#1389,#1390,#554,.T.);
#1697=EDGE_CURVE('',#1383,#1390,#555,.T.);
#1698=EDGE_CURVE('',#1353,#1333,#556,.T.);
#1699=EDGE_CURVE('',#1325,#1391,#557,.T.);
#1700=EDGE_CURVE('',#1391,#1382,#558,.T.);
#1701=EDGE_CURVE('',#1384,#1391,#559,.T.);
#1702=EDGE_CURVE('',#1392,#1393,#560,.F.);
#1703=EDGE_CURVE('',#1394,#1392,#561,.F.);
#1704=EDGE_CURVE('',#1394,#1395,#562,.T.);
#1705=EDGE_CURVE('',#1395,#1393,#563,.T.);
#1706=EDGE_CURVE('',#1396,#1397,#564,.T.);
#1707=EDGE_CURVE('',#1396,#1398,#565,.T.);
#1708=EDGE_CURVE('',#1399,#1398,#566,.T.);
#1709=EDGE_CURVE('',#1397,#1399,#567,.T.);
#1710=EDGE_CURVE('',#1400,#1401,#568,.T.);
#1711=EDGE_CURVE('',#1402,#1401,#569,.T.);
#1712=EDGE_CURVE('',#1403,#1402,#570,.T.);
#1713=EDGE_CURVE('',#1403,#1400,#571,.T.);
#1714=EDGE_CURVE('',#1404,#1405,#572,.T.);
#1715=EDGE_CURVE('',#1404,#1406,#573,.T.);
#1716=EDGE_CURVE('',#1407,#1406,#574,.T.);
#1717=EDGE_CURVE('',#1405,#1407,#575,.T.);
#1718=EDGE_CURVE('',#1305,#1408,#576,.T.);
#1719=EDGE_CURVE('',#1380,#1408,#577,.T.);
#1720=EDGE_CURVE('',#1408,#1386,#578,.T.);
#1721=EDGE_CURVE('',#1409,#1410,#579,.F.);
#1722=EDGE_CURVE('',#1410,#1411,#580,.T.);
#1723=EDGE_CURVE('',#1411,#1412,#581,.T.);
#1724=EDGE_CURVE('',#1412,#1409,#582,.T.);
#1725=EDGE_CURVE('',#1411,#1413,#583,.T.);
#1726=EDGE_CURVE('',#1413,#1414,#584,.T.);
#1727=EDGE_CURVE('',#1414,#1415,#585,.T.);
#1728=EDGE_CURVE('',#1415,#1416,#586,.T.);
#1729=EDGE_CURVE('',#1416,#1417,#587,.T.);
#1730=EDGE_CURVE('',#1417,#1418,#588,.T.);
#1731=EDGE_CURVE('',#1418,#1412,#589,.T.);
#1732=EDGE_CURVE('',#1419,#1420,#590,.F.);
#1733=EDGE_CURVE('',#1419,#1410,#591,.T.);
#1734=EDGE_CURVE('',#1421,#1409,#592,.T.);
#1735=EDGE_CURVE('',#1421,#1422,#593,.T.);
#1736=EDGE_CURVE('',#1422,#1423,#594,.F.);
#1737=EDGE_CURVE('',#1423,#1424,#595,.T.);
#1738=EDGE_CURVE('',#1424,#1425,#596,.F.);
#1739=EDGE_CURVE('',#1426,#1425,#597,.F.);
#1740=EDGE_CURVE('',#1426,#1427,#598,.F.);
#1741=EDGE_CURVE('',#1420,#1427,#599,.F.);
#1742=EDGE_CURVE('',#1428,#1429,#600,.T.);
#1743=EDGE_CURVE('',#1430,#1428,#601,.T.);
#1744=EDGE_CURVE('',#1429,#1430,#602,.T.);
#1745=EDGE_CURVE('',#1429,#1431,#603,.T.);
#1746=EDGE_CURVE('',#1431,#1432,#604,.T.);
#1747=EDGE_CURVE('',#1432,#1433,#605,.F.);
#1748=EDGE_CURVE('',#1433,#1434,#606,.T.);
#1749=EDGE_CURVE('',#1435,#1434,#607,.T.);
#1750=EDGE_CURVE('',#1436,#1435,#608,.T.);
#1751=EDGE_CURVE('',#1436,#1437,#609,.F.);
#1752=EDGE_CURVE('',#1437,#1438,#610,.F.);
#1753=EDGE_CURVE('',#1438,#1439,#611,.F.);
#1754=EDGE_CURVE('',#1439,#1440,#612,.F.);
#1755=EDGE_CURVE('',#1440,#1441,#613,.F.);
#1756=EDGE_CURVE('',#1442,#1441,#614,.T.);
#1757=EDGE_CURVE('',#1443,#1442,#615,.F.);
#1758=EDGE_CURVE('',#1444,#1443,#616,.T.);
#1759=EDGE_CURVE('',#1445,#1444,#617,.T.);
#1760=EDGE_CURVE('',#1445,#1446,#618,.T.);
#1761=EDGE_CURVE('',#1446,#1447,#619,.F.);
#1762=EDGE_CURVE('',#1447,#1448,#620,.T.);
#1763=EDGE_CURVE('',#1448,#1429,#621,.T.);
#1764=EDGE_CURVE('',#1449,#1450,#622,.T.);
#1765=EDGE_CURVE('',#1395,#1449,#623,.T.);
#1766=EDGE_CURVE('',#1450,#1394,#624,.T.);
#1767=EDGE_CURVE('',#1441,#1451,#625,.T.);
#1768=EDGE_CURVE('',#1440,#1393,#626,.F.);
#1769=EDGE_CURVE('',#1451,#1449,#627,.T.);
#1770=EDGE_CURVE('',#1452,#1453,#628,.F.);
#1771=EDGE_CURVE('',#1454,#1452,#629,.F.);
#1772=EDGE_CURVE('',#1454,#1455,#630,.F.);
#1773=EDGE_CURVE('',#1456,#1455,#631,.F.);
#1774=EDGE_CURVE('',#1456,#1457,#632,.T.);
#1775=EDGE_CURVE('',#1457,#1423,#633,.T.);
#1776=EDGE_CURVE('',#1458,#1422,#634,.F.);
#1777=EDGE_CURVE('',#1459,#1458,#635,.F.);
#1778=EDGE_CURVE('',#1460,#1459,#636,.F.);
#1779=EDGE_CURVE('',#1461,#1460,#637,.F.);
#1780=EDGE_CURVE('',#1453,#1461,#638,.F.);
#1781=EDGE_CURVE('',#1456,#1462,#639,.F.);
#1782=EDGE_CURVE('',#1455,#1463,#640,.F.);
#1783=EDGE_CURVE('',#1387,#1463,#641,.T.);
#1784=EDGE_CURVE('',#1438,#1379,#642,.T.);
#1785=EDGE_CURVE('',#1437,#1464,#643,.T.);
#1786=EDGE_CURVE('',#1464,#1426,#644,.F.);
#1787=EDGE_CURVE('',#1425,#1462,#645,.F.);
#1788=EDGE_CURVE('',#1392,#1400,#646,.T.);
#1789=EDGE_CURVE('',#1439,#1378,#647,.F.);
#1790=EDGE_CURVE('',#1377,#1465,#648,.F.);
#1791=EDGE_CURVE('',#1465,#1389,#649,.F.);
#1792=EDGE_CURVE('',#1388,#1466,#650,.F.);
#1793=EDGE_CURVE('',#1466,#1454,#651,.F.);
#1794=EDGE_CURVE('',#1401,#1452,#652,.F.);
#1795=EDGE_CURVE('',#1434,#1467,#653,.T.);
#1796=EDGE_CURVE('',#1467,#1468,#654,.T.);
#1797=EDGE_CURVE('',#1468,#1469,#655,.T.);
#1798=EDGE_CURVE('',#1470,#1469,#656,.T.);
#1799=EDGE_CURVE('',#1471,#1470,#657,.T.);
#1800=EDGE_CURVE('',#1472,#1471,#658,.T.);
#1801=EDGE_CURVE('',#1435,#1472,#659,.T.);
#1802=EDGE_CURVE('',#1473,#1474,#660,.T.);
#1803=EDGE_CURVE('',#1473,#1475,#661,.T.);
#1804=EDGE_CURVE('',#1475,#1476,#662,.T.);
#1805=EDGE_CURVE('',#1474,#1476,#663,.T.);
#1806=EDGE_CURVE('',#1477,#1478,#664,.T.);
#1807=EDGE_CURVE('',#1477,#1445,#665,.T.);
#1808=EDGE_CURVE('',#1444,#1479,#666,.T.);
#1809=EDGE_CURVE('',#1480,#1479,#667,.T.);
#1810=EDGE_CURVE('',#1481,#1480,#668,.T.);
#1811=EDGE_CURVE('',#1474,#1481,#669,.T.);
#1812=EDGE_CURVE('',#1476,#1478,#670,.T.);
#1813=EDGE_CURVE('',#1482,#1483,#671,.T.);
#1814=EDGE_CURVE('',#1482,#1460,#672,.F.);
#1815=EDGE_CURVE('',#1483,#1459,#673,.T.);
#1816=EDGE_CURVE('',#1483,#1484,#674,.T.);
#1817=EDGE_CURVE('',#1484,#1458,#675,.T.);
#1818=EDGE_CURVE('',#1484,#1421,#676,.T.);
#1819=EDGE_CURVE('',#1485,#1486,#677,.T.);
#1820=EDGE_CURVE('',#1486,#1487,#678,.F.);
#1821=EDGE_CURVE('',#1487,#1450,#679,.F.);
#1822=EDGE_CURVE('',#1403,#1461,#680,.T.);
#1823=EDGE_CURVE('',#1485,#1482,#681,.T.);
#1824=EDGE_CURVE('',#1488,#1366,#682,.T.);
#1825=EDGE_CURVE('',#1488,#1489,#683,.T.);
#1826=EDGE_CURVE('',#1489,#1363,#684,.T.);
#1827=EDGE_CURVE('',#1490,#1362,#685,.T.);
#1828=EDGE_CURVE('',#1491,#1490,#686,.T.);
#1829=EDGE_CURVE('',#1478,#1491,#687,.T.);
#1830=EDGE_CURVE('',#1492,#1475,#688,.T.);
#1831=EDGE_CURVE('',#1485,#1492,#689,.T.);
#1832=EDGE_CURVE('',#1469,#1418,#690,.T.);
#1833=EDGE_CURVE('',#1493,#1468,#691,.T.);
#1834=EDGE_CURVE('',#1494,#1493,#692,.T.);
#1835=EDGE_CURVE('',#1360,#1494,#693,.T.);
#1836=EDGE_CURVE('',#1495,#1374,#694,.T.);
#1837=EDGE_CURVE('',#1495,#1496,#695,.T.);
#1838=EDGE_CURVE('',#1496,#1371,#696,.T.);
#1839=EDGE_CURVE('',#1497,#1370,#697,.T.);
#1840=EDGE_CURVE('',#1497,#1498,#698,.T.);
#1841=EDGE_CURVE('',#1498,#1367,#699,.T.);
#1842=EDGE_CURVE('',#1443,#1499,#700,.T.);
#1843=EDGE_CURVE('',#1499,#1479,#701,.T.);
#1844=EDGE_CURVE('',#1500,#1501,#702,.T.);
#1845=EDGE_CURVE('',#1501,#1502,#703,.T.);
#1846=EDGE_CURVE('',#1502,#1492,#704,.T.);
#1847=EDGE_CURVE('',#1473,#1503,#705,.T.);
#1848=EDGE_CURVE('',#1503,#1504,#706,.T.);
#1849=EDGE_CURVE('',#1504,#1500,#707,.T.);
#1850=EDGE_CURVE('',#1502,#1486,#708,.T.);
#1851=EDGE_CURVE('',#1417,#1470,#709,.T.);
#1852=EDGE_CURVE('',#1467,#1505,#710,.T.);
#1853=EDGE_CURVE('',#1505,#1493,#711,.T.);
#1854=EDGE_CURVE('',#1505,#1506,#712,.T.);
#1855=EDGE_CURVE('',#1506,#1507,#713,.T.);
#1856=EDGE_CURVE('',#1507,#1508,#714,.T.);
#1857=EDGE_CURVE('',#1508,#1494,#715,.T.);
#1858=EDGE_CURVE('',#1508,#1359,#716,.T.);
#1859=EDGE_CURVE('',#1361,#1509,#717,.T.);
#1860=EDGE_CURVE('',#1509,#1490,#718,.T.);
#1861=EDGE_CURVE('',#1510,#1511,#719,.T.);
#1862=EDGE_CURVE('',#1511,#1512,#720,.T.);
#1863=EDGE_CURVE('',#1512,#1491,#721,.T.);
#1864=EDGE_CURVE('',#1509,#1510,#722,.T.);
#1865=EDGE_CURVE('',#1512,#1477,#723,.T.);
#1866=EDGE_CURVE('',#1513,#1514,#724,.T.);
#1867=EDGE_CURVE('',#1514,#1420,#725,.T.);
#1868=EDGE_CURVE('',#1513,#1427,#726,.T.);
#1869=EDGE_CURVE('',#1436,#1515,#727,.T.);
#1870=EDGE_CURVE('',#1515,#1514,#728,.T.);
#1871=EDGE_CURVE('',#1464,#1513,#729,.T.);
#1872=EDGE_CURVE('',#1516,#1517,#730,.T.);
#1873=EDGE_CURVE('',#1516,#1518,#731,.T.);
#1874=EDGE_CURVE('',#1518,#1519,#732,.T.);
#1875=EDGE_CURVE('',#1519,#1517,#733,.T.);
#1876=EDGE_CURVE('',#1520,#1376,#734,.T.);
#1877=EDGE_CURVE('',#1465,#1520,#735,.T.);
#1878=EDGE_CURVE('',#1390,#1520,#736,.T.);
#1879=EDGE_CURVE('',#1463,#1466,#737,.T.);
#1880=EDGE_CURVE('',#1503,#1481,#738,.T.);
#1881=EDGE_CURVE('',#1504,#1480,#739,.T.);
#1882=EDGE_CURVE('',#1442,#1499,#740,.T.);
#1883=EDGE_CURVE('',#1521,#1451,#741,.T.);
#1884=EDGE_CURVE('',#1521,#1500,#742,.T.);
#1885=EDGE_CURVE('',#1415,#1472,#743,.T.);
#1886=EDGE_CURVE('',#1416,#1471,#744,.T.);
#1887=EDGE_CURVE('',#1414,#1522,#745,.T.);
#1888=EDGE_CURVE('',#1522,#1515,#746,.T.);
#1889=EDGE_CURVE('',#1453,#1402,#747,.T.);
#1890=EDGE_CURVE('',#1523,#1457,#748,.T.);
#1891=EDGE_CURVE('',#1424,#1523,#749,.T.);
#1892=EDGE_CURVE('',#1523,#1462,#750,.T.);
#1893=EDGE_CURVE('',#1524,#1525,#751,.T.);
#1894=EDGE_CURVE('',#1524,#1526,#752,.T.);
#1895=EDGE_CURVE('',#1526,#1527,#753,.T.);
#1896=EDGE_CURVE('',#1527,#1525,#754,.T.);
#1897=EDGE_CURVE('',#1522,#1528,#755,.T.);
#1898=EDGE_CURVE('',#1528,#1419,#756,.T.);
#1899=EDGE_CURVE('',#1487,#1529,#757,.T.);
#1900=EDGE_CURVE('',#1529,#1521,#758,.T.);
#1901=EDGE_CURVE('',#1308,#1530,#759,.T.);
#1902=EDGE_CURVE('',#1530,#1293,#760,.T.);
#1903=EDGE_CURVE('',#1310,#1531,#761,.T.);
#1904=EDGE_CURVE('',#1299,#1531,#762,.T.);
#1905=EDGE_CURVE('',#1531,#1532,#1287,.T.);
#1906=EDGE_CURVE('',#1300,#1532,#763,.T.);
#1907=EDGE_CURVE('',#1532,#1533,#764,.T.);
#1908=EDGE_CURVE('',#1301,#1533,#765,.T.);
#1909=EDGE_CURVE('',#1533,#1534,#1288,.T.);
#1910=EDGE_CURVE('',#1302,#1534,#766,.T.);
#1911=EDGE_CURVE('',#1385,#1530,#1289,.T.);
#1912=EDGE_CURVE('',#1534,#1381,#767,.T.);
#1913=EDGE_CURVE('',#1373,#1535,#768,.T.);
#1914=EDGE_CURVE('',#1372,#1536,#769,.T.);
#1915=EDGE_CURVE('',#1535,#1536,#770,.T.);
#1916=EDGE_CURVE('',#1535,#1495,#771,.T.);
#1917=EDGE_CURVE('',#1536,#1496,#772,.T.);
#1918=EDGE_CURVE('',#1537,#1538,#773,.T.);
#1919=EDGE_CURVE('',#1539,#1538,#774,.F.);
#1920=EDGE_CURVE('',#1540,#1539,#775,.T.);
#1921=EDGE_CURVE('',#1540,#1537,#776,.T.);
#1922=EDGE_CURVE('',#1538,#1541,#777,.T.);
#1923=EDGE_CURVE('',#1542,#1541,#778,.T.);
#1924=EDGE_CURVE('',#1539,#1542,#779,.T.);
#1925=EDGE_CURVE('',#1541,#1543,#780,.T.);
#1926=EDGE_CURVE('',#1544,#1543,#781,.F.);
#1927=EDGE_CURVE('',#1542,#1544,#782,.T.);
#1928=EDGE_CURVE('',#1543,#1526,#783,.T.);
#1929=EDGE_CURVE('',#1527,#1537,#784,.T.);
#1930=EDGE_CURVE('',#1544,#1524,#785,.T.);
#1931=EDGE_CURVE('',#1525,#1540,#786,.T.);
#1932=EDGE_CURVE('',#1519,#1545,#787,.T.);
#1933=EDGE_CURVE('',#1546,#1545,#788,.T.);
#1934=EDGE_CURVE('',#1517,#1546,#789,.T.);
#1935=EDGE_CURVE('',#1547,#1516,#790,.T.);
#1936=EDGE_CURVE('',#1546,#1548,#791,.T.);
#1937=EDGE_CURVE('',#1548,#1549,#792,.T.);
#1938=EDGE_CURVE('',#1549,#1547,#793,.T.);
#1939=EDGE_CURVE('',#1550,#1518,#794,.T.);
#1940=EDGE_CURVE('',#1551,#1550,#795,.T.);
#1941=EDGE_CURVE('',#1552,#1551,#796,.T.);
#1942=EDGE_CURVE('',#1545,#1552,#797,.T.);
#1943=EDGE_CURVE('',#1549,#1551,#798,.T.);
#1944=EDGE_CURVE('',#1548,#1552,#799,.T.);
#1945=EDGE_CURVE('',#1547,#1550,#800,.T.);
#1946=EDGE_CURVE('',#1553,#1554,#801,.F.);
#1947=EDGE_CURVE('',#1555,#1553,#802,.F.);
#1948=EDGE_CURVE('',#1555,#1556,#803,.F.);
#1949=EDGE_CURVE('',#1556,#1554,#804,.T.);
#1950=EDGE_CURVE('',#1557,#1553,#805,.F.);
#1951=EDGE_CURVE('',#1558,#1557,#806,.T.);
#1952=EDGE_CURVE('',#1558,#1555,#807,.F.);
#1953=EDGE_CURVE('',#1559,#1557,#808,.F.);
#1954=EDGE_CURVE('',#1560,#1559,#809,.F.);
#1955=EDGE_CURVE('',#1560,#1558,#810,.F.);
#1956=EDGE_CURVE('',#1554,#1405,#811,.T.);
#1957=EDGE_CURVE('',#1407,#1559,#812,.T.);
#1958=EDGE_CURVE('',#1556,#1404,#813,.T.);
#1959=EDGE_CURVE('',#1406,#1560,#814,.T.);
#1960=EDGE_CURVE('',#1399,#1561,#815,.T.);
#1961=EDGE_CURVE('',#1398,#1562,#816,.T.);
#1962=EDGE_CURVE('',#1562,#1561,#817,.T.);
#1963=EDGE_CURVE('',#1563,#1396,#818,.T.);
#1964=EDGE_CURVE('',#1564,#1563,#819,.T.);
#1965=EDGE_CURVE('',#1565,#1564,#820,.T.);
#1966=EDGE_CURVE('',#1562,#1565,#821,.T.);
#1967=EDGE_CURVE('',#1566,#1397,#822,.T.);
#1968=EDGE_CURVE('',#1561,#1567,#823,.T.);
#1969=EDGE_CURVE('',#1567,#1568,#824,.T.);
#1970=EDGE_CURVE('',#1568,#1566,#825,.T.);
#1971=EDGE_CURVE('',#1565,#1567,#826,.T.);
#1972=EDGE_CURVE('',#1564,#1568,#827,.T.);
#1973=EDGE_CURVE('',#1563,#1566,#828,.T.);
#1974=EDGE_CURVE('',#1320,#1338,#829,.T.);
#1975=EDGE_CURVE('',#1321,#1337,#830,.T.);
#1976=EDGE_CURVE('',#1322,#1336,#831,.T.);
#1977=EDGE_CURVE('',#1369,#1569,#832,.T.);
#1978=EDGE_CURVE('',#1368,#1570,#833,.T.);
#1979=EDGE_CURVE('',#1569,#1570,#834,.T.);
#1980=EDGE_CURVE('',#1569,#1497,#835,.T.);
#1981=EDGE_CURVE('',#1570,#1498,#836,.T.);
#1982=EDGE_CURVE('',#1340,#1356,#837,.F.);
#1983=EDGE_CURVE('',#1358,#1571,#1290,.T.);
#1984=EDGE_CURVE('',#1348,#1571,#838,.T.);
#1985=EDGE_CURVE('',#1571,#1572,#839,.T.);
#1986=EDGE_CURVE('',#1349,#1572,#840,.T.);
#1987=EDGE_CURVE('',#1572,#1573,#1291,.T.);
#1988=EDGE_CURVE('',#1350,#1573,#841,.T.);
#1989=EDGE_CURVE('',#1383,#1344,#1292,.T.);
#1990=EDGE_CURVE('',#1573,#1375,#842,.T.);
#1991=EDGE_CURVE('',#1365,#1574,#843,.T.);
#1992=EDGE_CURVE('',#1364,#1575,#844,.T.);
#1993=EDGE_CURVE('',#1574,#1575,#845,.T.);
#1994=EDGE_CURVE('',#1574,#1488,#846,.T.);
#1995=EDGE_CURVE('',#1575,#1489,#847,.T.);
#1996=EDGE_CURVE('',#1501,#1529,#848,.T.);
#1997=EDGE_CURVE('',#1528,#1413,#849,.T.);
#1998=EDGE_CURVE('',#1506,#1433,#850,.T.);
#1999=EDGE_CURVE('',#1507,#1432,#851,.T.);
#2000=EDGE_CURVE('',#1359,#1431,#852,.T.);
#2001=EDGE_CURVE('',#1361,#1448,#853,.T.);
#2002=EDGE_CURVE('',#1510,#1447,#854,.T.);
#2003=EDGE_CURVE('',#1511,#1446,#855,.T.);
#2004=EDGE_CURVE('',#1429,#1576,#856,.T.);
#2005=EDGE_CURVE('',#1576,#1577,#857,.T.);
#2006=EDGE_CURVE('',#1428,#1577,#858,.T.);
#2007=EDGE_CURVE('',#1430,#1578,#859,.T.);
#2008=EDGE_CURVE('',#1578,#1576,#860,.T.);
#2009=EDGE_CURVE('',#1577,#1578,#861,.T.);
#2010=ORIENTED_EDGE('',*,*,#1579,.T.);
#2011=ORIENTED_EDGE('',*,*,#1580,.T.);
#2012=ORIENTED_EDGE('',*,*,#1581,.T.);
#2013=ORIENTED_EDGE('',*,*,#1582,.T.);
#2014=ORIENTED_EDGE('',*,*,#1581,.F.);
#2015=ORIENTED_EDGE('',*,*,#1583,.T.);
#2016=ORIENTED_EDGE('',*,*,#1584,.F.);
#2017=ORIENTED_EDGE('',*,*,#1585,.T.);
#2018=ORIENTED_EDGE('',*,*,#1586,.T.);
#2019=ORIENTED_EDGE('',*,*,#1587,.T.);
#2020=ORIENTED_EDGE('',*,*,#1588,.T.);
#2021=ORIENTED_EDGE('',*,*,#1589,.T.);
#2022=ORIENTED_EDGE('',*,*,#1590,.F.);
#2023=ORIENTED_EDGE('',*,*,#1591,.F.);
#2024=ORIENTED_EDGE('',*,*,#1592,.F.);
#2025=ORIENTED_EDGE('',*,*,#1593,.F.);
#2026=ORIENTED_EDGE('',*,*,#1594,.T.);
#2027=ORIENTED_EDGE('',*,*,#1595,.T.);
#2028=ORIENTED_EDGE('',*,*,#1580,.F.);
#2029=ORIENTED_EDGE('',*,*,#1596,.T.);
#2030=ORIENTED_EDGE('',*,*,#1597,.F.);
#2031=ORIENTED_EDGE('',*,*,#1583,.F.);
#2032=ORIENTED_EDGE('',*,*,#1598,.T.);
#2033=ORIENTED_EDGE('',*,*,#1599,.T.);
#2034=ORIENTED_EDGE('',*,*,#1584,.T.);
#2035=ORIENTED_EDGE('',*,*,#1597,.T.);
#2036=ORIENTED_EDGE('',*,*,#1600,.T.);
#2037=ORIENTED_EDGE('',*,*,#1601,.T.);
#2038=ORIENTED_EDGE('',*,*,#1602,.T.);
#2039=ORIENTED_EDGE('',*,*,#1603,.T.);
#2040=ORIENTED_EDGE('',*,*,#1603,.F.);
#2041=ORIENTED_EDGE('',*,*,#1604,.F.);
#2042=ORIENTED_EDGE('',*,*,#1605,.T.);
#2043=ORIENTED_EDGE('',*,*,#1606,.T.);
#2044=ORIENTED_EDGE('',*,*,#1602,.F.);
#2045=ORIENTED_EDGE('',*,*,#1607,.T.);
#2046=ORIENTED_EDGE('',*,*,#1608,.F.);
#2047=ORIENTED_EDGE('',*,*,#1609,.T.);
#2048=ORIENTED_EDGE('',*,*,#1610,.T.);
#2049=ORIENTED_EDGE('',*,*,#1611,.T.);
#2050=ORIENTED_EDGE('',*,*,#1612,.T.);
#2051=ORIENTED_EDGE('',*,*,#1613,.T.);
#2052=ORIENTED_EDGE('',*,*,#1614,.F.);
#2053=ORIENTED_EDGE('',*,*,#1615,.F.);
#2054=ORIENTED_EDGE('',*,*,#1616,.F.);
#2055=ORIENTED_EDGE('',*,*,#1617,.F.);
#2056=ORIENTED_EDGE('',*,*,#1618,.T.);
#2057=ORIENTED_EDGE('',*,*,#1604,.T.);
#2058=ORIENTED_EDGE('',*,*,#1619,.T.);
#2059=ORIENTED_EDGE('',*,*,#1620,.T.);
#2060=ORIENTED_EDGE('',*,*,#1608,.T.);
#2061=ORIENTED_EDGE('',*,*,#1621,.T.);
#2062=ORIENTED_EDGE('',*,*,#1620,.F.);
#2063=ORIENTED_EDGE('',*,*,#1622,.T.);
#2064=ORIENTED_EDGE('',*,*,#1623,.F.);
#2065=ORIENTED_EDGE('',*,*,#1609,.F.);
#2066=ORIENTED_EDGE('',*,*,#1600,.F.);
#2067=ORIENTED_EDGE('',*,*,#1606,.F.);
#2068=ORIENTED_EDGE('',*,*,#1624,.F.);
#2069=ORIENTED_EDGE('',*,*,#1625,.T.);
#2070=ORIENTED_EDGE('',*,*,#1626,.T.);
#2071=ORIENTED_EDGE('',*,*,#1627,.T.);
#2072=ORIENTED_EDGE('',*,*,#1628,.T.);
#2073=ORIENTED_EDGE('',*,*,#1629,.F.);
#2074=ORIENTED_EDGE('',*,*,#1630,.F.);
#2075=ORIENTED_EDGE('',*,*,#1631,.F.);
#2076=ORIENTED_EDGE('',*,*,#1632,.F.);
#2077=ORIENTED_EDGE('',*,*,#1622,.F.);
#2078=ORIENTED_EDGE('',*,*,#1619,.F.);
#2079=ORIENTED_EDGE('',*,*,#1633,.F.);
#2080=ORIENTED_EDGE('',*,*,#1634,.T.);
#2081=ORIENTED_EDGE('',*,*,#1635,.T.);
#2082=ORIENTED_EDGE('',*,*,#1636,.T.);
#2083=ORIENTED_EDGE('',*,*,#1637,.T.);
#2084=ORIENTED_EDGE('',*,*,#1637,.F.);
#2085=ORIENTED_EDGE('',*,*,#1638,.F.);
#2086=ORIENTED_EDGE('',*,*,#1639,.T.);
#2087=ORIENTED_EDGE('',*,*,#1640,.T.);
#2088=ORIENTED_EDGE('',*,*,#1636,.F.);
#2089=ORIENTED_EDGE('',*,*,#1641,.T.);
#2090=ORIENTED_EDGE('',*,*,#1642,.F.);
#2091=ORIENTED_EDGE('',*,*,#1643,.T.);
#2092=ORIENTED_EDGE('',*,*,#1644,.T.);
#2093=ORIENTED_EDGE('',*,*,#1645,.T.);
#2094=ORIENTED_EDGE('',*,*,#1646,.T.);
#2095=ORIENTED_EDGE('',*,*,#1647,.T.);
#2096=ORIENTED_EDGE('',*,*,#1648,.F.);
#2097=ORIENTED_EDGE('',*,*,#1649,.F.);
#2098=ORIENTED_EDGE('',*,*,#1650,.F.);
#2099=ORIENTED_EDGE('',*,*,#1651,.F.);
#2100=ORIENTED_EDGE('',*,*,#1652,.T.);
#2101=ORIENTED_EDGE('',*,*,#1638,.T.);
#2102=ORIENTED_EDGE('',*,*,#1653,.T.);
#2103=ORIENTED_EDGE('',*,*,#1654,.T.);
#2104=ORIENTED_EDGE('',*,*,#1642,.T.);
#2105=ORIENTED_EDGE('',*,*,#1655,.T.);
#2106=ORIENTED_EDGE('',*,*,#1654,.F.);
#2107=ORIENTED_EDGE('',*,*,#1656,.T.);
#2108=ORIENTED_EDGE('',*,*,#1657,.F.);
#2109=ORIENTED_EDGE('',*,*,#1643,.F.);
#2110=ORIENTED_EDGE('',*,*,#1658,.F.);
#2111=ORIENTED_EDGE('',*,*,#1659,.T.);
#2112=ORIENTED_EDGE('',*,*,#1660,.T.);
#2113=ORIENTED_EDGE('',*,*,#1661,.T.);
#2114=ORIENTED_EDGE('',*,*,#1662,.T.);
#2115=ORIENTED_EDGE('',*,*,#1663,.F.);
#2116=ORIENTED_EDGE('',*,*,#1664,.F.);
#2117=ORIENTED_EDGE('',*,*,#1665,.T.);
#2118=ORIENTED_EDGE('',*,*,#1666,.T.);
#2119=ORIENTED_EDGE('',*,*,#1667,.F.);
#2120=ORIENTED_EDGE('',*,*,#1668,.F.);
#2121=ORIENTED_EDGE('',*,*,#1669,.T.);
#2122=ORIENTED_EDGE('',*,*,#1670,.T.);
#2123=ORIENTED_EDGE('',*,*,#1671,.F.);
#2124=ORIENTED_EDGE('',*,*,#1672,.F.);
#2125=ORIENTED_EDGE('',*,*,#1673,.T.);
#2126=ORIENTED_EDGE('',*,*,#1674,.F.);
#2127=ORIENTED_EDGE('',*,*,#1648,.T.);
#2128=ORIENTED_EDGE('',*,*,#1675,.T.);
#2129=ORIENTED_EDGE('',*,*,#1676,.F.);
#2130=ORIENTED_EDGE('',*,*,#1677,.F.);
#2131=ORIENTED_EDGE('',*,*,#1678,.F.);
#2132=ORIENTED_EDGE('',*,*,#1679,.F.);
#2133=ORIENTED_EDGE('',*,*,#1680,.T.);
#2134=ORIENTED_EDGE('',*,*,#1681,.F.);
#2135=ORIENTED_EDGE('',*,*,#1590,.T.);
#2136=ORIENTED_EDGE('',*,*,#1682,.T.);
#2137=ORIENTED_EDGE('',*,*,#1683,.F.);
#2138=ORIENTED_EDGE('',*,*,#1684,.F.);
#2139=ORIENTED_EDGE('',*,*,#1614,.T.);
#2140=ORIENTED_EDGE('',*,*,#1685,.T.);
#2141=ORIENTED_EDGE('',*,*,#1628,.F.);
#2142=ORIENTED_EDGE('',*,*,#1686,.T.);
#2143=ORIENTED_EDGE('',*,*,#1651,.T.);
#2144=ORIENTED_EDGE('',*,*,#1687,.T.);
#2145=ORIENTED_EDGE('',*,*,#1625,.F.);
#2146=ORIENTED_EDGE('',*,*,#1688,.T.);
#2147=ORIENTED_EDGE('',*,*,#1617,.T.);
#2148=ORIENTED_EDGE('',*,*,#1689,.T.);
#2149=ORIENTED_EDGE('',*,*,#1690,.F.);
#2150=ORIENTED_EDGE('',*,*,#1691,.T.);
#2151=ORIENTED_EDGE('',*,*,#1593,.T.);
#2152=ORIENTED_EDGE('',*,*,#1692,.T.);
#2153=ORIENTED_EDGE('',*,*,#1693,.T.);
#2154=ORIENTED_EDGE('',*,*,#1694,.F.);
#2155=ORIENTED_EDGE('',*,*,#1695,.F.);
#2156=ORIENTED_EDGE('',*,*,#1696,.T.);
#2157=ORIENTED_EDGE('',*,*,#1697,.F.);
#2158=ORIENTED_EDGE('',*,*,#1698,.F.);
#2159=ORIENTED_EDGE('',*,*,#1649,.T.);
#2160=ORIENTED_EDGE('',*,*,#1674,.T.);
#2161=ORIENTED_EDGE('',*,*,#1627,.F.);
#2162=ORIENTED_EDGE('',*,*,#1687,.F.);
#2163=ORIENTED_EDGE('',*,*,#1650,.T.);
#2164=ORIENTED_EDGE('',*,*,#1698,.T.);
#2165=ORIENTED_EDGE('',*,*,#1626,.F.);
#2166=ORIENTED_EDGE('',*,*,#1699,.F.);
#2167=ORIENTED_EDGE('',*,*,#1615,.T.);
#2168=ORIENTED_EDGE('',*,*,#1684,.T.);
#2169=ORIENTED_EDGE('',*,*,#1700,.F.);
#2170=ORIENTED_EDGE('',*,*,#1689,.F.);
#2171=ORIENTED_EDGE('',*,*,#1616,.T.);
#2172=ORIENTED_EDGE('',*,*,#1699,.T.);
#2173=ORIENTED_EDGE('',*,*,#1701,.F.);
#2174=ORIENTED_EDGE('',*,*,#1702,.F.);
#2175=ORIENTED_EDGE('',*,*,#1703,.F.);
#2176=ORIENTED_EDGE('',*,*,#1704,.T.);
#2177=ORIENTED_EDGE('',*,*,#1705,.T.);
#2178=ORIENTED_EDGE('',*,*,#1706,.F.);
#2179=ORIENTED_EDGE('',*,*,#1707,.T.);
#2180=ORIENTED_EDGE('',*,*,#1708,.F.);
#2181=ORIENTED_EDGE('',*,*,#1709,.F.);
#2182=ORIENTED_EDGE('',*,*,#1710,.T.);
#2183=ORIENTED_EDGE('',*,*,#1711,.F.);
#2184=ORIENTED_EDGE('',*,*,#1712,.F.);
#2185=ORIENTED_EDGE('',*,*,#1713,.T.);
#2186=ORIENTED_EDGE('',*,*,#1714,.F.);
#2187=ORIENTED_EDGE('',*,*,#1715,.T.);
#2188=ORIENTED_EDGE('',*,*,#1716,.F.);
#2189=ORIENTED_EDGE('',*,*,#1717,.F.);
#2190=ORIENTED_EDGE('',*,*,#1718,.F.);
#2191=ORIENTED_EDGE('',*,*,#1591,.T.);
#2192=ORIENTED_EDGE('',*,*,#1681,.T.);
#2193=ORIENTED_EDGE('',*,*,#1719,.T.);
#2194=ORIENTED_EDGE('',*,*,#1692,.F.);
#2195=ORIENTED_EDGE('',*,*,#1592,.T.);
#2196=ORIENTED_EDGE('',*,*,#1718,.T.);
#2197=ORIENTED_EDGE('',*,*,#1720,.T.);
#2198=ORIENTED_EDGE('',*,*,#1721,.T.);
#2199=ORIENTED_EDGE('',*,*,#1722,.T.);
#2200=ORIENTED_EDGE('',*,*,#1723,.T.);
#2201=ORIENTED_EDGE('',*,*,#1724,.T.);
#2202=ORIENTED_EDGE('',*,*,#1723,.F.);
#2203=ORIENTED_EDGE('',*,*,#1725,.T.);
#2204=ORIENTED_EDGE('',*,*,#1726,.T.);
#2205=ORIENTED_EDGE('',*,*,#1727,.T.);
#2206=ORIENTED_EDGE('',*,*,#1728,.T.);
#2207=ORIENTED_EDGE('',*,*,#1729,.T.);
#2208=ORIENTED_EDGE('',*,*,#1730,.T.);
#2209=ORIENTED_EDGE('',*,*,#1731,.T.);
#2210=ORIENTED_EDGE('',*,*,#1732,.F.);
#2211=ORIENTED_EDGE('',*,*,#1733,.T.);
#2212=ORIENTED_EDGE('',*,*,#1721,.F.);
#2213=ORIENTED_EDGE('',*,*,#1734,.F.);
#2214=ORIENTED_EDGE('',*,*,#1735,.T.);
#2215=ORIENTED_EDGE('',*,*,#1736,.T.);
#2216=ORIENTED_EDGE('',*,*,#1737,.T.);
#2217=ORIENTED_EDGE('',*,*,#1738,.T.);
#2218=ORIENTED_EDGE('',*,*,#1739,.F.);
#2219=ORIENTED_EDGE('',*,*,#1740,.T.);
#2220=ORIENTED_EDGE('',*,*,#1741,.F.);
#2221=ORIENTED_EDGE('',*,*,#1742,.F.);
#2222=ORIENTED_EDGE('',*,*,#1743,.F.);
#2223=ORIENTED_EDGE('',*,*,#1744,.F.);
#2224=ORIENTED_EDGE('',*,*,#1745,.T.);
#2225=ORIENTED_EDGE('',*,*,#1746,.T.);
#2226=ORIENTED_EDGE('',*,*,#1747,.T.);
#2227=ORIENTED_EDGE('',*,*,#1748,.T.);
#2228=ORIENTED_EDGE('',*,*,#1749,.F.);
#2229=ORIENTED_EDGE('',*,*,#1750,.F.);
#2230=ORIENTED_EDGE('',*,*,#1751,.T.);
#2231=ORIENTED_EDGE('',*,*,#1752,.T.);
#2232=ORIENTED_EDGE('',*,*,#1753,.T.);
#2233=ORIENTED_EDGE('',*,*,#1754,.T.);
#2234=ORIENTED_EDGE('',*,*,#1755,.T.);
#2235=ORIENTED_EDGE('',*,*,#1756,.F.);
#2236=ORIENTED_EDGE('',*,*,#1757,.F.);
#2237=ORIENTED_EDGE('',*,*,#1758,.F.);
#2238=ORIENTED_EDGE('',*,*,#1759,.F.);
#2239=ORIENTED_EDGE('',*,*,#1760,.T.);
#2240=ORIENTED_EDGE('',*,*,#1761,.T.);
#2241=ORIENTED_EDGE('',*,*,#1762,.T.);
#2242=ORIENTED_EDGE('',*,*,#1763,.T.);
#2243=ORIENTED_EDGE('',*,*,#1764,.F.);
#2244=ORIENTED_EDGE('',*,*,#1765,.F.);
#2245=ORIENTED_EDGE('',*,*,#1704,.F.);
#2246=ORIENTED_EDGE('',*,*,#1766,.F.);
#2247=ORIENTED_EDGE('',*,*,#1767,.F.);
#2248=ORIENTED_EDGE('',*,*,#1755,.F.);
#2249=ORIENTED_EDGE('',*,*,#1768,.T.);
#2250=ORIENTED_EDGE('',*,*,#1705,.F.);
#2251=ORIENTED_EDGE('',*,*,#1765,.T.);
#2252=ORIENTED_EDGE('',*,*,#1769,.F.);
#2253=ORIENTED_EDGE('',*,*,#1770,.F.);
#2254=ORIENTED_EDGE('',*,*,#1771,.F.);
#2255=ORIENTED_EDGE('',*,*,#1772,.T.);
#2256=ORIENTED_EDGE('',*,*,#1773,.F.);
#2257=ORIENTED_EDGE('',*,*,#1774,.T.);
#2258=ORIENTED_EDGE('',*,*,#1775,.T.);
#2259=ORIENTED_EDGE('',*,*,#1736,.F.);
#2260=ORIENTED_EDGE('',*,*,#1776,.F.);
#2261=ORIENTED_EDGE('',*,*,#1777,.F.);
#2262=ORIENTED_EDGE('',*,*,#1778,.F.);
#2263=ORIENTED_EDGE('',*,*,#1779,.F.);
#2264=ORIENTED_EDGE('',*,*,#1780,.F.);
#2265=ORIENTED_EDGE('',*,*,#1781,.F.);
#2266=ORIENTED_EDGE('',*,*,#1773,.T.);
#2267=ORIENTED_EDGE('',*,*,#1782,.T.);
#2268=ORIENTED_EDGE('',*,*,#1783,.F.);
#2269=ORIENTED_EDGE('',*,*,#1693,.F.);
#2270=ORIENTED_EDGE('',*,*,#1720,.F.);
#2271=ORIENTED_EDGE('',*,*,#1719,.F.);
#2272=ORIENTED_EDGE('',*,*,#1680,.F.);
#2273=ORIENTED_EDGE('',*,*,#1784,.F.);
#2274=ORIENTED_EDGE('',*,*,#1752,.F.);
#2275=ORIENTED_EDGE('',*,*,#1785,.T.);
#2276=ORIENTED_EDGE('',*,*,#1786,.T.);
#2277=ORIENTED_EDGE('',*,*,#1739,.T.);
#2278=ORIENTED_EDGE('',*,*,#1787,.T.);
#2279=ORIENTED_EDGE('',*,*,#1710,.F.);
#2280=ORIENTED_EDGE('',*,*,#1788,.F.);
#2281=ORIENTED_EDGE('',*,*,#1702,.T.);
#2282=ORIENTED_EDGE('',*,*,#1768,.F.);
#2283=ORIENTED_EDGE('',*,*,#1754,.F.);
#2284=ORIENTED_EDGE('',*,*,#1789,.T.);
#2285=ORIENTED_EDGE('',*,*,#1678,.T.);
#2286=ORIENTED_EDGE('',*,*,#1790,.T.);
#2287=ORIENTED_EDGE('',*,*,#1791,.T.);
#2288=ORIENTED_EDGE('',*,*,#1695,.T.);
#2289=ORIENTED_EDGE('',*,*,#1792,.T.);
#2290=ORIENTED_EDGE('',*,*,#1793,.T.);
#2291=ORIENTED_EDGE('',*,*,#1771,.T.);
#2292=ORIENTED_EDGE('',*,*,#1794,.F.);
#2293=ORIENTED_EDGE('',*,*,#1749,.T.);
#2294=ORIENTED_EDGE('',*,*,#1795,.T.);
#2295=ORIENTED_EDGE('',*,*,#1796,.T.);
#2296=ORIENTED_EDGE('',*,*,#1797,.T.);
#2297=ORIENTED_EDGE('',*,*,#1798,.F.);
#2298=ORIENTED_EDGE('',*,*,#1799,.F.);
#2299=ORIENTED_EDGE('',*,*,#1800,.F.);
#2300=ORIENTED_EDGE('',*,*,#1801,.F.);
#2301=ORIENTED_EDGE('',*,*,#1802,.F.);
#2302=ORIENTED_EDGE('',*,*,#1803,.T.);
#2303=ORIENTED_EDGE('',*,*,#1804,.T.);
#2304=ORIENTED_EDGE('',*,*,#1805,.F.);
#2305=ORIENTED_EDGE('',*,*,#1806,.F.);
#2306=ORIENTED_EDGE('',*,*,#1807,.T.);
#2307=ORIENTED_EDGE('',*,*,#1759,.T.);
#2308=ORIENTED_EDGE('',*,*,#1808,.T.);
#2309=ORIENTED_EDGE('',*,*,#1809,.F.);
#2310=ORIENTED_EDGE('',*,*,#1810,.F.);
#2311=ORIENTED_EDGE('',*,*,#1811,.F.);
#2312=ORIENTED_EDGE('',*,*,#1805,.T.);
#2313=ORIENTED_EDGE('',*,*,#1812,.T.);
#2314=ORIENTED_EDGE('',*,*,#1813,.F.);
#2315=ORIENTED_EDGE('',*,*,#1814,.T.);
#2316=ORIENTED_EDGE('',*,*,#1778,.T.);
#2317=ORIENTED_EDGE('',*,*,#1815,.F.);
#2318=ORIENTED_EDGE('',*,*,#1816,.F.);
#2319=ORIENTED_EDGE('',*,*,#1815,.T.);
#2320=ORIENTED_EDGE('',*,*,#1777,.T.);
#2321=ORIENTED_EDGE('',*,*,#1817,.F.);
#2322=ORIENTED_EDGE('',*,*,#1818,.F.);
#2323=ORIENTED_EDGE('',*,*,#1817,.T.);
#2324=ORIENTED_EDGE('',*,*,#1776,.T.);
#2325=ORIENTED_EDGE('',*,*,#1735,.F.);
#2326=ORIENTED_EDGE('',*,*,#1819,.T.);
#2327=ORIENTED_EDGE('',*,*,#1820,.T.);
#2328=ORIENTED_EDGE('',*,*,#1821,.T.);
#2329=ORIENTED_EDGE('',*,*,#1766,.T.);
#2330=ORIENTED_EDGE('',*,*,#1703,.T.);
#2331=ORIENTED_EDGE('',*,*,#1788,.T.);
#2332=ORIENTED_EDGE('',*,*,#1713,.F.);
#2333=ORIENTED_EDGE('',*,*,#1822,.T.);
#2334=ORIENTED_EDGE('',*,*,#1779,.T.);
#2335=ORIENTED_EDGE('',*,*,#1814,.F.);
#2336=ORIENTED_EDGE('',*,*,#1823,.F.);
#2337=ORIENTED_EDGE('',*,*,#1784,.T.);
#2338=ORIENTED_EDGE('',*,*,#1679,.T.);
#2339=ORIENTED_EDGE('',*,*,#1789,.F.);
#2340=ORIENTED_EDGE('',*,*,#1753,.F.);
#2341=ORIENTED_EDGE('',*,*,#1824,.F.);
#2342=ORIENTED_EDGE('',*,*,#1825,.T.);
#2343=ORIENTED_EDGE('',*,*,#1826,.T.);
#2344=ORIENTED_EDGE('',*,*,#1661,.F.);
#2345=ORIENTED_EDGE('',*,*,#1827,.F.);
#2346=ORIENTED_EDGE('',*,*,#1828,.F.);
#2347=ORIENTED_EDGE('',*,*,#1829,.F.);
#2348=ORIENTED_EDGE('',*,*,#1812,.F.);
#2349=ORIENTED_EDGE('',*,*,#1804,.F.);
#2350=ORIENTED_EDGE('',*,*,#1830,.F.);
#2351=ORIENTED_EDGE('',*,*,#1831,.F.);
#2352=ORIENTED_EDGE('',*,*,#1823,.T.);
#2353=ORIENTED_EDGE('',*,*,#1813,.T.);
#2354=ORIENTED_EDGE('',*,*,#1816,.T.);
#2355=ORIENTED_EDGE('',*,*,#1818,.T.);
#2356=ORIENTED_EDGE('',*,*,#1734,.T.);
#2357=ORIENTED_EDGE('',*,*,#1724,.F.);
#2358=ORIENTED_EDGE('',*,*,#1731,.F.);
#2359=ORIENTED_EDGE('',*,*,#1832,.F.);
#2360=ORIENTED_EDGE('',*,*,#1797,.F.);
#2361=ORIENTED_EDGE('',*,*,#1833,.F.);
#2362=ORIENTED_EDGE('',*,*,#1834,.F.);
#2363=ORIENTED_EDGE('',*,*,#1835,.F.);
#2364=ORIENTED_EDGE('',*,*,#1673,.F.);
#2365=ORIENTED_EDGE('',*,*,#1836,.F.);
#2366=ORIENTED_EDGE('',*,*,#1837,.T.);
#2367=ORIENTED_EDGE('',*,*,#1838,.T.);
#2368=ORIENTED_EDGE('',*,*,#1669,.F.);
#2369=ORIENTED_EDGE('',*,*,#1839,.F.);
#2370=ORIENTED_EDGE('',*,*,#1840,.T.);
#2371=ORIENTED_EDGE('',*,*,#1841,.T.);
#2372=ORIENTED_EDGE('',*,*,#1665,.F.);
#2373=ORIENTED_EDGE('',*,*,#1842,.T.);
#2374=ORIENTED_EDGE('',*,*,#1843,.T.);
#2375=ORIENTED_EDGE('',*,*,#1808,.F.);
#2376=ORIENTED_EDGE('',*,*,#1758,.T.);
#2377=ORIENTED_EDGE('',*,*,#1844,.T.);
#2378=ORIENTED_EDGE('',*,*,#1845,.T.);
#2379=ORIENTED_EDGE('',*,*,#1846,.T.);
#2380=ORIENTED_EDGE('',*,*,#1830,.T.);
#2381=ORIENTED_EDGE('',*,*,#1803,.F.);
#2382=ORIENTED_EDGE('',*,*,#1847,.T.);
#2383=ORIENTED_EDGE('',*,*,#1848,.T.);
#2384=ORIENTED_EDGE('',*,*,#1849,.T.);
#2385=ORIENTED_EDGE('',*,*,#1846,.F.);
#2386=ORIENTED_EDGE('',*,*,#1850,.T.);
#2387=ORIENTED_EDGE('',*,*,#1819,.F.);
#2388=ORIENTED_EDGE('',*,*,#1831,.T.);
#2389=ORIENTED_EDGE('',*,*,#1730,.F.);
#2390=ORIENTED_EDGE('',*,*,#1851,.T.);
#2391=ORIENTED_EDGE('',*,*,#1798,.T.);
#2392=ORIENTED_EDGE('',*,*,#1832,.T.);
#2393=ORIENTED_EDGE('',*,*,#1796,.F.);
#2394=ORIENTED_EDGE('',*,*,#1852,.T.);
#2395=ORIENTED_EDGE('',*,*,#1853,.T.);
#2396=ORIENTED_EDGE('',*,*,#1833,.T.);
#2397=ORIENTED_EDGE('',*,*,#1854,.T.);
#2398=ORIENTED_EDGE('',*,*,#1855,.T.);
#2399=ORIENTED_EDGE('',*,*,#1856,.T.);
#2400=ORIENTED_EDGE('',*,*,#1857,.T.);
#2401=ORIENTED_EDGE('',*,*,#1834,.T.);
#2402=ORIENTED_EDGE('',*,*,#1853,.F.);
#2403=ORIENTED_EDGE('',*,*,#1857,.F.);
#2404=ORIENTED_EDGE('',*,*,#1858,.T.);
#2405=ORIENTED_EDGE('',*,*,#1658,.T.);
#2406=ORIENTED_EDGE('',*,*,#1835,.T.);
#2407=ORIENTED_EDGE('',*,*,#1660,.F.);
#2408=ORIENTED_EDGE('',*,*,#1859,.T.);
#2409=ORIENTED_EDGE('',*,*,#1860,.T.);
#2410=ORIENTED_EDGE('',*,*,#1827,.T.);
#2411=ORIENTED_EDGE('',*,*,#1861,.T.);
#2412=ORIENTED_EDGE('',*,*,#1862,.T.);
#2413=ORIENTED_EDGE('',*,*,#1863,.T.);
#2414=ORIENTED_EDGE('',*,*,#1828,.T.);
#2415=ORIENTED_EDGE('',*,*,#1860,.F.);
#2416=ORIENTED_EDGE('',*,*,#1864,.T.);
#2417=ORIENTED_EDGE('',*,*,#1863,.F.);
#2418=ORIENTED_EDGE('',*,*,#1865,.T.);
#2419=ORIENTED_EDGE('',*,*,#1806,.T.);
#2420=ORIENTED_EDGE('',*,*,#1829,.T.);
#2421=ORIENTED_EDGE('',*,*,#1866,.T.);
#2422=ORIENTED_EDGE('',*,*,#1867,.T.);
#2423=ORIENTED_EDGE('',*,*,#1741,.T.);
#2424=ORIENTED_EDGE('',*,*,#1868,.F.);
#2425=ORIENTED_EDGE('',*,*,#1869,.T.);
#2426=ORIENTED_EDGE('',*,*,#1870,.T.);
#2427=ORIENTED_EDGE('',*,*,#1866,.F.);
#2428=ORIENTED_EDGE('',*,*,#1871,.F.);
#2429=ORIENTED_EDGE('',*,*,#1785,.F.);
#2430=ORIENTED_EDGE('',*,*,#1751,.F.);
#2431=ORIENTED_EDGE('',*,*,#1868,.T.);
#2432=ORIENTED_EDGE('',*,*,#1740,.F.);
#2433=ORIENTED_EDGE('',*,*,#1786,.F.);
#2434=ORIENTED_EDGE('',*,*,#1871,.T.);
#2435=ORIENTED_EDGE('',*,*,#1872,.F.);
#2436=ORIENTED_EDGE('',*,*,#1873,.T.);
#2437=ORIENTED_EDGE('',*,*,#1874,.T.);
#2438=ORIENTED_EDGE('',*,*,#1875,.T.);
#2439=ORIENTED_EDGE('',*,*,#1876,.F.);
#2440=ORIENTED_EDGE('',*,*,#1877,.F.);
#2441=ORIENTED_EDGE('',*,*,#1790,.F.);
#2442=ORIENTED_EDGE('',*,*,#1677,.T.);
#2443=ORIENTED_EDGE('',*,*,#1878,.F.);
#2444=ORIENTED_EDGE('',*,*,#1696,.F.);
#2445=ORIENTED_EDGE('',*,*,#1791,.F.);
#2446=ORIENTED_EDGE('',*,*,#1877,.T.);
#2447=ORIENTED_EDGE('',*,*,#1783,.T.);
#2448=ORIENTED_EDGE('',*,*,#1879,.T.);
#2449=ORIENTED_EDGE('',*,*,#1792,.F.);
#2450=ORIENTED_EDGE('',*,*,#1694,.T.);
#2451=ORIENTED_EDGE('',*,*,#1847,.F.);
#2452=ORIENTED_EDGE('',*,*,#1802,.T.);
#2453=ORIENTED_EDGE('',*,*,#1811,.T.);
#2454=ORIENTED_EDGE('',*,*,#1880,.F.);
#2455=ORIENTED_EDGE('',*,*,#1848,.F.);
#2456=ORIENTED_EDGE('',*,*,#1880,.T.);
#2457=ORIENTED_EDGE('',*,*,#1810,.T.);
#2458=ORIENTED_EDGE('',*,*,#1881,.F.);
#2459=ORIENTED_EDGE('',*,*,#1849,.F.);
#2460=ORIENTED_EDGE('',*,*,#1881,.T.);
#2461=ORIENTED_EDGE('',*,*,#1809,.T.);
#2462=ORIENTED_EDGE('',*,*,#1843,.F.);
#2463=ORIENTED_EDGE('',*,*,#1882,.F.);
#2464=ORIENTED_EDGE('',*,*,#1756,.T.);
#2465=ORIENTED_EDGE('',*,*,#1767,.T.);
#2466=ORIENTED_EDGE('',*,*,#1883,.F.);
#2467=ORIENTED_EDGE('',*,*,#1884,.T.);
#2468=ORIENTED_EDGE('',*,*,#1728,.F.);
#2469=ORIENTED_EDGE('',*,*,#1885,.T.);
#2470=ORIENTED_EDGE('',*,*,#1800,.T.);
#2471=ORIENTED_EDGE('',*,*,#1886,.F.);
#2472=ORIENTED_EDGE('',*,*,#1729,.F.);
#2473=ORIENTED_EDGE('',*,*,#1886,.T.);
#2474=ORIENTED_EDGE('',*,*,#1799,.T.);
#2475=ORIENTED_EDGE('',*,*,#1851,.F.);
#2476=ORIENTED_EDGE('',*,*,#1750,.T.);
#2477=ORIENTED_EDGE('',*,*,#1801,.T.);
#2478=ORIENTED_EDGE('',*,*,#1885,.F.);
#2479=ORIENTED_EDGE('',*,*,#1727,.F.);
#2480=ORIENTED_EDGE('',*,*,#1887,.T.);
#2481=ORIENTED_EDGE('',*,*,#1888,.T.);
#2482=ORIENTED_EDGE('',*,*,#1869,.F.);
#2483=ORIENTED_EDGE('',*,*,#1770,.T.);
#2484=ORIENTED_EDGE('',*,*,#1889,.T.);
#2485=ORIENTED_EDGE('',*,*,#1711,.T.);
#2486=ORIENTED_EDGE('',*,*,#1794,.T.);
#2487=ORIENTED_EDGE('',*,*,#1780,.T.);
#2488=ORIENTED_EDGE('',*,*,#1822,.F.);
#2489=ORIENTED_EDGE('',*,*,#1712,.T.);
#2490=ORIENTED_EDGE('',*,*,#1889,.F.);
#2491=ORIENTED_EDGE('',*,*,#1775,.F.);
#2492=ORIENTED_EDGE('',*,*,#1890,.F.);
#2493=ORIENTED_EDGE('',*,*,#1891,.F.);
#2494=ORIENTED_EDGE('',*,*,#1737,.F.);
#2495=ORIENTED_EDGE('',*,*,#1774,.F.);
#2496=ORIENTED_EDGE('',*,*,#1781,.T.);
#2497=ORIENTED_EDGE('',*,*,#1892,.F.);
#2498=ORIENTED_EDGE('',*,*,#1890,.T.);
#2499=ORIENTED_EDGE('',*,*,#1891,.T.);
#2500=ORIENTED_EDGE('',*,*,#1892,.T.);
#2501=ORIENTED_EDGE('',*,*,#1787,.F.);
#2502=ORIENTED_EDGE('',*,*,#1738,.F.);
#2503=ORIENTED_EDGE('',*,*,#1893,.F.);
#2504=ORIENTED_EDGE('',*,*,#1894,.T.);
#2505=ORIENTED_EDGE('',*,*,#1895,.T.);
#2506=ORIENTED_EDGE('',*,*,#1896,.T.);
#2507=ORIENTED_EDGE('',*,*,#1897,.T.);
#2508=ORIENTED_EDGE('',*,*,#1898,.T.);
#2509=ORIENTED_EDGE('',*,*,#1732,.T.);
#2510=ORIENTED_EDGE('',*,*,#1867,.F.);
#2511=ORIENTED_EDGE('',*,*,#1870,.F.);
#2512=ORIENTED_EDGE('',*,*,#1888,.F.);
#2513=ORIENTED_EDGE('',*,*,#1821,.F.);
#2514=ORIENTED_EDGE('',*,*,#1899,.T.);
#2515=ORIENTED_EDGE('',*,*,#1900,.T.);
#2516=ORIENTED_EDGE('',*,*,#1883,.T.);
#2517=ORIENTED_EDGE('',*,*,#1769,.T.);
#2518=ORIENTED_EDGE('',*,*,#1764,.T.);
#2519=ORIENTED_EDGE('',*,*,#1757,.T.);
#2520=ORIENTED_EDGE('',*,*,#1882,.T.);
#2521=ORIENTED_EDGE('',*,*,#1842,.F.);
#2522=ORIENTED_EDGE('',*,*,#1582,.F.);
#2523=ORIENTED_EDGE('',*,*,#1595,.F.);
#2524=ORIENTED_EDGE('',*,*,#1901,.T.);
#2525=ORIENTED_EDGE('',*,*,#1902,.T.);
#2526=ORIENTED_EDGE('',*,*,#1599,.F.);
#2527=ORIENTED_EDGE('',*,*,#1903,.T.);
#2528=ORIENTED_EDGE('',*,*,#1904,.F.);
#2529=ORIENTED_EDGE('',*,*,#1585,.F.);
#2530=ORIENTED_EDGE('',*,*,#1905,.T.);
#2531=ORIENTED_EDGE('',*,*,#1906,.F.);
#2532=ORIENTED_EDGE('',*,*,#1586,.F.);
#2533=ORIENTED_EDGE('',*,*,#1904,.T.);
#2534=ORIENTED_EDGE('',*,*,#1907,.T.);
#2535=ORIENTED_EDGE('',*,*,#1908,.F.);
#2536=ORIENTED_EDGE('',*,*,#1587,.F.);
#2537=ORIENTED_EDGE('',*,*,#1906,.T.);
#2538=ORIENTED_EDGE('',*,*,#1909,.T.);
#2539=ORIENTED_EDGE('',*,*,#1910,.F.);
#2540=ORIENTED_EDGE('',*,*,#1588,.F.);
#2541=ORIENTED_EDGE('',*,*,#1908,.T.);
#2542=ORIENTED_EDGE('',*,*,#1579,.F.);
#2543=ORIENTED_EDGE('',*,*,#1902,.F.);
#2544=ORIENTED_EDGE('',*,*,#1911,.F.);
#2545=ORIENTED_EDGE('',*,*,#1690,.T.);
#2546=ORIENTED_EDGE('',*,*,#1701,.T.);
#2547=ORIENTED_EDGE('',*,*,#1700,.T.);
#2548=ORIENTED_EDGE('',*,*,#1683,.T.);
#2549=ORIENTED_EDGE('',*,*,#1912,.F.);
#2550=ORIENTED_EDGE('',*,*,#1909,.F.);
#2551=ORIENTED_EDGE('',*,*,#1907,.F.);
#2552=ORIENTED_EDGE('',*,*,#1905,.F.);
#2553=ORIENTED_EDGE('',*,*,#1903,.F.);
#2554=ORIENTED_EDGE('',*,*,#1598,.F.);
#2555=ORIENTED_EDGE('',*,*,#1596,.F.);
#2556=ORIENTED_EDGE('',*,*,#1691,.F.);
#2557=ORIENTED_EDGE('',*,*,#1911,.T.);
#2558=ORIENTED_EDGE('',*,*,#1901,.F.);
#2559=ORIENTED_EDGE('',*,*,#1594,.F.);
#2560=ORIENTED_EDGE('',*,*,#1682,.F.);
#2561=ORIENTED_EDGE('',*,*,#1589,.F.);
#2562=ORIENTED_EDGE('',*,*,#1910,.T.);
#2563=ORIENTED_EDGE('',*,*,#1912,.T.);
#2564=ORIENTED_EDGE('',*,*,#1913,.F.);
#2565=ORIENTED_EDGE('',*,*,#1671,.T.);
#2566=ORIENTED_EDGE('',*,*,#1914,.T.);
#2567=ORIENTED_EDGE('',*,*,#1915,.F.);
#2568=ORIENTED_EDGE('',*,*,#1916,.T.);
#2569=ORIENTED_EDGE('',*,*,#1836,.T.);
#2570=ORIENTED_EDGE('',*,*,#1672,.T.);
#2571=ORIENTED_EDGE('',*,*,#1913,.T.);
#2572=ORIENTED_EDGE('',*,*,#1670,.F.);
#2573=ORIENTED_EDGE('',*,*,#1838,.F.);
#2574=ORIENTED_EDGE('',*,*,#1917,.F.);
#2575=ORIENTED_EDGE('',*,*,#1914,.F.);
#2576=ORIENTED_EDGE('',*,*,#1917,.T.);
#2577=ORIENTED_EDGE('',*,*,#1837,.F.);
#2578=ORIENTED_EDGE('',*,*,#1916,.F.);
#2579=ORIENTED_EDGE('',*,*,#1915,.T.);
#2580=ORIENTED_EDGE('',*,*,#1918,.T.);
#2581=ORIENTED_EDGE('',*,*,#1919,.F.);
#2582=ORIENTED_EDGE('',*,*,#1920,.F.);
#2583=ORIENTED_EDGE('',*,*,#1921,.T.);
#2584=ORIENTED_EDGE('',*,*,#1922,.T.);
#2585=ORIENTED_EDGE('',*,*,#1923,.F.);
#2586=ORIENTED_EDGE('',*,*,#1924,.F.);
#2587=ORIENTED_EDGE('',*,*,#1919,.T.);
#2588=ORIENTED_EDGE('',*,*,#1925,.T.);
#2589=ORIENTED_EDGE('',*,*,#1926,.F.);
#2590=ORIENTED_EDGE('',*,*,#1927,.F.);
#2591=ORIENTED_EDGE('',*,*,#1923,.T.);
#2592=ORIENTED_EDGE('',*,*,#1895,.F.);
#2593=ORIENTED_EDGE('',*,*,#1928,.F.);
#2594=ORIENTED_EDGE('',*,*,#1925,.F.);
#2595=ORIENTED_EDGE('',*,*,#1922,.F.);
#2596=ORIENTED_EDGE('',*,*,#1918,.F.);
#2597=ORIENTED_EDGE('',*,*,#1929,.F.);
#2598=ORIENTED_EDGE('',*,*,#1930,.T.);
#2599=ORIENTED_EDGE('',*,*,#1893,.T.);
#2600=ORIENTED_EDGE('',*,*,#1931,.T.);
#2601=ORIENTED_EDGE('',*,*,#1920,.T.);
#2602=ORIENTED_EDGE('',*,*,#1924,.T.);
#2603=ORIENTED_EDGE('',*,*,#1927,.T.);
#2604=ORIENTED_EDGE('',*,*,#1894,.F.);
#2605=ORIENTED_EDGE('',*,*,#1930,.F.);
#2606=ORIENTED_EDGE('',*,*,#1926,.T.);
#2607=ORIENTED_EDGE('',*,*,#1928,.T.);
#2608=ORIENTED_EDGE('',*,*,#1896,.F.);
#2609=ORIENTED_EDGE('',*,*,#1929,.T.);
#2610=ORIENTED_EDGE('',*,*,#1921,.F.);
#2611=ORIENTED_EDGE('',*,*,#1931,.F.);
#2612=ORIENTED_EDGE('',*,*,#1875,.F.);
#2613=ORIENTED_EDGE('',*,*,#1932,.T.);
#2614=ORIENTED_EDGE('',*,*,#1933,.F.);
#2615=ORIENTED_EDGE('',*,*,#1934,.F.);
#2616=ORIENTED_EDGE('',*,*,#1935,.T.);
#2617=ORIENTED_EDGE('',*,*,#1872,.T.);
#2618=ORIENTED_EDGE('',*,*,#1934,.T.);
#2619=ORIENTED_EDGE('',*,*,#1936,.T.);
#2620=ORIENTED_EDGE('',*,*,#1937,.T.);
#2621=ORIENTED_EDGE('',*,*,#1938,.T.);
#2622=ORIENTED_EDGE('',*,*,#1874,.F.);
#2623=ORIENTED_EDGE('',*,*,#1939,.F.);
#2624=ORIENTED_EDGE('',*,*,#1940,.F.);
#2625=ORIENTED_EDGE('',*,*,#1941,.F.);
#2626=ORIENTED_EDGE('',*,*,#1942,.F.);
#2627=ORIENTED_EDGE('',*,*,#1932,.F.);
#2628=ORIENTED_EDGE('',*,*,#1941,.T.);
#2629=ORIENTED_EDGE('',*,*,#1943,.F.);
#2630=ORIENTED_EDGE('',*,*,#1937,.F.);
#2631=ORIENTED_EDGE('',*,*,#1944,.T.);
#2632=ORIENTED_EDGE('',*,*,#1940,.T.);
#2633=ORIENTED_EDGE('',*,*,#1945,.F.);
#2634=ORIENTED_EDGE('',*,*,#1938,.F.);
#2635=ORIENTED_EDGE('',*,*,#1943,.T.);
#2636=ORIENTED_EDGE('',*,*,#1873,.F.);
#2637=ORIENTED_EDGE('',*,*,#1935,.F.);
#2638=ORIENTED_EDGE('',*,*,#1945,.T.);
#2639=ORIENTED_EDGE('',*,*,#1939,.T.);
#2640=ORIENTED_EDGE('',*,*,#1942,.T.);
#2641=ORIENTED_EDGE('',*,*,#1944,.F.);
#2642=ORIENTED_EDGE('',*,*,#1936,.F.);
#2643=ORIENTED_EDGE('',*,*,#1933,.T.);
#2644=ORIENTED_EDGE('',*,*,#1946,.F.);
#2645=ORIENTED_EDGE('',*,*,#1947,.F.);
#2646=ORIENTED_EDGE('',*,*,#1948,.T.);
#2647=ORIENTED_EDGE('',*,*,#1949,.T.);
#2648=ORIENTED_EDGE('',*,*,#1950,.F.);
#2649=ORIENTED_EDGE('',*,*,#1951,.F.);
#2650=ORIENTED_EDGE('',*,*,#1952,.T.);
#2651=ORIENTED_EDGE('',*,*,#1947,.T.);
#2652=ORIENTED_EDGE('',*,*,#1953,.F.);
#2653=ORIENTED_EDGE('',*,*,#1954,.F.);
#2654=ORIENTED_EDGE('',*,*,#1955,.T.);
#2655=ORIENTED_EDGE('',*,*,#1951,.T.);
#2656=ORIENTED_EDGE('',*,*,#1956,.T.);
#2657=ORIENTED_EDGE('',*,*,#1717,.T.);
#2658=ORIENTED_EDGE('',*,*,#1957,.T.);
#2659=ORIENTED_EDGE('',*,*,#1953,.T.);
#2660=ORIENTED_EDGE('',*,*,#1950,.T.);
#2661=ORIENTED_EDGE('',*,*,#1946,.T.);
#2662=ORIENTED_EDGE('',*,*,#1715,.F.);
#2663=ORIENTED_EDGE('',*,*,#1958,.F.);
#2664=ORIENTED_EDGE('',*,*,#1948,.F.);
#2665=ORIENTED_EDGE('',*,*,#1952,.F.);
#2666=ORIENTED_EDGE('',*,*,#1955,.F.);
#2667=ORIENTED_EDGE('',*,*,#1959,.F.);
#2668=ORIENTED_EDGE('',*,*,#1958,.T.);
#2669=ORIENTED_EDGE('',*,*,#1714,.T.);
#2670=ORIENTED_EDGE('',*,*,#1956,.F.);
#2671=ORIENTED_EDGE('',*,*,#1949,.F.);
#2672=ORIENTED_EDGE('',*,*,#1957,.F.);
#2673=ORIENTED_EDGE('',*,*,#1716,.T.);
#2674=ORIENTED_EDGE('',*,*,#1959,.T.);
#2675=ORIENTED_EDGE('',*,*,#1954,.T.);
#2676=ORIENTED_EDGE('',*,*,#1960,.F.);
#2677=ORIENTED_EDGE('',*,*,#1708,.T.);
#2678=ORIENTED_EDGE('',*,*,#1961,.T.);
#2679=ORIENTED_EDGE('',*,*,#1962,.T.);
#2680=ORIENTED_EDGE('',*,*,#1707,.F.);
#2681=ORIENTED_EDGE('',*,*,#1963,.F.);
#2682=ORIENTED_EDGE('',*,*,#1964,.F.);
#2683=ORIENTED_EDGE('',*,*,#1965,.F.);
#2684=ORIENTED_EDGE('',*,*,#1966,.F.);
#2685=ORIENTED_EDGE('',*,*,#1961,.F.);
#2686=ORIENTED_EDGE('',*,*,#1967,.T.);
#2687=ORIENTED_EDGE('',*,*,#1709,.T.);
#2688=ORIENTED_EDGE('',*,*,#1960,.T.);
#2689=ORIENTED_EDGE('',*,*,#1968,.T.);
#2690=ORIENTED_EDGE('',*,*,#1969,.T.);
#2691=ORIENTED_EDGE('',*,*,#1970,.T.);
#2692=ORIENTED_EDGE('',*,*,#1969,.F.);
#2693=ORIENTED_EDGE('',*,*,#1971,.F.);
#2694=ORIENTED_EDGE('',*,*,#1965,.T.);
#2695=ORIENTED_EDGE('',*,*,#1972,.T.);
#2696=ORIENTED_EDGE('',*,*,#1970,.F.);
#2697=ORIENTED_EDGE('',*,*,#1972,.F.);
#2698=ORIENTED_EDGE('',*,*,#1964,.T.);
#2699=ORIENTED_EDGE('',*,*,#1973,.T.);
#2700=ORIENTED_EDGE('',*,*,#1963,.T.);
#2701=ORIENTED_EDGE('',*,*,#1706,.T.);
#2702=ORIENTED_EDGE('',*,*,#1967,.F.);
#2703=ORIENTED_EDGE('',*,*,#1973,.F.);
#2704=ORIENTED_EDGE('',*,*,#1968,.F.);
#2705=ORIENTED_EDGE('',*,*,#1962,.F.);
#2706=ORIENTED_EDGE('',*,*,#1966,.T.);
#2707=ORIENTED_EDGE('',*,*,#1971,.T.);
#2708=ORIENTED_EDGE('',*,*,#1601,.F.);
#2709=ORIENTED_EDGE('',*,*,#1633,.T.);
#2710=ORIENTED_EDGE('',*,*,#1621,.F.);
#2711=ORIENTED_EDGE('',*,*,#1607,.F.);
#2712=ORIENTED_EDGE('',*,*,#1632,.T.);
#2713=ORIENTED_EDGE('',*,*,#1974,.F.);
#2714=ORIENTED_EDGE('',*,*,#1610,.F.);
#2715=ORIENTED_EDGE('',*,*,#1623,.T.);
#2716=ORIENTED_EDGE('',*,*,#1631,.T.);
#2717=ORIENTED_EDGE('',*,*,#1975,.F.);
#2718=ORIENTED_EDGE('',*,*,#1611,.F.);
#2719=ORIENTED_EDGE('',*,*,#1974,.T.);
#2720=ORIENTED_EDGE('',*,*,#1630,.T.);
#2721=ORIENTED_EDGE('',*,*,#1976,.F.);
#2722=ORIENTED_EDGE('',*,*,#1612,.F.);
#2723=ORIENTED_EDGE('',*,*,#1975,.T.);
#2724=ORIENTED_EDGE('',*,*,#1688,.F.);
#2725=ORIENTED_EDGE('',*,*,#1624,.T.);
#2726=ORIENTED_EDGE('',*,*,#1605,.F.);
#2727=ORIENTED_EDGE('',*,*,#1618,.F.);
#2728=ORIENTED_EDGE('',*,*,#1685,.F.);
#2729=ORIENTED_EDGE('',*,*,#1613,.F.);
#2730=ORIENTED_EDGE('',*,*,#1976,.T.);
#2731=ORIENTED_EDGE('',*,*,#1629,.T.);
#2732=ORIENTED_EDGE('',*,*,#1977,.F.);
#2733=ORIENTED_EDGE('',*,*,#1667,.T.);
#2734=ORIENTED_EDGE('',*,*,#1978,.T.);
#2735=ORIENTED_EDGE('',*,*,#1979,.F.);
#2736=ORIENTED_EDGE('',*,*,#1980,.T.);
#2737=ORIENTED_EDGE('',*,*,#1839,.T.);
#2738=ORIENTED_EDGE('',*,*,#1668,.T.);
#2739=ORIENTED_EDGE('',*,*,#1977,.T.);
#2740=ORIENTED_EDGE('',*,*,#1666,.F.);
#2741=ORIENTED_EDGE('',*,*,#1841,.F.);
#2742=ORIENTED_EDGE('',*,*,#1981,.F.);
#2743=ORIENTED_EDGE('',*,*,#1978,.F.);
#2744=ORIENTED_EDGE('',*,*,#1981,.T.);
#2745=ORIENTED_EDGE('',*,*,#1840,.F.);
#2746=ORIENTED_EDGE('',*,*,#1980,.F.);
#2747=ORIENTED_EDGE('',*,*,#1979,.T.);
#2748=ORIENTED_EDGE('',*,*,#1635,.F.);
#2749=ORIENTED_EDGE('',*,*,#1982,.T.);
#2750=ORIENTED_EDGE('',*,*,#1655,.F.);
#2751=ORIENTED_EDGE('',*,*,#1641,.F.);
#2752=ORIENTED_EDGE('',*,*,#1983,.T.);
#2753=ORIENTED_EDGE('',*,*,#1984,.F.);
#2754=ORIENTED_EDGE('',*,*,#1644,.F.);
#2755=ORIENTED_EDGE('',*,*,#1657,.T.);
#2756=ORIENTED_EDGE('',*,*,#1985,.T.);
#2757=ORIENTED_EDGE('',*,*,#1986,.F.);
#2758=ORIENTED_EDGE('',*,*,#1645,.F.);
#2759=ORIENTED_EDGE('',*,*,#1984,.T.);
#2760=ORIENTED_EDGE('',*,*,#1987,.T.);
#2761=ORIENTED_EDGE('',*,*,#1988,.F.);
#2762=ORIENTED_EDGE('',*,*,#1646,.F.);
#2763=ORIENTED_EDGE('',*,*,#1986,.T.);
#2764=ORIENTED_EDGE('',*,*,#1634,.F.);
#2765=ORIENTED_EDGE('',*,*,#1640,.F.);
#2766=ORIENTED_EDGE('',*,*,#1989,.F.);
#2767=ORIENTED_EDGE('',*,*,#1697,.T.);
#2768=ORIENTED_EDGE('',*,*,#1878,.T.);
#2769=ORIENTED_EDGE('',*,*,#1876,.T.);
#2770=ORIENTED_EDGE('',*,*,#1676,.T.);
#2771=ORIENTED_EDGE('',*,*,#1990,.F.);
#2772=ORIENTED_EDGE('',*,*,#1987,.F.);
#2773=ORIENTED_EDGE('',*,*,#1985,.F.);
#2774=ORIENTED_EDGE('',*,*,#1983,.F.);
#2775=ORIENTED_EDGE('',*,*,#1656,.F.);
#2776=ORIENTED_EDGE('',*,*,#1653,.F.);
#2777=ORIENTED_EDGE('',*,*,#1982,.F.);
#2778=ORIENTED_EDGE('',*,*,#1686,.F.);
#2779=ORIENTED_EDGE('',*,*,#1989,.T.);
#2780=ORIENTED_EDGE('',*,*,#1639,.F.);
#2781=ORIENTED_EDGE('',*,*,#1652,.F.);
#2782=ORIENTED_EDGE('',*,*,#1675,.F.);
#2783=ORIENTED_EDGE('',*,*,#1647,.F.);
#2784=ORIENTED_EDGE('',*,*,#1988,.T.);
#2785=ORIENTED_EDGE('',*,*,#1990,.T.);
#2786=ORIENTED_EDGE('',*,*,#1991,.F.);
#2787=ORIENTED_EDGE('',*,*,#1663,.T.);
#2788=ORIENTED_EDGE('',*,*,#1992,.T.);
#2789=ORIENTED_EDGE('',*,*,#1993,.F.);
#2790=ORIENTED_EDGE('',*,*,#1994,.T.);
#2791=ORIENTED_EDGE('',*,*,#1824,.T.);
#2792=ORIENTED_EDGE('',*,*,#1664,.T.);
#2793=ORIENTED_EDGE('',*,*,#1991,.T.);
#2794=ORIENTED_EDGE('',*,*,#1662,.F.);
#2795=ORIENTED_EDGE('',*,*,#1826,.F.);
#2796=ORIENTED_EDGE('',*,*,#1995,.F.);
#2797=ORIENTED_EDGE('',*,*,#1992,.F.);
#2798=ORIENTED_EDGE('',*,*,#1995,.T.);
#2799=ORIENTED_EDGE('',*,*,#1825,.F.);
#2800=ORIENTED_EDGE('',*,*,#1994,.F.);
#2801=ORIENTED_EDGE('',*,*,#1993,.T.);
#2802=ORIENTED_EDGE('',*,*,#1884,.F.);
#2803=ORIENTED_EDGE('',*,*,#1900,.F.);
#2804=ORIENTED_EDGE('',*,*,#1996,.F.);
#2805=ORIENTED_EDGE('',*,*,#1844,.F.);
#2806=ORIENTED_EDGE('',*,*,#1996,.T.);
#2807=ORIENTED_EDGE('',*,*,#1899,.F.);
#2808=ORIENTED_EDGE('',*,*,#1820,.F.);
#2809=ORIENTED_EDGE('',*,*,#1850,.F.);
#2810=ORIENTED_EDGE('',*,*,#1845,.F.);
#2811=ORIENTED_EDGE('',*,*,#1887,.F.);
#2812=ORIENTED_EDGE('',*,*,#1726,.F.);
#2813=ORIENTED_EDGE('',*,*,#1997,.F.);
#2814=ORIENTED_EDGE('',*,*,#1897,.F.);
#2815=ORIENTED_EDGE('',*,*,#1725,.F.);
#2816=ORIENTED_EDGE('',*,*,#1722,.F.);
#2817=ORIENTED_EDGE('',*,*,#1733,.F.);
#2818=ORIENTED_EDGE('',*,*,#1898,.F.);
#2819=ORIENTED_EDGE('',*,*,#1997,.T.);
#2820=ORIENTED_EDGE('',*,*,#1793,.F.);
#2821=ORIENTED_EDGE('',*,*,#1879,.F.);
#2822=ORIENTED_EDGE('',*,*,#1782,.F.);
#2823=ORIENTED_EDGE('',*,*,#1772,.F.);
#2824=ORIENTED_EDGE('',*,*,#1795,.F.);
#2825=ORIENTED_EDGE('',*,*,#1748,.F.);
#2826=ORIENTED_EDGE('',*,*,#1998,.F.);
#2827=ORIENTED_EDGE('',*,*,#1854,.F.);
#2828=ORIENTED_EDGE('',*,*,#1852,.F.);
#2829=ORIENTED_EDGE('',*,*,#1998,.T.);
#2830=ORIENTED_EDGE('',*,*,#1747,.F.);
#2831=ORIENTED_EDGE('',*,*,#1999,.F.);
#2832=ORIENTED_EDGE('',*,*,#1855,.F.);
#2833=ORIENTED_EDGE('',*,*,#1999,.T.);
#2834=ORIENTED_EDGE('',*,*,#1746,.F.);
#2835=ORIENTED_EDGE('',*,*,#2000,.F.);
#2836=ORIENTED_EDGE('',*,*,#1858,.F.);
#2837=ORIENTED_EDGE('',*,*,#1856,.F.);
#2838=ORIENTED_EDGE('',*,*,#2000,.T.);
#2839=ORIENTED_EDGE('',*,*,#1745,.F.);
#2840=ORIENTED_EDGE('',*,*,#1763,.F.);
#2841=ORIENTED_EDGE('',*,*,#2001,.F.);
#2842=ORIENTED_EDGE('',*,*,#1659,.F.);
#2843=ORIENTED_EDGE('',*,*,#2001,.T.);
#2844=ORIENTED_EDGE('',*,*,#1762,.F.);
#2845=ORIENTED_EDGE('',*,*,#2002,.F.);
#2846=ORIENTED_EDGE('',*,*,#1864,.F.);
#2847=ORIENTED_EDGE('',*,*,#1859,.F.);
#2848=ORIENTED_EDGE('',*,*,#2002,.T.);
#2849=ORIENTED_EDGE('',*,*,#1761,.F.);
#2850=ORIENTED_EDGE('',*,*,#2003,.F.);
#2851=ORIENTED_EDGE('',*,*,#1861,.F.);
#2852=ORIENTED_EDGE('',*,*,#2003,.T.);
#2853=ORIENTED_EDGE('',*,*,#1760,.F.);
#2854=ORIENTED_EDGE('',*,*,#1807,.F.);
#2855=ORIENTED_EDGE('',*,*,#1865,.F.);
#2856=ORIENTED_EDGE('',*,*,#1862,.F.);
#2857=ORIENTED_EDGE('',*,*,#1742,.T.);
#2858=ORIENTED_EDGE('',*,*,#2004,.T.);
#2859=ORIENTED_EDGE('',*,*,#2005,.T.);
#2860=ORIENTED_EDGE('',*,*,#2006,.F.);
#2861=ORIENTED_EDGE('',*,*,#1744,.T.);
#2862=ORIENTED_EDGE('',*,*,#2007,.T.);
#2863=ORIENTED_EDGE('',*,*,#2008,.T.);
#2864=ORIENTED_EDGE('',*,*,#2004,.F.);
#2865=ORIENTED_EDGE('',*,*,#1743,.T.);
#2866=ORIENTED_EDGE('',*,*,#2006,.T.);
#2867=ORIENTED_EDGE('',*,*,#2009,.T.);
#2868=ORIENTED_EDGE('',*,*,#2007,.F.);
#2869=ORIENTED_EDGE('',*,*,#2005,.F.);
#2870=ORIENTED_EDGE('',*,*,#2008,.F.);
#2871=ORIENTED_EDGE('',*,*,#2009,.F.);
#2872=CYLINDRICAL_SURFACE('',#3052,0.1);
#2873=CYLINDRICAL_SURFACE('',#3061,0.05);
#2874=CYLINDRICAL_SURFACE('',#3063,0.1);
#2875=CYLINDRICAL_SURFACE('',#3072,0.05);
#2876=CYLINDRICAL_SURFACE('',#3079,0.1);
#2877=CYLINDRICAL_SURFACE('',#3088,0.05);
#2878=CYLINDRICAL_SURFACE('',#3152,0.05);
#2879=CYLINDRICAL_SURFACE('',#3155,0.06);
#2880=CYLINDRICAL_SURFACE('',#3159,0.05);
#2881=CYLINDRICAL_SURFACE('',#3194,0.05);
#2882=CYLINDRICAL_SURFACE('',#3196,0.06);
#2883=CYLINDRICAL_SURFACE('',#3197,0.05);
#2884=CYLINDRICAL_SURFACE('',#3204,0.05);
#2885=CYLINDRICAL_SURFACE('',#3207,0.06);
#2886=CYLINDRICAL_SURFACE('',#3211,0.05);
#2887=ADVANCED_FACE('',(#155),#2872,.T.);
#2888=ADVANCED_FACE('',(#156),#19,.F.);
#2889=ADVANCED_FACE('',(#157),#20,.F.);
#2890=ADVANCED_FACE('',(#158),#2873,.T.);
#2891=ADVANCED_FACE('',(#159),#2874,.T.);
#2892=ADVANCED_FACE('',(#160),#21,.F.);
#2893=ADVANCED_FACE('',(#161),#22,.F.);
#2894=ADVANCED_FACE('',(#162),#2875,.T.);
#2895=ADVANCED_FACE('',(#163),#23,.F.);
#2896=ADVANCED_FACE('',(#164),#24,.T.);
#2897=ADVANCED_FACE('',(#165),#2876,.T.);
#2898=ADVANCED_FACE('',(#166),#25,.F.);
#2899=ADVANCED_FACE('',(#167),#26,.F.);
#2900=ADVANCED_FACE('',(#168),#2877,.T.);
#2901=ADVANCED_FACE('',(#169),#27,.F.);
#2902=ADVANCED_FACE('',(#170),#28,.F.);
#2903=ADVANCED_FACE('',(#171),#29,.T.);
#2904=ADVANCED_FACE('',(#172),#30,.T.);
#2905=ADVANCED_FACE('',(#173),#31,.T.);
#2906=ADVANCED_FACE('',(#174),#32,.T.);
#2907=ADVANCED_FACE('',(#175),#33,.T.);
#2908=ADVANCED_FACE('',(#176),#34,.T.);
#2909=ADVANCED_FACE('',(#177,#15),#35,.T.);
#2910=ADVANCED_FACE('',(#178,#16),#36,.T.);
#2911=ADVANCED_FACE('',(#179),#37,.T.);
#2912=ADVANCED_FACE('',(#180),#38,.T.);
#2913=ADVANCED_FACE('',(#181),#39,.F.);
#2914=ADVANCED_FACE('',(#182),#40,.F.);
#2915=ADVANCED_FACE('',(#183),#41,.F.);
#2916=ADVANCED_FACE('',(#184),#42,.T.);
#2917=ADVANCED_FACE('',(#185),#43,.F.);
#2918=ADVANCED_FACE('',(#186),#44,.F.);
#2919=ADVANCED_FACE('',(#187),#45,.F.);
#2920=ADVANCED_FACE('',(#188),#46,.F.);
#2921=ADVANCED_FACE('',(#189),#47,.F.);
#2922=ADVANCED_FACE('',(#190),#48,.F.);
#2923=ADVANCED_FACE('',(#191),#49,.F.);
#2924=ADVANCED_FACE('',(#192),#50,.F.);
#2925=ADVANCED_FACE('',(#193),#51,.F.);
#2926=ADVANCED_FACE('',(#194),#52,.F.);
#2927=ADVANCED_FACE('',(#195),#53,.F.);
#2928=ADVANCED_FACE('',(#196),#54,.F.);
#2929=ADVANCED_FACE('',(#197),#55,.F.);
#2930=ADVANCED_FACE('',(#198),#56,.T.);
#2931=ADVANCED_FACE('',(#199),#57,.F.);
#2932=ADVANCED_FACE('',(#200),#58,.F.);
#2933=ADVANCED_FACE('',(#201),#59,.F.);
#2934=ADVANCED_FACE('',(#202),#60,.F.);
#2935=ADVANCED_FACE('',(#203),#61,.F.);
#2936=ADVANCED_FACE('',(#204),#62,.T.);
#2937=ADVANCED_FACE('',(#205),#63,.F.);
#2938=ADVANCED_FACE('',(#206),#64,.F.);
#2939=ADVANCED_FACE('',(#207),#65,.T.);
#2940=ADVANCED_FACE('',(#208),#66,.F.);
#2941=ADVANCED_FACE('',(#209),#67,.F.);
#2942=ADVANCED_FACE('',(#210),#68,.F.);
#2943=ADVANCED_FACE('',(#211,#17),#69,.T.);
#2944=ADVANCED_FACE('',(#212),#70,.T.);
#2945=ADVANCED_FACE('',(#213),#71,.T.);
#2946=ADVANCED_FACE('',(#214),#72,.T.);
#2947=ADVANCED_FACE('',(#215),#73,.F.);
#2948=ADVANCED_FACE('',(#216),#74,.F.);
#2949=ADVANCED_FACE('',(#217),#75,.F.);
#2950=ADVANCED_FACE('',(#218),#76,.F.);
#2951=ADVANCED_FACE('',(#219),#77,.F.);
#2952=ADVANCED_FACE('',(#220),#78,.F.);
#2953=ADVANCED_FACE('',(#221),#79,.F.);
#2954=ADVANCED_FACE('',(#222),#80,.F.);
#2955=ADVANCED_FACE('',(#223),#81,.F.);
#2956=ADVANCED_FACE('',(#224),#82,.F.);
#2957=ADVANCED_FACE('',(#225,#18),#83,.T.);
#2958=ADVANCED_FACE('',(#226),#84,.F.);
#2959=ADVANCED_FACE('',(#227),#85,.T.);
#2960=ADVANCED_FACE('',(#228),#86,.T.);
#2961=ADVANCED_FACE('',(#229),#87,.F.);
#2962=ADVANCED_FACE('',(#230),#88,.F.);
#2963=ADVANCED_FACE('',(#231),#2878,.T.);
#2964=ADVANCED_FACE('',(#232),#89,.F.);
#2965=ADVANCED_FACE('',(#233),#2879,.F.);
#2966=ADVANCED_FACE('',(#234),#90,.T.);
#2967=ADVANCED_FACE('',(#235),#2880,.F.);
#2968=ADVANCED_FACE('',(#236),#91,.F.);
#2969=ADVANCED_FACE('',(#237),#92,.F.);
#2970=ADVANCED_FACE('',(#238),#93,.F.);
#2971=ADVANCED_FACE('',(#239),#94,.T.);
#2972=ADVANCED_FACE('',(#240),#95,.F.);
#2973=ADVANCED_FACE('',(#241),#96,.F.);
#2974=ADVANCED_FACE('',(#242),#97,.F.);
#2975=ADVANCED_FACE('',(#243),#98,.F.);
#2976=ADVANCED_FACE('',(#244),#99,.F.);
#2977=ADVANCED_FACE('',(#245),#100,.T.);
#2978=ADVANCED_FACE('',(#246),#101,.F.);
#2979=ADVANCED_FACE('',(#247),#102,.F.);
#2980=ADVANCED_FACE('',(#248),#103,.F.);
#2981=ADVANCED_FACE('',(#249),#104,.T.);
#2982=ADVANCED_FACE('',(#250),#105,.F.);
#2983=ADVANCED_FACE('',(#251),#106,.F.);
#2984=ADVANCED_FACE('',(#252),#107,.F.);
#2985=ADVANCED_FACE('',(#253),#108,.F.);
#2986=ADVANCED_FACE('',(#254),#109,.F.);
#2987=ADVANCED_FACE('',(#255),#110,.T.);
#2988=ADVANCED_FACE('',(#256),#111,.T.);
#2989=ADVANCED_FACE('',(#257),#112,.T.);
#2990=ADVANCED_FACE('',(#258),#113,.T.);
#2991=ADVANCED_FACE('',(#259),#114,.F.);
#2992=ADVANCED_FACE('',(#260),#115,.T.);
#2993=ADVANCED_FACE('',(#261),#116,.T.);
#2994=ADVANCED_FACE('',(#262),#117,.T.);
#2995=ADVANCED_FACE('',(#263),#118,.F.);
#2996=ADVANCED_FACE('',(#264),#119,.T.);
#2997=ADVANCED_FACE('',(#265),#120,.T.);
#2998=ADVANCED_FACE('',(#266),#121,.T.);
#2999=ADVANCED_FACE('',(#267),#122,.T.);
#3000=ADVANCED_FACE('',(#268),#123,.T.);
#3001=ADVANCED_FACE('',(#269),#124,.F.);
#3002=ADVANCED_FACE('',(#270),#2881,.T.);
#3003=ADVANCED_FACE('',(#271),#125,.F.);
#3004=ADVANCED_FACE('',(#272),#2882,.F.);
#3005=ADVANCED_FACE('',(#273),#2883,.F.);
#3006=ADVANCED_FACE('',(#274),#126,.F.);
#3007=ADVANCED_FACE('',(#275),#127,.F.);
#3008=ADVANCED_FACE('',(#276),#128,.F.);
#3009=ADVANCED_FACE('',(#277),#129,.T.);
#3010=ADVANCED_FACE('',(#278),#130,.F.);
#3011=ADVANCED_FACE('',(#279),#131,.F.);
#3012=ADVANCED_FACE('',(#280),#2884,.T.);
#3013=ADVANCED_FACE('',(#281),#132,.F.);
#3014=ADVANCED_FACE('',(#282),#2885,.F.);
#3015=ADVANCED_FACE('',(#283),#133,.T.);
#3016=ADVANCED_FACE('',(#284),#2886,.F.);
#3017=ADVANCED_FACE('',(#285),#134,.F.);
#3018=ADVANCED_FACE('',(#286),#135,.F.);
#3019=ADVANCED_FACE('',(#287),#136,.F.);
#3020=ADVANCED_FACE('',(#288),#137,.T.);
#3021=ADVANCED_FACE('',(#289),#138,.F.);
#3022=ADVANCED_FACE('',(#290),#139,.T.);
#3023=ADVANCED_FACE('',(#291),#140,.T.);
#3024=ADVANCED_FACE('',(#292),#141,.F.);
#3025=ADVANCED_FACE('',(#293),#142,.F.);
#3026=ADVANCED_FACE('',(#294),#143,.T.);
#3027=ADVANCED_FACE('',(#295),#144,.T.);
#3028=ADVANCED_FACE('',(#296),#145,.F.);
#3029=ADVANCED_FACE('',(#297),#146,.T.);
#3030=ADVANCED_FACE('',(#298),#147,.T.);
#3031=ADVANCED_FACE('',(#299),#148,.T.);
#3032=ADVANCED_FACE('',(#300),#149,.F.);
#3033=ADVANCED_FACE('',(#301),#150,.T.);
#3034=ADVANCED_FACE('',(#302),#151,.F.);
#3035=ADVANCED_FACE('',(#303),#152,.F.);
#3036=ADVANCED_FACE('',(#304),#153,.F.);
#3037=ADVANCED_FACE('',(#305),#154,.F.);
#3038=CLOSED_SHELL('',(#2887,#2888,#2889,#2890,#2891,#2892,#2893,#2894,
#2895,#2896,#2897,#2898,#2899,#2900,#2901,#2902,#2903,#2904,#2905,#2906,
#2907,#2908,#2909,#2910,#2911,#2912,#2913,#2914,#2915,#2916,#2917,#2918,
#2919,#2920,#2921,#2922,#2923,#2924,#2925,#2926,#2927,#2928,#2929,#2930,
#2931,#2932,#2933,#2934,#2935,#2936,#2937,#2938,#2939,#2940,#2941,#2942,
#2943,#2944,#2945,#2946,#2947,#2948,#2949,#2950,#2951,#2952,#2953,#2954,
#2955,#2956,#2957,#2958,#2959,#2960,#2961,#2962,#2963,#2964,#2965,#2966,
#2967,#2968,#2969,#2970,#2971,#2972,#2973,#2974,#2975,#2976,#2977,#2978,
#2979,#2980,#2981,#2982,#2983,#2984,#2985,#2986,#2987,#2988,#2989,#2990,
#2991,#2992,#2993,#2994,#2995,#2996,#2997,#2998,#2999,#3000,#3001,#3002,
#3003,#3004,#3005,#3006,#3007,#3008,#3009,#3010,#3011,#3012,#3013,#3014,
#3015,#3016,#3017,#3018,#3019,#3020,#3021,#3022,#3023,#3024,#3025,#3026,
#3027,#3028,#3029,#3030,#3031,#3032,#3033,#3034,#3035,#3036,#3037));
#3039=DERIVED_UNIT_ELEMENT(#3041,1.);
#3040=DERIVED_UNIT_ELEMENT(#4872,-3.);
#3041=(
MASS_UNIT()
NAMED_UNIT(*)
SI_UNIT(.KILO.,.GRAM.)
);
#3042=DERIVED_UNIT((#3039,#3040));
#3043=MEASURE_REPRESENTATION_ITEM('density measure',
POSITIVE_RATIO_MEASURE(7850.),#3042);
#3044=PROPERTY_DEFINITION_REPRESENTATION(#3049,#3046);
#3045=PROPERTY_DEFINITION_REPRESENTATION(#3050,#3047);
#3046=REPRESENTATION('material name',(#3048),#4869);
#3047=REPRESENTATION('density',(#3043),#4869);
#3048=DESCRIPTIVE_REPRESENTATION_ITEM('Steel','Steel');
#3049=PROPERTY_DEFINITION('material property','material name',#4879);
#3050=PROPERTY_DEFINITION('material property','density of part',#4879);
#3051=AXIS2_PLACEMENT_3D('',#3998,#3233,#3234);
#3052=AXIS2_PLACEMENT_3D('',#3999,#3235,#3236);
#3053=AXIS2_PLACEMENT_3D('',#4002,#3237,#3238);
#3054=AXIS2_PLACEMENT_3D('',#4006,#3240,#3241);
#3055=AXIS2_PLACEMENT_3D('',#4008,#3243,#3244);
#3056=AXIS2_PLACEMENT_3D('',#4012,#3246,#3247);
#3057=AXIS2_PLACEMENT_3D('',#4016,#3249,#3250);
#3058=AXIS2_PLACEMENT_3D('',#4020,#3252,#3253);
#3059=AXIS2_PLACEMENT_3D('',#4032,#3259,#3260);
#3060=AXIS2_PLACEMENT_3D('',#4034,#3262,#3263);
#3061=AXIS2_PLACEMENT_3D('',#4038,#3266,#3267);
#3062=AXIS2_PLACEMENT_3D('',#4040,#3268,#3269);
#3063=AXIS2_PLACEMENT_3D('',#4042,#3271,#3272);
#3064=AXIS2_PLACEMENT_3D('',#4045,#3273,#3274);
#3065=AXIS2_PLACEMENT_3D('',#4049,#3276,#3277);
#3066=AXIS2_PLACEMENT_3D('',#4051,#3279,#3280);
#3067=AXIS2_PLACEMENT_3D('',#4057,#3284,#3285);
#3068=AXIS2_PLACEMENT_3D('',#4061,#3287,#3288);
#3069=AXIS2_PLACEMENT_3D('',#4065,#3290,#3291);
#3070=AXIS2_PLACEMENT_3D('',#4069,#3293,#3294);
#3071=AXIS2_PLACEMENT_3D('',#4080,#3300,#3301);
#3072=AXIS2_PLACEMENT_3D('',#4081,#3302,#3303);
#3073=AXIS2_PLACEMENT_3D('',#4084,#3304,#3305);
#3074=AXIS2_PLACEMENT_3D('',#4087,#3308,#3309);
#3075=AXIS2_PLACEMENT_3D('',#4091,#3312,#3313);
#3076=AXIS2_PLACEMENT_3D('',#4093,#3314,#3315);
#3077=AXIS2_PLACEMENT_3D('',#4105,#3321,#3322);
#3078=AXIS2_PLACEMENT_3D('',#4108,#3324,#3325);
#3079=AXIS2_PLACEMENT_3D('',#4110,#3327,#3328);
#3080=AXIS2_PLACEMENT_3D('',#4113,#3329,#3330);
#3081=AXIS2_PLACEMENT_3D('',#4117,#3332,#3333);
#3082=AXIS2_PLACEMENT_3D('',#4119,#3335,#3336);
#3083=AXIS2_PLACEMENT_3D('',#4125,#3340,#3341);
#3084=AXIS2_PLACEMENT_3D('',#4129,#3343,#3344);
#3085=AXIS2_PLACEMENT_3D('',#4133,#3346,#3347);
#3086=AXIS2_PLACEMENT_3D('',#4137,#3349,#3350);
#3087=AXIS2_PLACEMENT_3D('',#4148,#3356,#3357);
#3088=AXIS2_PLACEMENT_3D('',#4149,#3358,#3359);
#3089=AXIS2_PLACEMENT_3D('',#4152,#3360,#3361);
#3090=AXIS2_PLACEMENT_3D('',#4155,#3364,#3365);
#3091=AXIS2_PLACEMENT_3D('',#4159,#3368,#3369);
#3092=AXIS2_PLACEMENT_3D('',#4192,#3386,#3387);
#3093=AXIS2_PLACEMENT_3D('',#4213,#3400,#3401);
#3094=AXIS2_PLACEMENT_3D('',#4234,#3414,#3415);
#3095=AXIS2_PLACEMENT_3D('',#4236,#3417,#3418);
#3096=AXIS2_PLACEMENT_3D('',#4237,#3419,#3420);
#3097=AXIS2_PLACEMENT_3D('',#4241,#3423,#3424);
#3098=AXIS2_PLACEMENT_3D('',#4243,#3426,#3427);
#3099=AXIS2_PLACEMENT_3D('',#4260,#3436,#3437);
#3100=AXIS2_PLACEMENT_3D('',#4277,#3446,#3447);
#3101=AXIS2_PLACEMENT_3D('',#4281,#3450,#3451);
#3102=AXIS2_PLACEMENT_3D('',#4283,#3453,#3454);
#3103=AXIS2_PLACEMENT_3D('',#4292,#3459,#3460);
#3104=AXIS2_PLACEMENT_3D('',#4306,#3468,#3469);
#3105=AXIS2_PLACEMENT_3D('',#4326,#3480,#3481);
#3106=AXIS2_PLACEMENT_3D('',#4370,#3504,#3505);
#3107=AXIS2_PLACEMENT_3D('',#4376,#3509,#3510);
#3108=AXIS2_PLACEMENT_3D('',#4381,#3514,#3515);
#3109=AXIS2_PLACEMENT_3D('',#4403,#3527,#3528);
#3110=AXIS2_PLACEMENT_3D('',#4414,#3536,#3537);
#3111=AXIS2_PLACEMENT_3D('',#4424,#3545,#3546);
#3112=AXIS2_PLACEMENT_3D('',#4438,#3554,#3555);
#3113=AXIS2_PLACEMENT_3D('',#4447,#3560,#3561);
#3114=AXIS2_PLACEMENT_3D('',#4460,#3569,#3570);
#3115=AXIS2_PLACEMENT_3D('',#4466,#3574,#3575);
#3116=AXIS2_PLACEMENT_3D('',#4470,#3578,#3579);
#3117=AXIS2_PLACEMENT_3D('',#4472,#3581,#3582);
#3118=AXIS2_PLACEMENT_3D('',#4481,#3588,#3589);
#3119=AXIS2_PLACEMENT_3D('',#4482,#3590,#3591);
#3120=AXIS2_PLACEMENT_3D('',#4512,#3610,#3611);
#3121=AXIS2_PLACEMENT_3D('',#4516,#3614,#3615);
#3122=AXIS2_PLACEMENT_3D('',#4528,#3622,#3623);
#3123=AXIS2_PLACEMENT_3D('',#4530,#3625,#3626);
#3124=AXIS2_PLACEMENT_3D('',#4532,#3628,#3629);
#3125=AXIS2_PLACEMENT_3D('',#4536,#3632,#3633);
#3126=AXIS2_PLACEMENT_3D('',#4544,#3638,#3639);
#3127=AXIS2_PLACEMENT_3D('',#4546,#3641,#3642);
#3128=AXIS2_PLACEMENT_3D('',#4550,#3645,#3646);
#3129=AXIS2_PLACEMENT_3D('',#4558,#3651,#3652);
#3130=AXIS2_PLACEMENT_3D('',#4560,#3654,#3655);
#3131=AXIS2_PLACEMENT_3D('',#4566,#3659,#3660);
#3132=AXIS2_PLACEMENT_3D('',#4571,#3664,#3665);
#3133=AXIS2_PLACEMENT_3D('',#4580,#3670,#3671);
#3134=AXIS2_PLACEMENT_3D('',#4584,#3674,#3675);
#3135=AXIS2_PLACEMENT_3D('',#4586,#3677,#3678);
#3136=AXIS2_PLACEMENT_3D('',#4588,#3680,#3681);
#3137=AXIS2_PLACEMENT_3D('',#4590,#3683,#3684);
#3138=AXIS2_PLACEMENT_3D('',#4592,#3686,#3687);
#3139=AXIS2_PLACEMENT_3D('',#4597,#3691,#3692);
#3140=AXIS2_PLACEMENT_3D('',#4600,#3695,#3696);
#3141=AXIS2_PLACEMENT_3D('',#4601,#3697,#3698);
#3142=AXIS2_PLACEMENT_3D('',#4605,#3701,#3702);
#3143=AXIS2_PLACEMENT_3D('',#4607,#3704,#3705);
#3144=AXIS2_PLACEMENT_3D('',#4608,#3706,#3707);
#3145=AXIS2_PLACEMENT_3D('',#4612,#3710,#3711);
#3146=AXIS2_PLACEMENT_3D('',#4614,#3713,#3714);
#3147=AXIS2_PLACEMENT_3D('',#4623,#3719,#3720);
#3148=AXIS2_PLACEMENT_3D('',#4627,#3723,#3724);
#3149=AXIS2_PLACEMENT_3D('',#4631,#3727,#3728);
#3150=AXIS2_PLACEMENT_3D('',#4632,#3729,#3730);
#3151=AXIS2_PLACEMENT_3D('',#4636,#3733,#3734);
#3152=AXIS2_PLACEMENT_3D('',#4640,#3737,#3738);
#3153=AXIS2_PLACEMENT_3D('',#4642,#3739,#3740);
#3154=AXIS2_PLACEMENT_3D('',#4644,#3742,#3743);
#3155=AXIS2_PLACEMENT_3D('',#4648,#3746,#3747);
#3156=AXIS2_PLACEMENT_3D('',#4650,#3748,#3749);
#3157=AXIS2_PLACEMENT_3D('',#4652,#3751,#3752);
#3158=AXIS2_PLACEMENT_3D('',#4653,#3753,#3754);
#3159=AXIS2_PLACEMENT_3D('',#4655,#3756,#3757);
#3160=AXIS2_PLACEMENT_3D('',#4656,#3758,#3759);
#3161=AXIS2_PLACEMENT_3D('',#4657,#3760,#3761);
#3162=AXIS2_PLACEMENT_3D('',#4663,#3765,#3766);
#3163=AXIS2_PLACEMENT_3D('',#4665,#3768,#3769);
#3164=AXIS2_PLACEMENT_3D('',#4667,#3771,#3772);
#3165=AXIS2_PLACEMENT_3D('',#4668,#3773,#3774);
#3166=AXIS2_PLACEMENT_3D('',#4677,#3779,#3780);
#3167=AXIS2_PLACEMENT_3D('',#4683,#3784,#3785);
#3168=AXIS2_PLACEMENT_3D('',#4689,#3789,#3790);
#3169=AXIS2_PLACEMENT_3D('',#4692,#3793,#3794);
#3170=AXIS2_PLACEMENT_3D('',#4695,#3797,#3798);
#3171=AXIS2_PLACEMENT_3D('',#4696,#3799,#3800);
#3172=AXIS2_PLACEMENT_3D('',#4697,#3801,#3802);
#3173=AXIS2_PLACEMENT_3D('',#4703,#3806,#3807);
#3174=AXIS2_PLACEMENT_3D('',#4711,#3812,#3813);
#3175=AXIS2_PLACEMENT_3D('',#4719,#3818,#3819);
#3176=AXIS2_PLACEMENT_3D('',#4722,#3822,#3823);
#3177=AXIS2_PLACEMENT_3D('',#4724,#3825,#3826);
#3178=AXIS2_PLACEMENT_3D('',#4725,#3827,#3828);
#3179=AXIS2_PLACEMENT_3D('',#4726,#3829,#3830);
#3180=AXIS2_PLACEMENT_3D('',#4735,#3835,#3836);
#3181=AXIS2_PLACEMENT_3D('',#4741,#3840,#3841);
#3182=AXIS2_PLACEMENT_3D('',#4747,#3845,#3846);
#3183=AXIS2_PLACEMENT_3D('',#4750,#3849,#3850);
#3184=AXIS2_PLACEMENT_3D('',#4753,#3853,#3854);
#3185=AXIS2_PLACEMENT_3D('',#4754,#3855,#3856);
#3186=AXIS2_PLACEMENT_3D('',#4755,#3857,#3858);
#3187=AXIS2_PLACEMENT_3D('',#4761,#3862,#3863);
#3188=AXIS2_PLACEMENT_3D('',#4769,#3868,#3869);
#3189=AXIS2_PLACEMENT_3D('',#4777,#3874,#3875);
#3190=AXIS2_PLACEMENT_3D('',#4780,#3878,#3879);
#3191=AXIS2_PLACEMENT_3D('',#4782,#3881,#3882);
#3192=AXIS2_PLACEMENT_3D('',#4783,#3883,#3884);
#3193=AXIS2_PLACEMENT_3D('',#4784,#3885,#3886);
#3194=AXIS2_PLACEMENT_3D('',#4785,#3887,#3888);
#3195=AXIS2_PLACEMENT_3D('',#4787,#3890,#3891);
#3196=AXIS2_PLACEMENT_3D('',#4789,#3893,#3894);
#3197=AXIS2_PLACEMENT_3D('',#4791,#3896,#3897);
#3198=AXIS2_PLACEMENT_3D('',#4792,#3898,#3899);
#3199=AXIS2_PLACEMENT_3D('',#4793,#3900,#3901);
#3200=AXIS2_PLACEMENT_3D('',#4799,#3905,#3906);
#3201=AXIS2_PLACEMENT_3D('',#4801,#3908,#3909);
#3202=AXIS2_PLACEMENT_3D('',#4803,#3911,#3912);
#3203=AXIS2_PLACEMENT_3D('',#4804,#3913,#3914);
#3204=AXIS2_PLACEMENT_3D('',#4806,#3916,#3917);
#3205=AXIS2_PLACEMENT_3D('',#4808,#3918,#3919);
#3206=AXIS2_PLACEMENT_3D('',#4810,#3921,#3922);
#3207=AXIS2_PLACEMENT_3D('',#4814,#3925,#3926);
#3208=AXIS2_PLACEMENT_3D('',#4816,#3927,#3928);
#3209=AXIS2_PLACEMENT_3D('',#4818,#3930,#3931);
#3210=AXIS2_PLACEMENT_3D('',#4819,#3932,#3933);
#3211=AXIS2_PLACEMENT_3D('',#4821,#3935,#3936);
#3212=AXIS2_PLACEMENT_3D('',#4822,#3937,#3938);
#3213=AXIS2_PLACEMENT_3D('',#4823,#3939,#3940);
#3214=AXIS2_PLACEMENT_3D('',#4829,#3944,#3945);
#3215=AXIS2_PLACEMENT_3D('',#4831,#3947,#3948);
#3216=AXIS2_PLACEMENT_3D('',#4833,#3950,#3951);
#3217=AXIS2_PLACEMENT_3D('',#4834,#3952,#3953);
#3218=AXIS2_PLACEMENT_3D('',#4836,#3955,#3956);
#3219=AXIS2_PLACEMENT_3D('',#4837,#3957,#3958);
#3220=AXIS2_PLACEMENT_3D('',#4839,#3960,#3961);
#3221=AXIS2_PLACEMENT_3D('',#4840,#3962,#3963);
#3222=AXIS2_PLACEMENT_3D('',#4841,#3964,#3965);
#3223=AXIS2_PLACEMENT_3D('',#4843,#3967,#3968);
#3224=AXIS2_PLACEMENT_3D('',#4845,#3970,#3971);
#3225=AXIS2_PLACEMENT_3D('',#4847,#3973,#3974);
#3226=AXIS2_PLACEMENT_3D('',#4849,#3976,#3977);
#3227=AXIS2_PLACEMENT_3D('',#4851,#3979,#3980);
#3228=AXIS2_PLACEMENT_3D('',#4853,#3982,#3983);
#3229=AXIS2_PLACEMENT_3D('',#4854,#3984,#3985);
#3230=AXIS2_PLACEMENT_3D('',#4860,#3989,#3990);
#3231=AXIS2_PLACEMENT_3D('',#4864,#3993,#3994);
#3232=AXIS2_PLACEMENT_3D('',#4866,#3996,#3997);
#3233=DIRECTION('axis',(0.,0.,1.));
#3234=DIRECTION('refdir',(1.,0.,0.));
#3235=DIRECTION('center_axis',(-1.,0.,0.));
#3236=DIRECTION('ref_axis',(0.,-0.707106781186548,-0.707106781186548));
#3237=DIRECTION('center_axis',(1.,0.,0.));
#3238=DIRECTION('ref_axis',(0.,-0.707106781186548,-0.707106781186548));
#3239=DIRECTION('',(1.,0.,0.));
#3240=DIRECTION('center_axis',(-1.,0.,0.));
#3241=DIRECTION('ref_axis',(0.,-0.707106781186548,-0.707106781186548));
#3242=DIRECTION('',(-1.,0.,0.));
#3243=DIRECTION('center_axis',(-1.,0.,0.));
#3244=DIRECTION('ref_axis',(0.,0.,1.));
#3245=DIRECTION('',(0.,-1.,-9.42784497813485E-16));
#3246=DIRECTION('center_axis',(-1.,0.,0.));
#3247=DIRECTION('ref_axis',(0.,0.707106781186548,-0.707106781186547));
#3248=DIRECTION('',(0.,0.,1.));
#3249=DIRECTION('center_axis',(1.,0.,0.));
#3250=DIRECTION('ref_axis',(0.,0.,-1.));
#3251=DIRECTION('',(0.,-0.791011933983614,0.611800719430358));
#3252=DIRECTION('center_axis',(-1.,0.,0.));
#3253=DIRECTION('ref_axis',(0.,0.,-1.));
#3254=DIRECTION('',(0.,0.,1.));
#3255=DIRECTION('',(0.,1.,0.));
#3256=DIRECTION('',(0.,0.,1.));
#3257=DIRECTION('',(0.,1.,1.0842021724855E-15));
#3258=DIRECTION('',(0.,0.,1.));
#3259=DIRECTION('center_axis',(-1.,0.,0.));
#3260=DIRECTION('ref_axis',(0.,0.,-1.));
#3261=DIRECTION('',(0.,0.,-1.));
#3262=DIRECTION('center_axis',(0.,-9.42784497813485E-16,1.));
#3263=DIRECTION('ref_axis',(0.,-1.,-9.42784497813485E-16));
#3264=DIRECTION('',(0.,-1.,-9.42784497813485E-16));
#3265=DIRECTION('',(-1.,0.,0.));
#3266=DIRECTION('center_axis',(-1.,0.,0.));
#3267=DIRECTION('ref_axis',(0.,0.707106781186548,-0.707106781186547));
#3268=DIRECTION('center_axis',(1.,0.,0.));
#3269=DIRECTION('ref_axis',(0.,0.707106781186548,-0.707106781186547));
#3270=DIRECTION('',(1.,0.,0.));
#3271=DIRECTION('center_axis',(-1.,0.,0.));
#3272=DIRECTION('ref_axis',(0.,-0.707106781186548,-0.707106781186548));
#3273=DIRECTION('center_axis',(1.,0.,0.));
#3274=DIRECTION('ref_axis',(0.,-0.707106781186548,-0.707106781186548));
#3275=DIRECTION('',(1.,0.,0.));
#3276=DIRECTION('center_axis',(-1.,0.,0.));
#3277=DIRECTION('ref_axis',(0.,-0.707106781186548,-0.707106781186548));
#3278=DIRECTION('',(-1.,0.,0.));
#3279=DIRECTION('center_axis',(0.,1.,0.));
#3280=DIRECTION('ref_axis',(1.,0.,0.));
#3281=DIRECTION('',(0.,0.,-1.));
#3282=DIRECTION('',(-1.,0.,0.));
#3283=DIRECTION('',(0.,0.,-1.));
#3284=DIRECTION('center_axis',(-1.,0.,0.));
#3285=DIRECTION('ref_axis',(0.,0.,1.));
#3286=DIRECTION('',(0.,-1.,-9.42784497813485E-16));
#3287=DIRECTION('center_axis',(-1.,0.,0.));
#3288=DIRECTION('ref_axis',(0.,0.707106781186548,-0.707106781186547));
#3289=DIRECTION('',(0.,0.,1.));
#3290=DIRECTION('center_axis',(1.,0.,0.));
#3291=DIRECTION('ref_axis',(0.,0.,-1.));
#3292=DIRECTION('',(0.,-0.791011933983614,0.611800719430358));
#3293=DIRECTION('center_axis',(-1.,0.,0.));
#3294=DIRECTION('ref_axis',(0.,0.,-1.));
#3295=DIRECTION('',(0.,0.,1.));
#3296=DIRECTION('',(0.,1.,0.));
#3297=DIRECTION('',(0.,0.,1.));
#3298=DIRECTION('',(0.,1.,1.0842021724855E-15));
#3299=DIRECTION('',(0.,0.,1.));
#3300=DIRECTION('center_axis',(-1.,0.,0.));
#3301=DIRECTION('ref_axis',(0.,0.,-1.));
#3302=DIRECTION('center_axis',(-1.,0.,0.));
#3303=DIRECTION('ref_axis',(0.,0.707106781186548,-0.707106781186547));
#3304=DIRECTION('center_axis',(1.,0.,0.));
#3305=DIRECTION('ref_axis',(0.,0.707106781186548,-0.707106781186547));
#3306=DIRECTION('',(1.,0.,0.));
#3307=DIRECTION('',(-1.,0.,0.));
#3308=DIRECTION('center_axis',(0.,-1.,0.));
#3309=DIRECTION('ref_axis',(0.,0.,-1.));
#3310=DIRECTION('',(0.,0.,1.));
#3311=DIRECTION('',(-1.,0.,0.));
#3312=DIRECTION('center_axis',(-1.,0.,0.));
#3313=DIRECTION('ref_axis',(0.,0.,1.));
#3314=DIRECTION('center_axis',(-1.,0.,0.));
#3315=DIRECTION('ref_axis',(0.,0.,-1.));
#3316=DIRECTION('',(0.,0.,1.));
#3317=DIRECTION('',(0.,1.,1.0842021724855E-15));
#3318=DIRECTION('',(0.,0.,1.));
#3319=DIRECTION('',(0.,1.,0.));
#3320=DIRECTION('',(0.,0.,1.));
#3321=DIRECTION('center_axis',(-1.,0.,0.));
#3322=DIRECTION('ref_axis',(0.,0.,-1.));
#3323=DIRECTION('',(0.,-0.791011933983614,0.611800719430358));
#3324=DIRECTION('center_axis',(1.,0.,0.));
#3325=DIRECTION('ref_axis',(0.,0.,-1.));
#3326=DIRECTION('',(0.,-1.,-9.42784497813485E-16));
#3327=DIRECTION('center_axis',(-1.,0.,0.));
#3328=DIRECTION('ref_axis',(0.,-0.707106781186548,-0.707106781186548));
#3329=DIRECTION('center_axis',(1.,0.,0.));
#3330=DIRECTION('ref_axis',(0.,-0.707106781186548,-0.707106781186548));
#3331=DIRECTION('',(1.,0.,0.));
#3332=DIRECTION('center_axis',(-1.,0.,0.));
#3333=DIRECTION('ref_axis',(0.,-0.707106781186548,-0.707106781186548));
#3334=DIRECTION('',(-1.,0.,0.));
#3335=DIRECTION('center_axis',(0.,1.,0.));
#3336=DIRECTION('ref_axis',(1.,0.,0.));
#3337=DIRECTION('',(0.,0.,-1.));
#3338=DIRECTION('',(-1.,0.,0.));
#3339=DIRECTION('',(0.,0.,-1.));
#3340=DIRECTION('center_axis',(-1.,0.,0.));
#3341=DIRECTION('ref_axis',(0.,0.,1.));
#3342=DIRECTION('',(0.,-1.,-9.42784497813485E-16));
#3343=DIRECTION('center_axis',(-1.,0.,0.));
#3344=DIRECTION('ref_axis',(0.,0.707106781186548,-0.707106781186547));
#3345=DIRECTION('',(0.,0.,1.));
#3346=DIRECTION('center_axis',(1.,0.,0.));
#3347=DIRECTION('ref_axis',(0.,0.,-1.));
#3348=DIRECTION('',(0.,-0.791011933983614,0.611800719430358));
#3349=DIRECTION('center_axis',(-1.,0.,0.));
#3350=DIRECTION('ref_axis',(0.,0.,-1.));
#3351=DIRECTION('',(0.,0.,1.));
#3352=DIRECTION('',(0.,1.,0.));
#3353=DIRECTION('',(0.,0.,1.));
#3354=DIRECTION('',(0.,1.,1.0842021724855E-15));
#3355=DIRECTION('',(0.,0.,1.));
#3356=DIRECTION('center_axis',(-1.,0.,0.));
#3357=DIRECTION('ref_axis',(0.,0.,-1.));
#3358=DIRECTION('center_axis',(-1.,0.,0.));
#3359=DIRECTION('ref_axis',(0.,0.707106781186548,-0.707106781186547));
#3360=DIRECTION('center_axis',(1.,0.,0.));
#3361=DIRECTION('ref_axis',(0.,0.707106781186548,-0.707106781186547));
#3362=DIRECTION('',(1.,0.,0.));
#3363=DIRECTION('',(-1.,0.,0.));
#3364=DIRECTION('center_axis',(0.,-1.,0.));
#3365=DIRECTION('ref_axis',(0.,0.,-1.));
#3366=DIRECTION('',(0.,0.,1.));
#3367=DIRECTION('',(-1.,0.,0.));
#3368=DIRECTION('center_axis',(0.,1.,0.));
#3369=DIRECTION('ref_axis',(1.,0.,0.));
#3370=DIRECTION('',(0.,0.,-1.));
#3371=DIRECTION('',(-1.,0.,0.));
#3372=DIRECTION('',(0.,0.,-1.));
#3373=DIRECTION('',(1.,0.,0.));
#3374=DIRECTION('',(0.,0.,1.));
#3375=DIRECTION('',(-1.,0.,0.));
#3376=DIRECTION('',(0.,0.,1.));
#3377=DIRECTION('',(1.,0.,0.));
#3378=DIRECTION('',(0.,0.,1.));
#3379=DIRECTION('',(-1.,0.,0.));
#3380=DIRECTION('',(0.,0.,1.));
#3381=DIRECTION('',(1.,0.,0.));
#3382=DIRECTION('',(0.,0.,1.));
#3383=DIRECTION('',(-1.,0.,0.));
#3384=DIRECTION('',(0.,0.,1.));
#3385=DIRECTION('',(1.,0.,0.));
#3386=DIRECTION('center_axis',(0.,0.,-1.));
#3387=DIRECTION('ref_axis',(0.,-1.,0.));
#3388=DIRECTION('',(1.,0.,0.));
#3389=DIRECTION('',(-1.,0.,0.));
#3390=DIRECTION('',(0.,1.,0.));
#3391=DIRECTION('',(1.,0.,0.));
#3392=DIRECTION('',(0.,1.,0.));
#3393=DIRECTION('',(1.,-3.21245088143853E-16,0.));
#3394=DIRECTION('',(2.4093381610789E-16,-1.,0.));
#3395=DIRECTION('',(1.,0.,0.));
#3396=DIRECTION('',(-1.,0.,0.));
#3397=DIRECTION('',(0.,1.,0.));
#3398=DIRECTION('',(1.,0.,0.));
#3399=DIRECTION('',(-1.,0.,0.));
#3400=DIRECTION('center_axis',(0.,1.,0.));
#3401=DIRECTION('ref_axis',(1.,0.,0.));
#3402=DIRECTION('',(1.,0.,0.));
#3403=DIRECTION('',(1.,0.,0.));
#3404=DIRECTION('',(1.,0.,0.));
#3405=DIRECTION('',(1.,0.,0.));
#3406=DIRECTION('',(0.,0.,1.));
#3407=DIRECTION('',(1.,0.,0.));
#3408=DIRECTION('',(1.,0.,0.));
#3409=DIRECTION('',(0.,0.,-1.));
#3410=DIRECTION('',(1.,0.,0.));
#3411=DIRECTION('',(0.,0.,1.));
#3412=DIRECTION('',(1.,0.,0.));
#3413=DIRECTION('',(0.,0.,1.));
#3414=DIRECTION('center_axis',(0.,1.,0.));
#3415=DIRECTION('ref_axis',(1.,0.,0.));
#3416=DIRECTION('',(1.,0.,0.));
#3417=DIRECTION('center_axis',(0.,1.0842021724855E-15,-1.));
#3418=DIRECTION('ref_axis',(-1.,0.,0.));
#3419=DIRECTION('center_axis',(0.,1.,0.));
#3420=DIRECTION('ref_axis',(1.,0.,0.));
#3421=DIRECTION('',(1.,0.,0.));
#3422=DIRECTION('',(0.,0.,1.));
#3423=DIRECTION('center_axis',(0.,1.0842021724855E-15,-1.));
#3424=DIRECTION('ref_axis',(-1.,0.,0.));
#3425=DIRECTION('',(0.,1.,1.0842021724855E-15));
#3426=DIRECTION('center_axis',(0.,0.,1.));
#3427=DIRECTION('ref_axis',(1.,0.,0.));
#3428=DIRECTION('',(0.,-1.,0.));
#3429=DIRECTION('',(1.,0.,0.));
#3430=DIRECTION('',(0.,1.,0.));
#3431=DIRECTION('',(-1.,9.85638338623186E-16,0.));
#3432=DIRECTION('',(1.,0.,0.));
#3433=DIRECTION('',(0.,1.,0.));
#3434=DIRECTION('',(-1.,0.,0.));
#3435=DIRECTION('',(0.,1.,0.));
#3436=DIRECTION('center_axis',(0.,0.,-1.));
#3437=DIRECTION('ref_axis',(0.,-1.,0.));
#3438=DIRECTION('',(0.,1.,0.));
#3439=DIRECTION('',(-1.,2.91278195593121E-15,0.));
#3440=DIRECTION('',(0.,1.,0.));
#3441=DIRECTION('',(-1.,0.,0.));
#3442=DIRECTION('',(1.,0.,0.));
#3443=DIRECTION('',(0.,-1.,0.));
#3444=DIRECTION('',(-1.,0.,0.));
#3445=DIRECTION('',(0.,-1.,0.));
#3446=DIRECTION('center_axis',(0.,1.,0.));
#3447=DIRECTION('ref_axis',(1.,0.,0.));
#3448=DIRECTION('',(1.,0.,0.));
#3449=DIRECTION('',(0.,0.,-1.));
#3450=DIRECTION('center_axis',(0.,1.0842021724855E-15,-1.));
#3451=DIRECTION('ref_axis',(-1.,0.,0.));
#3452=DIRECTION('',(2.4093381610789E-16,-1.,-1.0842021724855E-15));
#3453=DIRECTION('center_axis',(1.,0.,0.));
#3454=DIRECTION('ref_axis',(0.,1.,0.));
#3455=DIRECTION('',(0.,0.,-1.));
#3456=DIRECTION('',(0.,1.,0.));
#3457=DIRECTION('',(0.,0.,-1.));
#3458=DIRECTION('',(0.,-1.,0.));
#3459=DIRECTION('center_axis',(0.,-1.,0.));
#3460=DIRECTION('ref_axis',(0.,0.,-1.));
#3461=DIRECTION('',(0.707106781186547,0.,0.707106781186547));
#3462=DIRECTION('',(1.,0.,0.));
#3463=DIRECTION('',(-0.515038074910058,0.,-0.85716730070211));
#3464=DIRECTION('',(-1.39397422176708E-14,0.,-1.));
#3465=DIRECTION('',(0.866025403784439,0.,-0.499999999999999));
#3466=DIRECTION('',(0.,0.,-1.));
#3467=DIRECTION('',(-1.,0.,0.));
#3468=DIRECTION('center_axis',(0.,1.,0.));
#3469=DIRECTION('ref_axis',(1.,0.,0.));
#3470=DIRECTION('',(-1.,0.,0.));
#3471=DIRECTION('',(-0.707106781186548,0.,-0.707106781186548));
#3472=DIRECTION('',(1.,0.,0.));
#3473=DIRECTION('',(0.,0.,-1.));
#3474=DIRECTION('',(-1.,0.,0.));
#3475=DIRECTION('',(0.,0.,1.));
#3476=DIRECTION('',(-1.,0.,0.));
#3477=DIRECTION('',(0.,0.,1.));
#3478=DIRECTION('',(1.,0.,0.));
#3479=DIRECTION('',(0.,0.,1.));
#3480=DIRECTION('center_axis',(0.,0.,1.));
#3481=DIRECTION('ref_axis',(1.,0.,0.));
#3482=DIRECTION('',(0.447213595499957,-0.894427190999916,0.));
#3483=DIRECTION('',(-1.,0.,0.));
#3484=DIRECTION('',(0.447213595499956,0.894427190999917,0.));
#3485=DIRECTION('',(1.,0.,0.));
#3486=DIRECTION('',(0.,-1.,0.));
#3487=DIRECTION('',(1.,0.,0.));
#3488=DIRECTION('',(0.,-1.,0.));
#3489=DIRECTION('',(-1.,-7.47725636196901E-16,0.));
#3490=DIRECTION('',(0.,1.,0.));
#3491=DIRECTION('',(-1.,-9.85638338623186E-16,0.));
#3492=DIRECTION('',(2.4093381610789E-16,-1.,0.));
#3493=DIRECTION('',(1.,-3.21245088143853E-16,0.));
#3494=DIRECTION('',(0.,1.,0.));
#3495=DIRECTION('',(-1.,9.85638338623186E-16,0.));
#3496=DIRECTION('',(0.,-1.,0.));
#3497=DIRECTION('',(1.,0.,0.));
#3498=DIRECTION('',(-3.59098808721314E-15,-1.,0.));
#3499=DIRECTION('',(-1.,0.,0.));
#3500=DIRECTION('',(0.,1.,0.));
#3501=DIRECTION('',(1.,0.,0.));
#3502=DIRECTION('',(0.,1.,0.));
#3503=DIRECTION('',(1.,0.,0.));
#3504=DIRECTION('center_axis',(1.,0.,0.));
#3505=DIRECTION('ref_axis',(0.,1.,0.));
#3506=DIRECTION('',(0.,-1.,0.));
#3507=DIRECTION('',(0.,0.,1.));
#3508=DIRECTION('',(0.,0.,-1.));
#3509=DIRECTION('center_axis',(9.85638338623186E-16,1.,0.));
#3510=DIRECTION('ref_axis',(1.,-9.85638338623186E-16,0.));
#3511=DIRECTION('',(0.515038074910059,-5.07641272482034E-16,-0.85716730070211));
#3512=DIRECTION('',(0.,0.,1.));
#3513=DIRECTION('',(1.,-9.85638338623186E-16,0.));
#3514=DIRECTION('center_axis',(0.,0.,1.));
#3515=DIRECTION('ref_axis',(1.,0.,0.));
#3516=DIRECTION('',(-1.,2.91278195593121E-15,0.));
#3517=DIRECTION('',(0.,1.,0.));
#3518=DIRECTION('',(-1.,0.,0.));
#3519=DIRECTION('',(2.4093381610789E-16,-1.,0.));
#3520=DIRECTION('',(-1.,-2.91278195593121E-15,0.));
#3521=DIRECTION('',(0.,-1.,0.));
#3522=DIRECTION('',(-0.621882143601586,0.783110847498294,0.));
#3523=DIRECTION('',(-1.,-3.34630300149847E-16,0.));
#3524=DIRECTION('',(-0.621882143601586,-0.783110847498294,0.));
#3525=DIRECTION('',(-1.,0.,0.));
#3526=DIRECTION('',(0.,1.,0.));
#3527=DIRECTION('center_axis',(-1.,-2.4093381610789E-16,0.));
#3528=DIRECTION('ref_axis',(-2.4093381610789E-16,1.,0.));
#3529=DIRECTION('',(0.,0.,-1.));
#3530=DIRECTION('',(2.22593821391918E-16,-0.923879532511286,-0.382683432365091));
#3531=DIRECTION('',(2.4093381610789E-16,-1.,-1.11609047167625E-15));
#3532=DIRECTION('',(0.,0.,-1.));
#3533=DIRECTION('',(0.,0.,-1.));
#3534=DIRECTION('',(-2.4093381610789E-16,1.,0.));
#3535=DIRECTION('',(2.4093381610789E-16,-1.,0.));
#3536=DIRECTION('center_axis',(1.,0.,0.));
#3537=DIRECTION('ref_axis',(0.,1.,0.));
#3538=DIRECTION('',(0.,0.,-1.));
#3539=DIRECTION('',(0.,0.,1.));
#3540=DIRECTION('',(0.,0.,1.));
#3541=DIRECTION('',(0.,1.,1.0842021724855E-15));
#3542=DIRECTION('',(0.,1.,1.11609047167625E-15));
#3543=DIRECTION('',(0.,0.923879532511286,0.382683432365091));
#3544=DIRECTION('',(0.,0.,1.));
#3545=DIRECTION('center_axis',(-7.47725636196901E-16,1.,0.));
#3546=DIRECTION('ref_axis',(1.,7.47725636196901E-16,0.));
#3547=DIRECTION('',(-0.707106781186547,-5.28721867821854E-16,-0.707106781186548));
#3548=DIRECTION('',(0.,0.,-1.));
#3549=DIRECTION('',(1.,7.47725636196901E-16,0.));
#3550=DIRECTION('',(0.,0.,-1.));
#3551=DIRECTION('',(0.866025403784439,0.,-0.499999999999999));
#3552=DIRECTION('',(-1.39397422176708E-14,0.,-1.));
#3553=DIRECTION('',(-0.515038074910058,0.,-0.85716730070211));
#3554=DIRECTION('center_axis',(-1.,3.59098808721314E-15,0.));
#3555=DIRECTION('ref_axis',(0.,0.,1.));
#3556=DIRECTION('',(0.,1.,0.));
#3557=DIRECTION('',(0.,0.,-1.));
#3558=DIRECTION('',(3.59098808721314E-15,1.,0.));
#3559=DIRECTION('',(0.,0.,-1.));
#3560=DIRECTION('center_axis',(0.,1.,0.));
#3561=DIRECTION('ref_axis',(1.,0.,0.));
#3562=DIRECTION('',(0.,0.,-1.));
#3563=DIRECTION('',(-0.707106781186548,0.,0.707106781186547));
#3564=DIRECTION('',(0.,0.,-1.));
#3565=DIRECTION('',(-0.515038074910057,0.,0.85716730070211));
#3566=DIRECTION('',(-1.23908819712629E-14,0.,1.));
#3567=DIRECTION('',(0.866025403784439,0.,0.5));
#3568=DIRECTION('',(1.,0.,0.));
#3569=DIRECTION('center_axis',(-0.783110847498294,0.621882143601586,0.));
#3570=DIRECTION('ref_axis',(0.,0.,1.));
#3571=DIRECTION('',(0.621882143601586,0.783110847498294,0.));
#3572=DIRECTION('',(0.,0.,1.));
#3573=DIRECTION('',(0.,0.,-1.));
#3574=DIRECTION('center_axis',(-3.34630300149847E-16,1.,0.));
#3575=DIRECTION('ref_axis',(1.,3.34630300149847E-16,0.));
#3576=DIRECTION('',(1.,3.34630300149847E-16,0.));
#3577=DIRECTION('',(0.,0.,-1.));
#3578=DIRECTION('center_axis',(0.783110847498294,0.621882143601586,0.));
#3579=DIRECTION('ref_axis',(0.,0.,-1.));
#3580=DIRECTION('',(0.621882143601586,-0.783110847498294,0.));
#3581=DIRECTION('center_axis',(0.,1.,0.));
#3582=DIRECTION('ref_axis',(1.,0.,0.));
#3583=DIRECTION('',(0.,0.,1.));
#3584=DIRECTION('',(0.707106781186548,0.,-0.707106781186548));
#3585=DIRECTION('',(1.,0.,0.));
#3586=DIRECTION('',(0.,0.,-1.));
#3587=DIRECTION('',(1.,0.,0.));
#3588=DIRECTION('center_axis',(-3.21245088143853E-16,-1.,0.));
#3589=DIRECTION('ref_axis',(-1.,3.21245088143853E-16,0.));
#3590=DIRECTION('center_axis',(0.,0.,1.));
#3591=DIRECTION('ref_axis',(1.,0.,0.));
#3592=DIRECTION('',(0.,1.,0.));
#3593=DIRECTION('',(-1.,-8.27548022978891E-31,-3.81639164714897E-16));
#3594=DIRECTION('',(0.,1.,0.));
#3595=DIRECTION('',(0.,1.,0.));
#3596=DIRECTION('',(-1.,0.,0.));
#3597=DIRECTION('',(0.,1.,0.));
#3598=DIRECTION('',(-1.,0.,0.));
#3599=DIRECTION('',(0.,1.,0.));
#3600=DIRECTION('',(0.,-1.,0.));
#3601=DIRECTION('',(0.,-1.,0.));
#3602=DIRECTION('',(-1.,0.,0.));
#3603=DIRECTION('',(0.,-1.,0.));
#3604=DIRECTION('',(0.,1.,0.));
#3605=DIRECTION('',(-1.,-8.27548022978891E-31,-3.81639164714898E-16));
#3606=DIRECTION('',(0.,1.,0.));
#3607=DIRECTION('',(0.,1.,0.));
#3608=DIRECTION('',(-1.,-8.2754802297889E-31,-3.81639164714897E-16));
#3609=DIRECTION('',(0.,1.,0.));
#3610=DIRECTION('center_axis',(-1.,3.59098808721314E-15,0.));
#3611=DIRECTION('ref_axis',(0.,0.,1.));
#3612=DIRECTION('',(0.,0.,-1.));
#3613=DIRECTION('',(0.,1.,0.));
#3614=DIRECTION('center_axis',(0.,-1.,0.));
#3615=DIRECTION('ref_axis',(0.,0.,-1.));
#3616=DIRECTION('',(1.,0.,0.));
#3617=DIRECTION('',(0.707106781186547,0.,-0.707106781186547));
#3618=DIRECTION('',(0.,0.,-1.));
#3619=DIRECTION('',(0.866025403784439,0.,0.5));
#3620=DIRECTION('',(-1.23908819712629E-14,0.,1.));
#3621=DIRECTION('',(-0.515038074910057,0.,0.857167300702111));
#3622=DIRECTION('center_axis',(-1.,0.,0.));
#3623=DIRECTION('ref_axis',(0.,0.,1.));
#3624=DIRECTION('',(0.,-1.,0.));
#3625=DIRECTION('center_axis',(1.,0.,0.));
#3626=DIRECTION('ref_axis',(0.,1.,0.));
#3627=DIRECTION('',(0.,1.,0.));
#3628=DIRECTION('center_axis',(1.,0.,0.));
#3629=DIRECTION('ref_axis',(0.,1.,0.));
#3630=DIRECTION('',(0.,1.,0.));
#3631=DIRECTION('',(0.,0.0697564737441253,-0.997564050259824));
#3632=DIRECTION('center_axis',(0.,0.997564050259824,0.0697564737441253));
#3633=DIRECTION('ref_axis',(1.,0.,0.));
#3634=DIRECTION('',(0.706243967529309,-0.0493853891036607,0.70624396752931));
#3635=DIRECTION('',(1.,0.,0.));
#3636=DIRECTION('',(-0.706243967529309,0.0493853891036607,-0.706243967529309));
#3637=DIRECTION('',(0.,0.0697564737441253,-0.997564050259824));
#3638=DIRECTION('center_axis',(1.,0.,0.));
#3639=DIRECTION('ref_axis',(0.,1.,0.));
#3640=DIRECTION('',(0.,1.,0.));
#3641=DIRECTION('center_axis',(-1.,0.,0.));
#3642=DIRECTION('ref_axis',(0.,0.,1.));
#3643=DIRECTION('',(0.,-1.,0.));
#3644=DIRECTION('',(0.,0.0697564737441253,-0.997564050259824));
#3645=DIRECTION('center_axis',(0.,0.997564050259824,0.0697564737441253));
#3646=DIRECTION('ref_axis',(1.,0.,0.));
#3647=DIRECTION('',(1.,0.,0.));
#3648=DIRECTION('',(0.70624396752931,0.0493853891036607,-0.706243967529309));
#3649=DIRECTION('',(0.,0.0697564737441253,-0.997564050259824));
#3650=DIRECTION('',(-0.70624396752931,-0.0493853891036607,0.706243967529309));
#3651=DIRECTION('center_axis',(-1.,0.,0.));
#3652=DIRECTION('ref_axis',(0.,0.,1.));
#3653=DIRECTION('',(0.,-1.,0.));
#3654=DIRECTION('center_axis',(-1.,0.,0.));
#3655=DIRECTION('ref_axis',(0.,0.,1.));
#3656=DIRECTION('',(0.,0.,1.));
#3657=DIRECTION('',(0.,-1.,0.));
#3658=DIRECTION('',(0.,-1.,0.));
#3659=DIRECTION('center_axis',(-9.85638338623186E-16,1.,0.));
#3660=DIRECTION('ref_axis',(1.,9.85638338623186E-16,0.));
#3661=DIRECTION('',(-0.515038074910058,-5.07641272482034E-16,-0.85716730070211));
#3662=DIRECTION('',(-1.,-9.85638338623186E-16,0.));
#3663=DIRECTION('',(-1.,-9.85638338623186E-16,0.));
#3664=DIRECTION('center_axis',(0.,0.,1.));
#3665=DIRECTION('ref_axis',(1.,0.,0.));
#3666=DIRECTION('',(0.,1.,0.));
#3667=DIRECTION('',(-1.,0.,0.));
#3668=DIRECTION('',(0.,1.,0.));
#3669=DIRECTION('',(1.,0.,0.));
#3670=DIRECTION('center_axis',(0.,1.,0.));
#3671=DIRECTION('ref_axis',(1.,0.,0.));
#3672=DIRECTION('',(0.,0.,1.));
#3673=DIRECTION('',(1.,0.,0.));
#3674=DIRECTION('center_axis',(0.,1.0842021724855E-15,-1.));
#3675=DIRECTION('ref_axis',(-1.,0.,0.));
#3676=DIRECTION('',(0.,1.,1.0842021724855E-15));
#3677=DIRECTION('center_axis',(0.,1.11609047167625E-15,-1.));
#3678=DIRECTION('ref_axis',(-1.,0.,0.));
#3679=DIRECTION('',(-1.,0.,0.));
#3680=DIRECTION('center_axis',(-0.5,0.,0.866025403784439));
#3681=DIRECTION('ref_axis',(0.,1.,0.));
#3682=DIRECTION('',(0.,1.,0.));
#3683=DIRECTION('center_axis',(-1.,0.,-1.23908819712629E-14));
#3684=DIRECTION('ref_axis',(-1.23908819712629E-14,0.,1.));
#3685=DIRECTION('',(0.,1.,0.));
#3686=DIRECTION('center_axis',(-0.857167300702111,0.,-0.515038074910057));
#3687=DIRECTION('ref_axis',(-0.515038074910057,0.,0.857167300702111));
#3688=DIRECTION('',(0.515038074910059,0.,-0.85716730070211));
#3689=DIRECTION('',(0.,-1.,0.));
#3690=DIRECTION('',(0.391041335811251,0.650802071941597,-0.650802071941598));
#3691=DIRECTION('center_axis',(1.,0.,-1.39397422176708E-14));
#3692=DIRECTION('ref_axis',(-1.39397422176708E-14,0.,-1.));
#3693=DIRECTION('',(0.,1.,0.));
#3694=DIRECTION('',(0.,1.,0.));
#3695=DIRECTION('center_axis',(0.499999999999999,0.,0.866025403784439));
#3696=DIRECTION('ref_axis',(0.,-1.,0.));
#3697=DIRECTION('center_axis',(0.85716730070211,0.,-0.515038074910058));
#3698=DIRECTION('ref_axis',(0.,-1.,0.));
#3699=DIRECTION('',(0.391041335811251,-0.650802071941597,0.650802071941598));
#3700=DIRECTION('',(0.,-1.,0.));
#3701=DIRECTION('center_axis',(2.91278195593121E-15,1.,0.));
#3702=DIRECTION('ref_axis',(1.,-2.91278195593121E-15,0.));
#3703=DIRECTION('',(0.,0.,1.));
#3704=DIRECTION('center_axis',(1.,0.,0.));
#3705=DIRECTION('ref_axis',(0.,1.,0.));
#3706=DIRECTION('center_axis',(-1.,0.,0.));
#3707=DIRECTION('ref_axis',(0.,0.,1.));
#3708=DIRECTION('',(0.,0.,-1.));
#3709=DIRECTION('',(0.,1.,0.));
#3710=DIRECTION('center_axis',(-2.91278195593121E-15,1.,0.));
#3711=DIRECTION('ref_axis',(1.,2.91278195593121E-15,0.));
#3712=DIRECTION('',(1.,2.91278195593121E-15,0.));
#3713=DIRECTION('center_axis',(0.,0.,-1.));
#3714=DIRECTION('ref_axis',(0.,-1.,0.));
#3715=DIRECTION('',(0.,-1.,0.));
#3716=DIRECTION('',(-1.,0.,0.));
#3717=DIRECTION('',(0.,-1.,0.));
#3718=DIRECTION('',(1.,0.,0.));
#3719=DIRECTION('center_axis',(0.,0.,-1.));
#3720=DIRECTION('ref_axis',(0.,-1.,0.));
#3721=DIRECTION('',(-1.,0.,0.));
#3722=DIRECTION('',(0.,-1.,0.));
#3723=DIRECTION('center_axis',(0.,0.,1.));
#3724=DIRECTION('ref_axis',(1.,0.,0.));
#3725=DIRECTION('',(0.,1.,0.));
#3726=DIRECTION('',(-1.,0.,0.));
#3727=DIRECTION('center_axis',(0.,-1.,0.));
#3728=DIRECTION('ref_axis',(0.,0.,-1.));
#3729=DIRECTION('center_axis',(0.,1.,0.));
#3730=DIRECTION('ref_axis',(1.,0.,0.));
#3731=DIRECTION('',(-1.,0.,0.));
#3732=DIRECTION('',(0.,0.,-1.));
#3733=DIRECTION('center_axis',(0.,-1.,0.));
#3734=DIRECTION('ref_axis',(0.,0.,-1.));
#3735=DIRECTION('',(0.,0.,1.));
#3736=DIRECTION('',(-1.,0.,0.));
#3737=DIRECTION('center_axis',(1.,0.,0.));
#3738=DIRECTION('ref_axis',(0.,0.,1.));
#3739=DIRECTION('center_axis',(1.,0.,0.));
#3740=DIRECTION('ref_axis',(0.,0.,-1.));
#3741=DIRECTION('',(-1.,0.,0.));
#3742=DIRECTION('center_axis',(0.,-0.611800719430358,-0.791011933983614));
#3743=DIRECTION('ref_axis',(0.,-0.791011933983614,0.611800719430358));
#3744=DIRECTION('',(0.,-0.791011933983614,0.611800719430358));
#3745=DIRECTION('',(-1.,0.,0.));
#3746=DIRECTION('center_axis',(1.,0.,0.));
#3747=DIRECTION('ref_axis',(0.,0.,1.));
#3748=DIRECTION('center_axis',(-1.,0.,0.));
#3749=DIRECTION('ref_axis',(0.,0.,-1.));
#3750=DIRECTION('',(-1.,0.,0.));
#3751=DIRECTION('center_axis',(-1.,0.,0.));
#3752=DIRECTION('ref_axis',(0.,0.,1.));
#3753=DIRECTION('center_axis',(-1.,0.,0.));
#3754=DIRECTION('ref_axis',(0.,0.,-1.));
#3755=DIRECTION('',(0.,0.,1.));
#3756=DIRECTION('center_axis',(1.,0.,0.));
#3757=DIRECTION('ref_axis',(0.,0.,1.));
#3758=DIRECTION('center_axis',(0.,-1.,0.));
#3759=DIRECTION('ref_axis',(0.,0.,-1.));
#3760=DIRECTION('center_axis',(0.,3.61400724161835E-16,-1.));
#3761=DIRECTION('ref_axis',(-1.,0.,0.));
#3762=DIRECTION('',(0.,-1.,-3.61400724161835E-16));
#3763=DIRECTION('',(0.,-1.,-3.61400724161835E-16));
#3764=DIRECTION('',(-1.,0.,0.));
#3765=DIRECTION('center_axis',(-1.,0.,0.));
#3766=DIRECTION('ref_axis',(0.,0.,1.));
#3767=DIRECTION('',(0.,-2.16840434497101E-15,-1.));
#3768=DIRECTION('center_axis',(-1.,0.,0.));
#3769=DIRECTION('ref_axis',(0.,0.,1.));
#3770=DIRECTION('',(0.,-2.16840434497101E-15,-1.));
#3771=DIRECTION('center_axis',(0.,1.,-2.16840434497101E-15));
#3772=DIRECTION('ref_axis',(0.,-2.16840434497101E-15,-1.));
#3773=DIRECTION('center_axis',(0.,0.707106781186547,0.707106781186548));
#3774=DIRECTION('ref_axis',(1.,0.,0.));
#3775=DIRECTION('',(0.,0.707106781186548,-0.707106781186547));
#3776=DIRECTION('',(1.,0.,0.));
#3777=DIRECTION('',(0.,0.707106781186548,-0.707106781186547));
#3778=DIRECTION('',(-1.,0.,0.));
#3779=DIRECTION('center_axis',(0.,0.,1.));
#3780=DIRECTION('ref_axis',(1.,0.,0.));
#3781=DIRECTION('',(0.,1.,0.));
#3782=DIRECTION('',(-1.,0.,0.));
#3783=DIRECTION('',(0.,1.,0.));
#3784=DIRECTION('center_axis',(0.,-0.847998304005065,0.529998940003217));
#3785=DIRECTION('ref_axis',(-1.,0.,0.));
#3786=DIRECTION('',(0.,0.529998940003217,0.847998304005065));
#3787=DIRECTION('',(1.,0.,0.));
#3788=DIRECTION('',(0.,0.529998940003217,0.847998304005065));
#3789=DIRECTION('center_axis',(1.,0.,0.));
#3790=DIRECTION('ref_axis',(0.,1.,0.));
#3791=DIRECTION('',(0.,3.70667409396754E-15,1.));
#3792=DIRECTION('',(0.,-1.00389090044954E-15,-1.));
#3793=DIRECTION('center_axis',(1.,0.,0.));
#3794=DIRECTION('ref_axis',(0.,1.,0.));
#3795=DIRECTION('',(0.,3.70667409396754E-15,1.));
#3796=DIRECTION('',(0.,-1.00389090044954E-15,-1.));
#3797=DIRECTION('center_axis',(0.,-1.,3.70667409396754E-15));
#3798=DIRECTION('ref_axis',(-1.,0.,0.));
#3799=DIRECTION('center_axis',(0.,1.,-1.00389090044954E-15));
#3800=DIRECTION('ref_axis',(0.,-1.00389090044954E-15,-1.));
#3801=DIRECTION('center_axis',(0.,-1.,3.70667409396754E-15));
#3802=DIRECTION('ref_axis',(-1.,0.,0.));
#3803=DIRECTION('',(0.,3.70667409396754E-15,1.));
#3804=DIRECTION('',(-1.,0.,0.));
#3805=DIRECTION('',(0.,3.70667409396754E-15,1.));
#3806=DIRECTION('center_axis',(1.,0.,0.));
#3807=DIRECTION('ref_axis',(0.,1.,0.));
#3808=DIRECTION('',(0.,-6.2550125335702E-16,-1.));
#3809=DIRECTION('',(0.,-1.,9.70927318643735E-16));
#3810=DIRECTION('',(0.,-1.89735380184963E-15,-1.));
#3811=DIRECTION('',(0.,1.,0.));
#3812=DIRECTION('center_axis',(1.,0.,0.));
#3813=DIRECTION('ref_axis',(0.,1.,0.));
#3814=DIRECTION('',(0.,-6.2550125335702E-16,-1.));
#3815=DIRECTION('',(0.,1.,0.));
#3816=DIRECTION('',(0.,-1.89735380184963E-15,-1.));
#3817=DIRECTION('',(0.,-1.,9.70927318643735E-16));
#3818=DIRECTION('center_axis',(0.,1.,-1.89735380184963E-15));
#3819=DIRECTION('ref_axis',(0.,-1.89735380184963E-15,-1.));
#3820=DIRECTION('',(-1.,0.,0.));
#3821=DIRECTION('',(-1.,0.,0.));
#3822=DIRECTION('center_axis',(0.,0.,1.));
#3823=DIRECTION('ref_axis',(1.,0.,0.));
#3824=DIRECTION('',(-1.,0.,0.));
#3825=DIRECTION('center_axis',(0.,1.,-6.2550125335702E-16));
#3826=DIRECTION('ref_axis',(0.,-6.2550125335702E-16,-1.));
#3827=DIRECTION('center_axis',(0.,-9.70927318643735E-16,-1.));
#3828=DIRECTION('ref_axis',(0.,-1.,9.70927318643735E-16));
#3829=DIRECTION('center_axis',(0.,0.847998304005065,-0.529998940003217));
#3830=DIRECTION('ref_axis',(-1.,0.,0.));
#3831=DIRECTION('',(0.,-0.529998940003217,-0.847998304005065));
#3832=DIRECTION('',(-1.,0.,0.));
#3833=DIRECTION('',(0.,-0.529998940003217,-0.847998304005065));
#3834=DIRECTION('',(1.,0.,0.));
#3835=DIRECTION('center_axis',(0.,0.,-1.));
#3836=DIRECTION('ref_axis',(0.,-1.,0.));
#3837=DIRECTION('',(0.,-1.,0.));
#3838=DIRECTION('',(1.,0.,0.));
#3839=DIRECTION('',(0.,-1.,0.));
#3840=DIRECTION('center_axis',(0.,-0.707106781186547,-0.707106781186548));
#3841=DIRECTION('ref_axis',(0.,-0.707106781186548,0.707106781186547));
#3842=DIRECTION('',(0.,-0.707106781186548,0.707106781186547));
#3843=DIRECTION('',(-1.,0.,0.));
#3844=DIRECTION('',(0.,-0.707106781186548,0.707106781186547));
#3845=DIRECTION('center_axis',(1.,0.,0.));
#3846=DIRECTION('ref_axis',(0.,1.,0.));
#3847=DIRECTION('',(0.,3.70667409396754E-15,1.));
#3848=DIRECTION('',(0.,-1.00389090044954E-15,-1.));
#3849=DIRECTION('center_axis',(1.,0.,0.));
#3850=DIRECTION('ref_axis',(0.,1.,0.));
#3851=DIRECTION('',(0.,3.70667409396754E-15,1.));
#3852=DIRECTION('',(0.,-1.00389090044954E-15,-1.));
#3853=DIRECTION('center_axis',(0.,1.,-3.70667409396754E-15));
#3854=DIRECTION('ref_axis',(0.,-3.70667409396754E-15,-1.));
#3855=DIRECTION('center_axis',(0.,-1.,1.00389090044954E-15));
#3856=DIRECTION('ref_axis',(-1.,0.,0.));
#3857=DIRECTION('center_axis',(0.,1.,-3.70667409396754E-15));
#3858=DIRECTION('ref_axis',(0.,-3.70667409396754E-15,-1.));
#3859=DIRECTION('',(0.,3.70667409396754E-15,1.));
#3860=DIRECTION('',(0.,3.70667409396754E-15,1.));
#3861=DIRECTION('',(1.,0.,0.));
#3862=DIRECTION('center_axis',(1.,0.,0.));
#3863=DIRECTION('ref_axis',(0.,1.,0.));
#3864=DIRECTION('',(0.,-6.2550125335702E-16,-1.));
#3865=DIRECTION('',(0.,1.,0.));
#3866=DIRECTION('',(0.,-1.89735380184963E-15,-1.));
#3867=DIRECTION('',(0.,-1.,9.70927318643735E-16));
#3868=DIRECTION('center_axis',(1.,0.,0.));
#3869=DIRECTION('ref_axis',(0.,1.,0.));
#3870=DIRECTION('',(0.,-6.2550125335702E-16,-1.));
#3871=DIRECTION('',(0.,-1.,9.70927318643735E-16));
#3872=DIRECTION('',(0.,-1.89735380184963E-15,-1.));
#3873=DIRECTION('',(0.,1.,0.));
#3874=DIRECTION('center_axis',(0.,-1.,1.89735380184963E-15));
#3875=DIRECTION('ref_axis',(-1.,0.,0.));
#3876=DIRECTION('',(1.,0.,0.));
#3877=DIRECTION('',(1.,0.,0.));
#3878=DIRECTION('center_axis',(0.,0.,-1.));
#3879=DIRECTION('ref_axis',(0.,-1.,0.));
#3880=DIRECTION('',(1.,0.,0.));
#3881=DIRECTION('center_axis',(0.,-1.,6.2550125335702E-16));
#3882=DIRECTION('ref_axis',(-1.,0.,0.));
#3883=DIRECTION('center_axis',(0.,9.70927318643735E-16,1.));
#3884=DIRECTION('ref_axis',(0.,-1.,9.70927318643735E-16));
#3885=DIRECTION('center_axis',(0.,-9.42784497813485E-16,1.));
#3886=DIRECTION('ref_axis',(0.,-1.,-9.42784497813485E-16));
#3887=DIRECTION('center_axis',(1.,0.,0.));
#3888=DIRECTION('ref_axis',(0.,0.,1.));
#3889=DIRECTION('',(-1.,0.,0.));
#3890=DIRECTION('center_axis',(0.,-0.611800719430358,-0.791011933983614));
#3891=DIRECTION('ref_axis',(0.,-0.791011933983614,0.611800719430358));
#3892=DIRECTION('',(-1.,0.,0.));
#3893=DIRECTION('center_axis',(1.,0.,0.));
#3894=DIRECTION('ref_axis',(0.,0.,1.));
#3895=DIRECTION('',(-1.,0.,0.));
#3896=DIRECTION('center_axis',(1.,0.,0.));
#3897=DIRECTION('ref_axis',(0.,0.,1.));
#3898=DIRECTION('center_axis',(0.,-1.,0.));
#3899=DIRECTION('ref_axis',(0.,0.,-1.));
#3900=DIRECTION('center_axis',(0.,3.61400724161835E-16,-1.));
#3901=DIRECTION('ref_axis',(-1.,0.,0.));
#3902=DIRECTION('',(0.,-1.,-3.61400724161835E-16));
#3903=DIRECTION('',(0.,-1.,-3.61400724161835E-16));
#3904=DIRECTION('',(-1.,0.,0.));
#3905=DIRECTION('center_axis',(-1.,0.,0.));
#3906=DIRECTION('ref_axis',(0.,0.,1.));
#3907=DIRECTION('',(0.,-2.16840434497101E-15,-1.));
#3908=DIRECTION('center_axis',(-1.,0.,0.));
#3909=DIRECTION('ref_axis',(0.,0.,1.));
#3910=DIRECTION('',(0.,-2.16840434497101E-15,-1.));
#3911=DIRECTION('center_axis',(0.,1.,-2.16840434497101E-15));
#3912=DIRECTION('ref_axis',(0.,-2.16840434497101E-15,-1.));
#3913=DIRECTION('center_axis',(0.,-9.42784497813485E-16,1.));
#3914=DIRECTION('ref_axis',(0.,-1.,-9.42784497813485E-16));
#3915=DIRECTION('',(0.,-1.,-9.42784497813485E-16));
#3916=DIRECTION('center_axis',(1.,0.,0.));
#3917=DIRECTION('ref_axis',(0.,0.,1.));
#3918=DIRECTION('center_axis',(1.,0.,0.));
#3919=DIRECTION('ref_axis',(0.,0.,-1.));
#3920=DIRECTION('',(-1.,0.,0.));
#3921=DIRECTION('center_axis',(0.,-0.611800719430358,-0.791011933983614));
#3922=DIRECTION('ref_axis',(0.,-0.791011933983614,0.611800719430358));
#3923=DIRECTION('',(0.,-0.791011933983614,0.611800719430358));
#3924=DIRECTION('',(-1.,0.,0.));
#3925=DIRECTION('center_axis',(1.,0.,0.));
#3926=DIRECTION('ref_axis',(0.,0.,1.));
#3927=DIRECTION('center_axis',(-1.,0.,0.));
#3928=DIRECTION('ref_axis',(0.,0.,-1.));
#3929=DIRECTION('',(-1.,0.,0.));
#3930=DIRECTION('center_axis',(-1.,0.,0.));
#3931=DIRECTION('ref_axis',(0.,0.,1.));
#3932=DIRECTION('center_axis',(-1.,0.,0.));
#3933=DIRECTION('ref_axis',(0.,0.,-1.));
#3934=DIRECTION('',(0.,0.,1.));
#3935=DIRECTION('center_axis',(1.,0.,0.));
#3936=DIRECTION('ref_axis',(0.,0.,1.));
#3937=DIRECTION('center_axis',(0.,-1.,0.));
#3938=DIRECTION('ref_axis',(0.,0.,-1.));
#3939=DIRECTION('center_axis',(0.,3.61400724161835E-16,-1.));
#3940=DIRECTION('ref_axis',(-1.,0.,0.));
#3941=DIRECTION('',(0.,-1.,-3.61400724161835E-16));
#3942=DIRECTION('',(0.,-1.,-3.61400724161835E-16));
#3943=DIRECTION('',(-1.,0.,0.));
#3944=DIRECTION('center_axis',(-1.,0.,0.));
#3945=DIRECTION('ref_axis',(0.,0.,1.));
#3946=DIRECTION('',(0.,-2.16840434497101E-15,-1.));
#3947=DIRECTION('center_axis',(-1.,0.,0.));
#3948=DIRECTION('ref_axis',(0.,0.,1.));
#3949=DIRECTION('',(0.,-2.16840434497101E-15,-1.));
#3950=DIRECTION('center_axis',(0.,1.,-2.16840434497101E-15));
#3951=DIRECTION('ref_axis',(0.,-2.16840434497101E-15,-1.));
#3952=DIRECTION('center_axis',(0.,0.707106781186549,0.707106781186547));
#3953=DIRECTION('ref_axis',(1.,0.,0.));
#3954=DIRECTION('',(-0.577350269189626,-0.577350269189625,0.577350269189626));
#3955=DIRECTION('center_axis',(0.707106781186548,0.,0.707106781186548));
#3956=DIRECTION('ref_axis',(0.,-1.,0.));
#3957=DIRECTION('center_axis',(0.,-0.707106781186549,-0.707106781186547));
#3958=DIRECTION('ref_axis',(0.,0.707106781186547,-0.707106781186549));
#3959=DIRECTION('',(-0.577350269189626,0.577350269189625,-0.577350269189626));
#3960=DIRECTION('center_axis',(0.707106781186548,0.,-0.707106781186548));
#3961=DIRECTION('ref_axis',(0.,-1.,0.));
#3962=DIRECTION('center_axis',(0.,0.382683432365091,-0.923879532511286));
#3963=DIRECTION('ref_axis',(-1.,0.,0.));
#3964=DIRECTION('center_axis',(-0.707106781186548,0.,0.707106781186547));
#3965=DIRECTION('ref_axis',(0.,1.,0.));
#3966=DIRECTION('',(0.563438436971056,-0.604213749832976,0.563438436971056));
#3967=DIRECTION('center_axis',(0.,-0.681998360062498,-0.731353701619171));
#3968=DIRECTION('ref_axis',(0.,-0.731353701619171,0.681998360062498));
#3969=DIRECTION('',(0.563438436971056,-0.604213749832976,0.563438436971056));
#3970=DIRECTION('center_axis',(-0.707106781186548,0.,0.707106781186548));
#3971=DIRECTION('ref_axis',(0.,1.,0.));
#3972=DIRECTION('',(0.577350269189626,0.577350269189626,0.577350269189626));
#3973=DIRECTION('center_axis',(0.,-0.707106781186548,0.707106781186548));
#3974=DIRECTION('ref_axis',(-1.,0.,0.));
#3975=DIRECTION('',(-0.577350269189626,0.577350269189626,0.577350269189626));
#3976=DIRECTION('center_axis',(0.707106781186547,0.,0.707106781186548));
#3977=DIRECTION('ref_axis',(0.,-1.,0.));
#3978=DIRECTION('',(-0.563438436971057,-0.604213749832975,0.563438436971056));
#3979=DIRECTION('center_axis',(0.,-0.681998360062499,-0.73135370161917));
#3980=DIRECTION('ref_axis',(0.,-0.73135370161917,0.681998360062499));
#3981=DIRECTION('',(-0.563438436971057,-0.604213749832975,0.563438436971056));
#3982=DIRECTION('center_axis',(0.707106781186547,0.,0.707106781186548));
#3983=DIRECTION('ref_axis',(0.,-1.,0.));
#3984=DIRECTION('center_axis',(-0.894427190999916,-0.447213595499957,0.));
#3985=DIRECTION('ref_axis',(-0.447213595499957,0.894427190999916,0.));
#3986=DIRECTION('',(0.,0.,-1.));
#3987=DIRECTION('',(-0.447213595499957,0.894427190999916,0.));
#3988=DIRECTION('',(0.,0.,-1.));
#3989=DIRECTION('center_axis',(0.894427190999917,-0.447213595499956,0.));
#3990=DIRECTION('ref_axis',(0.,0.,-1.));
#3991=DIRECTION('',(0.,0.,-1.));
#3992=DIRECTION('',(-0.447213595499956,-0.894427190999917,0.));
#3993=DIRECTION('center_axis',(0.,1.,0.));
#3994=DIRECTION('ref_axis',(1.,0.,0.));
#3995=DIRECTION('',(1.,0.,0.));
#3996=DIRECTION('center_axis',(0.,0.,-1.));
#3997=DIRECTION('ref_axis',(0.,-1.,0.));
#3998=CARTESIAN_POINT('',(0.,0.,0.));
#3999=CARTESIAN_POINT('Origin',(-1.1,2.035,0.1));
#4000=CARTESIAN_POINT('',(1.1,1.935,0.1));
#4001=CARTESIAN_POINT('',(1.1,2.035,0.));
#4002=CARTESIAN_POINT('Origin',(1.1,2.035,0.1));
#4003=CARTESIAN_POINT('',(1.3,2.035,0.));
#4004=CARTESIAN_POINT('',(-1.1,2.035,0.));
#4005=CARTESIAN_POINT('',(1.3,1.935,0.1));
#4006=CARTESIAN_POINT('Origin',(1.3,2.035,0.1));
#4007=CARTESIAN_POINT('',(-1.1,1.935,0.1));
#4008=CARTESIAN_POINT('Origin',(1.3,1.885,0.640000000000001));
#4009=CARTESIAN_POINT('',(1.3,2.265,2.08166817117217E-16));
#4010=CARTESIAN_POINT('',(1.3,1.96,-6.93889390390723E-17));
#4011=CARTESIAN_POINT('',(1.3,2.315,0.0500000000000002));
#4012=CARTESIAN_POINT('Origin',(1.3,2.265,0.0500000000000002));
#4013=CARTESIAN_POINT('',(1.3,2.315,0.41));
#4014=CARTESIAN_POINT('',(1.3,2.315,0.22));
#4015=CARTESIAN_POINT('',(1.3,2.29559003597152,0.449550596699181));
#4016=CARTESIAN_POINT('Origin',(1.3,2.265,0.41));
#4017=CARTESIAN_POINT('',(1.3,2.18829195683418,0.532539283960983));
#4018=CARTESIAN_POINT('',(1.3,2.29559003597152,0.449550596699182));
#4019=CARTESIAN_POINT('',(1.3,2.215,0.639160797830997));
#4020=CARTESIAN_POINT('Origin',(1.3,2.225,0.58));
#4021=CARTESIAN_POINT('',(1.3,2.215,0.98));
#4022=CARTESIAN_POINT('',(1.3,2.215,0.639160797830996));
#4023=CARTESIAN_POINT('',(1.3,2.205,0.98));
#4024=CARTESIAN_POINT('',(1.3,2.285,0.98));
#4025=CARTESIAN_POINT('',(1.3,2.205,0.74));
#4026=CARTESIAN_POINT('',(1.3,2.205,0.98));
#4027=CARTESIAN_POINT('',(1.3,1.905,0.74));
#4028=CARTESIAN_POINT('',(1.3,2.205,0.74));
#4029=CARTESIAN_POINT('',(1.3,1.905,0.685825756949559));
#4030=CARTESIAN_POINT('',(1.3,1.905,0.74));
#4031=CARTESIAN_POINT('',(1.3,1.935,0.640000000000001));
#4032=CARTESIAN_POINT('Origin',(1.3,1.885,0.640000000000001));
#4033=CARTESIAN_POINT('',(1.3,1.935,0.64));
#4034=CARTESIAN_POINT('Origin',(-1.1,2.035,0.));
#4035=CARTESIAN_POINT('',(1.1,2.265,2.08166817117217E-16));
#4036=CARTESIAN_POINT('',(1.1,1.96,-6.93889390390723E-17));
#4037=CARTESIAN_POINT('',(-1.1,2.265,2.08166817117217E-16));
#4038=CARTESIAN_POINT('Origin',(-1.1,2.265,0.0500000000000002));
#4039=CARTESIAN_POINT('',(1.1,2.315,0.0500000000000002));
#4040=CARTESIAN_POINT('Origin',(1.1,2.265,0.0500000000000002));
#4041=CARTESIAN_POINT('',(-1.1,2.315,0.0500000000000002));
#4042=CARTESIAN_POINT('Origin',(-1.1,2.035,0.1));
#4043=CARTESIAN_POINT('',(-0.0999999999999997,1.935,0.1));
#4044=CARTESIAN_POINT('',(-0.0999999999999997,2.035,0.));
#4045=CARTESIAN_POINT('Origin',(-0.0999999999999997,2.035,0.1));
#4046=CARTESIAN_POINT('',(0.1,2.035,0.));
#4047=CARTESIAN_POINT('',(-1.1,2.035,0.));
#4048=CARTESIAN_POINT('',(0.1,1.935,0.1));
#4049=CARTESIAN_POINT('Origin',(0.1,2.035,0.1));
#4050=CARTESIAN_POINT('',(-1.1,1.935,0.1));
#4051=CARTESIAN_POINT('Origin',(-1.1,1.935,0.64));
#4052=CARTESIAN_POINT('',(0.1,1.935,0.640000000000001));
#4053=CARTESIAN_POINT('',(0.1,1.935,0.64));
#4054=CARTESIAN_POINT('',(-0.0999999999999997,1.935,0.640000000000001));
#4055=CARTESIAN_POINT('',(0.1,1.935,0.640000000000001));
#4056=CARTESIAN_POINT('',(-0.0999999999999997,1.935,0.64));
#4057=CARTESIAN_POINT('Origin',(0.1,1.885,0.640000000000001));
#4058=CARTESIAN_POINT('',(0.1,2.265,2.08166817117217E-16));
#4059=CARTESIAN_POINT('',(0.1,1.96,-6.93889390390723E-17));
#4060=CARTESIAN_POINT('',(0.1,2.315,0.0500000000000002));
#4061=CARTESIAN_POINT('Origin',(0.1,2.265,0.0500000000000002));
#4062=CARTESIAN_POINT('',(0.1,2.315,0.41));
#4063=CARTESIAN_POINT('',(0.1,2.315,0.22));
#4064=CARTESIAN_POINT('',(0.1,2.29559003597152,0.449550596699181));
#4065=CARTESIAN_POINT('Origin',(0.1,2.265,0.41));
#4066=CARTESIAN_POINT('',(0.1,2.18829195683418,0.532539283960983));
#4067=CARTESIAN_POINT('',(0.1,2.29559003597152,0.449550596699182));
#4068=CARTESIAN_POINT('',(0.1,2.215,0.639160797830997));
#4069=CARTESIAN_POINT('Origin',(0.1,2.225,0.58));
#4070=CARTESIAN_POINT('',(0.1,2.215,0.98));
#4071=CARTESIAN_POINT('',(0.1,2.215,0.639160797830996));
#4072=CARTESIAN_POINT('',(0.1,2.205,0.98));
#4073=CARTESIAN_POINT('',(0.1,2.285,0.98));
#4074=CARTESIAN_POINT('',(0.1,2.205,0.74));
#4075=CARTESIAN_POINT('',(0.1,2.205,0.98));
#4076=CARTESIAN_POINT('',(0.1,1.905,0.74));
#4077=CARTESIAN_POINT('',(0.1,2.205,0.74));
#4078=CARTESIAN_POINT('',(0.1,1.905,0.685825756949559));
#4079=CARTESIAN_POINT('',(0.1,1.905,0.74));
#4080=CARTESIAN_POINT('Origin',(0.1,1.885,0.640000000000001));
#4081=CARTESIAN_POINT('Origin',(-1.1,2.265,0.0500000000000002));
#4082=CARTESIAN_POINT('',(-0.0999999999999997,2.265,2.08166817117217E-16));
#4083=CARTESIAN_POINT('',(-0.0999999999999997,2.315,0.0500000000000002));
#4084=CARTESIAN_POINT('Origin',(-0.0999999999999997,2.265,0.0500000000000002));
#4085=CARTESIAN_POINT('',(-1.1,2.315,0.0500000000000002));
#4086=CARTESIAN_POINT('',(-1.1,2.265,2.08166817117217E-16));
#4087=CARTESIAN_POINT('Origin',(-1.1,2.315,0.22));
#4088=CARTESIAN_POINT('',(-0.0999999999999997,2.315,0.41));
#4089=CARTESIAN_POINT('',(-0.0999999999999997,2.315,0.22));
#4090=CARTESIAN_POINT('',(0.1,2.315,0.41));
#4091=CARTESIAN_POINT('Origin',(-0.0999999999999997,1.885,0.640000000000001));
#4092=CARTESIAN_POINT('',(-0.0999999999999997,1.905,0.685825756949559));
#4093=CARTESIAN_POINT('Origin',(-0.0999999999999997,1.885,0.640000000000001));
#4094=CARTESIAN_POINT('',(-0.0999999999999997,1.905,0.74));
#4095=CARTESIAN_POINT('',(-0.0999999999999997,1.905,0.74));
#4096=CARTESIAN_POINT('',(-0.0999999999999997,2.205,0.74));
#4097=CARTESIAN_POINT('',(-0.0999999999999997,2.205,0.74));
#4098=CARTESIAN_POINT('',(-0.0999999999999997,2.205,0.98));
#4099=CARTESIAN_POINT('',(-0.0999999999999997,2.205,0.98));
#4100=CARTESIAN_POINT('',(-0.0999999999999997,2.215,0.98));
#4101=CARTESIAN_POINT('',(-0.0999999999999997,2.285,0.98));
#4102=CARTESIAN_POINT('',(-0.0999999999999997,2.215,0.639160797830997));
#4103=CARTESIAN_POINT('',(-0.0999999999999997,2.215,0.639160797830996));
#4104=CARTESIAN_POINT('',(-0.0999999999999997,2.18829195683418,0.532539283960983));
#4105=CARTESIAN_POINT('Origin',(-0.0999999999999997,2.225,0.58));
#4106=CARTESIAN_POINT('',(-0.0999999999999997,2.29559003597152,0.449550596699181));
#4107=CARTESIAN_POINT('',(-0.0999999999999997,2.29559003597152,0.449550596699182));
#4108=CARTESIAN_POINT('Origin',(-0.0999999999999997,2.265,0.41));
#4109=CARTESIAN_POINT('',(-0.0999999999999997,1.96,-6.93889390390723E-17));
#4110=CARTESIAN_POINT('Origin',(-1.1,2.035,0.1));
#4111=CARTESIAN_POINT('',(-1.3,1.935,0.1));
#4112=CARTESIAN_POINT('',(-1.3,2.035,0.));
#4113=CARTESIAN_POINT('Origin',(-1.3,2.035,0.1));
#4114=CARTESIAN_POINT('',(-1.1,2.035,0.));
#4115=CARTESIAN_POINT('',(-1.1,2.035,0.));
#4116=CARTESIAN_POINT('',(-1.1,1.935,0.1));
#4117=CARTESIAN_POINT('Origin',(-1.1,2.035,0.1));
#4118=CARTESIAN_POINT('',(-1.1,1.935,0.1));
#4119=CARTESIAN_POINT('Origin',(-1.1,1.935,0.64));
#4120=CARTESIAN_POINT('',(-1.1,1.935,0.640000000000001));
#4121=CARTESIAN_POINT('',(-1.1,1.935,0.64));
#4122=CARTESIAN_POINT('',(-1.3,1.935,0.640000000000001));
#4123=CARTESIAN_POINT('',(-1.1,1.935,0.640000000000001));
#4124=CARTESIAN_POINT('',(-1.3,1.935,0.64));
#4125=CARTESIAN_POINT('Origin',(-1.1,1.885,0.640000000000001));
#4126=CARTESIAN_POINT('',(-1.1,2.265,2.08166817117217E-16));
#4127=CARTESIAN_POINT('',(-1.1,1.96,-6.93889390390723E-17));
#4128=CARTESIAN_POINT('',(-1.1,2.315,0.0500000000000002));
#4129=CARTESIAN_POINT('Origin',(-1.1,2.265,0.0500000000000002));
#4130=CARTESIAN_POINT('',(-1.1,2.315,0.41));
#4131=CARTESIAN_POINT('',(-1.1,2.315,0.22));
#4132=CARTESIAN_POINT('',(-1.1,2.29559003597152,0.449550596699181));
#4133=CARTESIAN_POINT('Origin',(-1.1,2.265,0.41));
#4134=CARTESIAN_POINT('',(-1.1,2.18829195683418,0.532539283960983));
#4135=CARTESIAN_POINT('',(-1.1,2.29559003597152,0.449550596699182));
#4136=CARTESIAN_POINT('',(-1.1,2.215,0.639160797830997));
#4137=CARTESIAN_POINT('Origin',(-1.1,2.225,0.58));
#4138=CARTESIAN_POINT('',(-1.1,2.215,0.98));
#4139=CARTESIAN_POINT('',(-1.1,2.215,0.639160797830996));
#4140=CARTESIAN_POINT('',(-1.1,2.205,0.98));
#4141=CARTESIAN_POINT('',(-1.1,2.285,0.98));
#4142=CARTESIAN_POINT('',(-1.1,2.205,0.74));
#4143=CARTESIAN_POINT('',(-1.1,2.205,0.98));
#4144=CARTESIAN_POINT('',(-1.1,1.905,0.74));
#4145=CARTESIAN_POINT('',(-1.1,2.205,0.74));
#4146=CARTESIAN_POINT('',(-1.1,1.905,0.685825756949559));
#4147=CARTESIAN_POINT('',(-1.1,1.905,0.74));
#4148=CARTESIAN_POINT('Origin',(-1.1,1.885,0.640000000000001));
#4149=CARTESIAN_POINT('Origin',(-1.1,2.265,0.0500000000000002));
#4150=CARTESIAN_POINT('',(-1.3,2.265,2.08166817117217E-16));
#4151=CARTESIAN_POINT('',(-1.3,2.315,0.0500000000000002));
#4152=CARTESIAN_POINT('Origin',(-1.3,2.265,0.0500000000000002));
#4153=CARTESIAN_POINT('',(-1.1,2.315,0.0500000000000002));
#4154=CARTESIAN_POINT('',(-1.1,2.265,2.08166817117217E-16));
#4155=CARTESIAN_POINT('Origin',(-1.1,2.315,0.22));
#4156=CARTESIAN_POINT('',(-1.3,2.315,0.41));
#4157=CARTESIAN_POINT('',(-1.3,2.315,0.22));
#4158=CARTESIAN_POINT('',(-1.1,2.315,0.41));
#4159=CARTESIAN_POINT('Origin',(2.2,1.465,0.42));
#4160=CARTESIAN_POINT('',(2.2,1.465,1.42));
#4161=CARTESIAN_POINT('',(2.2,1.465,0.42));
#4162=CARTESIAN_POINT('',(2.2,1.465,0.42));
#4163=CARTESIAN_POINT('',(-2.2,1.465,1.42));
#4164=CARTESIAN_POINT('',(-2.2,1.465,1.42));
#4165=CARTESIAN_POINT('',(-2.2,1.465,0.42));
#4166=CARTESIAN_POINT('',(-2.2,1.465,0.42));
#4167=CARTESIAN_POINT('',(-1.3,1.465,0.42));
#4168=CARTESIAN_POINT('',(2.2,1.465,0.42));
#4169=CARTESIAN_POINT('',(-1.3,1.465,1.14));
#4170=CARTESIAN_POINT('',(-1.3,1.465,0.42));
#4171=CARTESIAN_POINT('',(-1.1,1.465,1.14));
#4172=CARTESIAN_POINT('',(2.2,1.465,1.14));
#4173=CARTESIAN_POINT('',(-1.1,1.465,0.42));
#4174=CARTESIAN_POINT('',(-1.1,1.465,0.42));
#4175=CARTESIAN_POINT('',(-0.0999999999999997,1.465,0.42));
#4176=CARTESIAN_POINT('',(2.2,1.465,0.42));
#4177=CARTESIAN_POINT('',(-0.0999999999999997,1.465,1.14));
#4178=CARTESIAN_POINT('',(-0.0999999999999997,1.465,0.42));
#4179=CARTESIAN_POINT('',(0.1,1.465,1.14));
#4180=CARTESIAN_POINT('',(2.2,1.465,1.14));
#4181=CARTESIAN_POINT('',(0.1,1.465,0.42));
#4182=CARTESIAN_POINT('',(0.1,1.465,0.42));
#4183=CARTESIAN_POINT('',(1.1,1.465,0.42));
#4184=CARTESIAN_POINT('',(2.2,1.465,0.42));
#4185=CARTESIAN_POINT('',(1.1,1.465,1.14));
#4186=CARTESIAN_POINT('',(1.1,1.465,0.42));
#4187=CARTESIAN_POINT('',(1.3,1.465,1.14));
#4188=CARTESIAN_POINT('',(2.2,1.465,1.14));
#4189=CARTESIAN_POINT('',(1.3,1.465,0.42));
#4190=CARTESIAN_POINT('',(1.3,1.465,0.42));
#4191=CARTESIAN_POINT('',(2.2,1.465,0.42));
#4192=CARTESIAN_POINT('Origin',(2.7,2.285,0.98));
#4193=CARTESIAN_POINT('',(2.7,2.205,0.98));
#4194=CARTESIAN_POINT('',(-1.3,2.215,0.98));
#4195=CARTESIAN_POINT('',(2.7,2.215,0.98));
#4196=CARTESIAN_POINT('',(-1.3,2.205,0.98));
#4197=CARTESIAN_POINT('',(-1.3,2.285,0.98));
#4198=CARTESIAN_POINT('',(-2.8,2.205,0.98));
#4199=CARTESIAN_POINT('',(2.7,2.205,0.98));
#4200=CARTESIAN_POINT('',(-2.8,2.385,0.98));
#4201=CARTESIAN_POINT('',(-2.8,2.285,0.98));
#4202=CARTESIAN_POINT('',(2.8,2.385,0.98));
#4203=CARTESIAN_POINT('',(2.7,2.385,0.98));
#4204=CARTESIAN_POINT('',(2.8,2.205,0.98));
#4205=CARTESIAN_POINT('',(2.8,0.035,0.98));
#4206=CARTESIAN_POINT('',(2.7,2.205,0.98));
#4207=CARTESIAN_POINT('',(1.1,2.215,0.98));
#4208=CARTESIAN_POINT('',(2.7,2.215,0.98));
#4209=CARTESIAN_POINT('',(1.1,2.205,0.98));
#4210=CARTESIAN_POINT('',(1.1,2.285,0.98));
#4211=CARTESIAN_POINT('',(2.7,2.205,0.98));
#4212=CARTESIAN_POINT('',(2.7,2.215,0.98));
#4213=CARTESIAN_POINT('Origin',(2.7,1.905,0.74));
#4214=CARTESIAN_POINT('',(-1.3,1.905,0.685825756949559));
#4215=CARTESIAN_POINT('',(-1.1,1.905,0.685825756949559));
#4216=CARTESIAN_POINT('',(2.7,1.905,0.74));
#4217=CARTESIAN_POINT('',(0.1,1.905,0.685825756949559));
#4218=CARTESIAN_POINT('',(1.1,1.905,0.74));
#4219=CARTESIAN_POINT('',(2.7,1.905,0.74));
#4220=CARTESIAN_POINT('',(1.1,1.905,0.685825756949559));
#4221=CARTESIAN_POINT('',(1.1,1.905,0.74));
#4222=CARTESIAN_POINT('',(1.3,1.905,0.685825756949559));
#4223=CARTESIAN_POINT('',(2.8,1.905,0.74));
#4224=CARTESIAN_POINT('',(2.7,1.905,0.74));
#4225=CARTESIAN_POINT('',(2.8,1.905,0.32));
#4226=CARTESIAN_POINT('',(2.8,1.905,1.18));
#4227=CARTESIAN_POINT('',(-2.8,1.905,0.32));
#4228=CARTESIAN_POINT('',(2.7,1.905,0.32));
#4229=CARTESIAN_POINT('',(-2.8,1.905,0.74));
#4230=CARTESIAN_POINT('',(-2.8,1.905,1.18));
#4231=CARTESIAN_POINT('',(-1.3,1.905,0.74));
#4232=CARTESIAN_POINT('',(2.7,1.905,0.74));
#4233=CARTESIAN_POINT('',(-1.3,1.905,0.74));
#4234=CARTESIAN_POINT('Origin',(2.7,2.205,0.98));
#4235=CARTESIAN_POINT('',(2.7,2.205,0.74));
#4236=CARTESIAN_POINT('Origin',(2.7,2.205,0.74));
#4237=CARTESIAN_POINT('Origin',(2.7,2.205,0.98));
#4238=CARTESIAN_POINT('',(1.1,2.205,0.74));
#4239=CARTESIAN_POINT('',(2.7,2.205,0.74));
#4240=CARTESIAN_POINT('',(1.1,2.205,0.98));
#4241=CARTESIAN_POINT('Origin',(2.7,2.205,0.74));
#4242=CARTESIAN_POINT('',(1.1,2.205,0.74));
#4243=CARTESIAN_POINT('Origin',(1.2,-2.005,0.97));
#4244=CARTESIAN_POINT('',(-2.8,-2.315,0.97));
#4245=CARTESIAN_POINT('',(-2.8,-1.355,0.97));
#4246=CARTESIAN_POINT('',(-2.8,0.14,0.97));
#4247=CARTESIAN_POINT('',(-2.15,-2.315,0.97));
#4248=CARTESIAN_POINT('',(-0.75,-2.315,0.97));
#4249=CARTESIAN_POINT('',(-2.15,-1.355,0.97));
#4250=CARTESIAN_POINT('',(-2.15,-2.215,0.97));
#4251=CARTESIAN_POINT('',(-2.15,-1.355,0.97));
#4252=CARTESIAN_POINT('',(-2.415,-1.785,0.97));
#4253=CARTESIAN_POINT('',(-2.215,-1.785,0.97));
#4254=CARTESIAN_POINT('',(1.2,-1.785,0.97));
#4255=CARTESIAN_POINT('',(-2.415,-1.365,0.97));
#4256=CARTESIAN_POINT('',(-2.415,-2.005,0.97));
#4257=CARTESIAN_POINT('',(-2.215,-1.365,0.97));
#4258=CARTESIAN_POINT('',(1.2,-1.365,0.97));
#4259=CARTESIAN_POINT('',(-2.215,-2.005,0.97));
#4260=CARTESIAN_POINT('Origin',(1.2,-2.005,0.32));
#4261=CARTESIAN_POINT('',(-2.8,-2.315,0.32));
#4262=CARTESIAN_POINT('',(-2.8,-1.285,0.32));
#4263=CARTESIAN_POINT('',(-2.8,0.14,0.32));
#4264=CARTESIAN_POINT('',(-2.03,-1.285,0.32));
#4265=CARTESIAN_POINT('',(-2.7,-1.285,0.32));
#4266=CARTESIAN_POINT('',(-2.03,-2.315,0.32));
#4267=CARTESIAN_POINT('',(-2.03,-1.285,0.32));
#4268=CARTESIAN_POINT('',(-0.75,-2.315,0.32));
#4269=CARTESIAN_POINT('',(-2.415,-1.365,0.32));
#4270=CARTESIAN_POINT('',(-2.215,-1.365,0.32));
#4271=CARTESIAN_POINT('',(1.2,-1.365,0.32));
#4272=CARTESIAN_POINT('',(-2.415,-1.805,0.32));
#4273=CARTESIAN_POINT('',(-2.415,-2.005,0.32));
#4274=CARTESIAN_POINT('',(-2.215,-1.805,0.32));
#4275=CARTESIAN_POINT('',(1.2,-1.805,0.32));
#4276=CARTESIAN_POINT('',(-2.215,-2.005,0.32));
#4277=CARTESIAN_POINT('Origin',(2.7,2.205,0.98));
#4278=CARTESIAN_POINT('',(2.8,2.205,0.74));
#4279=CARTESIAN_POINT('',(2.7,2.205,0.74));
#4280=CARTESIAN_POINT('',(2.8,2.205,1.3));
#4281=CARTESIAN_POINT('Origin',(2.7,2.205,0.74));
#4282=CARTESIAN_POINT('',(2.8,-0.00499999999999945,0.739999999999998));
#4283=CARTESIAN_POINT('Origin',(1.9,-2.215,0.42));
#4284=CARTESIAN_POINT('',(1.9,-2.315,0.42));
#4285=CARTESIAN_POINT('',(1.9,-2.315,1.29));
#4286=CARTESIAN_POINT('',(1.9,-2.315,1.02));
#4287=CARTESIAN_POINT('',(1.9,-1.135,1.29));
#4288=CARTESIAN_POINT('',(1.9,-2.215,1.29));
#4289=CARTESIAN_POINT('',(1.9,-1.135,0.42));
#4290=CARTESIAN_POINT('',(1.9,-1.135,0.42));
#4291=CARTESIAN_POINT('',(1.9,-2.215,0.42));
#4292=CARTESIAN_POINT('Origin',(1.9,-1.135,0.42));
#4293=CARTESIAN_POINT('',(2.,-1.135,1.39));
#4294=CARTESIAN_POINT('',(2.08,-1.135,1.47));
#4295=CARTESIAN_POINT('',(2.33206024333193,-1.135,1.39));
#4296=CARTESIAN_POINT('',(1.9,-1.135,1.39));
#4297=CARTESIAN_POINT('',(2.29,-1.135,1.32));
#4298=CARTESIAN_POINT('',(2.47,-1.135,1.61957030682309));
#4299=CARTESIAN_POINT('',(2.29,-1.135,1.18));
#4300=CARTESIAN_POINT('',(2.29,-1.135,1.32));
#4301=CARTESIAN_POINT('',(2.47,-1.135,1.07607695154587));
#4302=CARTESIAN_POINT('',(2.29,-1.135,1.18));
#4303=CARTESIAN_POINT('',(2.47,-1.135,0.42));
#4304=CARTESIAN_POINT('',(2.47,-1.135,0.42));
#4305=CARTESIAN_POINT('',(1.9,-1.135,0.42));
#4306=CARTESIAN_POINT('Origin',(1.35,-2.315,1.62));
#4307=CARTESIAN_POINT('',(2.08,-2.315,1.47));
#4308=CARTESIAN_POINT('',(2.15,-2.315,1.47));
#4309=CARTESIAN_POINT('',(1.625,-2.315,1.47));
#4310=CARTESIAN_POINT('',(1.935,-2.315,1.325));
#4311=CARTESIAN_POINT('',(1.42941176470588,-2.315,0.42));
#4312=CARTESIAN_POINT('',(1.275,-2.315,0.42));
#4313=CARTESIAN_POINT('',(1.42941176470588,-2.315,0.12));
#4314=CARTESIAN_POINT('',(1.42941176470588,-2.315,1.62));
#4315=CARTESIAN_POINT('',(2.03,-2.315,0.12));
#4316=CARTESIAN_POINT('',(1.275,-2.315,0.12));
#4317=CARTESIAN_POINT('',(2.03,-2.315,0.32));
#4318=CARTESIAN_POINT('',(2.03,-2.315,0.97));
#4319=CARTESIAN_POINT('',(2.8,-2.315,0.32));
#4320=CARTESIAN_POINT('',(1.275,-2.315,0.32));
#4321=CARTESIAN_POINT('',(2.8,-2.315,0.97));
#4322=CARTESIAN_POINT('',(2.8,-2.315,1.62));
#4323=CARTESIAN_POINT('',(2.15,-2.315,0.97));
#4324=CARTESIAN_POINT('',(1.275,-2.315,0.97));
#4325=CARTESIAN_POINT('',(2.15,-2.315,1.295));
#4326=CARTESIAN_POINT('Origin',(1.2,-2.005,1.72));
#4327=CARTESIAN_POINT('',(-1.4,2.165,1.72));
#4328=CARTESIAN_POINT('',(-1.2,1.765,1.72));
#4329=CARTESIAN_POINT('',(-0.306000000000002,-0.0230000000000008,1.72));
#4330=CARTESIAN_POINT('',(-1.,2.165,1.72));
#4331=CARTESIAN_POINT('',(0.1,2.165,1.72));
#4332=CARTESIAN_POINT('',(-1.714,0.736999999999995,1.72));
#4333=CARTESIAN_POINT('',(2.5,1.765,1.72));
#4334=CARTESIAN_POINT('',(1.7,1.765,1.72));
#4335=CARTESIAN_POINT('',(2.5,0.527763128997528,1.72));
#4336=CARTESIAN_POINT('',(2.5,-0.585,1.72));
#4337=CARTESIAN_POINT('',(2.19,0.527763128997534,1.72));
#4338=CARTESIAN_POINT('',(1.545,0.527763128997542,1.72));
#4339=CARTESIAN_POINT('',(2.19,0.435,1.72));
#4340=CARTESIAN_POINT('',(2.19,-0.785,1.72));
#4341=CARTESIAN_POINT('',(2.53034424761103,0.435,1.72));
#4342=CARTESIAN_POINT('',(1.835,0.434999999999999,1.72));
#4343=CARTESIAN_POINT('',(2.53034424761103,-1.355,1.72));
#4344=CARTESIAN_POINT('',(2.53034424761103,-8.5565,1.72));
#4345=CARTESIAN_POINT('',(2.8,-1.355,1.72));
#4346=CARTESIAN_POINT('',(1.95,-1.355,1.72));
#4347=CARTESIAN_POINT('',(2.8,2.385,1.72));
#4348=CARTESIAN_POINT('',(2.8,-2.11,1.72));
#4349=CARTESIAN_POINT('',(-2.8,2.385,1.72));
#4350=CARTESIAN_POINT('',(1.95,2.385,1.72));
#4351=CARTESIAN_POINT('',(-2.8,-1.355,1.72));
#4352=CARTESIAN_POINT('',(-2.8,0.14,1.72));
#4353=CARTESIAN_POINT('',(-2.53034424761103,-1.355,1.72));
#4354=CARTESIAN_POINT('',(-0.474999999999999,-1.355,1.72));
#4355=CARTESIAN_POINT('',(-2.53034424761103,-1.135,1.72));
#4356=CARTESIAN_POINT('',(-2.53034424761103,-8.5565,1.72));
#4357=CARTESIAN_POINT('',(-2.47,-1.135,1.72));
#4358=CARTESIAN_POINT('',(1.55,-1.135,1.72));
#4359=CARTESIAN_POINT('',(-2.47,0.435,1.72));
#4360=CARTESIAN_POINT('',(-2.47,-0.784999999999994,1.72));
#4361=CARTESIAN_POINT('',(-2.19,0.435,1.72));
#4362=CARTESIAN_POINT('',(-0.345,0.435,1.72));
#4363=CARTESIAN_POINT('',(-2.19,0.527763128997538,1.72));
#4364=CARTESIAN_POINT('',(-2.19,-0.585,1.72));
#4365=CARTESIAN_POINT('',(-2.5,0.527763128997532,1.72));
#4366=CARTESIAN_POINT('',(-0.5,0.527763128997532,1.72));
#4367=CARTESIAN_POINT('',(-2.5,1.765,1.72));
#4368=CARTESIAN_POINT('',(-2.5,-0.27,1.72));
#4369=CARTESIAN_POINT('',(1.7,1.765,1.72));
#4370=CARTESIAN_POINT('Origin',(-2.15,-2.215,0.97));
#4371=CARTESIAN_POINT('',(-2.15,-1.355,1.47));
#4372=CARTESIAN_POINT('',(-2.15,-2.315,1.47));
#4373=CARTESIAN_POINT('',(-2.15,-2.215,1.47));
#4374=CARTESIAN_POINT('',(-2.15,-1.355,0.97));
#4375=CARTESIAN_POINT('',(-2.15,-2.315,1.295));
#4376=CARTESIAN_POINT('Origin',(-2.15,-1.355,0.97));
#4377=CARTESIAN_POINT('',(-2.38012909285414,-1.355,1.47));
#4378=CARTESIAN_POINT('',(-2.0983471806447,-1.355,1.00103614501235));
#4379=CARTESIAN_POINT('',(-2.8,-1.355,1.295));
#4380=CARTESIAN_POINT('',(-2.15,-1.355,1.47));
#4381=CARTESIAN_POINT('Origin',(1.2,-2.005,0.12));
#4382=CARTESIAN_POINT('',(-2.8,-1.285,0.12));
#4383=CARTESIAN_POINT('',(-2.03,-1.285,0.12));
#4384=CARTESIAN_POINT('',(-0.749999999999999,-1.285,0.12));
#4385=CARTESIAN_POINT('',(-2.8,1.28215728752538,0.12));
#4386=CARTESIAN_POINT('',(-2.8,0.14,0.12));
#4387=CARTESIAN_POINT('',(2.8,1.28215728752538,0.12));
#4388=CARTESIAN_POINT('',(1.95,1.28215728752538,0.12));
#4389=CARTESIAN_POINT('',(2.8,-1.285,0.12));
#4390=CARTESIAN_POINT('',(2.8,-2.11,0.12));
#4391=CARTESIAN_POINT('',(2.03,-1.285,0.12));
#4392=CARTESIAN_POINT('',(1.615,-1.285,0.12));
#4393=CARTESIAN_POINT('',(2.03,-2.11,0.12));
#4394=CARTESIAN_POINT('',(0.810000000000001,-1.535,0.12));
#4395=CARTESIAN_POINT('',(0.999859416445625,-1.77408222811671,0.12));
#4396=CARTESIAN_POINT('',(-0.809999999999999,-1.535,0.12));
#4397=CARTESIAN_POINT('',(0.195,-1.535,0.12));
#4398=CARTESIAN_POINT('',(-1.42941176470588,-2.315,0.12));
#4399=CARTESIAN_POINT('',(-0.805774535809019,-1.52967904509284,0.12));
#4400=CARTESIAN_POINT('',(-2.03,-2.315,0.12));
#4401=CARTESIAN_POINT('',(-0.75,-2.315,0.12));
#4402=CARTESIAN_POINT('',(-2.03,-1.645,0.12));
#4403=CARTESIAN_POINT('Origin',(2.8,-2.215,1.62));
#4404=CARTESIAN_POINT('',(2.8,-1.285,0.32));
#4405=CARTESIAN_POINT('',(2.8,-1.285,0.97));
#4406=CARTESIAN_POINT('',(2.8,1.765,0.32));
#4407=CARTESIAN_POINT('',(2.8,0.125527778486361,-0.359091629284899));
#4408=CARTESIAN_POINT('',(2.8,-0.154999999999999,0.319999999999998));
#4409=CARTESIAN_POINT('',(2.8,2.385,1.62));
#4410=CARTESIAN_POINT('',(2.8,-1.355,0.97));
#4411=CARTESIAN_POINT('',(2.8,-1.355,1.295));
#4412=CARTESIAN_POINT('',(2.8,-2.11,0.97));
#4413=CARTESIAN_POINT('',(2.8,-2.11,0.32));
#4414=CARTESIAN_POINT('Origin',(-2.8,2.285,1.62));
#4415=CARTESIAN_POINT('',(-2.8,-2.315,1.62));
#4416=CARTESIAN_POINT('',(-2.8,2.385,1.62));
#4417=CARTESIAN_POINT('',(-2.8,2.205,0.74));
#4418=CARTESIAN_POINT('',(-2.8,2.205,1.3));
#4419=CARTESIAN_POINT('',(-2.8,2.245,0.74));
#4420=CARTESIAN_POINT('',(-2.8,1.765,0.32));
#4421=CARTESIAN_POINT('',(-2.8,2.095,0.32));
#4422=CARTESIAN_POINT('',(-2.8,2.04602290732122,0.436403499549969));
#4423=CARTESIAN_POINT('',(-2.8,-1.285,0.97));
#4424=CARTESIAN_POINT('Origin',(2.47,0.435,0.42));
#4425=CARTESIAN_POINT('',(1.89,0.435,1.42));
#4426=CARTESIAN_POINT('',(1.89,0.435,1.42));
#4427=CARTESIAN_POINT('',(1.89,0.435,0.42));
#4428=CARTESIAN_POINT('',(1.89,0.435,0.42));
#4429=CARTESIAN_POINT('',(2.47,0.435,0.42));
#4430=CARTESIAN_POINT('',(2.47,0.435,0.42));
#4431=CARTESIAN_POINT('',(2.47,0.435,1.07607695154587));
#4432=CARTESIAN_POINT('',(2.47,0.435,0.42));
#4433=CARTESIAN_POINT('',(2.29,0.435,1.18));
#4434=CARTESIAN_POINT('',(2.29,0.435,1.18));
#4435=CARTESIAN_POINT('',(2.29,0.435,1.32));
#4436=CARTESIAN_POINT('',(2.29,0.435,1.32));
#4437=CARTESIAN_POINT('',(2.47,0.435,1.61957030682309));
#4438=CARTESIAN_POINT('Origin',(-2.47,0.435,0.42));
#4439=CARTESIAN_POINT('',(-2.47,-1.135,1.07607695154586));
#4440=CARTESIAN_POINT('',(-2.47,0.435,1.07607695154587));
#4441=CARTESIAN_POINT('',(-2.47,-15.108,1.07607695154587));
#4442=CARTESIAN_POINT('',(-2.47,-1.135,0.42));
#4443=CARTESIAN_POINT('',(-2.47,-1.135,0.42));
#4444=CARTESIAN_POINT('',(-2.47,0.435,0.42));
#4445=CARTESIAN_POINT('',(-2.47,0.435,0.42));
#4446=CARTESIAN_POINT('',(-2.47,0.435,0.42));
#4447=CARTESIAN_POINT('Origin',(-1.89,0.435,0.42));
#4448=CARTESIAN_POINT('',(-1.89,0.435,1.42));
#4449=CARTESIAN_POINT('',(-1.89,0.435,0.42));
#4450=CARTESIAN_POINT('',(-1.89,0.435,0.42));
#4451=CARTESIAN_POINT('',(-1.89,0.435,1.42));
#4452=CARTESIAN_POINT('',(-2.47,0.435,1.61957030682309));
#4453=CARTESIAN_POINT('',(-2.47,0.435,0.42));
#4454=CARTESIAN_POINT('',(-2.29,0.435,1.32));
#4455=CARTESIAN_POINT('',(-2.29,0.435,1.32));
#4456=CARTESIAN_POINT('',(-2.29,0.435,1.18));
#4457=CARTESIAN_POINT('',(-2.29,0.435,1.18));
#4458=CARTESIAN_POINT('',(-2.47,0.435,1.07607695154587));
#4459=CARTESIAN_POINT('',(-1.89,0.435,0.42));
#4460=CARTESIAN_POINT('Origin',(-1.35,-2.215,1.62));
#4461=CARTESIAN_POINT('',(-1.42941176470588,-2.315,0.42));
#4462=CARTESIAN_POINT('',(-0.809999999999999,-1.535,0.42));
#4463=CARTESIAN_POINT('',(-1.35,-2.215,0.42));
#4464=CARTESIAN_POINT('',(-1.42941176470588,-2.315,1.62));
#4465=CARTESIAN_POINT('',(-0.809999999999999,-1.535,1.62));
#4466=CARTESIAN_POINT('Origin',(-0.809999999999999,-1.535,1.62));
#4467=CARTESIAN_POINT('',(0.810000000000001,-1.535,0.42));
#4468=CARTESIAN_POINT('',(-0.809999999999999,-1.535,0.42));
#4469=CARTESIAN_POINT('',(0.810000000000001,-1.535,1.62));
#4470=CARTESIAN_POINT('Origin',(0.810000000000001,-1.535,1.62));
#4471=CARTESIAN_POINT('',(0.810000000000001,-1.535,0.42));
#4472=CARTESIAN_POINT('Origin',(-2.7,-2.315,1.62));
#4473=CARTESIAN_POINT('',(-1.9,-2.315,0.42));
#4474=CARTESIAN_POINT('',(-1.9,-2.315,1.29));
#4475=CARTESIAN_POINT('',(-1.9,-2.315,1.02));
#4476=CARTESIAN_POINT('',(-2.08,-2.315,1.47));
#4477=CARTESIAN_POINT('',(-2.1825,-2.315,1.5725));
#4478=CARTESIAN_POINT('',(-2.3,-2.315,1.47));
#4479=CARTESIAN_POINT('',(-2.03,-2.315,0.97));
#4480=CARTESIAN_POINT('',(-0.75,-2.315,0.42));
#4481=CARTESIAN_POINT('Origin',(2.7,2.385,1.62));
#4482=CARTESIAN_POINT('Origin',(1.2,-2.005,0.42));
#4483=CARTESIAN_POINT('',(-1.1,0.415,0.42));
#4484=CARTESIAN_POINT('',(-1.1,-8.92999999999999,0.42));
#4485=CARTESIAN_POINT('',(-1.3,0.415,0.42));
#4486=CARTESIAN_POINT('',(-1.3,0.415,0.42));
#4487=CARTESIAN_POINT('',(-1.3,-8.92999999999999,0.42));
#4488=CARTESIAN_POINT('',(-2.2,0.91891217433221,0.42));
#4489=CARTESIAN_POINT('',(-2.2,1.465,0.42));
#4490=CARTESIAN_POINT('',(-1.89,0.91891217433221,0.42));
#4491=CARTESIAN_POINT('',(-2.2,0.91891217433221,0.42));
#4492=CARTESIAN_POINT('',(-1.89,0.835,0.42));
#4493=CARTESIAN_POINT('',(-1.9,-1.135,0.42));
#4494=CARTESIAN_POINT('',(-2.47,-1.135,0.42));
#4495=CARTESIAN_POINT('',(-1.9,-1.135,0.42));
#4496=CARTESIAN_POINT('',(2.47,-1.135,0.42));
#4497=CARTESIAN_POINT('',(1.89,0.91891217433221,0.42));
#4498=CARTESIAN_POINT('',(1.89,0.435,0.42));
#4499=CARTESIAN_POINT('',(2.2,0.91891217433221,0.42));
#4500=CARTESIAN_POINT('',(1.89,0.91891217433221,0.42));
#4501=CARTESIAN_POINT('',(2.2,0.835,0.42));
#4502=CARTESIAN_POINT('',(1.3,0.415,0.42));
#4503=CARTESIAN_POINT('',(1.3,-8.92999999999999,0.42));
#4504=CARTESIAN_POINT('',(1.1,0.415,0.42));
#4505=CARTESIAN_POINT('',(1.1,0.415,0.42));
#4506=CARTESIAN_POINT('',(1.1,-8.92999999999999,0.42));
#4507=CARTESIAN_POINT('',(0.1,0.415,0.42));
#4508=CARTESIAN_POINT('',(0.1,-8.92999999999999,0.42));
#4509=CARTESIAN_POINT('',(-0.0999999999999997,0.415,0.42));
#4510=CARTESIAN_POINT('',(-0.0999999999999997,0.415,0.42));
#4511=CARTESIAN_POINT('',(-0.0999999999999997,-8.92999999999999,0.42));
#4512=CARTESIAN_POINT('Origin',(-2.47,0.435,0.42));
#4513=CARTESIAN_POINT('',(-2.47,-1.135,1.6195703068231));
#4514=CARTESIAN_POINT('',(-2.47,-1.135,0.42));
#4515=CARTESIAN_POINT('',(-2.47,-15.108,1.61957030682309));
#4516=CARTESIAN_POINT('Origin',(-2.47,-1.135,0.42));
#4517=CARTESIAN_POINT('',(-2.33206024333193,-1.135,1.39));
#4518=CARTESIAN_POINT('',(-2.,-1.135,1.39));
#4519=CARTESIAN_POINT('',(-1.9,-1.135,1.39));
#4520=CARTESIAN_POINT('',(-1.9,-1.135,1.29));
#4521=CARTESIAN_POINT('',(-1.9,-1.135,1.29));
#4522=CARTESIAN_POINT('',(-1.9,-1.135,0.42));
#4523=CARTESIAN_POINT('',(-2.29,-1.135,1.18));
#4524=CARTESIAN_POINT('',(-2.47,-1.135,1.07607695154587));
#4525=CARTESIAN_POINT('',(-2.29,-1.135,1.32));
#4526=CARTESIAN_POINT('',(-2.29,-1.135,1.18));
#4527=CARTESIAN_POINT('',(-2.29,-1.135,1.32));
#4528=CARTESIAN_POINT('Origin',(-1.9,-1.135,0.42));
#4529=CARTESIAN_POINT('',(-1.9,-2.215,1.29));
#4530=CARTESIAN_POINT('Origin',(2.47,-1.135,0.42));
#4531=CARTESIAN_POINT('',(2.47,-15.108,1.07607695154587));
#4532=CARTESIAN_POINT('Origin',(1.89,0.435,0.42));
#4533=CARTESIAN_POINT('',(1.89,0.8489853623887,1.42));
#4534=CARTESIAN_POINT('',(1.89,0.835,1.42));
#4535=CARTESIAN_POINT('',(1.89,0.91655747432435,0.453673778947071));
#4536=CARTESIAN_POINT('Origin',(1.89,0.835,1.62));
#4537=CARTESIAN_POINT('',(1.89048718994804,0.84895129474883,1.42048718994804));
#4538=CARTESIAN_POINT('',(1.9044390365868,0.84797568659265,1.4344390365868));
#4539=CARTESIAN_POINT('',(2.20048718994804,0.84895129474883,1.42048718994804));
#4540=CARTESIAN_POINT('',(2.2,0.84895129474883,1.42048718994804));
#4541=CARTESIAN_POINT('',(2.2,0.8489853623887,1.42));
#4542=CARTESIAN_POINT('',(2.14562192374752,0.85278784790066,1.36562192374751));
#4543=CARTESIAN_POINT('',(2.2,0.91850386057604,0.425839158755058));
#4544=CARTESIAN_POINT('Origin',(2.2,0.835,0.42));
#4545=CARTESIAN_POINT('',(2.2,1.465,1.42));
#4546=CARTESIAN_POINT('Origin',(-2.2,1.465,0.42));
#4547=CARTESIAN_POINT('',(-2.2,0.8489853623887,1.42));
#4548=CARTESIAN_POINT('',(-2.2,0.835,1.42));
#4549=CARTESIAN_POINT('',(-2.2,0.835,1.62));
#4550=CARTESIAN_POINT('Origin',(-2.2,0.835,1.62));
#4551=CARTESIAN_POINT('',(-2.20048718994803,0.84895129474883,1.42048718994803));
#4552=CARTESIAN_POINT('',(-1.89048718994803,0.84895129474883,1.42048718994803));
#4553=CARTESIAN_POINT('',(-1.89,0.84895129474883,1.42048718994803));
#4554=CARTESIAN_POINT('',(-1.89,0.8489853623887,1.42));
#4555=CARTESIAN_POINT('',(-1.89048778333138,0.84895125325542,1.42048778333138));
#4556=CARTESIAN_POINT('',(-1.89,0.835,1.62));
#4557=CARTESIAN_POINT('',(-2.30024389166569,0.84197562662771,1.52024389166569));
#4558=CARTESIAN_POINT('Origin',(-1.89,0.835,0.42));
#4559=CARTESIAN_POINT('',(-1.89,0.435,1.42));
#4560=CARTESIAN_POINT('Origin',(2.15,-1.355,0.97));
#4561=CARTESIAN_POINT('',(2.15,-1.355,0.97));
#4562=CARTESIAN_POINT('',(2.15,-1.355,1.47));
#4563=CARTESIAN_POINT('',(2.15,-1.355,0.97));
#4564=CARTESIAN_POINT('',(2.15,-1.355,1.47));
#4565=CARTESIAN_POINT('',(2.15,-1.355,0.97));
#4566=CARTESIAN_POINT('Origin',(2.7,-1.355,0.97));
#4567=CARTESIAN_POINT('',(2.38012909285414,-1.355,1.47));
#4568=CARTESIAN_POINT('',(2.24424250087858,-1.355,1.24384673304855));
#4569=CARTESIAN_POINT('',(2.7,-1.355,1.47));
#4570=CARTESIAN_POINT('',(2.7,-1.355,0.97));
#4571=CARTESIAN_POINT('Origin',(1.2,-2.005,0.97));
#4572=CARTESIAN_POINT('',(2.415,-1.785,0.97));
#4573=CARTESIAN_POINT('',(2.415,-1.365,0.97));
#4574=CARTESIAN_POINT('',(2.415,-2.005,0.97));
#4575=CARTESIAN_POINT('',(2.215,-1.785,0.97));
#4576=CARTESIAN_POINT('',(1.2,-1.785,0.97));
#4577=CARTESIAN_POINT('',(2.215,-1.365,0.97));
#4578=CARTESIAN_POINT('',(2.215,-2.005,0.97));
#4579=CARTESIAN_POINT('',(1.2,-1.365,0.97));
#4580=CARTESIAN_POINT('Origin',(2.7,2.205,0.98));
#4581=CARTESIAN_POINT('',(-1.3,2.205,0.74));
#4582=CARTESIAN_POINT('',(-1.3,2.205,0.98));
#4583=CARTESIAN_POINT('',(2.7,2.205,0.74));
#4584=CARTESIAN_POINT('Origin',(2.7,2.205,0.74));
#4585=CARTESIAN_POINT('',(-1.3,2.205,0.74));
#4586=CARTESIAN_POINT('Origin',(2.7,1.905,0.32));
#4587=CARTESIAN_POINT('',(-2.7,1.765,0.32));
#4588=CARTESIAN_POINT('Origin',(-2.47,-15.108,1.07607695154587));
#4589=CARTESIAN_POINT('',(-2.29,-15.108,1.18));
#4590=CARTESIAN_POINT('Origin',(-2.29,-15.108,1.18));
#4591=CARTESIAN_POINT('',(-2.29,-15.108,1.32));
#4592=CARTESIAN_POINT('Origin',(-2.29,-15.108,1.32));
#4593=CARTESIAN_POINT('',(-2.38012909285414,-1.135,1.47));
#4594=CARTESIAN_POINT('',(-2.38012909285414,-1.215,1.47));
#4595=CARTESIAN_POINT('',(-2.38012909285414,8.477,1.47));
#4596=CARTESIAN_POINT('',(-5.86381025384792,-7.01281907929292,7.26781907929294));
#4597=CARTESIAN_POINT('Origin',(2.29,-15.108,1.32));
#4598=CARTESIAN_POINT('',(2.29,-15.108,1.32));
#4599=CARTESIAN_POINT('',(2.29,-15.108,1.18));
#4600=CARTESIAN_POINT('Origin',(2.29,-15.108,1.18));
#4601=CARTESIAN_POINT('Origin',(2.47,-15.108,1.61957030682309));
#4602=CARTESIAN_POINT('',(2.38012909285414,-1.215,1.47));
#4603=CARTESIAN_POINT('',(5.9675724532161,-7.18550837874493,7.44050837874495));
#4604=CARTESIAN_POINT('',(2.38012909285414,8.477,1.47));
#4605=CARTESIAN_POINT('Origin',(-2.7,-1.285,0.32));
#4606=CARTESIAN_POINT('',(-2.03,-1.285,0.32));
#4607=CARTESIAN_POINT('Origin',(-2.03,-1.285,0.32));
#4608=CARTESIAN_POINT('Origin',(2.03,-2.215,0.32));
#4609=CARTESIAN_POINT('',(2.03,-1.285,0.32));
#4610=CARTESIAN_POINT('',(2.03,-1.285,0.32));
#4611=CARTESIAN_POINT('',(2.03,-2.215,0.32));
#4612=CARTESIAN_POINT('Origin',(2.03,-1.285,0.32));
#4613=CARTESIAN_POINT('',(2.03,-1.285,0.32));
#4614=CARTESIAN_POINT('Origin',(1.2,-2.005,0.32));
#4615=CARTESIAN_POINT('',(2.415,-1.365,0.32));
#4616=CARTESIAN_POINT('',(2.415,-1.805,0.32));
#4617=CARTESIAN_POINT('',(2.415,-2.005,0.32));
#4618=CARTESIAN_POINT('',(2.215,-1.365,0.32));
#4619=CARTESIAN_POINT('',(1.2,-1.365,0.32));
#4620=CARTESIAN_POINT('',(2.215,-1.805,0.32));
#4621=CARTESIAN_POINT('',(2.215,-2.005,0.32));
#4622=CARTESIAN_POINT('',(1.2,-1.805,0.32));
#4623=CARTESIAN_POINT('Origin',(1.9,8.477,1.47));
#4624=CARTESIAN_POINT('',(2.08,-1.215,1.47));
#4625=CARTESIAN_POINT('',(1.9,-1.215,1.47));
#4626=CARTESIAN_POINT('',(2.08,8.477,1.47));
#4627=CARTESIAN_POINT('Origin',(-1.9,8.477,1.47));
#4628=CARTESIAN_POINT('',(-2.08,-1.215,1.47));
#4629=CARTESIAN_POINT('',(-2.08,-1.135,1.47));
#4630=CARTESIAN_POINT('',(-2.38012909285414,-1.215,1.47));
#4631=CARTESIAN_POINT('Origin',(1.9,-1.135,0.42));
#4632=CARTESIAN_POINT('Origin',(-1.1,1.935,0.64));
#4633=CARTESIAN_POINT('',(1.1,1.935,0.640000000000001));
#4634=CARTESIAN_POINT('',(1.3,1.935,0.640000000000001));
#4635=CARTESIAN_POINT('',(1.1,1.935,0.64));
#4636=CARTESIAN_POINT('Origin',(-1.1,2.315,0.22));
#4637=CARTESIAN_POINT('',(1.1,2.315,0.41));
#4638=CARTESIAN_POINT('',(1.1,2.315,0.22));
#4639=CARTESIAN_POINT('',(1.3,2.315,0.41));
#4640=CARTESIAN_POINT('Origin',(1.3,2.265,0.41));
#4641=CARTESIAN_POINT('',(1.1,2.29559003597152,0.449550596699181));
#4642=CARTESIAN_POINT('Origin',(1.1,2.265,0.41));
#4643=CARTESIAN_POINT('',(1.3,2.29559003597152,0.449550596699181));
#4644=CARTESIAN_POINT('Origin',(1.3,2.29559003597152,0.449550596699182));
#4645=CARTESIAN_POINT('',(1.1,2.18829195683418,0.532539283960983));
#4646=CARTESIAN_POINT('',(1.1,2.29559003597152,0.449550596699182));
#4647=CARTESIAN_POINT('',(1.3,2.18829195683418,0.532539283960983));
#4648=CARTESIAN_POINT('Origin',(1.3,2.225,0.58));
#4649=CARTESIAN_POINT('',(1.1,2.215,0.639160797830997));
#4650=CARTESIAN_POINT('Origin',(1.1,2.225,0.58));
#4651=CARTESIAN_POINT('',(1.3,2.215,0.639160797830997));
#4652=CARTESIAN_POINT('Origin',(1.1,1.885,0.640000000000001));
#4653=CARTESIAN_POINT('Origin',(1.1,1.885,0.640000000000001));
#4654=CARTESIAN_POINT('',(1.1,2.215,0.639160797830996));
#4655=CARTESIAN_POINT('Origin',(1.3,1.885,0.640000000000001));
#4656=CARTESIAN_POINT('Origin',(1.3,2.215,0.639160797830996));
#4657=CARTESIAN_POINT('Origin',(1.3,2.215,1.14));
#4658=CARTESIAN_POINT('',(1.3,0.415,1.14));
#4659=CARTESIAN_POINT('',(1.3,2.215,1.14));
#4660=CARTESIAN_POINT('',(1.1,0.415,1.14));
#4661=CARTESIAN_POINT('',(1.1,2.215,1.14));
#4662=CARTESIAN_POINT('',(1.3,0.415,1.14));
#4663=CARTESIAN_POINT('Origin',(1.3,1.885,0.640000000000001));
#4664=CARTESIAN_POINT('',(1.3,0.415,1.14));
#4665=CARTESIAN_POINT('Origin',(1.1,1.885,0.640000000000001));
#4666=CARTESIAN_POINT('',(1.1,0.415,1.14));
#4667=CARTESIAN_POINT('Origin',(1.3,0.415,1.14));
#4668=CARTESIAN_POINT('Origin',(2.415,-1.88278174593052,0.14221825406948));
#4669=CARTESIAN_POINT('',(2.215,-1.805,0.0644365081389593));
#4670=CARTESIAN_POINT('',(2.215,-1.74056349186104,0.));
#4671=CARTESIAN_POINT('',(2.215,-1.98278174593052,0.24221825406948));
#4672=CARTESIAN_POINT('',(2.415,-1.74056349186104,0.));
#4673=CARTESIAN_POINT('',(2.415,-1.74056349186104,0.));
#4674=CARTESIAN_POINT('',(2.415,-1.805,0.0644365081389593));
#4675=CARTESIAN_POINT('',(2.415,-1.98278174593052,0.24221825406948));
#4676=CARTESIAN_POINT('',(2.415,-1.805,0.0644365081389593));
#4677=CARTESIAN_POINT('Origin',(2.415,-1.755,0.));
#4678=CARTESIAN_POINT('',(2.215,-1.42691018867944,0.));
#4679=CARTESIAN_POINT('',(2.215,-1.88,0.));
#4680=CARTESIAN_POINT('',(2.415,-1.42691018867944,0.));
#4681=CARTESIAN_POINT('',(2.415,-1.42691018867944,0.));
#4682=CARTESIAN_POINT('',(2.415,-1.88,0.));
#4683=CARTESIAN_POINT('Origin',(2.415,-1.3471601356796,0.127600084799743));
#4684=CARTESIAN_POINT('',(2.215,-1.365,0.0990563018870964));
#4685=CARTESIAN_POINT('',(2.215,-1.37384552893803,0.0849034555862494));
#4686=CARTESIAN_POINT('',(2.415,-1.365,0.0990563018870964));
#4687=CARTESIAN_POINT('',(2.415,-1.365,0.0990563018870962));
#4688=CARTESIAN_POINT('',(2.415,-1.37384552893803,0.0849034555862494));
#4689=CARTESIAN_POINT('Origin',(2.215,-2.005,0.42));
#4690=CARTESIAN_POINT('',(2.215,-1.365,0.25));
#4691=CARTESIAN_POINT('',(2.215,-1.805,0.760000000000001));
#4692=CARTESIAN_POINT('Origin',(2.415,-2.005,0.42));
#4693=CARTESIAN_POINT('',(2.415,-1.365,0.25));
#4694=CARTESIAN_POINT('',(2.415,-1.805,0.760000000000001));
#4695=CARTESIAN_POINT('Origin',(2.415,-1.365,0.25));
#4696=CARTESIAN_POINT('Origin',(2.415,-1.805,0.760000000000001));
#4697=CARTESIAN_POINT('Origin',(2.415,-1.365,0.25));
#4698=CARTESIAN_POINT('',(2.215,-1.365,1.42));
#4699=CARTESIAN_POINT('',(2.215,-1.365,0.25));
#4700=CARTESIAN_POINT('',(2.415,-1.365,1.42));
#4701=CARTESIAN_POINT('',(2.415,-1.365,1.42));
#4702=CARTESIAN_POINT('',(2.415,-1.365,0.25));
#4703=CARTESIAN_POINT('Origin',(2.415,-2.005,0.42));
#4704=CARTESIAN_POINT('',(2.415,-1.785,1.02));
#4705=CARTESIAN_POINT('',(2.415,-1.785,1.02));
#4706=CARTESIAN_POINT('',(2.415,-2.035,1.42));
#4707=CARTESIAN_POINT('',(2.415,-1.365,1.42));
#4708=CARTESIAN_POINT('',(2.415,-2.035,1.02));
#4709=CARTESIAN_POINT('',(2.415,-2.035,1.42));
#4710=CARTESIAN_POINT('',(2.415,-2.035,1.02));
#4711=CARTESIAN_POINT('Origin',(2.215,-2.005,0.42));
#4712=CARTESIAN_POINT('',(2.215,-1.785,1.02));
#4713=CARTESIAN_POINT('',(2.215,-1.785,1.02));
#4714=CARTESIAN_POINT('',(2.215,-2.035,1.02));
#4715=CARTESIAN_POINT('',(2.215,-2.035,1.02));
#4716=CARTESIAN_POINT('',(2.215,-2.035,1.42));
#4717=CARTESIAN_POINT('',(2.215,-2.035,1.42));
#4718=CARTESIAN_POINT('',(2.215,-1.365,1.42));
#4719=CARTESIAN_POINT('Origin',(2.415,-2.035,1.42));
#4720=CARTESIAN_POINT('',(2.415,-2.035,1.02));
#4721=CARTESIAN_POINT('',(2.415,-2.035,1.42));
#4722=CARTESIAN_POINT('Origin',(2.415,-2.035,1.02));
#4723=CARTESIAN_POINT('',(2.415,-1.785,1.02));
#4724=CARTESIAN_POINT('Origin',(2.415,-1.785,1.02));
#4725=CARTESIAN_POINT('Origin',(2.415,-1.365,1.42));
#4726=CARTESIAN_POINT('Origin',(-2.415,-1.3471601356796,0.127600084799743));
#4727=CARTESIAN_POINT('',(-2.215,-1.42691018867944,0.));
#4728=CARTESIAN_POINT('',(-2.215,-1.365,0.0990563018870964));
#4729=CARTESIAN_POINT('',(-2.215,-1.37384552893803,0.0849034555862494));
#4730=CARTESIAN_POINT('',(-2.415,-1.42691018867944,0.));
#4731=CARTESIAN_POINT('',(-2.415,-1.42691018867944,0.));
#4732=CARTESIAN_POINT('',(-2.415,-1.365,0.0990563018870964));
#4733=CARTESIAN_POINT('',(-2.415,-1.37384552893803,0.0849034555862494));
#4734=CARTESIAN_POINT('',(-2.415,-1.365,0.0990563018870962));
#4735=CARTESIAN_POINT('Origin',(-2.415,-1.755,0.));
#4736=CARTESIAN_POINT('',(-2.215,-1.74056349186104,0.));
#4737=CARTESIAN_POINT('',(-2.215,-1.88,0.));
#4738=CARTESIAN_POINT('',(-2.415,-1.74056349186104,0.));
#4739=CARTESIAN_POINT('',(-2.415,-1.74056349186104,0.));
#4740=CARTESIAN_POINT('',(-2.415,-1.88,0.));
#4741=CARTESIAN_POINT('Origin',(-2.415,-1.88278174593052,0.14221825406948));
#4742=CARTESIAN_POINT('',(-2.215,-1.805,0.0644365081389593));
#4743=CARTESIAN_POINT('',(-2.215,-1.98278174593052,0.24221825406948));
#4744=CARTESIAN_POINT('',(-2.415,-1.805,0.0644365081389593));
#4745=CARTESIAN_POINT('',(-2.415,-1.805,0.0644365081389593));
#4746=CARTESIAN_POINT('',(-2.415,-1.98278174593052,0.24221825406948));
#4747=CARTESIAN_POINT('Origin',(-2.215,-2.005,0.42));
#4748=CARTESIAN_POINT('',(-2.215,-1.365,0.25));
#4749=CARTESIAN_POINT('',(-2.215,-1.805,0.760000000000001));
#4750=CARTESIAN_POINT('Origin',(-2.415,-2.005,0.42));
#4751=CARTESIAN_POINT('',(-2.415,-1.365,0.25));
#4752=CARTESIAN_POINT('',(-2.415,-1.805,0.760000000000001));
#4753=CARTESIAN_POINT('Origin',(-2.415,-1.365,0.25));
#4754=CARTESIAN_POINT('Origin',(-2.415,-1.805,0.760000000000001));
#4755=CARTESIAN_POINT('Origin',(-2.415,-1.365,0.25));
#4756=CARTESIAN_POINT('',(-2.215,-1.365,1.42));
#4757=CARTESIAN_POINT('',(-2.215,-1.365,0.25));
#4758=CARTESIAN_POINT('',(-2.415,-1.365,1.42));
#4759=CARTESIAN_POINT('',(-2.415,-1.365,0.25));
#4760=CARTESIAN_POINT('',(-2.415,-1.365,1.42));
#4761=CARTESIAN_POINT('Origin',(-2.415,-2.005,0.42));
#4762=CARTESIAN_POINT('',(-2.415,-1.785,1.02));
#4763=CARTESIAN_POINT('',(-2.415,-1.785,1.02));
#4764=CARTESIAN_POINT('',(-2.415,-2.035,1.02));
#4765=CARTESIAN_POINT('',(-2.415,-2.035,1.02));
#4766=CARTESIAN_POINT('',(-2.415,-2.035,1.42));
#4767=CARTESIAN_POINT('',(-2.415,-2.035,1.42));
#4768=CARTESIAN_POINT('',(-2.415,-1.365,1.42));
#4769=CARTESIAN_POINT('Origin',(-2.215,-2.005,0.42));
#4770=CARTESIAN_POINT('',(-2.215,-1.785,1.02));
#4771=CARTESIAN_POINT('',(-2.215,-1.785,1.02));
#4772=CARTESIAN_POINT('',(-2.215,-2.035,1.42));
#4773=CARTESIAN_POINT('',(-2.215,-1.365,1.42));
#4774=CARTESIAN_POINT('',(-2.215,-2.035,1.02));
#4775=CARTESIAN_POINT('',(-2.215,-2.035,1.42));
#4776=CARTESIAN_POINT('',(-2.215,-2.035,1.02));
#4777=CARTESIAN_POINT('Origin',(-2.415,-2.035,1.42));
#4778=CARTESIAN_POINT('',(-2.415,-2.035,1.42));
#4779=CARTESIAN_POINT('',(-2.415,-2.035,1.02));
#4780=CARTESIAN_POINT('Origin',(-2.415,-2.035,1.02));
#4781=CARTESIAN_POINT('',(-2.415,-1.785,1.02));
#4782=CARTESIAN_POINT('Origin',(-2.415,-1.785,1.02));
#4783=CARTESIAN_POINT('Origin',(-2.415,-1.365,1.42));
#4784=CARTESIAN_POINT('Origin',(-1.1,2.035,0.));
#4785=CARTESIAN_POINT('Origin',(0.1,2.265,0.41));
#4786=CARTESIAN_POINT('',(0.1,2.29559003597152,0.449550596699181));
#4787=CARTESIAN_POINT('Origin',(0.1,2.29559003597152,0.449550596699182));
#4788=CARTESIAN_POINT('',(0.1,2.18829195683418,0.532539283960983));
#4789=CARTESIAN_POINT('Origin',(0.1,2.225,0.58));
#4790=CARTESIAN_POINT('',(0.1,2.215,0.639160797830997));
#4791=CARTESIAN_POINT('Origin',(0.1,1.885,0.640000000000001));
#4792=CARTESIAN_POINT('Origin',(0.1,2.215,0.639160797830996));
#4793=CARTESIAN_POINT('Origin',(0.1,2.215,1.14));
#4794=CARTESIAN_POINT('',(0.1,0.415,1.14));
#4795=CARTESIAN_POINT('',(0.1,2.215,1.14));
#4796=CARTESIAN_POINT('',(-0.0999999999999997,0.415,1.14));
#4797=CARTESIAN_POINT('',(-0.0999999999999997,2.215,1.14));
#4798=CARTESIAN_POINT('',(0.1,0.415,1.14));
#4799=CARTESIAN_POINT('Origin',(0.1,1.885,0.640000000000001));
#4800=CARTESIAN_POINT('',(0.1,0.415,1.14));
#4801=CARTESIAN_POINT('Origin',(-0.0999999999999997,1.885,0.640000000000001));
#4802=CARTESIAN_POINT('',(-0.0999999999999997,0.415,1.14));
#4803=CARTESIAN_POINT('Origin',(0.1,0.415,1.14));
#4804=CARTESIAN_POINT('Origin',(-1.1,2.035,0.));
#4805=CARTESIAN_POINT('',(-1.3,1.96,-6.93889390390723E-17));
#4806=CARTESIAN_POINT('Origin',(-1.1,2.265,0.41));
#4807=CARTESIAN_POINT('',(-1.3,2.29559003597152,0.449550596699181));
#4808=CARTESIAN_POINT('Origin',(-1.3,2.265,0.41));
#4809=CARTESIAN_POINT('',(-1.1,2.29559003597152,0.449550596699181));
#4810=CARTESIAN_POINT('Origin',(-1.1,2.29559003597152,0.449550596699182));
#4811=CARTESIAN_POINT('',(-1.3,2.18829195683418,0.532539283960983));
#4812=CARTESIAN_POINT('',(-1.3,2.29559003597152,0.449550596699182));
#4813=CARTESIAN_POINT('',(-1.1,2.18829195683418,0.532539283960983));
#4814=CARTESIAN_POINT('Origin',(-1.1,2.225,0.58));
#4815=CARTESIAN_POINT('',(-1.3,2.215,0.639160797830997));
#4816=CARTESIAN_POINT('Origin',(-1.3,2.225,0.58));
#4817=CARTESIAN_POINT('',(-1.1,2.215,0.639160797830997));
#4818=CARTESIAN_POINT('Origin',(-1.3,1.885,0.640000000000001));
#4819=CARTESIAN_POINT('Origin',(-1.3,1.885,0.640000000000001));
#4820=CARTESIAN_POINT('',(-1.3,2.215,0.639160797830996));
#4821=CARTESIAN_POINT('Origin',(-1.1,1.885,0.640000000000001));
#4822=CARTESIAN_POINT('Origin',(-1.1,2.215,0.639160797830996));
#4823=CARTESIAN_POINT('Origin',(-1.1,2.215,1.14));
#4824=CARTESIAN_POINT('',(-1.1,0.415,1.14));
#4825=CARTESIAN_POINT('',(-1.1,2.215,1.14));
#4826=CARTESIAN_POINT('',(-1.3,0.415,1.14));
#4827=CARTESIAN_POINT('',(-1.3,2.215,1.14));
#4828=CARTESIAN_POINT('',(-1.1,0.415,1.14));
#4829=CARTESIAN_POINT('Origin',(-1.1,1.885,0.640000000000001));
#4830=CARTESIAN_POINT('',(-1.1,0.415,1.14));
#4831=CARTESIAN_POINT('Origin',(-1.3,1.885,0.640000000000001));
#4832=CARTESIAN_POINT('',(-1.3,0.415,1.14));
#4833=CARTESIAN_POINT('Origin',(-1.1,0.415,1.14));
#4834=CARTESIAN_POINT('Origin',(-2.47,-1.135,1.39));
#4835=CARTESIAN_POINT('',(-2.15666666666667,-1.29166666666667,1.54666666666667));
#4836=CARTESIAN_POINT('Origin',(-1.9,-1.135,1.29));
#4837=CARTESIAN_POINT('Origin',(1.9,-1.215,1.47));
#4838=CARTESIAN_POINT('',(2.02,-1.155,1.41));
#4839=CARTESIAN_POINT('Origin',(2.08,8.477,1.47));
#4840=CARTESIAN_POINT('Origin',(2.7,1.42357864376269,0.17857864376269));
#4841=CARTESIAN_POINT('Origin',(1.89,0.435,1.42));
#4842=CARTESIAN_POINT('',(2.03110230125791,0.69816004922348,1.56110230125791));
#4843=CARTESIAN_POINT('Origin',(1.89,0.84895129474883,1.42048718994804));
#4844=CARTESIAN_POINT('',(2.20492740093698,0.84418975141837,1.42492740093698));
#4845=CARTESIAN_POINT('Origin',(2.2,0.835,1.42));
#4846=CARTESIAN_POINT('',(2.2,1.465,1.42));
#4847=CARTESIAN_POINT('Origin',(2.2,1.465,1.42));
#4848=CARTESIAN_POINT('',(-2.2,1.465,1.42));
#4849=CARTESIAN_POINT('Origin',(-2.2,1.465,1.42));
#4850=CARTESIAN_POINT('',(-2.2003325252278,0.84911715235535,1.4203325252278));
#4851=CARTESIAN_POINT('Origin',(-2.2,0.84895129474883,1.42048718994803));
#4852=CARTESIAN_POINT('',(-1.98874601562728,0.74358160460664,1.51874601562728));
#4853=CARTESIAN_POINT('Origin',(-1.89,0.835,1.42));
#4854=CARTESIAN_POINT('Origin',(-1.4,2.165,1.61));
#4855=CARTESIAN_POINT('',(-1.2,1.765,1.71));
#4856=CARTESIAN_POINT('',(-1.2,1.765,1.61));
#4857=CARTESIAN_POINT('',(-1.4,2.165,1.71));
#4858=CARTESIAN_POINT('',(-0.306000000000002,-0.0230000000000008,1.71));
#4859=CARTESIAN_POINT('',(-1.4,2.165,1.61));
#4860=CARTESIAN_POINT('Origin',(-1.2,1.765,1.61));
#4861=CARTESIAN_POINT('',(-1.,2.165,1.71));
#4862=CARTESIAN_POINT('',(-1.,2.165,1.61));
#4863=CARTESIAN_POINT('',(-1.714,0.736999999999995,1.71));
#4864=CARTESIAN_POINT('Origin',(-1.,2.165,1.61));
#4865=CARTESIAN_POINT('',(0.1,2.165,1.71));
#4866=CARTESIAN_POINT('Origin',(1.2,-2.005,1.71));
#4867=UNCERTAINTY_MEASURE_WITH_UNIT(LENGTH_MEASURE(0.01),#4871,
'DISTANCE_ACCURACY_VALUE',
'Maximum model space distance between geometric entities at asserted c
onnectivities');
#4868=UNCERTAINTY_MEASURE_WITH_UNIT(LENGTH_MEASURE(0.01),#4871,
'DISTANCE_ACCURACY_VALUE',
'Maximum model space distance between geometric entities at asserted c
onnectivities');
#4869=(
GEOMETRIC_REPRESENTATION_CONTEXT(3)
GLOBAL_UNCERTAINTY_ASSIGNED_CONTEXT((#4867))
GLOBAL_UNIT_ASSIGNED_CONTEXT((#4871,#4873,#4874))
REPRESENTATION_CONTEXT('','3D')
);
#4870=(
GEOMETRIC_REPRESENTATION_CONTEXT(3)
GLOBAL_UNCERTAINTY_ASSIGNED_CONTEXT((#4868))
GLOBAL_UNIT_ASSIGNED_CONTEXT((#4871,#4873,#4874))
REPRESENTATION_CONTEXT('','3D')
);
#4871=(
LENGTH_UNIT()
NAMED_UNIT(*)
SI_UNIT(.MILLI.,.METRE.)
);
#4872=(
LENGTH_UNIT()
NAMED_UNIT(*)
SI_UNIT($,.METRE.)
);
#4873=(
NAMED_UNIT(*)
PLANE_ANGLE_UNIT()
SI_UNIT($,.RADIAN.)
);
#4874=(
NAMED_UNIT(*)
SI_UNIT($,.STERADIAN.)
SOLID_ANGLE_UNIT()
);
#4875=SHAPE_DEFINITION_REPRESENTATION(#4876,#4877);
#4876=PRODUCT_DEFINITION_SHAPE('',$,#4879);
#4877=SHAPE_REPRESENTATION('',(#3051),#4869);
#4878=PRODUCT_DEFINITION_CONTEXT('part definition',#4883,'design');
#4879=PRODUCT_DEFINITION('0781710003','0781710003',#4880,#4878);
#4880=PRODUCT_DEFINITION_FORMATION('',$,#4885);
#4881=PRODUCT_RELATED_PRODUCT_CATEGORY('0781710003','0781710003',(#4885));
#4882=APPLICATION_PROTOCOL_DEFINITION('international standard',
'automotive_design',2009,#4883);
#4883=APPLICATION_CONTEXT(
'Core Data for Automotive Mechanical Design Process');
#4884=PRODUCT_CONTEXT('part definition',#4883,'mechanical');
#4885=PRODUCT('0781710003','0781710003','STEP AP242',(#4884));
#4886=PRESENTATION_STYLE_ASSIGNMENT((#4888));
#4887=PRESENTATION_STYLE_ASSIGNMENT((#4889));
#4888=SURFACE_STYLE_USAGE(.BOTH.,#4890);
#4889=SURFACE_STYLE_USAGE(.BOTH.,#4891);
#4890=SURFACE_SIDE_STYLE('',(#4892));
#4891=SURFACE_SIDE_STYLE('',(#4893));
#4892=SURFACE_STYLE_FILL_AREA(#4894);
#4893=SURFACE_STYLE_FILL_AREA(#4895);
#4894=FILL_AREA_STYLE('Steel - Satin',(#4896));
#4895=FILL_AREA_STYLE('Opaque(152,170,175)',(#4897));
#4896=FILL_AREA_STYLE_COLOUR('Steel - Satin',#4898);
#4897=FILL_AREA_STYLE_COLOUR('Opaque(152,170,175)',#4899);
#4898=COLOUR_RGB('Steel - Satin',0.627450980392157,0.627450980392157,0.627450980392157);
#4899=COLOUR_RGB('Opaque(152,170,175)',0.596078431372549,0.666666666666667,
0.686274509803922);
ENDSEC;
END-ISO-10303-21;
