ISO-10303-21;
HEADER;
/* Generated by software containing ST-Developer
 * from STEP Tools, Inc. (www.steptools.com) 
 */

FILE_DESCRIPTION(
/* description */ ('STEP AP242'),
/* implementation_level */ '2;1');

FILE_NAME(
/* name */ '61300811121.step',
/* time_stamp */ '2026-05-23T01:57:31+07:00',
/* author */ (''),
/* organization */ (''),
/* preprocessor_version */ 'ST-DEVELOPER v20.1',
/* originating_system */ 'Autodesk Translation Framework v15.8.0.0',
/* authorisation */ '');

FILE_SCHEMA (('AUTOMOTIVE_DESIGN { 1 0 10303 214 3 1 1 }'));
ENDSEC;

DATA;
#10=MECHANICAL_DESIGN_GEOMETRIC_PRESENTATION_REPRESENTATION('',(#13,#14,
#15,#16,#17,#18,#19,#20,#21),#6589);
#11=SHAPE_REPRESENTATION_RELATIONSHIP('SRR','None',#6596,#12);
#12=ADVANCED_BREP_SHAPE_REPRESENTATION('',(#22,#23,#24,#25,#26,#27,#28,
#29,#30),#6588);
#13=STYLED_ITEM('',(#6606),#22);
#14=STYLED_ITEM('',(#6607),#23);
#15=STYLED_ITEM('',(#6607),#24);
#16=STYLED_ITEM('',(#6607),#25);
#17=STYLED_ITEM('',(#6607),#26);
#18=STYLED_ITEM('',(#6607),#27);
#19=STYLED_ITEM('',(#6607),#28);
#20=STYLED_ITEM('',(#6607),#29);
#21=STYLED_ITEM('',(#6607),#30);
#22=MANIFOLD_SOLID_BREP('Body1',#4161);
#23=MANIFOLD_SOLID_BREP('Body2',#4162);
#24=MANIFOLD_SOLID_BREP('Body3',#4163);
#25=MANIFOLD_SOLID_BREP('Body4',#4164);
#26=MANIFOLD_SOLID_BREP('Body5',#4165);
#27=MANIFOLD_SOLID_BREP('Body6',#4166);
#28=MANIFOLD_SOLID_BREP('Body7',#4167);
#29=MANIFOLD_SOLID_BREP('Body8',#4168);
#30=MANIFOLD_SOLID_BREP('Body9',#4169);
#31=FACE_BOUND('',#276,.T.);
#32=FACE_BOUND('',#277,.T.);
#33=FACE_BOUND('',#278,.T.);
#34=FACE_BOUND('',#279,.T.);
#35=FACE_BOUND('',#280,.T.);
#36=FACE_BOUND('',#281,.T.);
#37=FACE_BOUND('',#282,.T.);
#38=FACE_BOUND('',#283,.T.);
#39=FACE_BOUND('',#285,.T.);
#40=FACE_BOUND('',#286,.T.);
#41=FACE_BOUND('',#287,.T.);
#42=FACE_BOUND('',#288,.T.);
#43=FACE_BOUND('',#289,.T.);
#44=FACE_BOUND('',#290,.T.);
#45=FACE_BOUND('',#291,.T.);
#46=FACE_BOUND('',#292,.T.);
#47=FACE_OUTER_BOUND('',#275,.T.);
#48=FACE_OUTER_BOUND('',#284,.T.);
#49=FACE_OUTER_BOUND('',#293,.T.);
#50=FACE_OUTER_BOUND('',#294,.T.);
#51=FACE_OUTER_BOUND('',#295,.T.);
#52=FACE_OUTER_BOUND('',#296,.T.);
#53=FACE_OUTER_BOUND('',#297,.T.);
#54=FACE_OUTER_BOUND('',#298,.T.);
#55=FACE_OUTER_BOUND('',#299,.T.);
#56=FACE_OUTER_BOUND('',#300,.T.);
#57=FACE_OUTER_BOUND('',#301,.T.);
#58=FACE_OUTER_BOUND('',#302,.T.);
#59=FACE_OUTER_BOUND('',#303,.T.);
#60=FACE_OUTER_BOUND('',#304,.T.);
#61=FACE_OUTER_BOUND('',#305,.T.);
#62=FACE_OUTER_BOUND('',#306,.T.);
#63=FACE_OUTER_BOUND('',#307,.T.);
#64=FACE_OUTER_BOUND('',#308,.T.);
#65=FACE_OUTER_BOUND('',#309,.T.);
#66=FACE_OUTER_BOUND('',#310,.T.);
#67=FACE_OUTER_BOUND('',#311,.T.);
#68=FACE_OUTER_BOUND('',#312,.T.);
#69=FACE_OUTER_BOUND('',#313,.T.);
#70=FACE_OUTER_BOUND('',#314,.T.);
#71=FACE_OUTER_BOUND('',#315,.T.);
#72=FACE_OUTER_BOUND('',#316,.T.);
#73=FACE_OUTER_BOUND('',#317,.T.);
#74=FACE_OUTER_BOUND('',#318,.T.);
#75=FACE_OUTER_BOUND('',#319,.T.);
#76=FACE_OUTER_BOUND('',#320,.T.);
#77=FACE_OUTER_BOUND('',#321,.T.);
#78=FACE_OUTER_BOUND('',#322,.T.);
#79=FACE_OUTER_BOUND('',#323,.T.);
#80=FACE_OUTER_BOUND('',#324,.T.);
#81=FACE_OUTER_BOUND('',#325,.T.);
#82=FACE_OUTER_BOUND('',#326,.T.);
#83=FACE_OUTER_BOUND('',#327,.T.);
#84=FACE_OUTER_BOUND('',#328,.T.);
#85=FACE_OUTER_BOUND('',#329,.T.);
#86=FACE_OUTER_BOUND('',#330,.T.);
#87=FACE_OUTER_BOUND('',#331,.T.);
#88=FACE_OUTER_BOUND('',#332,.T.);
#89=FACE_OUTER_BOUND('',#333,.T.);
#90=FACE_OUTER_BOUND('',#334,.T.);
#91=FACE_OUTER_BOUND('',#335,.T.);
#92=FACE_OUTER_BOUND('',#336,.T.);
#93=FACE_OUTER_BOUND('',#337,.T.);
#94=FACE_OUTER_BOUND('',#338,.T.);
#95=FACE_OUTER_BOUND('',#339,.T.);
#96=FACE_OUTER_BOUND('',#340,.T.);
#97=FACE_OUTER_BOUND('',#341,.T.);
#98=FACE_OUTER_BOUND('',#342,.T.);
#99=FACE_OUTER_BOUND('',#343,.T.);
#100=FACE_OUTER_BOUND('',#344,.T.);
#101=FACE_OUTER_BOUND('',#345,.T.);
#102=FACE_OUTER_BOUND('',#346,.T.);
#103=FACE_OUTER_BOUND('',#347,.T.);
#104=FACE_OUTER_BOUND('',#348,.T.);
#105=FACE_OUTER_BOUND('',#349,.T.);
#106=FACE_OUTER_BOUND('',#350,.T.);
#107=FACE_OUTER_BOUND('',#351,.T.);
#108=FACE_OUTER_BOUND('',#352,.T.);
#109=FACE_OUTER_BOUND('',#353,.T.);
#110=FACE_OUTER_BOUND('',#354,.T.);
#111=FACE_OUTER_BOUND('',#355,.T.);
#112=FACE_OUTER_BOUND('',#356,.T.);
#113=FACE_OUTER_BOUND('',#357,.T.);
#114=FACE_OUTER_BOUND('',#358,.T.);
#115=FACE_OUTER_BOUND('',#359,.T.);
#116=FACE_OUTER_BOUND('',#360,.T.);
#117=FACE_OUTER_BOUND('',#361,.T.);
#118=FACE_OUTER_BOUND('',#362,.T.);
#119=FACE_OUTER_BOUND('',#363,.T.);
#120=FACE_OUTER_BOUND('',#364,.T.);
#121=FACE_OUTER_BOUND('',#365,.T.);
#122=FACE_OUTER_BOUND('',#366,.T.);
#123=FACE_OUTER_BOUND('',#367,.T.);
#124=FACE_OUTER_BOUND('',#368,.T.);
#125=FACE_OUTER_BOUND('',#369,.T.);
#126=FACE_OUTER_BOUND('',#370,.T.);
#127=FACE_OUTER_BOUND('',#371,.T.);
#128=FACE_OUTER_BOUND('',#372,.T.);
#129=FACE_OUTER_BOUND('',#373,.T.);
#130=FACE_OUTER_BOUND('',#374,.T.);
#131=FACE_OUTER_BOUND('',#375,.T.);
#132=FACE_OUTER_BOUND('',#376,.T.);
#133=FACE_OUTER_BOUND('',#377,.T.);
#134=FACE_OUTER_BOUND('',#378,.T.);
#135=FACE_OUTER_BOUND('',#379,.T.);
#136=FACE_OUTER_BOUND('',#380,.T.);
#137=FACE_OUTER_BOUND('',#381,.T.);
#138=FACE_OUTER_BOUND('',#382,.T.);
#139=FACE_OUTER_BOUND('',#383,.T.);
#140=FACE_OUTER_BOUND('',#384,.T.);
#141=FACE_OUTER_BOUND('',#385,.T.);
#142=FACE_OUTER_BOUND('',#386,.T.);
#143=FACE_OUTER_BOUND('',#387,.T.);
#144=FACE_OUTER_BOUND('',#388,.T.);
#145=FACE_OUTER_BOUND('',#389,.T.);
#146=FACE_OUTER_BOUND('',#390,.T.);
#147=FACE_OUTER_BOUND('',#391,.T.);
#148=FACE_OUTER_BOUND('',#392,.T.);
#149=FACE_OUTER_BOUND('',#393,.T.);
#150=FACE_OUTER_BOUND('',#394,.T.);
#151=FACE_OUTER_BOUND('',#395,.T.);
#152=FACE_OUTER_BOUND('',#396,.T.);
#153=FACE_OUTER_BOUND('',#397,.T.);
#154=FACE_OUTER_BOUND('',#398,.T.);
#155=FACE_OUTER_BOUND('',#399,.T.);
#156=FACE_OUTER_BOUND('',#400,.T.);
#157=FACE_OUTER_BOUND('',#401,.T.);
#158=FACE_OUTER_BOUND('',#402,.T.);
#159=FACE_OUTER_BOUND('',#403,.T.);
#160=FACE_OUTER_BOUND('',#404,.T.);
#161=FACE_OUTER_BOUND('',#405,.T.);
#162=FACE_OUTER_BOUND('',#406,.T.);
#163=FACE_OUTER_BOUND('',#407,.T.);
#164=FACE_OUTER_BOUND('',#408,.T.);
#165=FACE_OUTER_BOUND('',#409,.T.);
#166=FACE_OUTER_BOUND('',#410,.T.);
#167=FACE_OUTER_BOUND('',#411,.T.);
#168=FACE_OUTER_BOUND('',#412,.T.);
#169=FACE_OUTER_BOUND('',#413,.T.);
#170=FACE_OUTER_BOUND('',#414,.T.);
#171=FACE_OUTER_BOUND('',#415,.T.);
#172=FACE_OUTER_BOUND('',#416,.T.);
#173=FACE_OUTER_BOUND('',#417,.T.);
#174=FACE_OUTER_BOUND('',#418,.T.);
#175=FACE_OUTER_BOUND('',#419,.T.);
#176=FACE_OUTER_BOUND('',#420,.T.);
#177=FACE_OUTER_BOUND('',#421,.T.);
#178=FACE_OUTER_BOUND('',#422,.T.);
#179=FACE_OUTER_BOUND('',#423,.T.);
#180=FACE_OUTER_BOUND('',#424,.T.);
#181=FACE_OUTER_BOUND('',#425,.T.);
#182=FACE_OUTER_BOUND('',#426,.T.);
#183=FACE_OUTER_BOUND('',#427,.T.);
#184=FACE_OUTER_BOUND('',#428,.T.);
#185=FACE_OUTER_BOUND('',#429,.T.);
#186=FACE_OUTER_BOUND('',#430,.T.);
#187=FACE_OUTER_BOUND('',#431,.T.);
#188=FACE_OUTER_BOUND('',#432,.T.);
#189=FACE_OUTER_BOUND('',#433,.T.);
#190=FACE_OUTER_BOUND('',#434,.T.);
#191=FACE_OUTER_BOUND('',#435,.T.);
#192=FACE_OUTER_BOUND('',#436,.T.);
#193=FACE_OUTER_BOUND('',#437,.T.);
#194=FACE_OUTER_BOUND('',#438,.T.);
#195=FACE_OUTER_BOUND('',#439,.T.);
#196=FACE_OUTER_BOUND('',#440,.T.);
#197=FACE_OUTER_BOUND('',#441,.T.);
#198=FACE_OUTER_BOUND('',#442,.T.);
#199=FACE_OUTER_BOUND('',#443,.T.);
#200=FACE_OUTER_BOUND('',#444,.T.);
#201=FACE_OUTER_BOUND('',#445,.T.);
#202=FACE_OUTER_BOUND('',#446,.T.);
#203=FACE_OUTER_BOUND('',#447,.T.);
#204=FACE_OUTER_BOUND('',#448,.T.);
#205=FACE_OUTER_BOUND('',#449,.T.);
#206=FACE_OUTER_BOUND('',#450,.T.);
#207=FACE_OUTER_BOUND('',#451,.T.);
#208=FACE_OUTER_BOUND('',#452,.T.);
#209=FACE_OUTER_BOUND('',#453,.T.);
#210=FACE_OUTER_BOUND('',#454,.T.);
#211=FACE_OUTER_BOUND('',#455,.T.);
#212=FACE_OUTER_BOUND('',#456,.T.);
#213=FACE_OUTER_BOUND('',#457,.T.);
#214=FACE_OUTER_BOUND('',#458,.T.);
#215=FACE_OUTER_BOUND('',#459,.T.);
#216=FACE_OUTER_BOUND('',#460,.T.);
#217=FACE_OUTER_BOUND('',#461,.T.);
#218=FACE_OUTER_BOUND('',#462,.T.);
#219=FACE_OUTER_BOUND('',#463,.T.);
#220=FACE_OUTER_BOUND('',#464,.T.);
#221=FACE_OUTER_BOUND('',#465,.T.);
#222=FACE_OUTER_BOUND('',#466,.T.);
#223=FACE_OUTER_BOUND('',#467,.T.);
#224=FACE_OUTER_BOUND('',#468,.T.);
#225=FACE_OUTER_BOUND('',#469,.T.);
#226=FACE_OUTER_BOUND('',#470,.T.);
#227=FACE_OUTER_BOUND('',#471,.T.);
#228=FACE_OUTER_BOUND('',#472,.T.);
#229=FACE_OUTER_BOUND('',#473,.T.);
#230=FACE_OUTER_BOUND('',#474,.T.);
#231=FACE_OUTER_BOUND('',#475,.T.);
#232=FACE_OUTER_BOUND('',#476,.T.);
#233=FACE_OUTER_BOUND('',#477,.T.);
#234=FACE_OUTER_BOUND('',#478,.T.);
#235=FACE_OUTER_BOUND('',#479,.T.);
#236=FACE_OUTER_BOUND('',#480,.T.);
#237=FACE_OUTER_BOUND('',#481,.T.);
#238=FACE_OUTER_BOUND('',#482,.T.);
#239=FACE_OUTER_BOUND('',#483,.T.);
#240=FACE_OUTER_BOUND('',#484,.T.);
#241=FACE_OUTER_BOUND('',#485,.T.);
#242=FACE_OUTER_BOUND('',#486,.T.);
#243=FACE_OUTER_BOUND('',#487,.T.);
#244=FACE_OUTER_BOUND('',#488,.T.);
#245=FACE_OUTER_BOUND('',#489,.T.);
#246=FACE_OUTER_BOUND('',#490,.T.);
#247=FACE_OUTER_BOUND('',#491,.T.);
#248=FACE_OUTER_BOUND('',#492,.T.);
#249=FACE_OUTER_BOUND('',#493,.T.);
#250=FACE_OUTER_BOUND('',#494,.T.);
#251=FACE_OUTER_BOUND('',#495,.T.);
#252=FACE_OUTER_BOUND('',#496,.T.);
#253=FACE_OUTER_BOUND('',#497,.T.);
#254=FACE_OUTER_BOUND('',#498,.T.);
#255=FACE_OUTER_BOUND('',#499,.T.);
#256=FACE_OUTER_BOUND('',#500,.T.);
#257=FACE_OUTER_BOUND('',#501,.T.);
#258=FACE_OUTER_BOUND('',#502,.T.);
#259=FACE_OUTER_BOUND('',#503,.T.);
#260=FACE_OUTER_BOUND('',#504,.T.);
#261=FACE_OUTER_BOUND('',#505,.T.);
#262=FACE_OUTER_BOUND('',#506,.T.);
#263=FACE_OUTER_BOUND('',#507,.T.);
#264=FACE_OUTER_BOUND('',#508,.T.);
#265=FACE_OUTER_BOUND('',#509,.T.);
#266=FACE_OUTER_BOUND('',#510,.T.);
#267=FACE_OUTER_BOUND('',#511,.T.);
#268=FACE_OUTER_BOUND('',#512,.T.);
#269=FACE_OUTER_BOUND('',#513,.T.);
#270=FACE_OUTER_BOUND('',#514,.T.);
#271=FACE_OUTER_BOUND('',#515,.T.);
#272=FACE_OUTER_BOUND('',#516,.T.);
#273=FACE_OUTER_BOUND('',#517,.T.);
#274=FACE_OUTER_BOUND('',#518,.T.);
#275=EDGE_LOOP('',(#2573,#2574,#2575,#2576,#2577,#2578,#2579,#2580,#2581,
#2582,#2583,#2584,#2585,#2586,#2587,#2588,#2589,#2590,#2591,#2592,#2593,
#2594,#2595,#2596,#2597,#2598,#2599,#2600,#2601,#2602,#2603,#2604,#2605,
#2606,#2607,#2608,#2609,#2610,#2611,#2612,#2613,#2614,#2615,#2616,#2617,
#2618,#2619,#2620,#2621,#2622));
#276=EDGE_LOOP('',(#2623,#2624,#2625,#2626));
#277=EDGE_LOOP('',(#2627,#2628,#2629,#2630));
#278=EDGE_LOOP('',(#2631,#2632,#2633,#2634));
#279=EDGE_LOOP('',(#2635,#2636,#2637,#2638));
#280=EDGE_LOOP('',(#2639,#2640,#2641,#2642));
#281=EDGE_LOOP('',(#2643,#2644,#2645,#2646));
#282=EDGE_LOOP('',(#2647,#2648,#2649,#2650));
#283=EDGE_LOOP('',(#2651,#2652,#2653,#2654));
#284=EDGE_LOOP('',(#2655,#2656,#2657,#2658,#2659,#2660,#2661,#2662,#2663,
#2664,#2665,#2666,#2667,#2668,#2669,#2670,#2671,#2672,#2673,#2674,#2675,
#2676,#2677,#2678,#2679,#2680,#2681,#2682,#2683,#2684,#2685,#2686,#2687,
#2688,#2689,#2690,#2691,#2692,#2693,#2694,#2695,#2696,#2697,#2698,#2699,
#2700,#2701,#2702,#2703,#2704));
#285=EDGE_LOOP('',(#2705,#2706,#2707,#2708));
#286=EDGE_LOOP('',(#2709,#2710,#2711,#2712));
#287=EDGE_LOOP('',(#2713,#2714,#2715,#2716));
#288=EDGE_LOOP('',(#2717,#2718,#2719,#2720));
#289=EDGE_LOOP('',(#2721,#2722,#2723,#2724));
#290=EDGE_LOOP('',(#2725,#2726,#2727,#2728));
#291=EDGE_LOOP('',(#2729,#2730,#2731,#2732));
#292=EDGE_LOOP('',(#2733,#2734,#2735,#2736));
#293=EDGE_LOOP('',(#2737,#2738,#2739,#2740));
#294=EDGE_LOOP('',(#2741,#2742,#2743,#2744));
#295=EDGE_LOOP('',(#2745,#2746,#2747,#2748));
#296=EDGE_LOOP('',(#2749,#2750,#2751,#2752));
#297=EDGE_LOOP('',(#2753,#2754,#2755,#2756));
#298=EDGE_LOOP('',(#2757,#2758,#2759,#2760));
#299=EDGE_LOOP('',(#2761,#2762,#2763,#2764));
#300=EDGE_LOOP('',(#2765,#2766,#2767,#2768));
#301=EDGE_LOOP('',(#2769,#2770,#2771,#2772));
#302=EDGE_LOOP('',(#2773,#2774,#2775,#2776));
#303=EDGE_LOOP('',(#2777,#2778,#2779,#2780));
#304=EDGE_LOOP('',(#2781,#2782,#2783,#2784));
#305=EDGE_LOOP('',(#2785,#2786,#2787,#2788));
#306=EDGE_LOOP('',(#2789,#2790,#2791,#2792));
#307=EDGE_LOOP('',(#2793,#2794,#2795,#2796));
#308=EDGE_LOOP('',(#2797,#2798,#2799,#2800));
#309=EDGE_LOOP('',(#2801,#2802,#2803,#2804));
#310=EDGE_LOOP('',(#2805,#2806,#2807,#2808));
#311=EDGE_LOOP('',(#2809,#2810,#2811,#2812,#2813,#2814));
#312=EDGE_LOOP('',(#2815,#2816,#2817,#2818,#2819,#2820));
#313=EDGE_LOOP('',(#2821,#2822,#2823,#2824,#2825,#2826));
#314=EDGE_LOOP('',(#2827,#2828,#2829,#2830,#2831,#2832));
#315=EDGE_LOOP('',(#2833,#2834,#2835,#2836,#2837,#2838));
#316=EDGE_LOOP('',(#2839,#2840,#2841,#2842,#2843,#2844));
#317=EDGE_LOOP('',(#2845,#2846,#2847,#2848,#2849,#2850));
#318=EDGE_LOOP('',(#2851,#2852,#2853,#2854,#2855,#2856));
#319=EDGE_LOOP('',(#2857,#2858,#2859,#2860,#2861,#2862));
#320=EDGE_LOOP('',(#2863,#2864,#2865,#2866,#2867,#2868));
#321=EDGE_LOOP('',(#2869,#2870,#2871,#2872,#2873,#2874));
#322=EDGE_LOOP('',(#2875,#2876,#2877,#2878,#2879,#2880));
#323=EDGE_LOOP('',(#2881,#2882,#2883,#2884,#2885,#2886));
#324=EDGE_LOOP('',(#2887,#2888,#2889,#2890,#2891,#2892));
#325=EDGE_LOOP('',(#2893,#2894,#2895,#2896,#2897,#2898));
#326=EDGE_LOOP('',(#2899,#2900,#2901,#2902,#2903,#2904));
#327=EDGE_LOOP('',(#2905,#2906,#2907,#2908,#2909,#2910));
#328=EDGE_LOOP('',(#2911,#2912,#2913,#2914,#2915,#2916));
#329=EDGE_LOOP('',(#2917,#2918,#2919,#2920,#2921,#2922));
#330=EDGE_LOOP('',(#2923,#2924,#2925,#2926,#2927,#2928));
#331=EDGE_LOOP('',(#2929,#2930,#2931,#2932,#2933,#2934));
#332=EDGE_LOOP('',(#2935,#2936,#2937,#2938,#2939,#2940));
#333=EDGE_LOOP('',(#2941,#2942,#2943,#2944,#2945,#2946));
#334=EDGE_LOOP('',(#2947,#2948,#2949,#2950,#2951,#2952));
#335=EDGE_LOOP('',(#2953,#2954,#2955,#2956,#2957,#2958));
#336=EDGE_LOOP('',(#2959,#2960,#2961,#2962,#2963,#2964));
#337=EDGE_LOOP('',(#2965,#2966,#2967,#2968,#2969,#2970));
#338=EDGE_LOOP('',(#2971,#2972,#2973,#2974,#2975,#2976));
#339=EDGE_LOOP('',(#2977,#2978,#2979,#2980,#2981,#2982));
#340=EDGE_LOOP('',(#2983,#2984,#2985,#2986,#2987,#2988));
#341=EDGE_LOOP('',(#2989,#2990,#2991,#2992,#2993,#2994));
#342=EDGE_LOOP('',(#2995,#2996,#2997,#2998,#2999,#3000));
#343=EDGE_LOOP('',(#3001,#3002,#3003,#3004));
#344=EDGE_LOOP('',(#3005,#3006,#3007,#3008));
#345=EDGE_LOOP('',(#3009,#3010,#3011,#3012));
#346=EDGE_LOOP('',(#3013,#3014,#3015,#3016));
#347=EDGE_LOOP('',(#3017,#3018,#3019,#3020));
#348=EDGE_LOOP('',(#3021,#3022,#3023,#3024));
#349=EDGE_LOOP('',(#3025,#3026,#3027,#3028));
#350=EDGE_LOOP('',(#3029,#3030,#3031,#3032));
#351=EDGE_LOOP('',(#3033,#3034,#3035,#3036));
#352=EDGE_LOOP('',(#3037,#3038,#3039,#3040));
#353=EDGE_LOOP('',(#3041,#3042,#3043,#3044));
#354=EDGE_LOOP('',(#3045,#3046,#3047,#3048));
#355=EDGE_LOOP('',(#3049,#3050,#3051,#3052));
#356=EDGE_LOOP('',(#3053,#3054,#3055,#3056));
#357=EDGE_LOOP('',(#3057,#3058,#3059,#3060));
#358=EDGE_LOOP('',(#3061,#3062,#3063,#3064));
#359=EDGE_LOOP('',(#3065,#3066,#3067,#3068));
#360=EDGE_LOOP('',(#3069,#3070,#3071,#3072));
#361=EDGE_LOOP('',(#3073,#3074,#3075,#3076));
#362=EDGE_LOOP('',(#3077,#3078,#3079,#3080));
#363=EDGE_LOOP('',(#3081,#3082,#3083,#3084));
#364=EDGE_LOOP('',(#3085,#3086,#3087,#3088));
#365=EDGE_LOOP('',(#3089,#3090,#3091,#3092));
#366=EDGE_LOOP('',(#3093,#3094,#3095,#3096));
#367=EDGE_LOOP('',(#3097,#3098,#3099,#3100));
#368=EDGE_LOOP('',(#3101,#3102,#3103,#3104));
#369=EDGE_LOOP('',(#3105,#3106,#3107,#3108));
#370=EDGE_LOOP('',(#3109,#3110,#3111,#3112));
#371=EDGE_LOOP('',(#3113,#3114,#3115,#3116));
#372=EDGE_LOOP('',(#3117,#3118,#3119,#3120));
#373=EDGE_LOOP('',(#3121,#3122,#3123,#3124));
#374=EDGE_LOOP('',(#3125,#3126,#3127,#3128));
#375=EDGE_LOOP('',(#3129,#3130,#3131,#3132));
#376=EDGE_LOOP('',(#3133,#3134,#3135,#3136));
#377=EDGE_LOOP('',(#3137,#3138,#3139,#3140));
#378=EDGE_LOOP('',(#3141,#3142,#3143,#3144));
#379=EDGE_LOOP('',(#3145,#3146,#3147,#3148));
#380=EDGE_LOOP('',(#3149,#3150,#3151,#3152));
#381=EDGE_LOOP('',(#3153,#3154,#3155,#3156));
#382=EDGE_LOOP('',(#3157,#3158,#3159,#3160));
#383=EDGE_LOOP('',(#3161,#3162,#3163,#3164));
#384=EDGE_LOOP('',(#3165,#3166,#3167,#3168));
#385=EDGE_LOOP('',(#3169,#3170,#3171,#3172));
#386=EDGE_LOOP('',(#3173,#3174,#3175,#3176));
#387=EDGE_LOOP('',(#3177,#3178,#3179,#3180));
#388=EDGE_LOOP('',(#3181,#3182,#3183,#3184));
#389=EDGE_LOOP('',(#3185,#3186,#3187,#3188));
#390=EDGE_LOOP('',(#3189,#3190,#3191,#3192));
#391=EDGE_LOOP('',(#3193,#3194,#3195,#3196));
#392=EDGE_LOOP('',(#3197,#3198,#3199,#3200));
#393=EDGE_LOOP('',(#3201,#3202,#3203,#3204));
#394=EDGE_LOOP('',(#3205,#3206,#3207,#3208));
#395=EDGE_LOOP('',(#3209,#3210,#3211,#3212));
#396=EDGE_LOOP('',(#3213,#3214,#3215,#3216));
#397=EDGE_LOOP('',(#3217,#3218,#3219,#3220));
#398=EDGE_LOOP('',(#3221,#3222,#3223,#3224));
#399=EDGE_LOOP('',(#3225,#3226,#3227,#3228));
#400=EDGE_LOOP('',(#3229,#3230,#3231,#3232));
#401=EDGE_LOOP('',(#3233,#3234,#3235,#3236));
#402=EDGE_LOOP('',(#3237,#3238,#3239,#3240));
#403=EDGE_LOOP('',(#3241,#3242,#3243,#3244));
#404=EDGE_LOOP('',(#3245,#3246,#3247,#3248));
#405=EDGE_LOOP('',(#3249,#3250,#3251,#3252));
#406=EDGE_LOOP('',(#3253,#3254,#3255,#3256));
#407=EDGE_LOOP('',(#3257,#3258,#3259,#3260));
#408=EDGE_LOOP('',(#3261,#3262,#3263,#3264));
#409=EDGE_LOOP('',(#3265,#3266,#3267,#3268));
#410=EDGE_LOOP('',(#3269,#3270,#3271,#3272));
#411=EDGE_LOOP('',(#3273,#3274,#3275,#3276));
#412=EDGE_LOOP('',(#3277,#3278,#3279,#3280));
#413=EDGE_LOOP('',(#3281,#3282,#3283,#3284));
#414=EDGE_LOOP('',(#3285,#3286,#3287,#3288));
#415=EDGE_LOOP('',(#3289,#3290,#3291,#3292));
#416=EDGE_LOOP('',(#3293,#3294,#3295,#3296));
#417=EDGE_LOOP('',(#3297,#3298,#3299,#3300));
#418=EDGE_LOOP('',(#3301,#3302,#3303,#3304));
#419=EDGE_LOOP('',(#3305,#3306,#3307,#3308));
#420=EDGE_LOOP('',(#3309,#3310,#3311,#3312));
#421=EDGE_LOOP('',(#3313,#3314,#3315,#3316));
#422=EDGE_LOOP('',(#3317,#3318,#3319,#3320));
#423=EDGE_LOOP('',(#3321,#3322,#3323,#3324));
#424=EDGE_LOOP('',(#3325,#3326,#3327,#3328));
#425=EDGE_LOOP('',(#3329,#3330,#3331,#3332));
#426=EDGE_LOOP('',(#3333,#3334,#3335,#3336));
#427=EDGE_LOOP('',(#3337,#3338,#3339,#3340));
#428=EDGE_LOOP('',(#3341,#3342,#3343,#3344));
#429=EDGE_LOOP('',(#3345,#3346,#3347,#3348));
#430=EDGE_LOOP('',(#3349,#3350,#3351,#3352));
#431=EDGE_LOOP('',(#3353,#3354,#3355,#3356));
#432=EDGE_LOOP('',(#3357,#3358,#3359,#3360));
#433=EDGE_LOOP('',(#3361,#3362,#3363,#3364));
#434=EDGE_LOOP('',(#3365,#3366,#3367,#3368));
#435=EDGE_LOOP('',(#3369,#3370,#3371,#3372));
#436=EDGE_LOOP('',(#3373,#3374,#3375,#3376));
#437=EDGE_LOOP('',(#3377,#3378,#3379,#3380));
#438=EDGE_LOOP('',(#3381,#3382,#3383,#3384));
#439=EDGE_LOOP('',(#3385,#3386,#3387,#3388));
#440=EDGE_LOOP('',(#3389,#3390,#3391,#3392));
#441=EDGE_LOOP('',(#3393,#3394,#3395,#3396));
#442=EDGE_LOOP('',(#3397,#3398,#3399,#3400));
#443=EDGE_LOOP('',(#3401,#3402,#3403,#3404));
#444=EDGE_LOOP('',(#3405,#3406,#3407,#3408));
#445=EDGE_LOOP('',(#3409,#3410,#3411,#3412));
#446=EDGE_LOOP('',(#3413,#3414,#3415,#3416));
#447=EDGE_LOOP('',(#3417,#3418,#3419,#3420));
#448=EDGE_LOOP('',(#3421,#3422,#3423,#3424));
#449=EDGE_LOOP('',(#3425,#3426,#3427,#3428));
#450=EDGE_LOOP('',(#3429,#3430,#3431,#3432));
#451=EDGE_LOOP('',(#3433,#3434,#3435,#3436));
#452=EDGE_LOOP('',(#3437,#3438,#3439,#3440));
#453=EDGE_LOOP('',(#3441,#3442,#3443,#3444));
#454=EDGE_LOOP('',(#3445,#3446,#3447,#3448));
#455=EDGE_LOOP('',(#3449,#3450,#3451,#3452));
#456=EDGE_LOOP('',(#3453,#3454,#3455,#3456));
#457=EDGE_LOOP('',(#3457,#3458,#3459,#3460));
#458=EDGE_LOOP('',(#3461,#3462,#3463,#3464));
#459=EDGE_LOOP('',(#3465,#3466,#3467,#3468));
#460=EDGE_LOOP('',(#3469,#3470,#3471,#3472));
#461=EDGE_LOOP('',(#3473,#3474,#3475,#3476));
#462=EDGE_LOOP('',(#3477,#3478,#3479,#3480));
#463=EDGE_LOOP('',(#3481,#3482,#3483,#3484));
#464=EDGE_LOOP('',(#3485,#3486,#3487,#3488));
#465=EDGE_LOOP('',(#3489,#3490,#3491,#3492));
#466=EDGE_LOOP('',(#3493,#3494,#3495,#3496));
#467=EDGE_LOOP('',(#3497,#3498,#3499,#3500));
#468=EDGE_LOOP('',(#3501,#3502,#3503,#3504));
#469=EDGE_LOOP('',(#3505,#3506,#3507,#3508));
#470=EDGE_LOOP('',(#3509,#3510,#3511,#3512));
#471=EDGE_LOOP('',(#3513,#3514,#3515,#3516));
#472=EDGE_LOOP('',(#3517,#3518,#3519,#3520));
#473=EDGE_LOOP('',(#3521,#3522,#3523,#3524));
#474=EDGE_LOOP('',(#3525,#3526,#3527,#3528));
#475=EDGE_LOOP('',(#3529,#3530,#3531,#3532));
#476=EDGE_LOOP('',(#3533,#3534,#3535,#3536));
#477=EDGE_LOOP('',(#3537,#3538,#3539,#3540));
#478=EDGE_LOOP('',(#3541,#3542,#3543,#3544));
#479=EDGE_LOOP('',(#3545,#3546,#3547,#3548));
#480=EDGE_LOOP('',(#3549,#3550,#3551,#3552));
#481=EDGE_LOOP('',(#3553,#3554,#3555,#3556));
#482=EDGE_LOOP('',(#3557,#3558,#3559,#3560));
#483=EDGE_LOOP('',(#3561,#3562,#3563,#3564));
#484=EDGE_LOOP('',(#3565,#3566,#3567,#3568));
#485=EDGE_LOOP('',(#3569,#3570,#3571,#3572));
#486=EDGE_LOOP('',(#3573,#3574,#3575,#3576));
#487=EDGE_LOOP('',(#3577,#3578,#3579,#3580));
#488=EDGE_LOOP('',(#3581,#3582,#3583,#3584));
#489=EDGE_LOOP('',(#3585,#3586,#3587,#3588));
#490=EDGE_LOOP('',(#3589,#3590,#3591,#3592));
#491=EDGE_LOOP('',(#3593,#3594,#3595,#3596));
#492=EDGE_LOOP('',(#3597,#3598,#3599,#3600));
#493=EDGE_LOOP('',(#3601,#3602,#3603,#3604));
#494=EDGE_LOOP('',(#3605,#3606,#3607,#3608));
#495=EDGE_LOOP('',(#3609,#3610,#3611,#3612));
#496=EDGE_LOOP('',(#3613,#3614,#3615,#3616));
#497=EDGE_LOOP('',(#3617,#3618,#3619,#3620));
#498=EDGE_LOOP('',(#3621,#3622,#3623,#3624));
#499=EDGE_LOOP('',(#3625,#3626,#3627,#3628));
#500=EDGE_LOOP('',(#3629,#3630,#3631,#3632));
#501=EDGE_LOOP('',(#3633,#3634,#3635,#3636));
#502=EDGE_LOOP('',(#3637,#3638,#3639,#3640));
#503=EDGE_LOOP('',(#3641,#3642,#3643,#3644));
#504=EDGE_LOOP('',(#3645,#3646,#3647,#3648));
#505=EDGE_LOOP('',(#3649,#3650,#3651,#3652));
#506=EDGE_LOOP('',(#3653,#3654,#3655,#3656));
#507=EDGE_LOOP('',(#3657,#3658,#3659,#3660));
#508=EDGE_LOOP('',(#3661,#3662,#3663,#3664));
#509=EDGE_LOOP('',(#3665,#3666,#3667,#3668));
#510=EDGE_LOOP('',(#3669,#3670,#3671,#3672));
#511=EDGE_LOOP('',(#3673,#3674,#3675,#3676));
#512=EDGE_LOOP('',(#3677,#3678,#3679,#3680));
#513=EDGE_LOOP('',(#3681,#3682,#3683,#3684));
#514=EDGE_LOOP('',(#3685,#3686,#3687,#3688));
#515=EDGE_LOOP('',(#3689,#3690,#3691,#3692));
#516=EDGE_LOOP('',(#3693,#3694,#3695,#3696));
#517=EDGE_LOOP('',(#3697,#3698,#3699,#3700));
#518=EDGE_LOOP('',(#3701,#3702,#3703,#3704));
#519=LINE('',#5439,#1085);
#520=LINE('',#5441,#1086);
#521=LINE('',#5443,#1087);
#522=LINE('',#5445,#1088);
#523=LINE('',#5447,#1089);
#524=LINE('',#5449,#1090);
#525=LINE('',#5451,#1091);
#526=LINE('',#5453,#1092);
#527=LINE('',#5455,#1093);
#528=LINE('',#5457,#1094);
#529=LINE('',#5459,#1095);
#530=LINE('',#5461,#1096);
#531=LINE('',#5463,#1097);
#532=LINE('',#5465,#1098);
#533=LINE('',#5467,#1099);
#534=LINE('',#5469,#1100);
#535=LINE('',#5471,#1101);
#536=LINE('',#5473,#1102);
#537=LINE('',#5475,#1103);
#538=LINE('',#5477,#1104);
#539=LINE('',#5479,#1105);
#540=LINE('',#5481,#1106);
#541=LINE('',#5483,#1107);
#542=LINE('',#5485,#1108);
#543=LINE('',#5487,#1109);
#544=LINE('',#5489,#1110);
#545=LINE('',#5491,#1111);
#546=LINE('',#5493,#1112);
#547=LINE('',#5495,#1113);
#548=LINE('',#5497,#1114);
#549=LINE('',#5499,#1115);
#550=LINE('',#5501,#1116);
#551=LINE('',#5503,#1117);
#552=LINE('',#5505,#1118);
#553=LINE('',#5507,#1119);
#554=LINE('',#5509,#1120);
#555=LINE('',#5511,#1121);
#556=LINE('',#5513,#1122);
#557=LINE('',#5515,#1123);
#558=LINE('',#5517,#1124);
#559=LINE('',#5519,#1125);
#560=LINE('',#5521,#1126);
#561=LINE('',#5523,#1127);
#562=LINE('',#5525,#1128);
#563=LINE('',#5527,#1129);
#564=LINE('',#5529,#1130);
#565=LINE('',#5531,#1131);
#566=LINE('',#5533,#1132);
#567=LINE('',#5535,#1133);
#568=LINE('',#5536,#1134);
#569=LINE('',#5539,#1135);
#570=LINE('',#5541,#1136);
#571=LINE('',#5543,#1137);
#572=LINE('',#5544,#1138);
#573=LINE('',#5547,#1139);
#574=LINE('',#5549,#1140);
#575=LINE('',#5551,#1141);
#576=LINE('',#5552,#1142);
#577=LINE('',#5555,#1143);
#578=LINE('',#5557,#1144);
#579=LINE('',#5559,#1145);
#580=LINE('',#5560,#1146);
#581=LINE('',#5563,#1147);
#582=LINE('',#5565,#1148);
#583=LINE('',#5567,#1149);
#584=LINE('',#5568,#1150);
#585=LINE('',#5571,#1151);
#586=LINE('',#5573,#1152);
#587=LINE('',#5575,#1153);
#588=LINE('',#5576,#1154);
#589=LINE('',#5579,#1155);
#590=LINE('',#5581,#1156);
#591=LINE('',#5583,#1157);
#592=LINE('',#5584,#1158);
#593=LINE('',#5587,#1159);
#594=LINE('',#5589,#1160);
#595=LINE('',#5591,#1161);
#596=LINE('',#5592,#1162);
#597=LINE('',#5595,#1163);
#598=LINE('',#5597,#1164);
#599=LINE('',#5599,#1165);
#600=LINE('',#5600,#1166);
#601=LINE('',#5604,#1167);
#602=LINE('',#5606,#1168);
#603=LINE('',#5608,#1169);
#604=LINE('',#5610,#1170);
#605=LINE('',#5612,#1171);
#606=LINE('',#5614,#1172);
#607=LINE('',#5616,#1173);
#608=LINE('',#5618,#1174);
#609=LINE('',#5620,#1175);
#610=LINE('',#5622,#1176);
#611=LINE('',#5624,#1177);
#612=LINE('',#5626,#1178);
#613=LINE('',#5628,#1179);
#614=LINE('',#5630,#1180);
#615=LINE('',#5632,#1181);
#616=LINE('',#5634,#1182);
#617=LINE('',#5636,#1183);
#618=LINE('',#5638,#1184);
#619=LINE('',#5640,#1185);
#620=LINE('',#5642,#1186);
#621=LINE('',#5644,#1187);
#622=LINE('',#5646,#1188);
#623=LINE('',#5648,#1189);
#624=LINE('',#5650,#1190);
#625=LINE('',#5652,#1191);
#626=LINE('',#5654,#1192);
#627=LINE('',#5656,#1193);
#628=LINE('',#5658,#1194);
#629=LINE('',#5660,#1195);
#630=LINE('',#5662,#1196);
#631=LINE('',#5664,#1197);
#632=LINE('',#5666,#1198);
#633=LINE('',#5668,#1199);
#634=LINE('',#5670,#1200);
#635=LINE('',#5672,#1201);
#636=LINE('',#5674,#1202);
#637=LINE('',#5676,#1203);
#638=LINE('',#5678,#1204);
#639=LINE('',#5680,#1205);
#640=LINE('',#5682,#1206);
#641=LINE('',#5684,#1207);
#642=LINE('',#5686,#1208);
#643=LINE('',#5688,#1209);
#644=LINE('',#5690,#1210);
#645=LINE('',#5692,#1211);
#646=LINE('',#5694,#1212);
#647=LINE('',#5696,#1213);
#648=LINE('',#5698,#1214);
#649=LINE('',#5700,#1215);
#650=LINE('',#5701,#1216);
#651=LINE('',#5704,#1217);
#652=LINE('',#5706,#1218);
#653=LINE('',#5708,#1219);
#654=LINE('',#5709,#1220);
#655=LINE('',#5712,#1221);
#656=LINE('',#5714,#1222);
#657=LINE('',#5716,#1223);
#658=LINE('',#5717,#1224);
#659=LINE('',#5720,#1225);
#660=LINE('',#5722,#1226);
#661=LINE('',#5724,#1227);
#662=LINE('',#5725,#1228);
#663=LINE('',#5728,#1229);
#664=LINE('',#5730,#1230);
#665=LINE('',#5732,#1231);
#666=LINE('',#5733,#1232);
#667=LINE('',#5736,#1233);
#668=LINE('',#5738,#1234);
#669=LINE('',#5740,#1235);
#670=LINE('',#5741,#1236);
#671=LINE('',#5744,#1237);
#672=LINE('',#5746,#1238);
#673=LINE('',#5748,#1239);
#674=LINE('',#5749,#1240);
#675=LINE('',#5752,#1241);
#676=LINE('',#5754,#1242);
#677=LINE('',#5756,#1243);
#678=LINE('',#5757,#1244);
#679=LINE('',#5760,#1245);
#680=LINE('',#5762,#1246);
#681=LINE('',#5764,#1247);
#682=LINE('',#5765,#1248);
#683=LINE('',#5769,#1249);
#684=LINE('',#5771,#1250);
#685=LINE('',#5773,#1251);
#686=LINE('',#5774,#1252);
#687=LINE('',#5778,#1253);
#688=LINE('',#5780,#1254);
#689=LINE('',#5782,#1255);
#690=LINE('',#5783,#1256);
#691=LINE('',#5787,#1257);
#692=LINE('',#5789,#1258);
#693=LINE('',#5791,#1259);
#694=LINE('',#5792,#1260);
#695=LINE('',#5796,#1261);
#696=LINE('',#5798,#1262);
#697=LINE('',#5800,#1263);
#698=LINE('',#5801,#1264);
#699=LINE('',#5805,#1265);
#700=LINE('',#5807,#1266);
#701=LINE('',#5809,#1267);
#702=LINE('',#5810,#1268);
#703=LINE('',#5814,#1269);
#704=LINE('',#5816,#1270);
#705=LINE('',#5818,#1271);
#706=LINE('',#5819,#1272);
#707=LINE('',#5823,#1273);
#708=LINE('',#5825,#1274);
#709=LINE('',#5827,#1275);
#710=LINE('',#5828,#1276);
#711=LINE('',#5832,#1277);
#712=LINE('',#5834,#1278);
#713=LINE('',#5836,#1279);
#714=LINE('',#5837,#1280);
#715=LINE('',#5841,#1281);
#716=LINE('',#5843,#1282);
#717=LINE('',#5845,#1283);
#718=LINE('',#5846,#1284);
#719=LINE('',#5850,#1285);
#720=LINE('',#5852,#1286);
#721=LINE('',#5854,#1287);
#722=LINE('',#5855,#1288);
#723=LINE('',#5859,#1289);
#724=LINE('',#5861,#1290);
#725=LINE('',#5863,#1291);
#726=LINE('',#5864,#1292);
#727=LINE('',#5868,#1293);
#728=LINE('',#5870,#1294);
#729=LINE('',#5872,#1295);
#730=LINE('',#5873,#1296);
#731=LINE('',#5877,#1297);
#732=LINE('',#5879,#1298);
#733=LINE('',#5881,#1299);
#734=LINE('',#5882,#1300);
#735=LINE('',#5886,#1301);
#736=LINE('',#5888,#1302);
#737=LINE('',#5890,#1303);
#738=LINE('',#5891,#1304);
#739=LINE('',#5895,#1305);
#740=LINE('',#5897,#1306);
#741=LINE('',#5899,#1307);
#742=LINE('',#5900,#1308);
#743=LINE('',#5904,#1309);
#744=LINE('',#5906,#1310);
#745=LINE('',#5908,#1311);
#746=LINE('',#5909,#1312);
#747=LINE('',#5911,#1313);
#748=LINE('',#5912,#1314);
#749=LINE('',#5914,#1315);
#750=LINE('',#5915,#1316);
#751=LINE('',#5917,#1317);
#752=LINE('',#5918,#1318);
#753=LINE('',#5920,#1319);
#754=LINE('',#5921,#1320);
#755=LINE('',#5922,#1321);
#756=LINE('',#5924,#1322);
#757=LINE('',#5925,#1323);
#758=LINE('',#5927,#1324);
#759=LINE('',#5928,#1325);
#760=LINE('',#5929,#1326);
#761=LINE('',#5931,#1327);
#762=LINE('',#5932,#1328);
#763=LINE('',#5934,#1329);
#764=LINE('',#5935,#1330);
#765=LINE('',#5936,#1331);
#766=LINE('',#5938,#1332);
#767=LINE('',#5939,#1333);
#768=LINE('',#5941,#1334);
#769=LINE('',#5942,#1335);
#770=LINE('',#5943,#1336);
#771=LINE('',#5945,#1337);
#772=LINE('',#5946,#1338);
#773=LINE('',#5948,#1339);
#774=LINE('',#5949,#1340);
#775=LINE('',#5950,#1341);
#776=LINE('',#5952,#1342);
#777=LINE('',#5953,#1343);
#778=LINE('',#5955,#1344);
#779=LINE('',#5956,#1345);
#780=LINE('',#5957,#1346);
#781=LINE('',#5959,#1347);
#782=LINE('',#5960,#1348);
#783=LINE('',#5962,#1349);
#784=LINE('',#5963,#1350);
#785=LINE('',#5964,#1351);
#786=LINE('',#5966,#1352);
#787=LINE('',#5967,#1353);
#788=LINE('',#5969,#1354);
#789=LINE('',#5970,#1355);
#790=LINE('',#5972,#1356);
#791=LINE('',#5973,#1357);
#792=LINE('',#5975,#1358);
#793=LINE('',#5976,#1359);
#794=LINE('',#5977,#1360);
#795=LINE('',#5979,#1361);
#796=LINE('',#5980,#1362);
#797=LINE('',#5982,#1363);
#798=LINE('',#5983,#1364);
#799=LINE('',#5984,#1365);
#800=LINE('',#5986,#1366);
#801=LINE('',#5987,#1367);
#802=LINE('',#5989,#1368);
#803=LINE('',#5990,#1369);
#804=LINE('',#5991,#1370);
#805=LINE('',#5993,#1371);
#806=LINE('',#5994,#1372);
#807=LINE('',#5996,#1373);
#808=LINE('',#5997,#1374);
#809=LINE('',#5998,#1375);
#810=LINE('',#6000,#1376);
#811=LINE('',#6001,#1377);
#812=LINE('',#6003,#1378);
#813=LINE('',#6004,#1379);
#814=LINE('',#6005,#1380);
#815=LINE('',#6007,#1381);
#816=LINE('',#6008,#1382);
#817=LINE('',#6010,#1383);
#818=LINE('',#6011,#1384);
#819=LINE('',#6012,#1385);
#820=LINE('',#6014,#1386);
#821=LINE('',#6015,#1387);
#822=LINE('',#6017,#1388);
#823=LINE('',#6018,#1389);
#824=LINE('',#6019,#1390);
#825=LINE('',#6021,#1391);
#826=LINE('',#6022,#1392);
#827=LINE('',#6024,#1393);
#828=LINE('',#6025,#1394);
#829=LINE('',#6027,#1395);
#830=LINE('',#6028,#1396);
#831=LINE('',#6030,#1397);
#832=LINE('',#6032,#1398);
#833=LINE('',#6067,#1399);
#834=LINE('',#6068,#1400);
#835=LINE('',#6070,#1401);
#836=LINE('',#6072,#1402);
#837=LINE('',#6075,#1403);
#838=LINE('',#6076,#1404);
#839=LINE('',#6078,#1405);
#840=LINE('',#6080,#1406);
#841=LINE('',#6083,#1407);
#842=LINE('',#6084,#1408);
#843=LINE('',#6086,#1409);
#844=LINE('',#6088,#1410);
#845=LINE('',#6091,#1411);
#846=LINE('',#6092,#1412);
#847=LINE('',#6094,#1413);
#848=LINE('',#6096,#1414);
#849=LINE('',#6099,#1415);
#850=LINE('',#6100,#1416);
#851=LINE('',#6102,#1417);
#852=LINE('',#6104,#1418);
#853=LINE('',#6107,#1419);
#854=LINE('',#6108,#1420);
#855=LINE('',#6110,#1421);
#856=LINE('',#6112,#1422);
#857=LINE('',#6115,#1423);
#858=LINE('',#6116,#1424);
#859=LINE('',#6118,#1425);
#860=LINE('',#6120,#1426);
#861=LINE('',#6125,#1427);
#862=LINE('',#6127,#1428);
#863=LINE('',#6129,#1429);
#864=LINE('',#6130,#1430);
#865=LINE('',#6134,#1431);
#866=LINE('',#6136,#1432);
#867=LINE('',#6138,#1433);
#868=LINE('',#6139,#1434);
#869=LINE('',#6143,#1435);
#870=LINE('',#6145,#1436);
#871=LINE('',#6147,#1437);
#872=LINE('',#6148,#1438);
#873=LINE('',#6152,#1439);
#874=LINE('',#6154,#1440);
#875=LINE('',#6156,#1441);
#876=LINE('',#6157,#1442);
#877=LINE('',#6159,#1443);
#878=LINE('',#6160,#1444);
#879=LINE('',#6162,#1445);
#880=LINE('',#6163,#1446);
#881=LINE('',#6165,#1447);
#882=LINE('',#6166,#1448);
#883=LINE('',#6168,#1449);
#884=LINE('',#6170,#1450);
#885=LINE('',#6173,#1451);
#886=LINE('',#6174,#1452);
#887=LINE('',#6176,#1453);
#888=LINE('',#6178,#1454);
#889=LINE('',#6183,#1455);
#890=LINE('',#6185,#1456);
#891=LINE('',#6187,#1457);
#892=LINE('',#6188,#1458);
#893=LINE('',#6192,#1459);
#894=LINE('',#6194,#1460);
#895=LINE('',#6196,#1461);
#896=LINE('',#6197,#1462);
#897=LINE('',#6201,#1463);
#898=LINE('',#6203,#1464);
#899=LINE('',#6205,#1465);
#900=LINE('',#6206,#1466);
#901=LINE('',#6210,#1467);
#902=LINE('',#6212,#1468);
#903=LINE('',#6214,#1469);
#904=LINE('',#6215,#1470);
#905=LINE('',#6217,#1471);
#906=LINE('',#6218,#1472);
#907=LINE('',#6220,#1473);
#908=LINE('',#6221,#1474);
#909=LINE('',#6223,#1475);
#910=LINE('',#6224,#1476);
#911=LINE('',#6226,#1477);
#912=LINE('',#6228,#1478);
#913=LINE('',#6231,#1479);
#914=LINE('',#6232,#1480);
#915=LINE('',#6234,#1481);
#916=LINE('',#6236,#1482);
#917=LINE('',#6241,#1483);
#918=LINE('',#6243,#1484);
#919=LINE('',#6245,#1485);
#920=LINE('',#6246,#1486);
#921=LINE('',#6250,#1487);
#922=LINE('',#6252,#1488);
#923=LINE('',#6254,#1489);
#924=LINE('',#6255,#1490);
#925=LINE('',#6259,#1491);
#926=LINE('',#6261,#1492);
#927=LINE('',#6263,#1493);
#928=LINE('',#6264,#1494);
#929=LINE('',#6268,#1495);
#930=LINE('',#6270,#1496);
#931=LINE('',#6272,#1497);
#932=LINE('',#6273,#1498);
#933=LINE('',#6275,#1499);
#934=LINE('',#6276,#1500);
#935=LINE('',#6278,#1501);
#936=LINE('',#6279,#1502);
#937=LINE('',#6281,#1503);
#938=LINE('',#6282,#1504);
#939=LINE('',#6284,#1505);
#940=LINE('',#6286,#1506);
#941=LINE('',#6289,#1507);
#942=LINE('',#6290,#1508);
#943=LINE('',#6292,#1509);
#944=LINE('',#6294,#1510);
#945=LINE('',#6299,#1511);
#946=LINE('',#6301,#1512);
#947=LINE('',#6303,#1513);
#948=LINE('',#6304,#1514);
#949=LINE('',#6308,#1515);
#950=LINE('',#6310,#1516);
#951=LINE('',#6312,#1517);
#952=LINE('',#6313,#1518);
#953=LINE('',#6317,#1519);
#954=LINE('',#6319,#1520);
#955=LINE('',#6321,#1521);
#956=LINE('',#6322,#1522);
#957=LINE('',#6326,#1523);
#958=LINE('',#6328,#1524);
#959=LINE('',#6330,#1525);
#960=LINE('',#6331,#1526);
#961=LINE('',#6333,#1527);
#962=LINE('',#6334,#1528);
#963=LINE('',#6336,#1529);
#964=LINE('',#6337,#1530);
#965=LINE('',#6339,#1531);
#966=LINE('',#6340,#1532);
#967=LINE('',#6342,#1533);
#968=LINE('',#6344,#1534);
#969=LINE('',#6347,#1535);
#970=LINE('',#6348,#1536);
#971=LINE('',#6350,#1537);
#972=LINE('',#6352,#1538);
#973=LINE('',#6357,#1539);
#974=LINE('',#6359,#1540);
#975=LINE('',#6361,#1541);
#976=LINE('',#6362,#1542);
#977=LINE('',#6366,#1543);
#978=LINE('',#6368,#1544);
#979=LINE('',#6370,#1545);
#980=LINE('',#6371,#1546);
#981=LINE('',#6375,#1547);
#982=LINE('',#6377,#1548);
#983=LINE('',#6379,#1549);
#984=LINE('',#6380,#1550);
#985=LINE('',#6384,#1551);
#986=LINE('',#6386,#1552);
#987=LINE('',#6388,#1553);
#988=LINE('',#6389,#1554);
#989=LINE('',#6391,#1555);
#990=LINE('',#6392,#1556);
#991=LINE('',#6394,#1557);
#992=LINE('',#6395,#1558);
#993=LINE('',#6397,#1559);
#994=LINE('',#6398,#1560);
#995=LINE('',#6400,#1561);
#996=LINE('',#6402,#1562);
#997=LINE('',#6405,#1563);
#998=LINE('',#6406,#1564);
#999=LINE('',#6408,#1565);
#1000=LINE('',#6410,#1566);
#1001=LINE('',#6415,#1567);
#1002=LINE('',#6417,#1568);
#1003=LINE('',#6419,#1569);
#1004=LINE('',#6420,#1570);
#1005=LINE('',#6424,#1571);
#1006=LINE('',#6426,#1572);
#1007=LINE('',#6428,#1573);
#1008=LINE('',#6429,#1574);
#1009=LINE('',#6433,#1575);
#1010=LINE('',#6435,#1576);
#1011=LINE('',#6437,#1577);
#1012=LINE('',#6438,#1578);
#1013=LINE('',#6442,#1579);
#1014=LINE('',#6444,#1580);
#1015=LINE('',#6446,#1581);
#1016=LINE('',#6447,#1582);
#1017=LINE('',#6449,#1583);
#1018=LINE('',#6450,#1584);
#1019=LINE('',#6452,#1585);
#1020=LINE('',#6453,#1586);
#1021=LINE('',#6455,#1587);
#1022=LINE('',#6456,#1588);
#1023=LINE('',#6458,#1589);
#1024=LINE('',#6460,#1590);
#1025=LINE('',#6463,#1591);
#1026=LINE('',#6464,#1592);
#1027=LINE('',#6466,#1593);
#1028=LINE('',#6468,#1594);
#1029=LINE('',#6473,#1595);
#1030=LINE('',#6475,#1596);
#1031=LINE('',#6477,#1597);
#1032=LINE('',#6478,#1598);
#1033=LINE('',#6482,#1599);
#1034=LINE('',#6484,#1600);
#1035=LINE('',#6486,#1601);
#1036=LINE('',#6487,#1602);
#1037=LINE('',#6491,#1603);
#1038=LINE('',#6493,#1604);
#1039=LINE('',#6495,#1605);
#1040=LINE('',#6496,#1606);
#1041=LINE('',#6500,#1607);
#1042=LINE('',#6502,#1608);
#1043=LINE('',#6504,#1609);
#1044=LINE('',#6505,#1610);
#1045=LINE('',#6507,#1611);
#1046=LINE('',#6508,#1612);
#1047=LINE('',#6510,#1613);
#1048=LINE('',#6511,#1614);
#1049=LINE('',#6513,#1615);
#1050=LINE('',#6514,#1616);
#1051=LINE('',#6516,#1617);
#1052=LINE('',#6518,#1618);
#1053=LINE('',#6521,#1619);
#1054=LINE('',#6522,#1620);
#1055=LINE('',#6524,#1621);
#1056=LINE('',#6526,#1622);
#1057=LINE('',#6531,#1623);
#1058=LINE('',#6533,#1624);
#1059=LINE('',#6535,#1625);
#1060=LINE('',#6536,#1626);
#1061=LINE('',#6540,#1627);
#1062=LINE('',#6542,#1628);
#1063=LINE('',#6544,#1629);
#1064=LINE('',#6545,#1630);
#1065=LINE('',#6549,#1631);
#1066=LINE('',#6551,#1632);
#1067=LINE('',#6553,#1633);
#1068=LINE('',#6554,#1634);
#1069=LINE('',#6558,#1635);
#1070=LINE('',#6560,#1636);
#1071=LINE('',#6562,#1637);
#1072=LINE('',#6563,#1638);
#1073=LINE('',#6565,#1639);
#1074=LINE('',#6566,#1640);
#1075=LINE('',#6568,#1641);
#1076=LINE('',#6569,#1642);
#1077=LINE('',#6571,#1643);
#1078=LINE('',#6572,#1644);
#1079=LINE('',#6574,#1645);
#1080=LINE('',#6576,#1646);
#1081=LINE('',#6579,#1647);
#1082=LINE('',#6580,#1648);
#1083=LINE('',#6582,#1649);
#1084=LINE('',#6584,#1650);
#1085=VECTOR('',#4415,10.);
#1086=VECTOR('',#4416,1000.);
#1087=VECTOR('',#4417,10.);
#1088=VECTOR('',#4418,1000.);
#1089=VECTOR('',#4419,1000.);
#1090=VECTOR('',#4420,10.);
#1091=VECTOR('',#4421,1000.);
#1092=VECTOR('',#4422,1000.);
#1093=VECTOR('',#4423,10.);
#1094=VECTOR('',#4424,1000.);
#1095=VECTOR('',#4425,1000.);
#1096=VECTOR('',#4426,10.);
#1097=VECTOR('',#4427,1000.);
#1098=VECTOR('',#4428,1000.);
#1099=VECTOR('',#4429,10.);
#1100=VECTOR('',#4430,1000.);
#1101=VECTOR('',#4431,1000.);
#1102=VECTOR('',#4432,10.);
#1103=VECTOR('',#4433,1000.);
#1104=VECTOR('',#4434,1000.);
#1105=VECTOR('',#4435,10.);
#1106=VECTOR('',#4436,1000.);
#1107=VECTOR('',#4437,1000.);
#1108=VECTOR('',#4438,10.);
#1109=VECTOR('',#4439,1000.);
#1110=VECTOR('',#4440,10.);
#1111=VECTOR('',#4441,1000.);
#1112=VECTOR('',#4442,10.);
#1113=VECTOR('',#4443,1000.);
#1114=VECTOR('',#4444,1000.);
#1115=VECTOR('',#4445,10.);
#1116=VECTOR('',#4446,1000.);
#1117=VECTOR('',#4447,1000.);
#1118=VECTOR('',#4448,10.);
#1119=VECTOR('',#4449,1000.);
#1120=VECTOR('',#4450,1000.);
#1121=VECTOR('',#4451,10.);
#1122=VECTOR('',#4452,1000.);
#1123=VECTOR('',#4453,1000.);
#1124=VECTOR('',#4454,10.);
#1125=VECTOR('',#4455,1000.);
#1126=VECTOR('',#4456,1000.);
#1127=VECTOR('',#4457,10.);
#1128=VECTOR('',#4458,1000.);
#1129=VECTOR('',#4459,1000.);
#1130=VECTOR('',#4460,10.);
#1131=VECTOR('',#4461,1000.);
#1132=VECTOR('',#4462,1000.);
#1133=VECTOR('',#4463,10.);
#1134=VECTOR('',#4464,1000.);
#1135=VECTOR('',#4465,1000.);
#1136=VECTOR('',#4466,1000.);
#1137=VECTOR('',#4467,1000.);
#1138=VECTOR('',#4468,1000.);
#1139=VECTOR('',#4469,1000.);
#1140=VECTOR('',#4470,1000.);
#1141=VECTOR('',#4471,1000.);
#1142=VECTOR('',#4472,1000.);
#1143=VECTOR('',#4473,1000.);
#1144=VECTOR('',#4474,1000.);
#1145=VECTOR('',#4475,1000.);
#1146=VECTOR('',#4476,1000.);
#1147=VECTOR('',#4477,1000.);
#1148=VECTOR('',#4478,1000.);
#1149=VECTOR('',#4479,1000.);
#1150=VECTOR('',#4480,1000.);
#1151=VECTOR('',#4481,1000.);
#1152=VECTOR('',#4482,1000.);
#1153=VECTOR('',#4483,1000.);
#1154=VECTOR('',#4484,1000.);
#1155=VECTOR('',#4485,1000.);
#1156=VECTOR('',#4486,1000.);
#1157=VECTOR('',#4487,1000.);
#1158=VECTOR('',#4488,1000.);
#1159=VECTOR('',#4489,1000.);
#1160=VECTOR('',#4490,1000.);
#1161=VECTOR('',#4491,1000.);
#1162=VECTOR('',#4492,1000.);
#1163=VECTOR('',#4493,1000.);
#1164=VECTOR('',#4494,1000.);
#1165=VECTOR('',#4495,1000.);
#1166=VECTOR('',#4496,1000.);
#1167=VECTOR('',#4499,1000.);
#1168=VECTOR('',#4500,1000.);
#1169=VECTOR('',#4501,10.);
#1170=VECTOR('',#4502,1000.);
#1171=VECTOR('',#4503,1000.);
#1172=VECTOR('',#4504,1000.);
#1173=VECTOR('',#4505,1000.);
#1174=VECTOR('',#4506,1000.);
#1175=VECTOR('',#4507,1000.);
#1176=VECTOR('',#4508,1000.);
#1177=VECTOR('',#4509,1000.);
#1178=VECTOR('',#4510,1000.);
#1179=VECTOR('',#4511,1000.);
#1180=VECTOR('',#4512,1000.);
#1181=VECTOR('',#4513,1000.);
#1182=VECTOR('',#4514,1000.);
#1183=VECTOR('',#4515,1000.);
#1184=VECTOR('',#4516,1000.);
#1185=VECTOR('',#4517,1000.);
#1186=VECTOR('',#4518,1000.);
#1187=VECTOR('',#4519,1000.);
#1188=VECTOR('',#4520,1000.);
#1189=VECTOR('',#4521,1000.);
#1190=VECTOR('',#4522,1000.);
#1191=VECTOR('',#4523,1000.);
#1192=VECTOR('',#4524,1000.);
#1193=VECTOR('',#4525,1000.);
#1194=VECTOR('',#4526,10.);
#1195=VECTOR('',#4527,1000.);
#1196=VECTOR('',#4528,1000.);
#1197=VECTOR('',#4529,1000.);
#1198=VECTOR('',#4530,1000.);
#1199=VECTOR('',#4531,1000.);
#1200=VECTOR('',#4532,1000.);
#1201=VECTOR('',#4533,1000.);
#1202=VECTOR('',#4534,1000.);
#1203=VECTOR('',#4535,1000.);
#1204=VECTOR('',#4536,1000.);
#1205=VECTOR('',#4537,1000.);
#1206=VECTOR('',#4538,1000.);
#1207=VECTOR('',#4539,1000.);
#1208=VECTOR('',#4540,1000.);
#1209=VECTOR('',#4541,1000.);
#1210=VECTOR('',#4542,1000.);
#1211=VECTOR('',#4543,1000.);
#1212=VECTOR('',#4544,1000.);
#1213=VECTOR('',#4545,1000.);
#1214=VECTOR('',#4546,1000.);
#1215=VECTOR('',#4547,1000.);
#1216=VECTOR('',#4548,1000.);
#1217=VECTOR('',#4549,1000.);
#1218=VECTOR('',#4550,1000.);
#1219=VECTOR('',#4551,1000.);
#1220=VECTOR('',#4552,1000.);
#1221=VECTOR('',#4553,1000.);
#1222=VECTOR('',#4554,1000.);
#1223=VECTOR('',#4555,1000.);
#1224=VECTOR('',#4556,1000.);
#1225=VECTOR('',#4557,1000.);
#1226=VECTOR('',#4558,1000.);
#1227=VECTOR('',#4559,1000.);
#1228=VECTOR('',#4560,1000.);
#1229=VECTOR('',#4561,1000.);
#1230=VECTOR('',#4562,1000.);
#1231=VECTOR('',#4563,1000.);
#1232=VECTOR('',#4564,1000.);
#1233=VECTOR('',#4565,1000.);
#1234=VECTOR('',#4566,1000.);
#1235=VECTOR('',#4567,1000.);
#1236=VECTOR('',#4568,1000.);
#1237=VECTOR('',#4569,1000.);
#1238=VECTOR('',#4570,1000.);
#1239=VECTOR('',#4571,1000.);
#1240=VECTOR('',#4572,1000.);
#1241=VECTOR('',#4573,1000.);
#1242=VECTOR('',#4574,1000.);
#1243=VECTOR('',#4575,1000.);
#1244=VECTOR('',#4576,1000.);
#1245=VECTOR('',#4577,1000.);
#1246=VECTOR('',#4578,1000.);
#1247=VECTOR('',#4579,1000.);
#1248=VECTOR('',#4580,1000.);
#1249=VECTOR('',#4583,1000.);
#1250=VECTOR('',#4584,1000.);
#1251=VECTOR('',#4585,1000.);
#1252=VECTOR('',#4586,10.);
#1253=VECTOR('',#4589,1000.);
#1254=VECTOR('',#4590,1000.);
#1255=VECTOR('',#4591,1000.);
#1256=VECTOR('',#4592,10.);
#1257=VECTOR('',#4595,1000.);
#1258=VECTOR('',#4596,1000.);
#1259=VECTOR('',#4597,1000.);
#1260=VECTOR('',#4598,10.);
#1261=VECTOR('',#4601,1000.);
#1262=VECTOR('',#4602,1000.);
#1263=VECTOR('',#4603,1000.);
#1264=VECTOR('',#4604,10.);
#1265=VECTOR('',#4607,1000.);
#1266=VECTOR('',#4608,1000.);
#1267=VECTOR('',#4609,1000.);
#1268=VECTOR('',#4610,10.);
#1269=VECTOR('',#4613,1000.);
#1270=VECTOR('',#4614,1000.);
#1271=VECTOR('',#4615,1000.);
#1272=VECTOR('',#4616,10.);
#1273=VECTOR('',#4619,1000.);
#1274=VECTOR('',#4620,1000.);
#1275=VECTOR('',#4621,1000.);
#1276=VECTOR('',#4622,10.);
#1277=VECTOR('',#4625,1000.);
#1278=VECTOR('',#4626,1000.);
#1279=VECTOR('',#4627,1000.);
#1280=VECTOR('',#4628,10.);
#1281=VECTOR('',#4631,1000.);
#1282=VECTOR('',#4632,1000.);
#1283=VECTOR('',#4633,1000.);
#1284=VECTOR('',#4634,10.);
#1285=VECTOR('',#4637,1000.);
#1286=VECTOR('',#4638,1000.);
#1287=VECTOR('',#4639,1000.);
#1288=VECTOR('',#4640,10.);
#1289=VECTOR('',#4643,1000.);
#1290=VECTOR('',#4644,1000.);
#1291=VECTOR('',#4645,1000.);
#1292=VECTOR('',#4646,10.);
#1293=VECTOR('',#4649,1000.);
#1294=VECTOR('',#4650,1000.);
#1295=VECTOR('',#4651,1000.);
#1296=VECTOR('',#4652,10.);
#1297=VECTOR('',#4655,1000.);
#1298=VECTOR('',#4656,1000.);
#1299=VECTOR('',#4657,1000.);
#1300=VECTOR('',#4658,10.);
#1301=VECTOR('',#4661,1000.);
#1302=VECTOR('',#4662,1000.);
#1303=VECTOR('',#4663,1000.);
#1304=VECTOR('',#4664,10.);
#1305=VECTOR('',#4667,1000.);
#1306=VECTOR('',#4668,1000.);
#1307=VECTOR('',#4669,1000.);
#1308=VECTOR('',#4670,10.);
#1309=VECTOR('',#4673,1000.);
#1310=VECTOR('',#4674,1000.);
#1311=VECTOR('',#4675,1000.);
#1312=VECTOR('',#4676,10.);
#1313=VECTOR('',#4679,10.);
#1314=VECTOR('',#4680,10.);
#1315=VECTOR('',#4683,10.);
#1316=VECTOR('',#4684,10.);
#1317=VECTOR('',#4687,1000.);
#1318=VECTOR('',#4688,10.);
#1319=VECTOR('',#4691,1000.);
#1320=VECTOR('',#4692,1000.);
#1321=VECTOR('',#4693,10.);
#1322=VECTOR('',#4696,1000.);
#1323=VECTOR('',#4697,10.);
#1324=VECTOR('',#4700,1000.);
#1325=VECTOR('',#4701,1000.);
#1326=VECTOR('',#4702,10.);
#1327=VECTOR('',#4705,1000.);
#1328=VECTOR('',#4706,10.);
#1329=VECTOR('',#4709,1000.);
#1330=VECTOR('',#4710,1000.);
#1331=VECTOR('',#4711,10.);
#1332=VECTOR('',#4714,1000.);
#1333=VECTOR('',#4715,10.);
#1334=VECTOR('',#4718,1000.);
#1335=VECTOR('',#4719,1000.);
#1336=VECTOR('',#4720,10.);
#1337=VECTOR('',#4723,1000.);
#1338=VECTOR('',#4724,10.);
#1339=VECTOR('',#4727,1000.);
#1340=VECTOR('',#4728,1000.);
#1341=VECTOR('',#4729,10.);
#1342=VECTOR('',#4732,1000.);
#1343=VECTOR('',#4733,10.);
#1344=VECTOR('',#4736,1000.);
#1345=VECTOR('',#4737,1000.);
#1346=VECTOR('',#4738,10.);
#1347=VECTOR('',#4741,1000.);
#1348=VECTOR('',#4742,10.);
#1349=VECTOR('',#4745,1000.);
#1350=VECTOR('',#4746,1000.);
#1351=VECTOR('',#4747,10.);
#1352=VECTOR('',#4750,1000.);
#1353=VECTOR('',#4751,10.);
#1354=VECTOR('',#4754,1000.);
#1355=VECTOR('',#4755,10.);
#1356=VECTOR('',#4758,1000.);
#1357=VECTOR('',#4759,10.);
#1358=VECTOR('',#4762,1000.);
#1359=VECTOR('',#4763,1000.);
#1360=VECTOR('',#4764,10.);
#1361=VECTOR('',#4767,1000.);
#1362=VECTOR('',#4768,10.);
#1363=VECTOR('',#4771,1000.);
#1364=VECTOR('',#4772,1000.);
#1365=VECTOR('',#4773,10.);
#1366=VECTOR('',#4776,1000.);
#1367=VECTOR('',#4777,10.);
#1368=VECTOR('',#4780,1000.);
#1369=VECTOR('',#4781,1000.);
#1370=VECTOR('',#4782,10.);
#1371=VECTOR('',#4785,1000.);
#1372=VECTOR('',#4786,10.);
#1373=VECTOR('',#4789,1000.);
#1374=VECTOR('',#4790,1000.);
#1375=VECTOR('',#4791,10.);
#1376=VECTOR('',#4794,1000.);
#1377=VECTOR('',#4795,10.);
#1378=VECTOR('',#4798,1000.);
#1379=VECTOR('',#4799,1000.);
#1380=VECTOR('',#4800,10.);
#1381=VECTOR('',#4803,1000.);
#1382=VECTOR('',#4804,10.);
#1383=VECTOR('',#4807,1000.);
#1384=VECTOR('',#4808,1000.);
#1385=VECTOR('',#4809,10.);
#1386=VECTOR('',#4812,1000.);
#1387=VECTOR('',#4813,10.);
#1388=VECTOR('',#4816,1000.);
#1389=VECTOR('',#4817,1000.);
#1390=VECTOR('',#4818,10.);
#1391=VECTOR('',#4821,1000.);
#1392=VECTOR('',#4822,10.);
#1393=VECTOR('',#4825,1000.);
#1394=VECTOR('',#4826,10.);
#1395=VECTOR('',#4829,1000.);
#1396=VECTOR('',#4830,1000.);
#1397=VECTOR('',#4833,1000.);
#1398=VECTOR('',#4836,1000.);
#1399=VECTOR('',#4905,1000.);
#1400=VECTOR('',#4906,1000.);
#1401=VECTOR('',#4909,1000.);
#1402=VECTOR('',#4912,1000.);
#1403=VECTOR('',#4917,1000.);
#1404=VECTOR('',#4918,1000.);
#1405=VECTOR('',#4921,1000.);
#1406=VECTOR('',#4924,1000.);
#1407=VECTOR('',#4929,1000.);
#1408=VECTOR('',#4930,1000.);
#1409=VECTOR('',#4933,1000.);
#1410=VECTOR('',#4936,1000.);
#1411=VECTOR('',#4941,1000.);
#1412=VECTOR('',#4942,1000.);
#1413=VECTOR('',#4945,1000.);
#1414=VECTOR('',#4948,1000.);
#1415=VECTOR('',#4953,1000.);
#1416=VECTOR('',#4954,1000.);
#1417=VECTOR('',#4957,1000.);
#1418=VECTOR('',#4960,1000.);
#1419=VECTOR('',#4965,1000.);
#1420=VECTOR('',#4966,1000.);
#1421=VECTOR('',#4969,1000.);
#1422=VECTOR('',#4972,1000.);
#1423=VECTOR('',#4977,1000.);
#1424=VECTOR('',#4978,1000.);
#1425=VECTOR('',#4981,1000.);
#1426=VECTOR('',#4984,1000.);
#1427=VECTOR('',#4989,10.);
#1428=VECTOR('',#4990,10.);
#1429=VECTOR('',#4991,10.);
#1430=VECTOR('',#4992,10.);
#1431=VECTOR('',#4995,1000.);
#1432=VECTOR('',#4996,10.);
#1433=VECTOR('',#4997,1000.);
#1434=VECTOR('',#4998,10.);
#1435=VECTOR('',#5001,10.);
#1436=VECTOR('',#5002,10.);
#1437=VECTOR('',#5003,10.);
#1438=VECTOR('',#5004,10.);
#1439=VECTOR('',#5007,1000.);
#1440=VECTOR('',#5008,10.);
#1441=VECTOR('',#5009,1000.);
#1442=VECTOR('',#5010,10.);
#1443=VECTOR('',#5013,10.);
#1444=VECTOR('',#5014,10.);
#1445=VECTOR('',#5017,10.);
#1446=VECTOR('',#5018,10.);
#1447=VECTOR('',#5021,10.);
#1448=VECTOR('',#5022,10.);
#1449=VECTOR('',#5025,10.);
#1450=VECTOR('',#5028,10.);
#1451=VECTOR('',#5033,10.);
#1452=VECTOR('',#5034,10.);
#1453=VECTOR('',#5037,10.);
#1454=VECTOR('',#5040,10.);
#1455=VECTOR('',#5045,10.);
#1456=VECTOR('',#5046,10.);
#1457=VECTOR('',#5047,10.);
#1458=VECTOR('',#5048,10.);
#1459=VECTOR('',#5051,1000.);
#1460=VECTOR('',#5052,10.);
#1461=VECTOR('',#5053,1000.);
#1462=VECTOR('',#5054,10.);
#1463=VECTOR('',#5057,10.);
#1464=VECTOR('',#5058,10.);
#1465=VECTOR('',#5059,10.);
#1466=VECTOR('',#5060,10.);
#1467=VECTOR('',#5063,1000.);
#1468=VECTOR('',#5064,10.);
#1469=VECTOR('',#5065,1000.);
#1470=VECTOR('',#5066,10.);
#1471=VECTOR('',#5069,10.);
#1472=VECTOR('',#5070,10.);
#1473=VECTOR('',#5073,10.);
#1474=VECTOR('',#5074,10.);
#1475=VECTOR('',#5077,10.);
#1476=VECTOR('',#5078,10.);
#1477=VECTOR('',#5081,10.);
#1478=VECTOR('',#5084,10.);
#1479=VECTOR('',#5089,10.);
#1480=VECTOR('',#5090,10.);
#1481=VECTOR('',#5093,10.);
#1482=VECTOR('',#5096,10.);
#1483=VECTOR('',#5101,10.);
#1484=VECTOR('',#5102,10.);
#1485=VECTOR('',#5103,10.);
#1486=VECTOR('',#5104,10.);
#1487=VECTOR('',#5107,1000.);
#1488=VECTOR('',#5108,10.);
#1489=VECTOR('',#5109,1000.);
#1490=VECTOR('',#5110,10.);
#1491=VECTOR('',#5113,10.);
#1492=VECTOR('',#5114,10.);
#1493=VECTOR('',#5115,10.);
#1494=VECTOR('',#5116,10.);
#1495=VECTOR('',#5119,1000.);
#1496=VECTOR('',#5120,10.);
#1497=VECTOR('',#5121,1000.);
#1498=VECTOR('',#5122,10.);
#1499=VECTOR('',#5125,10.);
#1500=VECTOR('',#5126,10.);
#1501=VECTOR('',#5129,10.);
#1502=VECTOR('',#5130,10.);
#1503=VECTOR('',#5133,10.);
#1504=VECTOR('',#5134,10.);
#1505=VECTOR('',#5137,10.);
#1506=VECTOR('',#5140,10.);
#1507=VECTOR('',#5145,10.);
#1508=VECTOR('',#5146,10.);
#1509=VECTOR('',#5149,10.);
#1510=VECTOR('',#5152,10.);
#1511=VECTOR('',#5157,10.);
#1512=VECTOR('',#5158,10.);
#1513=VECTOR('',#5159,10.);
#1514=VECTOR('',#5160,10.);
#1515=VECTOR('',#5163,1000.);
#1516=VECTOR('',#5164,10.);
#1517=VECTOR('',#5165,1000.);
#1518=VECTOR('',#5166,10.);
#1519=VECTOR('',#5169,10.);
#1520=VECTOR('',#5170,10.);
#1521=VECTOR('',#5171,10.);
#1522=VECTOR('',#5172,10.);
#1523=VECTOR('',#5175,1000.);
#1524=VECTOR('',#5176,10.);
#1525=VECTOR('',#5177,1000.);
#1526=VECTOR('',#5178,10.);
#1527=VECTOR('',#5181,10.);
#1528=VECTOR('',#5182,10.);
#1529=VECTOR('',#5185,10.);
#1530=VECTOR('',#5186,10.);
#1531=VECTOR('',#5189,10.);
#1532=VECTOR('',#5190,10.);
#1533=VECTOR('',#5193,10.);
#1534=VECTOR('',#5196,10.);
#1535=VECTOR('',#5201,10.);
#1536=VECTOR('',#5202,10.);
#1537=VECTOR('',#5205,10.);
#1538=VECTOR('',#5208,10.);
#1539=VECTOR('',#5213,10.);
#1540=VECTOR('',#5214,10.);
#1541=VECTOR('',#5215,10.);
#1542=VECTOR('',#5216,10.);
#1543=VECTOR('',#5219,1000.);
#1544=VECTOR('',#5220,10.);
#1545=VECTOR('',#5221,1000.);
#1546=VECTOR('',#5222,10.);
#1547=VECTOR('',#5225,10.);
#1548=VECTOR('',#5226,10.);
#1549=VECTOR('',#5227,10.);
#1550=VECTOR('',#5228,10.);
#1551=VECTOR('',#5231,1000.);
#1552=VECTOR('',#5232,10.);
#1553=VECTOR('',#5233,1000.);
#1554=VECTOR('',#5234,10.);
#1555=VECTOR('',#5237,10.);
#1556=VECTOR('',#5238,10.);
#1557=VECTOR('',#5241,10.);
#1558=VECTOR('',#5242,10.);
#1559=VECTOR('',#5245,10.);
#1560=VECTOR('',#5246,10.);
#1561=VECTOR('',#5249,10.);
#1562=VECTOR('',#5252,10.);
#1563=VECTOR('',#5257,10.);
#1564=VECTOR('',#5258,10.);
#1565=VECTOR('',#5261,10.);
#1566=VECTOR('',#5264,10.);
#1567=VECTOR('',#5269,10.);
#1568=VECTOR('',#5270,10.);
#1569=VECTOR('',#5271,10.);
#1570=VECTOR('',#5272,10.);
#1571=VECTOR('',#5275,1000.);
#1572=VECTOR('',#5276,10.);
#1573=VECTOR('',#5277,1000.);
#1574=VECTOR('',#5278,10.);
#1575=VECTOR('',#5281,10.);
#1576=VECTOR('',#5282,10.);
#1577=VECTOR('',#5283,10.);
#1578=VECTOR('',#5284,10.);
#1579=VECTOR('',#5287,1000.);
#1580=VECTOR('',#5288,10.);
#1581=VECTOR('',#5289,1000.);
#1582=VECTOR('',#5290,10.);
#1583=VECTOR('',#5293,10.);
#1584=VECTOR('',#5294,10.);
#1585=VECTOR('',#5297,10.);
#1586=VECTOR('',#5298,10.);
#1587=VECTOR('',#5301,10.);
#1588=VECTOR('',#5302,10.);
#1589=VECTOR('',#5305,10.);
#1590=VECTOR('',#5308,10.);
#1591=VECTOR('',#5313,10.);
#1592=VECTOR('',#5314,10.);
#1593=VECTOR('',#5317,10.);
#1594=VECTOR('',#5320,10.);
#1595=VECTOR('',#5325,10.);
#1596=VECTOR('',#5326,10.);
#1597=VECTOR('',#5327,10.);
#1598=VECTOR('',#5328,10.);
#1599=VECTOR('',#5331,1000.);
#1600=VECTOR('',#5332,10.);
#1601=VECTOR('',#5333,1000.);
#1602=VECTOR('',#5334,10.);
#1603=VECTOR('',#5337,10.);
#1604=VECTOR('',#5338,10.);
#1605=VECTOR('',#5339,10.);
#1606=VECTOR('',#5340,10.);
#1607=VECTOR('',#5343,1000.);
#1608=VECTOR('',#5344,10.);
#1609=VECTOR('',#5345,1000.);
#1610=VECTOR('',#5346,10.);
#1611=VECTOR('',#5349,10.);
#1612=VECTOR('',#5350,10.);
#1613=VECTOR('',#5353,10.);
#1614=VECTOR('',#5354,10.);
#1615=VECTOR('',#5357,10.);
#1616=VECTOR('',#5358,10.);
#1617=VECTOR('',#5361,10.);
#1618=VECTOR('',#5364,10.);
#1619=VECTOR('',#5369,10.);
#1620=VECTOR('',#5370,10.);
#1621=VECTOR('',#5373,10.);
#1622=VECTOR('',#5376,10.);
#1623=VECTOR('',#5381,10.);
#1624=VECTOR('',#5382,10.);
#1625=VECTOR('',#5383,10.);
#1626=VECTOR('',#5384,10.);
#1627=VECTOR('',#5387,1000.);
#1628=VECTOR('',#5388,10.);
#1629=VECTOR('',#5389,1000.);
#1630=VECTOR('',#5390,10.);
#1631=VECTOR('',#5393,10.);
#1632=VECTOR('',#5394,10.);
#1633=VECTOR('',#5395,10.);
#1634=VECTOR('',#5396,10.);
#1635=VECTOR('',#5399,1000.);
#1636=VECTOR('',#5400,10.);
#1637=VECTOR('',#5401,1000.);
#1638=VECTOR('',#5402,10.);
#1639=VECTOR('',#5405,10.);
#1640=VECTOR('',#5406,10.);
#1641=VECTOR('',#5409,10.);
#1642=VECTOR('',#5410,10.);
#1643=VECTOR('',#5413,10.);
#1644=VECTOR('',#5414,10.);
#1645=VECTOR('',#5417,10.);
#1646=VECTOR('',#5420,10.);
#1647=VECTOR('',#5425,10.);
#1648=VECTOR('',#5426,10.);
#1649=VECTOR('',#5429,10.);
#1650=VECTOR('',#5432,10.);
#1651=VERTEX_POINT('',#5437);
#1652=VERTEX_POINT('',#5438);
#1653=VERTEX_POINT('',#5440);
#1654=VERTEX_POINT('',#5442);
#1655=VERTEX_POINT('',#5444);
#1656=VERTEX_POINT('',#5446);
#1657=VERTEX_POINT('',#5448);
#1658=VERTEX_POINT('',#5450);
#1659=VERTEX_POINT('',#5452);
#1660=VERTEX_POINT('',#5454);
#1661=VERTEX_POINT('',#5456);
#1662=VERTEX_POINT('',#5458);
#1663=VERTEX_POINT('',#5460);
#1664=VERTEX_POINT('',#5462);
#1665=VERTEX_POINT('',#5464);
#1666=VERTEX_POINT('',#5466);
#1667=VERTEX_POINT('',#5468);
#1668=VERTEX_POINT('',#5470);
#1669=VERTEX_POINT('',#5472);
#1670=VERTEX_POINT('',#5474);
#1671=VERTEX_POINT('',#5476);
#1672=VERTEX_POINT('',#5478);
#1673=VERTEX_POINT('',#5480);
#1674=VERTEX_POINT('',#5482);
#1675=VERTEX_POINT('',#5484);
#1676=VERTEX_POINT('',#5486);
#1677=VERTEX_POINT('',#5488);
#1678=VERTEX_POINT('',#5490);
#1679=VERTEX_POINT('',#5492);
#1680=VERTEX_POINT('',#5494);
#1681=VERTEX_POINT('',#5496);
#1682=VERTEX_POINT('',#5498);
#1683=VERTEX_POINT('',#5500);
#1684=VERTEX_POINT('',#5502);
#1685=VERTEX_POINT('',#5504);
#1686=VERTEX_POINT('',#5506);
#1687=VERTEX_POINT('',#5508);
#1688=VERTEX_POINT('',#5510);
#1689=VERTEX_POINT('',#5512);
#1690=VERTEX_POINT('',#5514);
#1691=VERTEX_POINT('',#5516);
#1692=VERTEX_POINT('',#5518);
#1693=VERTEX_POINT('',#5520);
#1694=VERTEX_POINT('',#5522);
#1695=VERTEX_POINT('',#5524);
#1696=VERTEX_POINT('',#5526);
#1697=VERTEX_POINT('',#5528);
#1698=VERTEX_POINT('',#5530);
#1699=VERTEX_POINT('',#5532);
#1700=VERTEX_POINT('',#5534);
#1701=VERTEX_POINT('',#5537);
#1702=VERTEX_POINT('',#5538);
#1703=VERTEX_POINT('',#5540);
#1704=VERTEX_POINT('',#5542);
#1705=VERTEX_POINT('',#5545);
#1706=VERTEX_POINT('',#5546);
#1707=VERTEX_POINT('',#5548);
#1708=VERTEX_POINT('',#5550);
#1709=VERTEX_POINT('',#5553);
#1710=VERTEX_POINT('',#5554);
#1711=VERTEX_POINT('',#5556);
#1712=VERTEX_POINT('',#5558);
#1713=VERTEX_POINT('',#5561);
#1714=VERTEX_POINT('',#5562);
#1715=VERTEX_POINT('',#5564);
#1716=VERTEX_POINT('',#5566);
#1717=VERTEX_POINT('',#5569);
#1718=VERTEX_POINT('',#5570);
#1719=VERTEX_POINT('',#5572);
#1720=VERTEX_POINT('',#5574);
#1721=VERTEX_POINT('',#5577);
#1722=VERTEX_POINT('',#5578);
#1723=VERTEX_POINT('',#5580);
#1724=VERTEX_POINT('',#5582);
#1725=VERTEX_POINT('',#5585);
#1726=VERTEX_POINT('',#5586);
#1727=VERTEX_POINT('',#5588);
#1728=VERTEX_POINT('',#5590);
#1729=VERTEX_POINT('',#5593);
#1730=VERTEX_POINT('',#5594);
#1731=VERTEX_POINT('',#5596);
#1732=VERTEX_POINT('',#5598);
#1733=VERTEX_POINT('',#5602);
#1734=VERTEX_POINT('',#5603);
#1735=VERTEX_POINT('',#5605);
#1736=VERTEX_POINT('',#5607);
#1737=VERTEX_POINT('',#5609);
#1738=VERTEX_POINT('',#5611);
#1739=VERTEX_POINT('',#5613);
#1740=VERTEX_POINT('',#5615);
#1741=VERTEX_POINT('',#5617);
#1742=VERTEX_POINT('',#5619);
#1743=VERTEX_POINT('',#5621);
#1744=VERTEX_POINT('',#5623);
#1745=VERTEX_POINT('',#5625);
#1746=VERTEX_POINT('',#5627);
#1747=VERTEX_POINT('',#5629);
#1748=VERTEX_POINT('',#5631);
#1749=VERTEX_POINT('',#5633);
#1750=VERTEX_POINT('',#5635);
#1751=VERTEX_POINT('',#5637);
#1752=VERTEX_POINT('',#5639);
#1753=VERTEX_POINT('',#5641);
#1754=VERTEX_POINT('',#5643);
#1755=VERTEX_POINT('',#5645);
#1756=VERTEX_POINT('',#5647);
#1757=VERTEX_POINT('',#5649);
#1758=VERTEX_POINT('',#5651);
#1759=VERTEX_POINT('',#5653);
#1760=VERTEX_POINT('',#5655);
#1761=VERTEX_POINT('',#5657);
#1762=VERTEX_POINT('',#5659);
#1763=VERTEX_POINT('',#5661);
#1764=VERTEX_POINT('',#5663);
#1765=VERTEX_POINT('',#5665);
#1766=VERTEX_POINT('',#5667);
#1767=VERTEX_POINT('',#5669);
#1768=VERTEX_POINT('',#5671);
#1769=VERTEX_POINT('',#5673);
#1770=VERTEX_POINT('',#5675);
#1771=VERTEX_POINT('',#5677);
#1772=VERTEX_POINT('',#5679);
#1773=VERTEX_POINT('',#5681);
#1774=VERTEX_POINT('',#5683);
#1775=VERTEX_POINT('',#5685);
#1776=VERTEX_POINT('',#5687);
#1777=VERTEX_POINT('',#5689);
#1778=VERTEX_POINT('',#5691);
#1779=VERTEX_POINT('',#5693);
#1780=VERTEX_POINT('',#5695);
#1781=VERTEX_POINT('',#5697);
#1782=VERTEX_POINT('',#5699);
#1783=VERTEX_POINT('',#5702);
#1784=VERTEX_POINT('',#5703);
#1785=VERTEX_POINT('',#5705);
#1786=VERTEX_POINT('',#5707);
#1787=VERTEX_POINT('',#5710);
#1788=VERTEX_POINT('',#5711);
#1789=VERTEX_POINT('',#5713);
#1790=VERTEX_POINT('',#5715);
#1791=VERTEX_POINT('',#5718);
#1792=VERTEX_POINT('',#5719);
#1793=VERTEX_POINT('',#5721);
#1794=VERTEX_POINT('',#5723);
#1795=VERTEX_POINT('',#5726);
#1796=VERTEX_POINT('',#5727);
#1797=VERTEX_POINT('',#5729);
#1798=VERTEX_POINT('',#5731);
#1799=VERTEX_POINT('',#5734);
#1800=VERTEX_POINT('',#5735);
#1801=VERTEX_POINT('',#5737);
#1802=VERTEX_POINT('',#5739);
#1803=VERTEX_POINT('',#5742);
#1804=VERTEX_POINT('',#5743);
#1805=VERTEX_POINT('',#5745);
#1806=VERTEX_POINT('',#5747);
#1807=VERTEX_POINT('',#5750);
#1808=VERTEX_POINT('',#5751);
#1809=VERTEX_POINT('',#5753);
#1810=VERTEX_POINT('',#5755);
#1811=VERTEX_POINT('',#5758);
#1812=VERTEX_POINT('',#5759);
#1813=VERTEX_POINT('',#5761);
#1814=VERTEX_POINT('',#5763);
#1815=VERTEX_POINT('',#5767);
#1816=VERTEX_POINT('',#5768);
#1817=VERTEX_POINT('',#5770);
#1818=VERTEX_POINT('',#5772);
#1819=VERTEX_POINT('',#5776);
#1820=VERTEX_POINT('',#5777);
#1821=VERTEX_POINT('',#5779);
#1822=VERTEX_POINT('',#5781);
#1823=VERTEX_POINT('',#5785);
#1824=VERTEX_POINT('',#5786);
#1825=VERTEX_POINT('',#5788);
#1826=VERTEX_POINT('',#5790);
#1827=VERTEX_POINT('',#5794);
#1828=VERTEX_POINT('',#5795);
#1829=VERTEX_POINT('',#5797);
#1830=VERTEX_POINT('',#5799);
#1831=VERTEX_POINT('',#5803);
#1832=VERTEX_POINT('',#5804);
#1833=VERTEX_POINT('',#5806);
#1834=VERTEX_POINT('',#5808);
#1835=VERTEX_POINT('',#5812);
#1836=VERTEX_POINT('',#5813);
#1837=VERTEX_POINT('',#5815);
#1838=VERTEX_POINT('',#5817);
#1839=VERTEX_POINT('',#5821);
#1840=VERTEX_POINT('',#5822);
#1841=VERTEX_POINT('',#5824);
#1842=VERTEX_POINT('',#5826);
#1843=VERTEX_POINT('',#5830);
#1844=VERTEX_POINT('',#5831);
#1845=VERTEX_POINT('',#5833);
#1846=VERTEX_POINT('',#5835);
#1847=VERTEX_POINT('',#5839);
#1848=VERTEX_POINT('',#5840);
#1849=VERTEX_POINT('',#5842);
#1850=VERTEX_POINT('',#5844);
#1851=VERTEX_POINT('',#5848);
#1852=VERTEX_POINT('',#5849);
#1853=VERTEX_POINT('',#5851);
#1854=VERTEX_POINT('',#5853);
#1855=VERTEX_POINT('',#5857);
#1856=VERTEX_POINT('',#5858);
#1857=VERTEX_POINT('',#5860);
#1858=VERTEX_POINT('',#5862);
#1859=VERTEX_POINT('',#5866);
#1860=VERTEX_POINT('',#5867);
#1861=VERTEX_POINT('',#5869);
#1862=VERTEX_POINT('',#5871);
#1863=VERTEX_POINT('',#5875);
#1864=VERTEX_POINT('',#5876);
#1865=VERTEX_POINT('',#5878);
#1866=VERTEX_POINT('',#5880);
#1867=VERTEX_POINT('',#5884);
#1868=VERTEX_POINT('',#5885);
#1869=VERTEX_POINT('',#5887);
#1870=VERTEX_POINT('',#5889);
#1871=VERTEX_POINT('',#5893);
#1872=VERTEX_POINT('',#5894);
#1873=VERTEX_POINT('',#5896);
#1874=VERTEX_POINT('',#5898);
#1875=VERTEX_POINT('',#5902);
#1876=VERTEX_POINT('',#5903);
#1877=VERTEX_POINT('',#5905);
#1878=VERTEX_POINT('',#5907);
#1879=VERTEX_POINT('',#6123);
#1880=VERTEX_POINT('',#6124);
#1881=VERTEX_POINT('',#6126);
#1882=VERTEX_POINT('',#6128);
#1883=VERTEX_POINT('',#6132);
#1884=VERTEX_POINT('',#6133);
#1885=VERTEX_POINT('',#6135);
#1886=VERTEX_POINT('',#6137);
#1887=VERTEX_POINT('',#6141);
#1888=VERTEX_POINT('',#6142);
#1889=VERTEX_POINT('',#6144);
#1890=VERTEX_POINT('',#6146);
#1891=VERTEX_POINT('',#6150);
#1892=VERTEX_POINT('',#6151);
#1893=VERTEX_POINT('',#6153);
#1894=VERTEX_POINT('',#6155);
#1895=VERTEX_POINT('',#6181);
#1896=VERTEX_POINT('',#6182);
#1897=VERTEX_POINT('',#6184);
#1898=VERTEX_POINT('',#6186);
#1899=VERTEX_POINT('',#6190);
#1900=VERTEX_POINT('',#6191);
#1901=VERTEX_POINT('',#6193);
#1902=VERTEX_POINT('',#6195);
#1903=VERTEX_POINT('',#6199);
#1904=VERTEX_POINT('',#6200);
#1905=VERTEX_POINT('',#6202);
#1906=VERTEX_POINT('',#6204);
#1907=VERTEX_POINT('',#6208);
#1908=VERTEX_POINT('',#6209);
#1909=VERTEX_POINT('',#6211);
#1910=VERTEX_POINT('',#6213);
#1911=VERTEX_POINT('',#6239);
#1912=VERTEX_POINT('',#6240);
#1913=VERTEX_POINT('',#6242);
#1914=VERTEX_POINT('',#6244);
#1915=VERTEX_POINT('',#6248);
#1916=VERTEX_POINT('',#6249);
#1917=VERTEX_POINT('',#6251);
#1918=VERTEX_POINT('',#6253);
#1919=VERTEX_POINT('',#6257);
#1920=VERTEX_POINT('',#6258);
#1921=VERTEX_POINT('',#6260);
#1922=VERTEX_POINT('',#6262);
#1923=VERTEX_POINT('',#6266);
#1924=VERTEX_POINT('',#6267);
#1925=VERTEX_POINT('',#6269);
#1926=VERTEX_POINT('',#6271);
#1927=VERTEX_POINT('',#6297);
#1928=VERTEX_POINT('',#6298);
#1929=VERTEX_POINT('',#6300);
#1930=VERTEX_POINT('',#6302);
#1931=VERTEX_POINT('',#6306);
#1932=VERTEX_POINT('',#6307);
#1933=VERTEX_POINT('',#6309);
#1934=VERTEX_POINT('',#6311);
#1935=VERTEX_POINT('',#6315);
#1936=VERTEX_POINT('',#6316);
#1937=VERTEX_POINT('',#6318);
#1938=VERTEX_POINT('',#6320);
#1939=VERTEX_POINT('',#6324);
#1940=VERTEX_POINT('',#6325);
#1941=VERTEX_POINT('',#6327);
#1942=VERTEX_POINT('',#6329);
#1943=VERTEX_POINT('',#6355);
#1944=VERTEX_POINT('',#6356);
#1945=VERTEX_POINT('',#6358);
#1946=VERTEX_POINT('',#6360);
#1947=VERTEX_POINT('',#6364);
#1948=VERTEX_POINT('',#6365);
#1949=VERTEX_POINT('',#6367);
#1950=VERTEX_POINT('',#6369);
#1951=VERTEX_POINT('',#6373);
#1952=VERTEX_POINT('',#6374);
#1953=VERTEX_POINT('',#6376);
#1954=VERTEX_POINT('',#6378);
#1955=VERTEX_POINT('',#6382);
#1956=VERTEX_POINT('',#6383);
#1957=VERTEX_POINT('',#6385);
#1958=VERTEX_POINT('',#6387);
#1959=VERTEX_POINT('',#6413);
#1960=VERTEX_POINT('',#6414);
#1961=VERTEX_POINT('',#6416);
#1962=VERTEX_POINT('',#6418);
#1963=VERTEX_POINT('',#6422);
#1964=VERTEX_POINT('',#6423);
#1965=VERTEX_POINT('',#6425);
#1966=VERTEX_POINT('',#6427);
#1967=VERTEX_POINT('',#6431);
#1968=VERTEX_POINT('',#6432);
#1969=VERTEX_POINT('',#6434);
#1970=VERTEX_POINT('',#6436);
#1971=VERTEX_POINT('',#6440);
#1972=VERTEX_POINT('',#6441);
#1973=VERTEX_POINT('',#6443);
#1974=VERTEX_POINT('',#6445);
#1975=VERTEX_POINT('',#6471);
#1976=VERTEX_POINT('',#6472);
#1977=VERTEX_POINT('',#6474);
#1978=VERTEX_POINT('',#6476);
#1979=VERTEX_POINT('',#6480);
#1980=VERTEX_POINT('',#6481);
#1981=VERTEX_POINT('',#6483);
#1982=VERTEX_POINT('',#6485);
#1983=VERTEX_POINT('',#6489);
#1984=VERTEX_POINT('',#6490);
#1985=VERTEX_POINT('',#6492);
#1986=VERTEX_POINT('',#6494);
#1987=VERTEX_POINT('',#6498);
#1988=VERTEX_POINT('',#6499);
#1989=VERTEX_POINT('',#6501);
#1990=VERTEX_POINT('',#6503);
#1991=VERTEX_POINT('',#6529);
#1992=VERTEX_POINT('',#6530);
#1993=VERTEX_POINT('',#6532);
#1994=VERTEX_POINT('',#6534);
#1995=VERTEX_POINT('',#6538);
#1996=VERTEX_POINT('',#6539);
#1997=VERTEX_POINT('',#6541);
#1998=VERTEX_POINT('',#6543);
#1999=VERTEX_POINT('',#6547);
#2000=VERTEX_POINT('',#6548);
#2001=VERTEX_POINT('',#6550);
#2002=VERTEX_POINT('',#6552);
#2003=VERTEX_POINT('',#6556);
#2004=VERTEX_POINT('',#6557);
#2005=VERTEX_POINT('',#6559);
#2006=VERTEX_POINT('',#6561);
#2007=EDGE_CURVE('',#1651,#1652,#519,.T.);
#2008=EDGE_CURVE('',#1652,#1653,#520,.T.);
#2009=EDGE_CURVE('',#1653,#1654,#521,.F.);
#2010=EDGE_CURVE('',#1654,#1655,#522,.T.);
#2011=EDGE_CURVE('',#1655,#1656,#523,.T.);
#2012=EDGE_CURVE('',#1656,#1657,#524,.F.);
#2013=EDGE_CURVE('',#1657,#1658,#525,.T.);
#2014=EDGE_CURVE('',#1658,#1659,#526,.T.);
#2015=EDGE_CURVE('',#1659,#1660,#527,.F.);
#2016=EDGE_CURVE('',#1660,#1661,#528,.T.);
#2017=EDGE_CURVE('',#1661,#1662,#529,.T.);
#2018=EDGE_CURVE('',#1662,#1663,#530,.F.);
#2019=EDGE_CURVE('',#1663,#1664,#531,.T.);
#2020=EDGE_CURVE('',#1664,#1665,#532,.T.);
#2021=EDGE_CURVE('',#1665,#1666,#533,.F.);
#2022=EDGE_CURVE('',#1666,#1667,#534,.T.);
#2023=EDGE_CURVE('',#1667,#1668,#535,.T.);
#2024=EDGE_CURVE('',#1668,#1669,#536,.F.);
#2025=EDGE_CURVE('',#1669,#1670,#537,.T.);
#2026=EDGE_CURVE('',#1670,#1671,#538,.T.);
#2027=EDGE_CURVE('',#1671,#1672,#539,.F.);
#2028=EDGE_CURVE('',#1672,#1673,#540,.T.);
#2029=EDGE_CURVE('',#1673,#1674,#541,.T.);
#2030=EDGE_CURVE('',#1674,#1675,#542,.F.);
#2031=EDGE_CURVE('',#1675,#1676,#543,.T.);
#2032=EDGE_CURVE('',#1677,#1676,#544,.T.);
#2033=EDGE_CURVE('',#1677,#1678,#545,.T.);
#2034=EDGE_CURVE('',#1679,#1678,#546,.T.);
#2035=EDGE_CURVE('',#1679,#1680,#547,.T.);
#2036=EDGE_CURVE('',#1680,#1681,#548,.T.);
#2037=EDGE_CURVE('',#1682,#1681,#549,.T.);
#2038=EDGE_CURVE('',#1682,#1683,#550,.T.);
#2039=EDGE_CURVE('',#1683,#1684,#551,.T.);
#2040=EDGE_CURVE('',#1685,#1684,#552,.T.);
#2041=EDGE_CURVE('',#1685,#1686,#553,.T.);
#2042=EDGE_CURVE('',#1686,#1687,#554,.T.);
#2043=EDGE_CURVE('',#1688,#1687,#555,.T.);
#2044=EDGE_CURVE('',#1688,#1689,#556,.T.);
#2045=EDGE_CURVE('',#1689,#1690,#557,.T.);
#2046=EDGE_CURVE('',#1691,#1690,#558,.T.);
#2047=EDGE_CURVE('',#1691,#1692,#559,.T.);
#2048=EDGE_CURVE('',#1692,#1693,#560,.T.);
#2049=EDGE_CURVE('',#1694,#1693,#561,.T.);
#2050=EDGE_CURVE('',#1694,#1695,#562,.T.);
#2051=EDGE_CURVE('',#1695,#1696,#563,.T.);
#2052=EDGE_CURVE('',#1697,#1696,#564,.T.);
#2053=EDGE_CURVE('',#1697,#1698,#565,.T.);
#2054=EDGE_CURVE('',#1698,#1699,#566,.T.);
#2055=EDGE_CURVE('',#1700,#1699,#567,.T.);
#2056=EDGE_CURVE('',#1700,#1651,#568,.T.);
#2057=EDGE_CURVE('',#1701,#1702,#569,.T.);
#2058=EDGE_CURVE('',#1702,#1703,#570,.T.);
#2059=EDGE_CURVE('',#1703,#1704,#571,.T.);
#2060=EDGE_CURVE('',#1704,#1701,#572,.T.);
#2061=EDGE_CURVE('',#1705,#1706,#573,.T.);
#2062=EDGE_CURVE('',#1706,#1707,#574,.T.);
#2063=EDGE_CURVE('',#1707,#1708,#575,.T.);
#2064=EDGE_CURVE('',#1708,#1705,#576,.T.);
#2065=EDGE_CURVE('',#1709,#1710,#577,.T.);
#2066=EDGE_CURVE('',#1710,#1711,#578,.T.);
#2067=EDGE_CURVE('',#1711,#1712,#579,.T.);
#2068=EDGE_CURVE('',#1712,#1709,#580,.T.);
#2069=EDGE_CURVE('',#1713,#1714,#581,.T.);
#2070=EDGE_CURVE('',#1714,#1715,#582,.T.);
#2071=EDGE_CURVE('',#1715,#1716,#583,.T.);
#2072=EDGE_CURVE('',#1716,#1713,#584,.T.);
#2073=EDGE_CURVE('',#1717,#1718,#585,.T.);
#2074=EDGE_CURVE('',#1718,#1719,#586,.T.);
#2075=EDGE_CURVE('',#1719,#1720,#587,.T.);
#2076=EDGE_CURVE('',#1720,#1717,#588,.T.);
#2077=EDGE_CURVE('',#1721,#1722,#589,.T.);
#2078=EDGE_CURVE('',#1722,#1723,#590,.T.);
#2079=EDGE_CURVE('',#1723,#1724,#591,.T.);
#2080=EDGE_CURVE('',#1724,#1721,#592,.T.);
#2081=EDGE_CURVE('',#1725,#1726,#593,.T.);
#2082=EDGE_CURVE('',#1726,#1727,#594,.T.);
#2083=EDGE_CURVE('',#1727,#1728,#595,.T.);
#2084=EDGE_CURVE('',#1728,#1725,#596,.T.);
#2085=EDGE_CURVE('',#1729,#1730,#597,.T.);
#2086=EDGE_CURVE('',#1730,#1731,#598,.T.);
#2087=EDGE_CURVE('',#1731,#1732,#599,.T.);
#2088=EDGE_CURVE('',#1732,#1729,#600,.T.);
#2089=EDGE_CURVE('',#1733,#1734,#601,.T.);
#2090=EDGE_CURVE('',#1735,#1733,#602,.T.);
#2091=EDGE_CURVE('',#1736,#1735,#603,.T.);
#2092=EDGE_CURVE('',#1737,#1736,#604,.T.);
#2093=EDGE_CURVE('',#1737,#1738,#605,.T.);
#2094=EDGE_CURVE('',#1739,#1738,#606,.T.);
#2095=EDGE_CURVE('',#1740,#1739,#607,.T.);
#2096=EDGE_CURVE('',#1740,#1741,#608,.T.);
#2097=EDGE_CURVE('',#1742,#1741,#609,.T.);
#2098=EDGE_CURVE('',#1743,#1742,#610,.T.);
#2099=EDGE_CURVE('',#1743,#1744,#611,.T.);
#2100=EDGE_CURVE('',#1745,#1744,#612,.T.);
#2101=EDGE_CURVE('',#1746,#1745,#613,.T.);
#2102=EDGE_CURVE('',#1746,#1747,#614,.T.);
#2103=EDGE_CURVE('',#1748,#1747,#615,.T.);
#2104=EDGE_CURVE('',#1749,#1748,#616,.T.);
#2105=EDGE_CURVE('',#1749,#1750,#617,.T.);
#2106=EDGE_CURVE('',#1751,#1750,#618,.T.);
#2107=EDGE_CURVE('',#1752,#1751,#619,.T.);
#2108=EDGE_CURVE('',#1752,#1753,#620,.T.);
#2109=EDGE_CURVE('',#1754,#1753,#621,.T.);
#2110=EDGE_CURVE('',#1755,#1754,#622,.T.);
#2111=EDGE_CURVE('',#1755,#1756,#623,.T.);
#2112=EDGE_CURVE('',#1757,#1756,#624,.T.);
#2113=EDGE_CURVE('',#1758,#1757,#625,.T.);
#2114=EDGE_CURVE('',#1758,#1759,#626,.T.);
#2115=EDGE_CURVE('',#1760,#1759,#627,.T.);
#2116=EDGE_CURVE('',#1761,#1760,#628,.F.);
#2117=EDGE_CURVE('',#1762,#1761,#629,.T.);
#2118=EDGE_CURVE('',#1763,#1762,#630,.T.);
#2119=EDGE_CURVE('',#1764,#1763,#631,.T.);
#2120=EDGE_CURVE('',#1765,#1764,#632,.T.);
#2121=EDGE_CURVE('',#1766,#1765,#633,.T.);
#2122=EDGE_CURVE('',#1767,#1766,#634,.T.);
#2123=EDGE_CURVE('',#1768,#1767,#635,.T.);
#2124=EDGE_CURVE('',#1769,#1768,#636,.T.);
#2125=EDGE_CURVE('',#1770,#1769,#637,.T.);
#2126=EDGE_CURVE('',#1771,#1770,#638,.T.);
#2127=EDGE_CURVE('',#1772,#1771,#639,.T.);
#2128=EDGE_CURVE('',#1773,#1772,#640,.T.);
#2129=EDGE_CURVE('',#1774,#1773,#641,.T.);
#2130=EDGE_CURVE('',#1775,#1774,#642,.T.);
#2131=EDGE_CURVE('',#1776,#1775,#643,.T.);
#2132=EDGE_CURVE('',#1777,#1776,#644,.T.);
#2133=EDGE_CURVE('',#1778,#1777,#645,.T.);
#2134=EDGE_CURVE('',#1779,#1778,#646,.T.);
#2135=EDGE_CURVE('',#1780,#1779,#647,.T.);
#2136=EDGE_CURVE('',#1781,#1780,#648,.T.);
#2137=EDGE_CURVE('',#1782,#1781,#649,.T.);
#2138=EDGE_CURVE('',#1734,#1782,#650,.T.);
#2139=EDGE_CURVE('',#1783,#1784,#651,.T.);
#2140=EDGE_CURVE('',#1785,#1783,#652,.T.);
#2141=EDGE_CURVE('',#1786,#1785,#653,.T.);
#2142=EDGE_CURVE('',#1784,#1786,#654,.T.);
#2143=EDGE_CURVE('',#1787,#1788,#655,.T.);
#2144=EDGE_CURVE('',#1788,#1789,#656,.T.);
#2145=EDGE_CURVE('',#1789,#1790,#657,.T.);
#2146=EDGE_CURVE('',#1790,#1787,#658,.T.);
#2147=EDGE_CURVE('',#1791,#1792,#659,.T.);
#2148=EDGE_CURVE('',#1792,#1793,#660,.T.);
#2149=EDGE_CURVE('',#1793,#1794,#661,.T.);
#2150=EDGE_CURVE('',#1794,#1791,#662,.T.);
#2151=EDGE_CURVE('',#1795,#1796,#663,.T.);
#2152=EDGE_CURVE('',#1796,#1797,#664,.T.);
#2153=EDGE_CURVE('',#1797,#1798,#665,.T.);
#2154=EDGE_CURVE('',#1798,#1795,#666,.T.);
#2155=EDGE_CURVE('',#1799,#1800,#667,.T.);
#2156=EDGE_CURVE('',#1800,#1801,#668,.T.);
#2157=EDGE_CURVE('',#1801,#1802,#669,.T.);
#2158=EDGE_CURVE('',#1802,#1799,#670,.T.);
#2159=EDGE_CURVE('',#1803,#1804,#671,.T.);
#2160=EDGE_CURVE('',#1804,#1805,#672,.T.);
#2161=EDGE_CURVE('',#1805,#1806,#673,.T.);
#2162=EDGE_CURVE('',#1806,#1803,#674,.T.);
#2163=EDGE_CURVE('',#1807,#1808,#675,.T.);
#2164=EDGE_CURVE('',#1808,#1809,#676,.T.);
#2165=EDGE_CURVE('',#1809,#1810,#677,.T.);
#2166=EDGE_CURVE('',#1810,#1807,#678,.T.);
#2167=EDGE_CURVE('',#1811,#1812,#679,.T.);
#2168=EDGE_CURVE('',#1812,#1813,#680,.T.);
#2169=EDGE_CURVE('',#1813,#1814,#681,.T.);
#2170=EDGE_CURVE('',#1814,#1811,#682,.T.);
#2171=EDGE_CURVE('',#1815,#1816,#683,.T.);
#2172=EDGE_CURVE('',#1816,#1817,#684,.T.);
#2173=EDGE_CURVE('',#1817,#1818,#685,.T.);
#2174=EDGE_CURVE('',#1818,#1815,#686,.F.);
#2175=EDGE_CURVE('',#1819,#1820,#687,.T.);
#2176=EDGE_CURVE('',#1820,#1821,#688,.T.);
#2177=EDGE_CURVE('',#1821,#1822,#689,.T.);
#2178=EDGE_CURVE('',#1822,#1819,#690,.F.);
#2179=EDGE_CURVE('',#1823,#1824,#691,.T.);
#2180=EDGE_CURVE('',#1824,#1825,#692,.T.);
#2181=EDGE_CURVE('',#1825,#1826,#693,.T.);
#2182=EDGE_CURVE('',#1826,#1823,#694,.F.);
#2183=EDGE_CURVE('',#1827,#1828,#695,.T.);
#2184=EDGE_CURVE('',#1828,#1829,#696,.T.);
#2185=EDGE_CURVE('',#1829,#1830,#697,.T.);
#2186=EDGE_CURVE('',#1830,#1827,#698,.F.);
#2187=EDGE_CURVE('',#1831,#1832,#699,.T.);
#2188=EDGE_CURVE('',#1832,#1833,#700,.T.);
#2189=EDGE_CURVE('',#1833,#1834,#701,.T.);
#2190=EDGE_CURVE('',#1834,#1831,#702,.F.);
#2191=EDGE_CURVE('',#1835,#1836,#703,.T.);
#2192=EDGE_CURVE('',#1836,#1837,#704,.T.);
#2193=EDGE_CURVE('',#1837,#1838,#705,.T.);
#2194=EDGE_CURVE('',#1838,#1835,#706,.F.);
#2195=EDGE_CURVE('',#1839,#1840,#707,.T.);
#2196=EDGE_CURVE('',#1840,#1841,#708,.T.);
#2197=EDGE_CURVE('',#1841,#1842,#709,.T.);
#2198=EDGE_CURVE('',#1842,#1839,#710,.F.);
#2199=EDGE_CURVE('',#1843,#1844,#711,.T.);
#2200=EDGE_CURVE('',#1844,#1845,#712,.T.);
#2201=EDGE_CURVE('',#1845,#1846,#713,.T.);
#2202=EDGE_CURVE('',#1846,#1843,#714,.F.);
#2203=EDGE_CURVE('',#1847,#1848,#715,.T.);
#2204=EDGE_CURVE('',#1849,#1848,#716,.T.);
#2205=EDGE_CURVE('',#1849,#1850,#717,.T.);
#2206=EDGE_CURVE('',#1847,#1850,#718,.T.);
#2207=EDGE_CURVE('',#1851,#1852,#719,.T.);
#2208=EDGE_CURVE('',#1853,#1852,#720,.T.);
#2209=EDGE_CURVE('',#1853,#1854,#721,.T.);
#2210=EDGE_CURVE('',#1851,#1854,#722,.T.);
#2211=EDGE_CURVE('',#1855,#1856,#723,.T.);
#2212=EDGE_CURVE('',#1857,#1856,#724,.T.);
#2213=EDGE_CURVE('',#1857,#1858,#725,.T.);
#2214=EDGE_CURVE('',#1855,#1858,#726,.T.);
#2215=EDGE_CURVE('',#1859,#1860,#727,.T.);
#2216=EDGE_CURVE('',#1861,#1860,#728,.T.);
#2217=EDGE_CURVE('',#1861,#1862,#729,.T.);
#2218=EDGE_CURVE('',#1859,#1862,#730,.T.);
#2219=EDGE_CURVE('',#1863,#1864,#731,.T.);
#2220=EDGE_CURVE('',#1865,#1864,#732,.T.);
#2221=EDGE_CURVE('',#1865,#1866,#733,.T.);
#2222=EDGE_CURVE('',#1863,#1866,#734,.T.);
#2223=EDGE_CURVE('',#1867,#1868,#735,.T.);
#2224=EDGE_CURVE('',#1869,#1868,#736,.T.);
#2225=EDGE_CURVE('',#1869,#1870,#737,.T.);
#2226=EDGE_CURVE('',#1867,#1870,#738,.T.);
#2227=EDGE_CURVE('',#1871,#1872,#739,.T.);
#2228=EDGE_CURVE('',#1873,#1872,#740,.T.);
#2229=EDGE_CURVE('',#1873,#1874,#741,.T.);
#2230=EDGE_CURVE('',#1871,#1874,#742,.T.);
#2231=EDGE_CURVE('',#1875,#1876,#743,.T.);
#2232=EDGE_CURVE('',#1877,#1876,#744,.T.);
#2233=EDGE_CURVE('',#1877,#1878,#745,.T.);
#2234=EDGE_CURVE('',#1875,#1878,#746,.T.);
#2235=EDGE_CURVE('',#1652,#1760,#747,.T.);
#2236=EDGE_CURVE('',#1761,#1651,#748,.T.);
#2237=EDGE_CURVE('',#1736,#1676,#749,.F.);
#2238=EDGE_CURVE('',#1735,#1677,#750,.T.);
#2239=EDGE_CURVE('',#1733,#1816,#751,.T.);
#2240=EDGE_CURVE('',#1815,#1678,#752,.F.);
#2241=EDGE_CURVE('',#1817,#1734,#753,.T.);
#2242=EDGE_CURVE('',#1782,#1680,#754,.T.);
#2243=EDGE_CURVE('',#1818,#1679,#755,.T.);
#2244=EDGE_CURVE('',#1781,#1820,#756,.T.);
#2245=EDGE_CURVE('',#1681,#1819,#757,.T.);
#2246=EDGE_CURVE('',#1821,#1780,#758,.T.);
#2247=EDGE_CURVE('',#1779,#1683,#759,.T.);
#2248=EDGE_CURVE('',#1822,#1682,#760,.T.);
#2249=EDGE_CURVE('',#1778,#1824,#761,.T.);
#2250=EDGE_CURVE('',#1684,#1823,#762,.T.);
#2251=EDGE_CURVE('',#1825,#1777,#763,.T.);
#2252=EDGE_CURVE('',#1776,#1686,#764,.T.);
#2253=EDGE_CURVE('',#1826,#1685,#765,.T.);
#2254=EDGE_CURVE('',#1775,#1828,#766,.T.);
#2255=EDGE_CURVE('',#1687,#1827,#767,.T.);
#2256=EDGE_CURVE('',#1829,#1774,#768,.T.);
#2257=EDGE_CURVE('',#1773,#1689,#769,.T.);
#2258=EDGE_CURVE('',#1830,#1688,#770,.T.);
#2259=EDGE_CURVE('',#1772,#1832,#771,.T.);
#2260=EDGE_CURVE('',#1690,#1831,#772,.T.);
#2261=EDGE_CURVE('',#1833,#1771,#773,.T.);
#2262=EDGE_CURVE('',#1770,#1692,#774,.T.);
#2263=EDGE_CURVE('',#1834,#1691,#775,.T.);
#2264=EDGE_CURVE('',#1769,#1836,#776,.T.);
#2265=EDGE_CURVE('',#1693,#1835,#777,.T.);
#2266=EDGE_CURVE('',#1837,#1768,#778,.T.);
#2267=EDGE_CURVE('',#1767,#1695,#779,.T.);
#2268=EDGE_CURVE('',#1838,#1694,#780,.T.);
#2269=EDGE_CURVE('',#1766,#1840,#781,.T.);
#2270=EDGE_CURVE('',#1696,#1839,#782,.T.);
#2271=EDGE_CURVE('',#1841,#1765,#783,.T.);
#2272=EDGE_CURVE('',#1764,#1698,#784,.T.);
#2273=EDGE_CURVE('',#1842,#1697,#785,.T.);
#2274=EDGE_CURVE('',#1763,#1844,#786,.T.);
#2275=EDGE_CURVE('',#1699,#1843,#787,.T.);
#2276=EDGE_CURVE('',#1845,#1762,#788,.T.);
#2277=EDGE_CURVE('',#1846,#1700,#789,.T.);
#2278=EDGE_CURVE('',#1877,#1737,#790,.T.);
#2279=EDGE_CURVE('',#1878,#1675,#791,.T.);
#2280=EDGE_CURVE('',#1873,#1740,#792,.T.);
#2281=EDGE_CURVE('',#1739,#1673,#793,.T.);
#2282=EDGE_CURVE('',#1874,#1672,#794,.T.);
#2283=EDGE_CURVE('',#1738,#1876,#795,.T.);
#2284=EDGE_CURVE('',#1674,#1875,#796,.T.);
#2285=EDGE_CURVE('',#1869,#1743,#797,.T.);
#2286=EDGE_CURVE('',#1742,#1670,#798,.T.);
#2287=EDGE_CURVE('',#1870,#1669,#799,.T.);
#2288=EDGE_CURVE('',#1741,#1872,#800,.T.);
#2289=EDGE_CURVE('',#1671,#1871,#801,.T.);
#2290=EDGE_CURVE('',#1865,#1746,#802,.T.);
#2291=EDGE_CURVE('',#1745,#1667,#803,.T.);
#2292=EDGE_CURVE('',#1866,#1666,#804,.T.);
#2293=EDGE_CURVE('',#1744,#1868,#805,.T.);
#2294=EDGE_CURVE('',#1668,#1867,#806,.T.);
#2295=EDGE_CURVE('',#1861,#1749,#807,.T.);
#2296=EDGE_CURVE('',#1748,#1664,#808,.T.);
#2297=EDGE_CURVE('',#1862,#1663,#809,.T.);
#2298=EDGE_CURVE('',#1747,#1864,#810,.T.);
#2299=EDGE_CURVE('',#1665,#1863,#811,.T.);
#2300=EDGE_CURVE('',#1857,#1752,#812,.T.);
#2301=EDGE_CURVE('',#1751,#1661,#813,.T.);
#2302=EDGE_CURVE('',#1858,#1660,#814,.T.);
#2303=EDGE_CURVE('',#1750,#1860,#815,.T.);
#2304=EDGE_CURVE('',#1662,#1859,#816,.T.);
#2305=EDGE_CURVE('',#1853,#1755,#817,.T.);
#2306=EDGE_CURVE('',#1754,#1658,#818,.T.);
#2307=EDGE_CURVE('',#1854,#1657,#819,.T.);
#2308=EDGE_CURVE('',#1753,#1856,#820,.T.);
#2309=EDGE_CURVE('',#1659,#1855,#821,.T.);
#2310=EDGE_CURVE('',#1849,#1758,#822,.T.);
#2311=EDGE_CURVE('',#1757,#1655,#823,.T.);
#2312=EDGE_CURVE('',#1850,#1654,#824,.T.);
#2313=EDGE_CURVE('',#1756,#1852,#825,.T.);
#2314=EDGE_CURVE('',#1656,#1851,#826,.T.);
#2315=EDGE_CURVE('',#1759,#1848,#827,.T.);
#2316=EDGE_CURVE('',#1847,#1653,#828,.F.);
#2317=EDGE_CURVE('',#1784,#1730,#829,.T.);
#2318=EDGE_CURVE('',#1786,#1731,#830,.T.);
#2319=EDGE_CURVE('',#1785,#1732,#831,.T.);
#2320=EDGE_CURVE('',#1783,#1729,#832,.T.);
#2321=EDGE_CURVE('',#1788,#1703,#833,.T.);
#2322=EDGE_CURVE('',#1789,#1702,#834,.T.);
#2323=EDGE_CURVE('',#1787,#1704,#835,.T.);
#2324=EDGE_CURVE('',#1790,#1701,#836,.T.);
#2325=EDGE_CURVE('',#1812,#1727,#837,.T.);
#2326=EDGE_CURVE('',#1813,#1726,#838,.T.);
#2327=EDGE_CURVE('',#1811,#1728,#839,.T.);
#2328=EDGE_CURVE('',#1814,#1725,#840,.T.);
#2329=EDGE_CURVE('',#1792,#1707,#841,.T.);
#2330=EDGE_CURVE('',#1793,#1706,#842,.T.);
#2331=EDGE_CURVE('',#1791,#1708,#843,.T.);
#2332=EDGE_CURVE('',#1794,#1705,#844,.T.);
#2333=EDGE_CURVE('',#1808,#1723,#845,.T.);
#2334=EDGE_CURVE('',#1809,#1722,#846,.T.);
#2335=EDGE_CURVE('',#1807,#1724,#847,.T.);
#2336=EDGE_CURVE('',#1810,#1721,#848,.T.);
#2337=EDGE_CURVE('',#1796,#1711,#849,.T.);
#2338=EDGE_CURVE('',#1797,#1710,#850,.T.);
#2339=EDGE_CURVE('',#1795,#1712,#851,.T.);
#2340=EDGE_CURVE('',#1798,#1709,#852,.T.);
#2341=EDGE_CURVE('',#1804,#1719,#853,.T.);
#2342=EDGE_CURVE('',#1805,#1718,#854,.T.);
#2343=EDGE_CURVE('',#1803,#1720,#855,.T.);
#2344=EDGE_CURVE('',#1806,#1717,#856,.T.);
#2345=EDGE_CURVE('',#1800,#1715,#857,.T.);
#2346=EDGE_CURVE('',#1801,#1714,#858,.T.);
#2347=EDGE_CURVE('',#1799,#1716,#859,.T.);
#2348=EDGE_CURVE('',#1802,#1713,#860,.T.);
#2349=EDGE_CURVE('',#1879,#1880,#861,.F.);
#2350=EDGE_CURVE('',#1880,#1881,#862,.F.);
#2351=EDGE_CURVE('',#1881,#1882,#863,.F.);
#2352=EDGE_CURVE('',#1882,#1879,#864,.T.);
#2353=EDGE_CURVE('',#1883,#1884,#865,.T.);
#2354=EDGE_CURVE('',#1884,#1885,#866,.F.);
#2355=EDGE_CURVE('',#1886,#1885,#867,.T.);
#2356=EDGE_CURVE('',#1886,#1883,#868,.F.);
#2357=EDGE_CURVE('',#1887,#1888,#869,.F.);
#2358=EDGE_CURVE('',#1888,#1889,#870,.T.);
#2359=EDGE_CURVE('',#1889,#1890,#871,.F.);
#2360=EDGE_CURVE('',#1890,#1887,#872,.F.);
#2361=EDGE_CURVE('',#1891,#1892,#873,.T.);
#2362=EDGE_CURVE('',#1891,#1893,#874,.F.);
#2363=EDGE_CURVE('',#1893,#1894,#875,.T.);
#2364=EDGE_CURVE('',#1894,#1892,#876,.F.);
#2365=EDGE_CURVE('',#1885,#1891,#877,.F.);
#2366=EDGE_CURVE('',#1892,#1886,#878,.F.);
#2367=EDGE_CURVE('',#1893,#1884,#879,.F.);
#2368=EDGE_CURVE('',#1883,#1894,#880,.F.);
#2369=EDGE_CURVE('',#1887,#1893,#881,.T.);
#2370=EDGE_CURVE('',#1884,#1890,#882,.F.);
#2371=EDGE_CURVE('',#1885,#1889,#883,.T.);
#2372=EDGE_CURVE('',#1888,#1891,#884,.T.);
#2373=EDGE_CURVE('',#1886,#1882,#885,.T.);
#2374=EDGE_CURVE('',#1879,#1892,#886,.F.);
#2375=EDGE_CURVE('',#1880,#1894,#887,.T.);
#2376=EDGE_CURVE('',#1883,#1881,#888,.T.);
#2377=EDGE_CURVE('',#1895,#1896,#889,.F.);
#2378=EDGE_CURVE('',#1896,#1897,#890,.F.);
#2379=EDGE_CURVE('',#1897,#1898,#891,.F.);
#2380=EDGE_CURVE('',#1898,#1895,#892,.T.);
#2381=EDGE_CURVE('',#1899,#1900,#893,.T.);
#2382=EDGE_CURVE('',#1900,#1901,#894,.F.);
#2383=EDGE_CURVE('',#1902,#1901,#895,.T.);
#2384=EDGE_CURVE('',#1902,#1899,#896,.F.);
#2385=EDGE_CURVE('',#1903,#1904,#897,.F.);
#2386=EDGE_CURVE('',#1904,#1905,#898,.T.);
#2387=EDGE_CURVE('',#1905,#1906,#899,.F.);
#2388=EDGE_CURVE('',#1906,#1903,#900,.F.);
#2389=EDGE_CURVE('',#1907,#1908,#901,.T.);
#2390=EDGE_CURVE('',#1907,#1909,#902,.F.);
#2391=EDGE_CURVE('',#1909,#1910,#903,.T.);
#2392=EDGE_CURVE('',#1910,#1908,#904,.F.);
#2393=EDGE_CURVE('',#1901,#1907,#905,.F.);
#2394=EDGE_CURVE('',#1908,#1902,#906,.F.);
#2395=EDGE_CURVE('',#1909,#1900,#907,.F.);
#2396=EDGE_CURVE('',#1899,#1910,#908,.F.);
#2397=EDGE_CURVE('',#1903,#1909,#909,.T.);
#2398=EDGE_CURVE('',#1900,#1906,#910,.F.);
#2399=EDGE_CURVE('',#1901,#1905,#911,.T.);
#2400=EDGE_CURVE('',#1904,#1907,#912,.T.);
#2401=EDGE_CURVE('',#1902,#1898,#913,.T.);
#2402=EDGE_CURVE('',#1895,#1908,#914,.F.);
#2403=EDGE_CURVE('',#1896,#1910,#915,.T.);
#2404=EDGE_CURVE('',#1899,#1897,#916,.T.);
#2405=EDGE_CURVE('',#1911,#1912,#917,.F.);
#2406=EDGE_CURVE('',#1912,#1913,#918,.F.);
#2407=EDGE_CURVE('',#1913,#1914,#919,.F.);
#2408=EDGE_CURVE('',#1914,#1911,#920,.T.);
#2409=EDGE_CURVE('',#1915,#1916,#921,.T.);
#2410=EDGE_CURVE('',#1916,#1917,#922,.F.);
#2411=EDGE_CURVE('',#1918,#1917,#923,.T.);
#2412=EDGE_CURVE('',#1918,#1915,#924,.F.);
#2413=EDGE_CURVE('',#1919,#1920,#925,.F.);
#2414=EDGE_CURVE('',#1920,#1921,#926,.T.);
#2415=EDGE_CURVE('',#1921,#1922,#927,.F.);
#2416=EDGE_CURVE('',#1922,#1919,#928,.F.);
#2417=EDGE_CURVE('',#1923,#1924,#929,.T.);
#2418=EDGE_CURVE('',#1923,#1925,#930,.F.);
#2419=EDGE_CURVE('',#1925,#1926,#931,.T.);
#2420=EDGE_CURVE('',#1926,#1924,#932,.F.);
#2421=EDGE_CURVE('',#1917,#1923,#933,.F.);
#2422=EDGE_CURVE('',#1924,#1918,#934,.F.);
#2423=EDGE_CURVE('',#1925,#1916,#935,.F.);
#2424=EDGE_CURVE('',#1915,#1926,#936,.F.);
#2425=EDGE_CURVE('',#1919,#1925,#937,.T.);
#2426=EDGE_CURVE('',#1916,#1922,#938,.F.);
#2427=EDGE_CURVE('',#1917,#1921,#939,.T.);
#2428=EDGE_CURVE('',#1920,#1923,#940,.T.);
#2429=EDGE_CURVE('',#1918,#1914,#941,.T.);
#2430=EDGE_CURVE('',#1911,#1924,#942,.F.);
#2431=EDGE_CURVE('',#1912,#1926,#943,.T.);
#2432=EDGE_CURVE('',#1915,#1913,#944,.T.);
#2433=EDGE_CURVE('',#1927,#1928,#945,.F.);
#2434=EDGE_CURVE('',#1928,#1929,#946,.F.);
#2435=EDGE_CURVE('',#1929,#1930,#947,.F.);
#2436=EDGE_CURVE('',#1930,#1927,#948,.T.);
#2437=EDGE_CURVE('',#1931,#1932,#949,.T.);
#2438=EDGE_CURVE('',#1932,#1933,#950,.F.);
#2439=EDGE_CURVE('',#1934,#1933,#951,.T.);
#2440=EDGE_CURVE('',#1934,#1931,#952,.F.);
#2441=EDGE_CURVE('',#1935,#1936,#953,.F.);
#2442=EDGE_CURVE('',#1936,#1937,#954,.T.);
#2443=EDGE_CURVE('',#1937,#1938,#955,.F.);
#2444=EDGE_CURVE('',#1938,#1935,#956,.F.);
#2445=EDGE_CURVE('',#1939,#1940,#957,.T.);
#2446=EDGE_CURVE('',#1939,#1941,#958,.F.);
#2447=EDGE_CURVE('',#1941,#1942,#959,.T.);
#2448=EDGE_CURVE('',#1942,#1940,#960,.F.);
#2449=EDGE_CURVE('',#1933,#1939,#961,.F.);
#2450=EDGE_CURVE('',#1940,#1934,#962,.F.);
#2451=EDGE_CURVE('',#1941,#1932,#963,.F.);
#2452=EDGE_CURVE('',#1931,#1942,#964,.F.);
#2453=EDGE_CURVE('',#1935,#1941,#965,.F.);
#2454=EDGE_CURVE('',#1932,#1938,#966,.F.);
#2455=EDGE_CURVE('',#1933,#1937,#967,.T.);
#2456=EDGE_CURVE('',#1936,#1939,#968,.T.);
#2457=EDGE_CURVE('',#1934,#1930,#969,.T.);
#2458=EDGE_CURVE('',#1927,#1940,#970,.F.);
#2459=EDGE_CURVE('',#1928,#1942,#971,.T.);
#2460=EDGE_CURVE('',#1931,#1929,#972,.T.);
#2461=EDGE_CURVE('',#1943,#1944,#973,.F.);
#2462=EDGE_CURVE('',#1944,#1945,#974,.F.);
#2463=EDGE_CURVE('',#1945,#1946,#975,.F.);
#2464=EDGE_CURVE('',#1946,#1943,#976,.T.);
#2465=EDGE_CURVE('',#1947,#1948,#977,.T.);
#2466=EDGE_CURVE('',#1948,#1949,#978,.F.);
#2467=EDGE_CURVE('',#1950,#1949,#979,.T.);
#2468=EDGE_CURVE('',#1950,#1947,#980,.F.);
#2469=EDGE_CURVE('',#1951,#1952,#981,.F.);
#2470=EDGE_CURVE('',#1952,#1953,#982,.T.);
#2471=EDGE_CURVE('',#1953,#1954,#983,.F.);
#2472=EDGE_CURVE('',#1954,#1951,#984,.F.);
#2473=EDGE_CURVE('',#1955,#1956,#985,.T.);
#2474=EDGE_CURVE('',#1955,#1957,#986,.F.);
#2475=EDGE_CURVE('',#1957,#1958,#987,.T.);
#2476=EDGE_CURVE('',#1958,#1956,#988,.F.);
#2477=EDGE_CURVE('',#1949,#1955,#989,.F.);
#2478=EDGE_CURVE('',#1956,#1950,#990,.F.);
#2479=EDGE_CURVE('',#1957,#1948,#991,.F.);
#2480=EDGE_CURVE('',#1947,#1958,#992,.F.);
#2481=EDGE_CURVE('',#1951,#1957,#993,.T.);
#2482=EDGE_CURVE('',#1948,#1954,#994,.F.);
#2483=EDGE_CURVE('',#1949,#1953,#995,.T.);
#2484=EDGE_CURVE('',#1952,#1955,#996,.T.);
#2485=EDGE_CURVE('',#1950,#1946,#997,.T.);
#2486=EDGE_CURVE('',#1943,#1956,#998,.F.);
#2487=EDGE_CURVE('',#1944,#1958,#999,.T.);
#2488=EDGE_CURVE('',#1947,#1945,#1000,.T.);
#2489=EDGE_CURVE('',#1959,#1960,#1001,.F.);
#2490=EDGE_CURVE('',#1960,#1961,#1002,.F.);
#2491=EDGE_CURVE('',#1961,#1962,#1003,.F.);
#2492=EDGE_CURVE('',#1962,#1959,#1004,.T.);
#2493=EDGE_CURVE('',#1963,#1964,#1005,.T.);
#2494=EDGE_CURVE('',#1964,#1965,#1006,.F.);
#2495=EDGE_CURVE('',#1966,#1965,#1007,.T.);
#2496=EDGE_CURVE('',#1966,#1963,#1008,.F.);
#2497=EDGE_CURVE('',#1967,#1968,#1009,.F.);
#2498=EDGE_CURVE('',#1968,#1969,#1010,.T.);
#2499=EDGE_CURVE('',#1969,#1970,#1011,.F.);
#2500=EDGE_CURVE('',#1970,#1967,#1012,.F.);
#2501=EDGE_CURVE('',#1971,#1972,#1013,.T.);
#2502=EDGE_CURVE('',#1971,#1973,#1014,.F.);
#2503=EDGE_CURVE('',#1973,#1974,#1015,.T.);
#2504=EDGE_CURVE('',#1974,#1972,#1016,.F.);
#2505=EDGE_CURVE('',#1965,#1971,#1017,.F.);
#2506=EDGE_CURVE('',#1972,#1966,#1018,.F.);
#2507=EDGE_CURVE('',#1973,#1964,#1019,.F.);
#2508=EDGE_CURVE('',#1963,#1974,#1020,.F.);
#2509=EDGE_CURVE('',#1967,#1973,#1021,.T.);
#2510=EDGE_CURVE('',#1964,#1970,#1022,.F.);
#2511=EDGE_CURVE('',#1965,#1969,#1023,.T.);
#2512=EDGE_CURVE('',#1968,#1971,#1024,.T.);
#2513=EDGE_CURVE('',#1966,#1962,#1025,.T.);
#2514=EDGE_CURVE('',#1959,#1972,#1026,.F.);
#2515=EDGE_CURVE('',#1960,#1974,#1027,.T.);
#2516=EDGE_CURVE('',#1963,#1961,#1028,.T.);
#2517=EDGE_CURVE('',#1975,#1976,#1029,.F.);
#2518=EDGE_CURVE('',#1976,#1977,#1030,.F.);
#2519=EDGE_CURVE('',#1977,#1978,#1031,.F.);
#2520=EDGE_CURVE('',#1978,#1975,#1032,.T.);
#2521=EDGE_CURVE('',#1979,#1980,#1033,.T.);
#2522=EDGE_CURVE('',#1980,#1981,#1034,.F.);
#2523=EDGE_CURVE('',#1982,#1981,#1035,.T.);
#2524=EDGE_CURVE('',#1982,#1979,#1036,.F.);
#2525=EDGE_CURVE('',#1983,#1984,#1037,.F.);
#2526=EDGE_CURVE('',#1984,#1985,#1038,.T.);
#2527=EDGE_CURVE('',#1985,#1986,#1039,.F.);
#2528=EDGE_CURVE('',#1986,#1983,#1040,.F.);
#2529=EDGE_CURVE('',#1987,#1988,#1041,.T.);
#2530=EDGE_CURVE('',#1987,#1989,#1042,.F.);
#2531=EDGE_CURVE('',#1989,#1990,#1043,.T.);
#2532=EDGE_CURVE('',#1990,#1988,#1044,.F.);
#2533=EDGE_CURVE('',#1981,#1987,#1045,.F.);
#2534=EDGE_CURVE('',#1988,#1982,#1046,.F.);
#2535=EDGE_CURVE('',#1989,#1980,#1047,.F.);
#2536=EDGE_CURVE('',#1979,#1990,#1048,.F.);
#2537=EDGE_CURVE('',#1983,#1989,#1049,.F.);
#2538=EDGE_CURVE('',#1980,#1986,#1050,.F.);
#2539=EDGE_CURVE('',#1981,#1985,#1051,.T.);
#2540=EDGE_CURVE('',#1984,#1987,#1052,.F.);
#2541=EDGE_CURVE('',#1982,#1978,#1053,.T.);
#2542=EDGE_CURVE('',#1975,#1988,#1054,.F.);
#2543=EDGE_CURVE('',#1976,#1990,#1055,.T.);
#2544=EDGE_CURVE('',#1979,#1977,#1056,.T.);
#2545=EDGE_CURVE('',#1991,#1992,#1057,.F.);
#2546=EDGE_CURVE('',#1992,#1993,#1058,.F.);
#2547=EDGE_CURVE('',#1993,#1994,#1059,.F.);
#2548=EDGE_CURVE('',#1994,#1991,#1060,.T.);
#2549=EDGE_CURVE('',#1995,#1996,#1061,.T.);
#2550=EDGE_CURVE('',#1996,#1997,#1062,.F.);
#2551=EDGE_CURVE('',#1998,#1997,#1063,.T.);
#2552=EDGE_CURVE('',#1998,#1995,#1064,.F.);
#2553=EDGE_CURVE('',#1999,#2000,#1065,.F.);
#2554=EDGE_CURVE('',#2000,#2001,#1066,.T.);
#2555=EDGE_CURVE('',#2001,#2002,#1067,.F.);
#2556=EDGE_CURVE('',#2002,#1999,#1068,.F.);
#2557=EDGE_CURVE('',#2003,#2004,#1069,.T.);
#2558=EDGE_CURVE('',#2003,#2005,#1070,.F.);
#2559=EDGE_CURVE('',#2005,#2006,#1071,.T.);
#2560=EDGE_CURVE('',#2006,#2004,#1072,.F.);
#2561=EDGE_CURVE('',#1997,#2003,#1073,.F.);
#2562=EDGE_CURVE('',#2004,#1998,#1074,.F.);
#2563=EDGE_CURVE('',#2005,#1996,#1075,.F.);
#2564=EDGE_CURVE('',#1995,#2006,#1076,.F.);
#2565=EDGE_CURVE('',#1999,#2005,#1077,.T.);
#2566=EDGE_CURVE('',#1996,#2002,#1078,.T.);
#2567=EDGE_CURVE('',#1997,#2001,#1079,.F.);
#2568=EDGE_CURVE('',#2000,#2003,#1080,.T.);
#2569=EDGE_CURVE('',#1998,#1994,#1081,.T.);
#2570=EDGE_CURVE('',#1991,#2004,#1082,.F.);
#2571=EDGE_CURVE('',#1992,#2006,#1083,.T.);
#2572=EDGE_CURVE('',#1995,#1993,#1084,.T.);
#2573=ORIENTED_EDGE('',*,*,#2007,.T.);
#2574=ORIENTED_EDGE('',*,*,#2008,.T.);
#2575=ORIENTED_EDGE('',*,*,#2009,.T.);
#2576=ORIENTED_EDGE('',*,*,#2010,.T.);
#2577=ORIENTED_EDGE('',*,*,#2011,.T.);
#2578=ORIENTED_EDGE('',*,*,#2012,.T.);
#2579=ORIENTED_EDGE('',*,*,#2013,.T.);
#2580=ORIENTED_EDGE('',*,*,#2014,.T.);
#2581=ORIENTED_EDGE('',*,*,#2015,.T.);
#2582=ORIENTED_EDGE('',*,*,#2016,.T.);
#2583=ORIENTED_EDGE('',*,*,#2017,.T.);
#2584=ORIENTED_EDGE('',*,*,#2018,.T.);
#2585=ORIENTED_EDGE('',*,*,#2019,.T.);
#2586=ORIENTED_EDGE('',*,*,#2020,.T.);
#2587=ORIENTED_EDGE('',*,*,#2021,.T.);
#2588=ORIENTED_EDGE('',*,*,#2022,.T.);
#2589=ORIENTED_EDGE('',*,*,#2023,.T.);
#2590=ORIENTED_EDGE('',*,*,#2024,.T.);
#2591=ORIENTED_EDGE('',*,*,#2025,.T.);
#2592=ORIENTED_EDGE('',*,*,#2026,.T.);
#2593=ORIENTED_EDGE('',*,*,#2027,.T.);
#2594=ORIENTED_EDGE('',*,*,#2028,.T.);
#2595=ORIENTED_EDGE('',*,*,#2029,.T.);
#2596=ORIENTED_EDGE('',*,*,#2030,.T.);
#2597=ORIENTED_EDGE('',*,*,#2031,.T.);
#2598=ORIENTED_EDGE('',*,*,#2032,.F.);
#2599=ORIENTED_EDGE('',*,*,#2033,.T.);
#2600=ORIENTED_EDGE('',*,*,#2034,.F.);
#2601=ORIENTED_EDGE('',*,*,#2035,.T.);
#2602=ORIENTED_EDGE('',*,*,#2036,.T.);
#2603=ORIENTED_EDGE('',*,*,#2037,.F.);
#2604=ORIENTED_EDGE('',*,*,#2038,.T.);
#2605=ORIENTED_EDGE('',*,*,#2039,.T.);
#2606=ORIENTED_EDGE('',*,*,#2040,.F.);
#2607=ORIENTED_EDGE('',*,*,#2041,.T.);
#2608=ORIENTED_EDGE('',*,*,#2042,.T.);
#2609=ORIENTED_EDGE('',*,*,#2043,.F.);
#2610=ORIENTED_EDGE('',*,*,#2044,.T.);
#2611=ORIENTED_EDGE('',*,*,#2045,.T.);
#2612=ORIENTED_EDGE('',*,*,#2046,.F.);
#2613=ORIENTED_EDGE('',*,*,#2047,.T.);
#2614=ORIENTED_EDGE('',*,*,#2048,.T.);
#2615=ORIENTED_EDGE('',*,*,#2049,.F.);
#2616=ORIENTED_EDGE('',*,*,#2050,.T.);
#2617=ORIENTED_EDGE('',*,*,#2051,.T.);
#2618=ORIENTED_EDGE('',*,*,#2052,.F.);
#2619=ORIENTED_EDGE('',*,*,#2053,.T.);
#2620=ORIENTED_EDGE('',*,*,#2054,.T.);
#2621=ORIENTED_EDGE('',*,*,#2055,.F.);
#2622=ORIENTED_EDGE('',*,*,#2056,.T.);
#2623=ORIENTED_EDGE('',*,*,#2057,.T.);
#2624=ORIENTED_EDGE('',*,*,#2058,.T.);
#2625=ORIENTED_EDGE('',*,*,#2059,.T.);
#2626=ORIENTED_EDGE('',*,*,#2060,.T.);
#2627=ORIENTED_EDGE('',*,*,#2061,.T.);
#2628=ORIENTED_EDGE('',*,*,#2062,.T.);
#2629=ORIENTED_EDGE('',*,*,#2063,.T.);
#2630=ORIENTED_EDGE('',*,*,#2064,.T.);
#2631=ORIENTED_EDGE('',*,*,#2065,.T.);
#2632=ORIENTED_EDGE('',*,*,#2066,.T.);
#2633=ORIENTED_EDGE('',*,*,#2067,.T.);
#2634=ORIENTED_EDGE('',*,*,#2068,.T.);
#2635=ORIENTED_EDGE('',*,*,#2069,.T.);
#2636=ORIENTED_EDGE('',*,*,#2070,.T.);
#2637=ORIENTED_EDGE('',*,*,#2071,.T.);
#2638=ORIENTED_EDGE('',*,*,#2072,.T.);
#2639=ORIENTED_EDGE('',*,*,#2073,.T.);
#2640=ORIENTED_EDGE('',*,*,#2074,.T.);
#2641=ORIENTED_EDGE('',*,*,#2075,.T.);
#2642=ORIENTED_EDGE('',*,*,#2076,.T.);
#2643=ORIENTED_EDGE('',*,*,#2077,.T.);
#2644=ORIENTED_EDGE('',*,*,#2078,.T.);
#2645=ORIENTED_EDGE('',*,*,#2079,.T.);
#2646=ORIENTED_EDGE('',*,*,#2080,.T.);
#2647=ORIENTED_EDGE('',*,*,#2081,.T.);
#2648=ORIENTED_EDGE('',*,*,#2082,.T.);
#2649=ORIENTED_EDGE('',*,*,#2083,.T.);
#2650=ORIENTED_EDGE('',*,*,#2084,.T.);
#2651=ORIENTED_EDGE('',*,*,#2085,.T.);
#2652=ORIENTED_EDGE('',*,*,#2086,.T.);
#2653=ORIENTED_EDGE('',*,*,#2087,.T.);
#2654=ORIENTED_EDGE('',*,*,#2088,.T.);
#2655=ORIENTED_EDGE('',*,*,#2089,.F.);
#2656=ORIENTED_EDGE('',*,*,#2090,.F.);
#2657=ORIENTED_EDGE('',*,*,#2091,.F.);
#2658=ORIENTED_EDGE('',*,*,#2092,.F.);
#2659=ORIENTED_EDGE('',*,*,#2093,.T.);
#2660=ORIENTED_EDGE('',*,*,#2094,.F.);
#2661=ORIENTED_EDGE('',*,*,#2095,.F.);
#2662=ORIENTED_EDGE('',*,*,#2096,.T.);
#2663=ORIENTED_EDGE('',*,*,#2097,.F.);
#2664=ORIENTED_EDGE('',*,*,#2098,.F.);
#2665=ORIENTED_EDGE('',*,*,#2099,.T.);
#2666=ORIENTED_EDGE('',*,*,#2100,.F.);
#2667=ORIENTED_EDGE('',*,*,#2101,.F.);
#2668=ORIENTED_EDGE('',*,*,#2102,.T.);
#2669=ORIENTED_EDGE('',*,*,#2103,.F.);
#2670=ORIENTED_EDGE('',*,*,#2104,.F.);
#2671=ORIENTED_EDGE('',*,*,#2105,.T.);
#2672=ORIENTED_EDGE('',*,*,#2106,.F.);
#2673=ORIENTED_EDGE('',*,*,#2107,.F.);
#2674=ORIENTED_EDGE('',*,*,#2108,.T.);
#2675=ORIENTED_EDGE('',*,*,#2109,.F.);
#2676=ORIENTED_EDGE('',*,*,#2110,.F.);
#2677=ORIENTED_EDGE('',*,*,#2111,.T.);
#2678=ORIENTED_EDGE('',*,*,#2112,.F.);
#2679=ORIENTED_EDGE('',*,*,#2113,.F.);
#2680=ORIENTED_EDGE('',*,*,#2114,.T.);
#2681=ORIENTED_EDGE('',*,*,#2115,.F.);
#2682=ORIENTED_EDGE('',*,*,#2116,.F.);
#2683=ORIENTED_EDGE('',*,*,#2117,.F.);
#2684=ORIENTED_EDGE('',*,*,#2118,.F.);
#2685=ORIENTED_EDGE('',*,*,#2119,.F.);
#2686=ORIENTED_EDGE('',*,*,#2120,.F.);
#2687=ORIENTED_EDGE('',*,*,#2121,.F.);
#2688=ORIENTED_EDGE('',*,*,#2122,.F.);
#2689=ORIENTED_EDGE('',*,*,#2123,.F.);
#2690=ORIENTED_EDGE('',*,*,#2124,.F.);
#2691=ORIENTED_EDGE('',*,*,#2125,.F.);
#2692=ORIENTED_EDGE('',*,*,#2126,.F.);
#2693=ORIENTED_EDGE('',*,*,#2127,.F.);
#2694=ORIENTED_EDGE('',*,*,#2128,.F.);
#2695=ORIENTED_EDGE('',*,*,#2129,.F.);
#2696=ORIENTED_EDGE('',*,*,#2130,.F.);
#2697=ORIENTED_EDGE('',*,*,#2131,.F.);
#2698=ORIENTED_EDGE('',*,*,#2132,.F.);
#2699=ORIENTED_EDGE('',*,*,#2133,.F.);
#2700=ORIENTED_EDGE('',*,*,#2134,.F.);
#2701=ORIENTED_EDGE('',*,*,#2135,.F.);
#2702=ORIENTED_EDGE('',*,*,#2136,.F.);
#2703=ORIENTED_EDGE('',*,*,#2137,.F.);
#2704=ORIENTED_EDGE('',*,*,#2138,.F.);
#2705=ORIENTED_EDGE('',*,*,#2139,.F.);
#2706=ORIENTED_EDGE('',*,*,#2140,.F.);
#2707=ORIENTED_EDGE('',*,*,#2141,.F.);
#2708=ORIENTED_EDGE('',*,*,#2142,.F.);
#2709=ORIENTED_EDGE('',*,*,#2143,.T.);
#2710=ORIENTED_EDGE('',*,*,#2144,.T.);
#2711=ORIENTED_EDGE('',*,*,#2145,.T.);
#2712=ORIENTED_EDGE('',*,*,#2146,.T.);
#2713=ORIENTED_EDGE('',*,*,#2147,.T.);
#2714=ORIENTED_EDGE('',*,*,#2148,.T.);
#2715=ORIENTED_EDGE('',*,*,#2149,.T.);
#2716=ORIENTED_EDGE('',*,*,#2150,.T.);
#2717=ORIENTED_EDGE('',*,*,#2151,.T.);
#2718=ORIENTED_EDGE('',*,*,#2152,.T.);
#2719=ORIENTED_EDGE('',*,*,#2153,.T.);
#2720=ORIENTED_EDGE('',*,*,#2154,.T.);
#2721=ORIENTED_EDGE('',*,*,#2155,.T.);
#2722=ORIENTED_EDGE('',*,*,#2156,.T.);
#2723=ORIENTED_EDGE('',*,*,#2157,.T.);
#2724=ORIENTED_EDGE('',*,*,#2158,.T.);
#2725=ORIENTED_EDGE('',*,*,#2159,.T.);
#2726=ORIENTED_EDGE('',*,*,#2160,.T.);
#2727=ORIENTED_EDGE('',*,*,#2161,.T.);
#2728=ORIENTED_EDGE('',*,*,#2162,.T.);
#2729=ORIENTED_EDGE('',*,*,#2163,.T.);
#2730=ORIENTED_EDGE('',*,*,#2164,.T.);
#2731=ORIENTED_EDGE('',*,*,#2165,.T.);
#2732=ORIENTED_EDGE('',*,*,#2166,.T.);
#2733=ORIENTED_EDGE('',*,*,#2167,.T.);
#2734=ORIENTED_EDGE('',*,*,#2168,.T.);
#2735=ORIENTED_EDGE('',*,*,#2169,.T.);
#2736=ORIENTED_EDGE('',*,*,#2170,.T.);
#2737=ORIENTED_EDGE('',*,*,#2171,.T.);
#2738=ORIENTED_EDGE('',*,*,#2172,.T.);
#2739=ORIENTED_EDGE('',*,*,#2173,.T.);
#2740=ORIENTED_EDGE('',*,*,#2174,.T.);
#2741=ORIENTED_EDGE('',*,*,#2175,.T.);
#2742=ORIENTED_EDGE('',*,*,#2176,.T.);
#2743=ORIENTED_EDGE('',*,*,#2177,.T.);
#2744=ORIENTED_EDGE('',*,*,#2178,.T.);
#2745=ORIENTED_EDGE('',*,*,#2179,.T.);
#2746=ORIENTED_EDGE('',*,*,#2180,.T.);
#2747=ORIENTED_EDGE('',*,*,#2181,.T.);
#2748=ORIENTED_EDGE('',*,*,#2182,.T.);
#2749=ORIENTED_EDGE('',*,*,#2183,.T.);
#2750=ORIENTED_EDGE('',*,*,#2184,.T.);
#2751=ORIENTED_EDGE('',*,*,#2185,.T.);
#2752=ORIENTED_EDGE('',*,*,#2186,.T.);
#2753=ORIENTED_EDGE('',*,*,#2187,.T.);
#2754=ORIENTED_EDGE('',*,*,#2188,.T.);
#2755=ORIENTED_EDGE('',*,*,#2189,.T.);
#2756=ORIENTED_EDGE('',*,*,#2190,.T.);
#2757=ORIENTED_EDGE('',*,*,#2191,.T.);
#2758=ORIENTED_EDGE('',*,*,#2192,.T.);
#2759=ORIENTED_EDGE('',*,*,#2193,.T.);
#2760=ORIENTED_EDGE('',*,*,#2194,.T.);
#2761=ORIENTED_EDGE('',*,*,#2195,.T.);
#2762=ORIENTED_EDGE('',*,*,#2196,.T.);
#2763=ORIENTED_EDGE('',*,*,#2197,.T.);
#2764=ORIENTED_EDGE('',*,*,#2198,.T.);
#2765=ORIENTED_EDGE('',*,*,#2199,.T.);
#2766=ORIENTED_EDGE('',*,*,#2200,.T.);
#2767=ORIENTED_EDGE('',*,*,#2201,.T.);
#2768=ORIENTED_EDGE('',*,*,#2202,.T.);
#2769=ORIENTED_EDGE('',*,*,#2203,.T.);
#2770=ORIENTED_EDGE('',*,*,#2204,.F.);
#2771=ORIENTED_EDGE('',*,*,#2205,.T.);
#2772=ORIENTED_EDGE('',*,*,#2206,.F.);
#2773=ORIENTED_EDGE('',*,*,#2207,.T.);
#2774=ORIENTED_EDGE('',*,*,#2208,.F.);
#2775=ORIENTED_EDGE('',*,*,#2209,.T.);
#2776=ORIENTED_EDGE('',*,*,#2210,.F.);
#2777=ORIENTED_EDGE('',*,*,#2211,.T.);
#2778=ORIENTED_EDGE('',*,*,#2212,.F.);
#2779=ORIENTED_EDGE('',*,*,#2213,.T.);
#2780=ORIENTED_EDGE('',*,*,#2214,.F.);
#2781=ORIENTED_EDGE('',*,*,#2215,.T.);
#2782=ORIENTED_EDGE('',*,*,#2216,.F.);
#2783=ORIENTED_EDGE('',*,*,#2217,.T.);
#2784=ORIENTED_EDGE('',*,*,#2218,.F.);
#2785=ORIENTED_EDGE('',*,*,#2219,.T.);
#2786=ORIENTED_EDGE('',*,*,#2220,.F.);
#2787=ORIENTED_EDGE('',*,*,#2221,.T.);
#2788=ORIENTED_EDGE('',*,*,#2222,.F.);
#2789=ORIENTED_EDGE('',*,*,#2223,.T.);
#2790=ORIENTED_EDGE('',*,*,#2224,.F.);
#2791=ORIENTED_EDGE('',*,*,#2225,.T.);
#2792=ORIENTED_EDGE('',*,*,#2226,.F.);
#2793=ORIENTED_EDGE('',*,*,#2227,.T.);
#2794=ORIENTED_EDGE('',*,*,#2228,.F.);
#2795=ORIENTED_EDGE('',*,*,#2229,.T.);
#2796=ORIENTED_EDGE('',*,*,#2230,.F.);
#2797=ORIENTED_EDGE('',*,*,#2231,.T.);
#2798=ORIENTED_EDGE('',*,*,#2232,.F.);
#2799=ORIENTED_EDGE('',*,*,#2233,.T.);
#2800=ORIENTED_EDGE('',*,*,#2234,.F.);
#2801=ORIENTED_EDGE('',*,*,#2116,.T.);
#2802=ORIENTED_EDGE('',*,*,#2235,.F.);
#2803=ORIENTED_EDGE('',*,*,#2007,.F.);
#2804=ORIENTED_EDGE('',*,*,#2236,.F.);
#2805=ORIENTED_EDGE('',*,*,#2237,.F.);
#2806=ORIENTED_EDGE('',*,*,#2091,.T.);
#2807=ORIENTED_EDGE('',*,*,#2238,.T.);
#2808=ORIENTED_EDGE('',*,*,#2032,.T.);
#2809=ORIENTED_EDGE('',*,*,#2090,.T.);
#2810=ORIENTED_EDGE('',*,*,#2239,.T.);
#2811=ORIENTED_EDGE('',*,*,#2171,.F.);
#2812=ORIENTED_EDGE('',*,*,#2240,.T.);
#2813=ORIENTED_EDGE('',*,*,#2033,.F.);
#2814=ORIENTED_EDGE('',*,*,#2238,.F.);
#2815=ORIENTED_EDGE('',*,*,#2173,.F.);
#2816=ORIENTED_EDGE('',*,*,#2241,.T.);
#2817=ORIENTED_EDGE('',*,*,#2138,.T.);
#2818=ORIENTED_EDGE('',*,*,#2242,.T.);
#2819=ORIENTED_EDGE('',*,*,#2035,.F.);
#2820=ORIENTED_EDGE('',*,*,#2243,.F.);
#2821=ORIENTED_EDGE('',*,*,#2137,.T.);
#2822=ORIENTED_EDGE('',*,*,#2244,.T.);
#2823=ORIENTED_EDGE('',*,*,#2175,.F.);
#2824=ORIENTED_EDGE('',*,*,#2245,.F.);
#2825=ORIENTED_EDGE('',*,*,#2036,.F.);
#2826=ORIENTED_EDGE('',*,*,#2242,.F.);
#2827=ORIENTED_EDGE('',*,*,#2177,.F.);
#2828=ORIENTED_EDGE('',*,*,#2246,.T.);
#2829=ORIENTED_EDGE('',*,*,#2135,.T.);
#2830=ORIENTED_EDGE('',*,*,#2247,.T.);
#2831=ORIENTED_EDGE('',*,*,#2038,.F.);
#2832=ORIENTED_EDGE('',*,*,#2248,.F.);
#2833=ORIENTED_EDGE('',*,*,#2134,.T.);
#2834=ORIENTED_EDGE('',*,*,#2249,.T.);
#2835=ORIENTED_EDGE('',*,*,#2179,.F.);
#2836=ORIENTED_EDGE('',*,*,#2250,.F.);
#2837=ORIENTED_EDGE('',*,*,#2039,.F.);
#2838=ORIENTED_EDGE('',*,*,#2247,.F.);
#2839=ORIENTED_EDGE('',*,*,#2181,.F.);
#2840=ORIENTED_EDGE('',*,*,#2251,.T.);
#2841=ORIENTED_EDGE('',*,*,#2132,.T.);
#2842=ORIENTED_EDGE('',*,*,#2252,.T.);
#2843=ORIENTED_EDGE('',*,*,#2041,.F.);
#2844=ORIENTED_EDGE('',*,*,#2253,.F.);
#2845=ORIENTED_EDGE('',*,*,#2131,.T.);
#2846=ORIENTED_EDGE('',*,*,#2254,.T.);
#2847=ORIENTED_EDGE('',*,*,#2183,.F.);
#2848=ORIENTED_EDGE('',*,*,#2255,.F.);
#2849=ORIENTED_EDGE('',*,*,#2042,.F.);
#2850=ORIENTED_EDGE('',*,*,#2252,.F.);
#2851=ORIENTED_EDGE('',*,*,#2185,.F.);
#2852=ORIENTED_EDGE('',*,*,#2256,.T.);
#2853=ORIENTED_EDGE('',*,*,#2129,.T.);
#2854=ORIENTED_EDGE('',*,*,#2257,.T.);
#2855=ORIENTED_EDGE('',*,*,#2044,.F.);
#2856=ORIENTED_EDGE('',*,*,#2258,.F.);
#2857=ORIENTED_EDGE('',*,*,#2128,.T.);
#2858=ORIENTED_EDGE('',*,*,#2259,.T.);
#2859=ORIENTED_EDGE('',*,*,#2187,.F.);
#2860=ORIENTED_EDGE('',*,*,#2260,.F.);
#2861=ORIENTED_EDGE('',*,*,#2045,.F.);
#2862=ORIENTED_EDGE('',*,*,#2257,.F.);
#2863=ORIENTED_EDGE('',*,*,#2189,.F.);
#2864=ORIENTED_EDGE('',*,*,#2261,.T.);
#2865=ORIENTED_EDGE('',*,*,#2126,.T.);
#2866=ORIENTED_EDGE('',*,*,#2262,.T.);
#2867=ORIENTED_EDGE('',*,*,#2047,.F.);
#2868=ORIENTED_EDGE('',*,*,#2263,.F.);
#2869=ORIENTED_EDGE('',*,*,#2125,.T.);
#2870=ORIENTED_EDGE('',*,*,#2264,.T.);
#2871=ORIENTED_EDGE('',*,*,#2191,.F.);
#2872=ORIENTED_EDGE('',*,*,#2265,.F.);
#2873=ORIENTED_EDGE('',*,*,#2048,.F.);
#2874=ORIENTED_EDGE('',*,*,#2262,.F.);
#2875=ORIENTED_EDGE('',*,*,#2193,.F.);
#2876=ORIENTED_EDGE('',*,*,#2266,.T.);
#2877=ORIENTED_EDGE('',*,*,#2123,.T.);
#2878=ORIENTED_EDGE('',*,*,#2267,.T.);
#2879=ORIENTED_EDGE('',*,*,#2050,.F.);
#2880=ORIENTED_EDGE('',*,*,#2268,.F.);
#2881=ORIENTED_EDGE('',*,*,#2122,.T.);
#2882=ORIENTED_EDGE('',*,*,#2269,.T.);
#2883=ORIENTED_EDGE('',*,*,#2195,.F.);
#2884=ORIENTED_EDGE('',*,*,#2270,.F.);
#2885=ORIENTED_EDGE('',*,*,#2051,.F.);
#2886=ORIENTED_EDGE('',*,*,#2267,.F.);
#2887=ORIENTED_EDGE('',*,*,#2197,.F.);
#2888=ORIENTED_EDGE('',*,*,#2271,.T.);
#2889=ORIENTED_EDGE('',*,*,#2120,.T.);
#2890=ORIENTED_EDGE('',*,*,#2272,.T.);
#2891=ORIENTED_EDGE('',*,*,#2053,.F.);
#2892=ORIENTED_EDGE('',*,*,#2273,.F.);
#2893=ORIENTED_EDGE('',*,*,#2119,.T.);
#2894=ORIENTED_EDGE('',*,*,#2274,.T.);
#2895=ORIENTED_EDGE('',*,*,#2199,.F.);
#2896=ORIENTED_EDGE('',*,*,#2275,.F.);
#2897=ORIENTED_EDGE('',*,*,#2054,.F.);
#2898=ORIENTED_EDGE('',*,*,#2272,.F.);
#2899=ORIENTED_EDGE('',*,*,#2201,.F.);
#2900=ORIENTED_EDGE('',*,*,#2276,.T.);
#2901=ORIENTED_EDGE('',*,*,#2117,.T.);
#2902=ORIENTED_EDGE('',*,*,#2236,.T.);
#2903=ORIENTED_EDGE('',*,*,#2056,.F.);
#2904=ORIENTED_EDGE('',*,*,#2277,.F.);
#2905=ORIENTED_EDGE('',*,*,#2278,.T.);
#2906=ORIENTED_EDGE('',*,*,#2092,.T.);
#2907=ORIENTED_EDGE('',*,*,#2237,.T.);
#2908=ORIENTED_EDGE('',*,*,#2031,.F.);
#2909=ORIENTED_EDGE('',*,*,#2279,.F.);
#2910=ORIENTED_EDGE('',*,*,#2233,.F.);
#2911=ORIENTED_EDGE('',*,*,#2280,.T.);
#2912=ORIENTED_EDGE('',*,*,#2095,.T.);
#2913=ORIENTED_EDGE('',*,*,#2281,.T.);
#2914=ORIENTED_EDGE('',*,*,#2028,.F.);
#2915=ORIENTED_EDGE('',*,*,#2282,.F.);
#2916=ORIENTED_EDGE('',*,*,#2229,.F.);
#2917=ORIENTED_EDGE('',*,*,#2281,.F.);
#2918=ORIENTED_EDGE('',*,*,#2094,.T.);
#2919=ORIENTED_EDGE('',*,*,#2283,.T.);
#2920=ORIENTED_EDGE('',*,*,#2231,.F.);
#2921=ORIENTED_EDGE('',*,*,#2284,.F.);
#2922=ORIENTED_EDGE('',*,*,#2029,.F.);
#2923=ORIENTED_EDGE('',*,*,#2285,.T.);
#2924=ORIENTED_EDGE('',*,*,#2098,.T.);
#2925=ORIENTED_EDGE('',*,*,#2286,.T.);
#2926=ORIENTED_EDGE('',*,*,#2025,.F.);
#2927=ORIENTED_EDGE('',*,*,#2287,.F.);
#2928=ORIENTED_EDGE('',*,*,#2225,.F.);
#2929=ORIENTED_EDGE('',*,*,#2286,.F.);
#2930=ORIENTED_EDGE('',*,*,#2097,.T.);
#2931=ORIENTED_EDGE('',*,*,#2288,.T.);
#2932=ORIENTED_EDGE('',*,*,#2227,.F.);
#2933=ORIENTED_EDGE('',*,*,#2289,.F.);
#2934=ORIENTED_EDGE('',*,*,#2026,.F.);
#2935=ORIENTED_EDGE('',*,*,#2290,.T.);
#2936=ORIENTED_EDGE('',*,*,#2101,.T.);
#2937=ORIENTED_EDGE('',*,*,#2291,.T.);
#2938=ORIENTED_EDGE('',*,*,#2022,.F.);
#2939=ORIENTED_EDGE('',*,*,#2292,.F.);
#2940=ORIENTED_EDGE('',*,*,#2221,.F.);
#2941=ORIENTED_EDGE('',*,*,#2291,.F.);
#2942=ORIENTED_EDGE('',*,*,#2100,.T.);
#2943=ORIENTED_EDGE('',*,*,#2293,.T.);
#2944=ORIENTED_EDGE('',*,*,#2223,.F.);
#2945=ORIENTED_EDGE('',*,*,#2294,.F.);
#2946=ORIENTED_EDGE('',*,*,#2023,.F.);
#2947=ORIENTED_EDGE('',*,*,#2295,.T.);
#2948=ORIENTED_EDGE('',*,*,#2104,.T.);
#2949=ORIENTED_EDGE('',*,*,#2296,.T.);
#2950=ORIENTED_EDGE('',*,*,#2019,.F.);
#2951=ORIENTED_EDGE('',*,*,#2297,.F.);
#2952=ORIENTED_EDGE('',*,*,#2217,.F.);
#2953=ORIENTED_EDGE('',*,*,#2296,.F.);
#2954=ORIENTED_EDGE('',*,*,#2103,.T.);
#2955=ORIENTED_EDGE('',*,*,#2298,.T.);
#2956=ORIENTED_EDGE('',*,*,#2219,.F.);
#2957=ORIENTED_EDGE('',*,*,#2299,.F.);
#2958=ORIENTED_EDGE('',*,*,#2020,.F.);
#2959=ORIENTED_EDGE('',*,*,#2300,.T.);
#2960=ORIENTED_EDGE('',*,*,#2107,.T.);
#2961=ORIENTED_EDGE('',*,*,#2301,.T.);
#2962=ORIENTED_EDGE('',*,*,#2016,.F.);
#2963=ORIENTED_EDGE('',*,*,#2302,.F.);
#2964=ORIENTED_EDGE('',*,*,#2213,.F.);
#2965=ORIENTED_EDGE('',*,*,#2301,.F.);
#2966=ORIENTED_EDGE('',*,*,#2106,.T.);
#2967=ORIENTED_EDGE('',*,*,#2303,.T.);
#2968=ORIENTED_EDGE('',*,*,#2215,.F.);
#2969=ORIENTED_EDGE('',*,*,#2304,.F.);
#2970=ORIENTED_EDGE('',*,*,#2017,.F.);
#2971=ORIENTED_EDGE('',*,*,#2305,.T.);
#2972=ORIENTED_EDGE('',*,*,#2110,.T.);
#2973=ORIENTED_EDGE('',*,*,#2306,.T.);
#2974=ORIENTED_EDGE('',*,*,#2013,.F.);
#2975=ORIENTED_EDGE('',*,*,#2307,.F.);
#2976=ORIENTED_EDGE('',*,*,#2209,.F.);
#2977=ORIENTED_EDGE('',*,*,#2306,.F.);
#2978=ORIENTED_EDGE('',*,*,#2109,.T.);
#2979=ORIENTED_EDGE('',*,*,#2308,.T.);
#2980=ORIENTED_EDGE('',*,*,#2211,.F.);
#2981=ORIENTED_EDGE('',*,*,#2309,.F.);
#2982=ORIENTED_EDGE('',*,*,#2014,.F.);
#2983=ORIENTED_EDGE('',*,*,#2310,.T.);
#2984=ORIENTED_EDGE('',*,*,#2113,.T.);
#2985=ORIENTED_EDGE('',*,*,#2311,.T.);
#2986=ORIENTED_EDGE('',*,*,#2010,.F.);
#2987=ORIENTED_EDGE('',*,*,#2312,.F.);
#2988=ORIENTED_EDGE('',*,*,#2205,.F.);
#2989=ORIENTED_EDGE('',*,*,#2311,.F.);
#2990=ORIENTED_EDGE('',*,*,#2112,.T.);
#2991=ORIENTED_EDGE('',*,*,#2313,.T.);
#2992=ORIENTED_EDGE('',*,*,#2207,.F.);
#2993=ORIENTED_EDGE('',*,*,#2314,.F.);
#2994=ORIENTED_EDGE('',*,*,#2011,.F.);
#2995=ORIENTED_EDGE('',*,*,#2235,.T.);
#2996=ORIENTED_EDGE('',*,*,#2115,.T.);
#2997=ORIENTED_EDGE('',*,*,#2315,.T.);
#2998=ORIENTED_EDGE('',*,*,#2203,.F.);
#2999=ORIENTED_EDGE('',*,*,#2316,.T.);
#3000=ORIENTED_EDGE('',*,*,#2008,.F.);
#3001=ORIENTED_EDGE('',*,*,#2317,.F.);
#3002=ORIENTED_EDGE('',*,*,#2142,.T.);
#3003=ORIENTED_EDGE('',*,*,#2318,.T.);
#3004=ORIENTED_EDGE('',*,*,#2086,.F.);
#3005=ORIENTED_EDGE('',*,*,#2318,.F.);
#3006=ORIENTED_EDGE('',*,*,#2141,.T.);
#3007=ORIENTED_EDGE('',*,*,#2319,.T.);
#3008=ORIENTED_EDGE('',*,*,#2087,.F.);
#3009=ORIENTED_EDGE('',*,*,#2319,.F.);
#3010=ORIENTED_EDGE('',*,*,#2140,.T.);
#3011=ORIENTED_EDGE('',*,*,#2320,.T.);
#3012=ORIENTED_EDGE('',*,*,#2088,.F.);
#3013=ORIENTED_EDGE('',*,*,#2320,.F.);
#3014=ORIENTED_EDGE('',*,*,#2139,.T.);
#3015=ORIENTED_EDGE('',*,*,#2317,.T.);
#3016=ORIENTED_EDGE('',*,*,#2085,.F.);
#3017=ORIENTED_EDGE('',*,*,#2009,.F.);
#3018=ORIENTED_EDGE('',*,*,#2316,.F.);
#3019=ORIENTED_EDGE('',*,*,#2206,.T.);
#3020=ORIENTED_EDGE('',*,*,#2312,.T.);
#3021=ORIENTED_EDGE('',*,*,#2012,.F.);
#3022=ORIENTED_EDGE('',*,*,#2314,.T.);
#3023=ORIENTED_EDGE('',*,*,#2210,.T.);
#3024=ORIENTED_EDGE('',*,*,#2307,.T.);
#3025=ORIENTED_EDGE('',*,*,#2015,.F.);
#3026=ORIENTED_EDGE('',*,*,#2309,.T.);
#3027=ORIENTED_EDGE('',*,*,#2214,.T.);
#3028=ORIENTED_EDGE('',*,*,#2302,.T.);
#3029=ORIENTED_EDGE('',*,*,#2018,.F.);
#3030=ORIENTED_EDGE('',*,*,#2304,.T.);
#3031=ORIENTED_EDGE('',*,*,#2218,.T.);
#3032=ORIENTED_EDGE('',*,*,#2297,.T.);
#3033=ORIENTED_EDGE('',*,*,#2021,.F.);
#3034=ORIENTED_EDGE('',*,*,#2299,.T.);
#3035=ORIENTED_EDGE('',*,*,#2222,.T.);
#3036=ORIENTED_EDGE('',*,*,#2292,.T.);
#3037=ORIENTED_EDGE('',*,*,#2024,.F.);
#3038=ORIENTED_EDGE('',*,*,#2294,.T.);
#3039=ORIENTED_EDGE('',*,*,#2226,.T.);
#3040=ORIENTED_EDGE('',*,*,#2287,.T.);
#3041=ORIENTED_EDGE('',*,*,#2027,.F.);
#3042=ORIENTED_EDGE('',*,*,#2289,.T.);
#3043=ORIENTED_EDGE('',*,*,#2230,.T.);
#3044=ORIENTED_EDGE('',*,*,#2282,.T.);
#3045=ORIENTED_EDGE('',*,*,#2030,.F.);
#3046=ORIENTED_EDGE('',*,*,#2284,.T.);
#3047=ORIENTED_EDGE('',*,*,#2234,.T.);
#3048=ORIENTED_EDGE('',*,*,#2279,.T.);
#3049=ORIENTED_EDGE('',*,*,#2202,.F.);
#3050=ORIENTED_EDGE('',*,*,#2277,.T.);
#3051=ORIENTED_EDGE('',*,*,#2055,.T.);
#3052=ORIENTED_EDGE('',*,*,#2275,.T.);
#3053=ORIENTED_EDGE('',*,*,#2198,.F.);
#3054=ORIENTED_EDGE('',*,*,#2273,.T.);
#3055=ORIENTED_EDGE('',*,*,#2052,.T.);
#3056=ORIENTED_EDGE('',*,*,#2270,.T.);
#3057=ORIENTED_EDGE('',*,*,#2194,.F.);
#3058=ORIENTED_EDGE('',*,*,#2268,.T.);
#3059=ORIENTED_EDGE('',*,*,#2049,.T.);
#3060=ORIENTED_EDGE('',*,*,#2265,.T.);
#3061=ORIENTED_EDGE('',*,*,#2190,.F.);
#3062=ORIENTED_EDGE('',*,*,#2263,.T.);
#3063=ORIENTED_EDGE('',*,*,#2046,.T.);
#3064=ORIENTED_EDGE('',*,*,#2260,.T.);
#3065=ORIENTED_EDGE('',*,*,#2186,.F.);
#3066=ORIENTED_EDGE('',*,*,#2258,.T.);
#3067=ORIENTED_EDGE('',*,*,#2043,.T.);
#3068=ORIENTED_EDGE('',*,*,#2255,.T.);
#3069=ORIENTED_EDGE('',*,*,#2182,.F.);
#3070=ORIENTED_EDGE('',*,*,#2253,.T.);
#3071=ORIENTED_EDGE('',*,*,#2040,.T.);
#3072=ORIENTED_EDGE('',*,*,#2250,.T.);
#3073=ORIENTED_EDGE('',*,*,#2178,.F.);
#3074=ORIENTED_EDGE('',*,*,#2248,.T.);
#3075=ORIENTED_EDGE('',*,*,#2037,.T.);
#3076=ORIENTED_EDGE('',*,*,#2245,.T.);
#3077=ORIENTED_EDGE('',*,*,#2174,.F.);
#3078=ORIENTED_EDGE('',*,*,#2243,.T.);
#3079=ORIENTED_EDGE('',*,*,#2034,.T.);
#3080=ORIENTED_EDGE('',*,*,#2240,.F.);
#3081=ORIENTED_EDGE('',*,*,#2089,.T.);
#3082=ORIENTED_EDGE('',*,*,#2241,.F.);
#3083=ORIENTED_EDGE('',*,*,#2172,.F.);
#3084=ORIENTED_EDGE('',*,*,#2239,.F.);
#3085=ORIENTED_EDGE('',*,*,#2136,.T.);
#3086=ORIENTED_EDGE('',*,*,#2246,.F.);
#3087=ORIENTED_EDGE('',*,*,#2176,.F.);
#3088=ORIENTED_EDGE('',*,*,#2244,.F.);
#3089=ORIENTED_EDGE('',*,*,#2133,.T.);
#3090=ORIENTED_EDGE('',*,*,#2251,.F.);
#3091=ORIENTED_EDGE('',*,*,#2180,.F.);
#3092=ORIENTED_EDGE('',*,*,#2249,.F.);
#3093=ORIENTED_EDGE('',*,*,#2130,.T.);
#3094=ORIENTED_EDGE('',*,*,#2256,.F.);
#3095=ORIENTED_EDGE('',*,*,#2184,.F.);
#3096=ORIENTED_EDGE('',*,*,#2254,.F.);
#3097=ORIENTED_EDGE('',*,*,#2127,.T.);
#3098=ORIENTED_EDGE('',*,*,#2261,.F.);
#3099=ORIENTED_EDGE('',*,*,#2188,.F.);
#3100=ORIENTED_EDGE('',*,*,#2259,.F.);
#3101=ORIENTED_EDGE('',*,*,#2124,.T.);
#3102=ORIENTED_EDGE('',*,*,#2266,.F.);
#3103=ORIENTED_EDGE('',*,*,#2192,.F.);
#3104=ORIENTED_EDGE('',*,*,#2264,.F.);
#3105=ORIENTED_EDGE('',*,*,#2121,.T.);
#3106=ORIENTED_EDGE('',*,*,#2271,.F.);
#3107=ORIENTED_EDGE('',*,*,#2196,.F.);
#3108=ORIENTED_EDGE('',*,*,#2269,.F.);
#3109=ORIENTED_EDGE('',*,*,#2118,.T.);
#3110=ORIENTED_EDGE('',*,*,#2276,.F.);
#3111=ORIENTED_EDGE('',*,*,#2200,.F.);
#3112=ORIENTED_EDGE('',*,*,#2274,.F.);
#3113=ORIENTED_EDGE('',*,*,#2232,.T.);
#3114=ORIENTED_EDGE('',*,*,#2283,.F.);
#3115=ORIENTED_EDGE('',*,*,#2093,.F.);
#3116=ORIENTED_EDGE('',*,*,#2278,.F.);
#3117=ORIENTED_EDGE('',*,*,#2228,.T.);
#3118=ORIENTED_EDGE('',*,*,#2288,.F.);
#3119=ORIENTED_EDGE('',*,*,#2096,.F.);
#3120=ORIENTED_EDGE('',*,*,#2280,.F.);
#3121=ORIENTED_EDGE('',*,*,#2224,.T.);
#3122=ORIENTED_EDGE('',*,*,#2293,.F.);
#3123=ORIENTED_EDGE('',*,*,#2099,.F.);
#3124=ORIENTED_EDGE('',*,*,#2285,.F.);
#3125=ORIENTED_EDGE('',*,*,#2220,.T.);
#3126=ORIENTED_EDGE('',*,*,#2298,.F.);
#3127=ORIENTED_EDGE('',*,*,#2102,.F.);
#3128=ORIENTED_EDGE('',*,*,#2290,.F.);
#3129=ORIENTED_EDGE('',*,*,#2216,.T.);
#3130=ORIENTED_EDGE('',*,*,#2303,.F.);
#3131=ORIENTED_EDGE('',*,*,#2105,.F.);
#3132=ORIENTED_EDGE('',*,*,#2295,.F.);
#3133=ORIENTED_EDGE('',*,*,#2212,.T.);
#3134=ORIENTED_EDGE('',*,*,#2308,.F.);
#3135=ORIENTED_EDGE('',*,*,#2108,.F.);
#3136=ORIENTED_EDGE('',*,*,#2300,.F.);
#3137=ORIENTED_EDGE('',*,*,#2208,.T.);
#3138=ORIENTED_EDGE('',*,*,#2313,.F.);
#3139=ORIENTED_EDGE('',*,*,#2111,.F.);
#3140=ORIENTED_EDGE('',*,*,#2305,.F.);
#3141=ORIENTED_EDGE('',*,*,#2204,.T.);
#3142=ORIENTED_EDGE('',*,*,#2315,.F.);
#3143=ORIENTED_EDGE('',*,*,#2114,.F.);
#3144=ORIENTED_EDGE('',*,*,#2310,.F.);
#3145=ORIENTED_EDGE('',*,*,#2321,.T.);
#3146=ORIENTED_EDGE('',*,*,#2058,.F.);
#3147=ORIENTED_EDGE('',*,*,#2322,.F.);
#3148=ORIENTED_EDGE('',*,*,#2144,.F.);
#3149=ORIENTED_EDGE('',*,*,#2323,.T.);
#3150=ORIENTED_EDGE('',*,*,#2059,.F.);
#3151=ORIENTED_EDGE('',*,*,#2321,.F.);
#3152=ORIENTED_EDGE('',*,*,#2143,.F.);
#3153=ORIENTED_EDGE('',*,*,#2324,.T.);
#3154=ORIENTED_EDGE('',*,*,#2060,.F.);
#3155=ORIENTED_EDGE('',*,*,#2323,.F.);
#3156=ORIENTED_EDGE('',*,*,#2146,.F.);
#3157=ORIENTED_EDGE('',*,*,#2322,.T.);
#3158=ORIENTED_EDGE('',*,*,#2057,.F.);
#3159=ORIENTED_EDGE('',*,*,#2324,.F.);
#3160=ORIENTED_EDGE('',*,*,#2145,.F.);
#3161=ORIENTED_EDGE('',*,*,#2325,.T.);
#3162=ORIENTED_EDGE('',*,*,#2082,.F.);
#3163=ORIENTED_EDGE('',*,*,#2326,.F.);
#3164=ORIENTED_EDGE('',*,*,#2168,.F.);
#3165=ORIENTED_EDGE('',*,*,#2327,.T.);
#3166=ORIENTED_EDGE('',*,*,#2083,.F.);
#3167=ORIENTED_EDGE('',*,*,#2325,.F.);
#3168=ORIENTED_EDGE('',*,*,#2167,.F.);
#3169=ORIENTED_EDGE('',*,*,#2328,.T.);
#3170=ORIENTED_EDGE('',*,*,#2084,.F.);
#3171=ORIENTED_EDGE('',*,*,#2327,.F.);
#3172=ORIENTED_EDGE('',*,*,#2170,.F.);
#3173=ORIENTED_EDGE('',*,*,#2326,.T.);
#3174=ORIENTED_EDGE('',*,*,#2081,.F.);
#3175=ORIENTED_EDGE('',*,*,#2328,.F.);
#3176=ORIENTED_EDGE('',*,*,#2169,.F.);
#3177=ORIENTED_EDGE('',*,*,#2329,.T.);
#3178=ORIENTED_EDGE('',*,*,#2062,.F.);
#3179=ORIENTED_EDGE('',*,*,#2330,.F.);
#3180=ORIENTED_EDGE('',*,*,#2148,.F.);
#3181=ORIENTED_EDGE('',*,*,#2331,.T.);
#3182=ORIENTED_EDGE('',*,*,#2063,.F.);
#3183=ORIENTED_EDGE('',*,*,#2329,.F.);
#3184=ORIENTED_EDGE('',*,*,#2147,.F.);
#3185=ORIENTED_EDGE('',*,*,#2332,.T.);
#3186=ORIENTED_EDGE('',*,*,#2064,.F.);
#3187=ORIENTED_EDGE('',*,*,#2331,.F.);
#3188=ORIENTED_EDGE('',*,*,#2150,.F.);
#3189=ORIENTED_EDGE('',*,*,#2330,.T.);
#3190=ORIENTED_EDGE('',*,*,#2061,.F.);
#3191=ORIENTED_EDGE('',*,*,#2332,.F.);
#3192=ORIENTED_EDGE('',*,*,#2149,.F.);
#3193=ORIENTED_EDGE('',*,*,#2333,.T.);
#3194=ORIENTED_EDGE('',*,*,#2078,.F.);
#3195=ORIENTED_EDGE('',*,*,#2334,.F.);
#3196=ORIENTED_EDGE('',*,*,#2164,.F.);
#3197=ORIENTED_EDGE('',*,*,#2335,.T.);
#3198=ORIENTED_EDGE('',*,*,#2079,.F.);
#3199=ORIENTED_EDGE('',*,*,#2333,.F.);
#3200=ORIENTED_EDGE('',*,*,#2163,.F.);
#3201=ORIENTED_EDGE('',*,*,#2336,.T.);
#3202=ORIENTED_EDGE('',*,*,#2080,.F.);
#3203=ORIENTED_EDGE('',*,*,#2335,.F.);
#3204=ORIENTED_EDGE('',*,*,#2166,.F.);
#3205=ORIENTED_EDGE('',*,*,#2334,.T.);
#3206=ORIENTED_EDGE('',*,*,#2077,.F.);
#3207=ORIENTED_EDGE('',*,*,#2336,.F.);
#3208=ORIENTED_EDGE('',*,*,#2165,.F.);
#3209=ORIENTED_EDGE('',*,*,#2337,.T.);
#3210=ORIENTED_EDGE('',*,*,#2066,.F.);
#3211=ORIENTED_EDGE('',*,*,#2338,.F.);
#3212=ORIENTED_EDGE('',*,*,#2152,.F.);
#3213=ORIENTED_EDGE('',*,*,#2339,.T.);
#3214=ORIENTED_EDGE('',*,*,#2067,.F.);
#3215=ORIENTED_EDGE('',*,*,#2337,.F.);
#3216=ORIENTED_EDGE('',*,*,#2151,.F.);
#3217=ORIENTED_EDGE('',*,*,#2340,.T.);
#3218=ORIENTED_EDGE('',*,*,#2068,.F.);
#3219=ORIENTED_EDGE('',*,*,#2339,.F.);
#3220=ORIENTED_EDGE('',*,*,#2154,.F.);
#3221=ORIENTED_EDGE('',*,*,#2338,.T.);
#3222=ORIENTED_EDGE('',*,*,#2065,.F.);
#3223=ORIENTED_EDGE('',*,*,#2340,.F.);
#3224=ORIENTED_EDGE('',*,*,#2153,.F.);
#3225=ORIENTED_EDGE('',*,*,#2341,.T.);
#3226=ORIENTED_EDGE('',*,*,#2074,.F.);
#3227=ORIENTED_EDGE('',*,*,#2342,.F.);
#3228=ORIENTED_EDGE('',*,*,#2160,.F.);
#3229=ORIENTED_EDGE('',*,*,#2343,.T.);
#3230=ORIENTED_EDGE('',*,*,#2075,.F.);
#3231=ORIENTED_EDGE('',*,*,#2341,.F.);
#3232=ORIENTED_EDGE('',*,*,#2159,.F.);
#3233=ORIENTED_EDGE('',*,*,#2344,.T.);
#3234=ORIENTED_EDGE('',*,*,#2076,.F.);
#3235=ORIENTED_EDGE('',*,*,#2343,.F.);
#3236=ORIENTED_EDGE('',*,*,#2162,.F.);
#3237=ORIENTED_EDGE('',*,*,#2342,.T.);
#3238=ORIENTED_EDGE('',*,*,#2073,.F.);
#3239=ORIENTED_EDGE('',*,*,#2344,.F.);
#3240=ORIENTED_EDGE('',*,*,#2161,.F.);
#3241=ORIENTED_EDGE('',*,*,#2345,.T.);
#3242=ORIENTED_EDGE('',*,*,#2070,.F.);
#3243=ORIENTED_EDGE('',*,*,#2346,.F.);
#3244=ORIENTED_EDGE('',*,*,#2156,.F.);
#3245=ORIENTED_EDGE('',*,*,#2347,.T.);
#3246=ORIENTED_EDGE('',*,*,#2071,.F.);
#3247=ORIENTED_EDGE('',*,*,#2345,.F.);
#3248=ORIENTED_EDGE('',*,*,#2155,.F.);
#3249=ORIENTED_EDGE('',*,*,#2348,.T.);
#3250=ORIENTED_EDGE('',*,*,#2072,.F.);
#3251=ORIENTED_EDGE('',*,*,#2347,.F.);
#3252=ORIENTED_EDGE('',*,*,#2158,.F.);
#3253=ORIENTED_EDGE('',*,*,#2346,.T.);
#3254=ORIENTED_EDGE('',*,*,#2069,.F.);
#3255=ORIENTED_EDGE('',*,*,#2348,.F.);
#3256=ORIENTED_EDGE('',*,*,#2157,.F.);
#3257=ORIENTED_EDGE('',*,*,#2349,.T.);
#3258=ORIENTED_EDGE('',*,*,#2350,.T.);
#3259=ORIENTED_EDGE('',*,*,#2351,.T.);
#3260=ORIENTED_EDGE('',*,*,#2352,.T.);
#3261=ORIENTED_EDGE('',*,*,#2353,.T.);
#3262=ORIENTED_EDGE('',*,*,#2354,.T.);
#3263=ORIENTED_EDGE('',*,*,#2355,.F.);
#3264=ORIENTED_EDGE('',*,*,#2356,.T.);
#3265=ORIENTED_EDGE('',*,*,#2357,.T.);
#3266=ORIENTED_EDGE('',*,*,#2358,.T.);
#3267=ORIENTED_EDGE('',*,*,#2359,.T.);
#3268=ORIENTED_EDGE('',*,*,#2360,.T.);
#3269=ORIENTED_EDGE('',*,*,#2361,.F.);
#3270=ORIENTED_EDGE('',*,*,#2362,.T.);
#3271=ORIENTED_EDGE('',*,*,#2363,.T.);
#3272=ORIENTED_EDGE('',*,*,#2364,.T.);
#3273=ORIENTED_EDGE('',*,*,#2355,.T.);
#3274=ORIENTED_EDGE('',*,*,#2365,.T.);
#3275=ORIENTED_EDGE('',*,*,#2361,.T.);
#3276=ORIENTED_EDGE('',*,*,#2366,.T.);
#3277=ORIENTED_EDGE('',*,*,#2363,.F.);
#3278=ORIENTED_EDGE('',*,*,#2367,.T.);
#3279=ORIENTED_EDGE('',*,*,#2353,.F.);
#3280=ORIENTED_EDGE('',*,*,#2368,.T.);
#3281=ORIENTED_EDGE('',*,*,#2369,.F.);
#3282=ORIENTED_EDGE('',*,*,#2360,.F.);
#3283=ORIENTED_EDGE('',*,*,#2370,.F.);
#3284=ORIENTED_EDGE('',*,*,#2367,.F.);
#3285=ORIENTED_EDGE('',*,*,#2370,.T.);
#3286=ORIENTED_EDGE('',*,*,#2359,.F.);
#3287=ORIENTED_EDGE('',*,*,#2371,.F.);
#3288=ORIENTED_EDGE('',*,*,#2354,.F.);
#3289=ORIENTED_EDGE('',*,*,#2369,.T.);
#3290=ORIENTED_EDGE('',*,*,#2362,.F.);
#3291=ORIENTED_EDGE('',*,*,#2372,.F.);
#3292=ORIENTED_EDGE('',*,*,#2357,.F.);
#3293=ORIENTED_EDGE('',*,*,#2371,.T.);
#3294=ORIENTED_EDGE('',*,*,#2358,.F.);
#3295=ORIENTED_EDGE('',*,*,#2372,.T.);
#3296=ORIENTED_EDGE('',*,*,#2365,.F.);
#3297=ORIENTED_EDGE('',*,*,#2373,.F.);
#3298=ORIENTED_EDGE('',*,*,#2366,.F.);
#3299=ORIENTED_EDGE('',*,*,#2374,.F.);
#3300=ORIENTED_EDGE('',*,*,#2352,.F.);
#3301=ORIENTED_EDGE('',*,*,#2374,.T.);
#3302=ORIENTED_EDGE('',*,*,#2364,.F.);
#3303=ORIENTED_EDGE('',*,*,#2375,.F.);
#3304=ORIENTED_EDGE('',*,*,#2349,.F.);
#3305=ORIENTED_EDGE('',*,*,#2373,.T.);
#3306=ORIENTED_EDGE('',*,*,#2351,.F.);
#3307=ORIENTED_EDGE('',*,*,#2376,.F.);
#3308=ORIENTED_EDGE('',*,*,#2356,.F.);
#3309=ORIENTED_EDGE('',*,*,#2375,.T.);
#3310=ORIENTED_EDGE('',*,*,#2368,.F.);
#3311=ORIENTED_EDGE('',*,*,#2376,.T.);
#3312=ORIENTED_EDGE('',*,*,#2350,.F.);
#3313=ORIENTED_EDGE('',*,*,#2377,.T.);
#3314=ORIENTED_EDGE('',*,*,#2378,.T.);
#3315=ORIENTED_EDGE('',*,*,#2379,.T.);
#3316=ORIENTED_EDGE('',*,*,#2380,.T.);
#3317=ORIENTED_EDGE('',*,*,#2381,.T.);
#3318=ORIENTED_EDGE('',*,*,#2382,.T.);
#3319=ORIENTED_EDGE('',*,*,#2383,.F.);
#3320=ORIENTED_EDGE('',*,*,#2384,.T.);
#3321=ORIENTED_EDGE('',*,*,#2385,.T.);
#3322=ORIENTED_EDGE('',*,*,#2386,.T.);
#3323=ORIENTED_EDGE('',*,*,#2387,.T.);
#3324=ORIENTED_EDGE('',*,*,#2388,.T.);
#3325=ORIENTED_EDGE('',*,*,#2389,.F.);
#3326=ORIENTED_EDGE('',*,*,#2390,.T.);
#3327=ORIENTED_EDGE('',*,*,#2391,.T.);
#3328=ORIENTED_EDGE('',*,*,#2392,.T.);
#3329=ORIENTED_EDGE('',*,*,#2383,.T.);
#3330=ORIENTED_EDGE('',*,*,#2393,.T.);
#3331=ORIENTED_EDGE('',*,*,#2389,.T.);
#3332=ORIENTED_EDGE('',*,*,#2394,.T.);
#3333=ORIENTED_EDGE('',*,*,#2391,.F.);
#3334=ORIENTED_EDGE('',*,*,#2395,.T.);
#3335=ORIENTED_EDGE('',*,*,#2381,.F.);
#3336=ORIENTED_EDGE('',*,*,#2396,.T.);
#3337=ORIENTED_EDGE('',*,*,#2397,.F.);
#3338=ORIENTED_EDGE('',*,*,#2388,.F.);
#3339=ORIENTED_EDGE('',*,*,#2398,.F.);
#3340=ORIENTED_EDGE('',*,*,#2395,.F.);
#3341=ORIENTED_EDGE('',*,*,#2398,.T.);
#3342=ORIENTED_EDGE('',*,*,#2387,.F.);
#3343=ORIENTED_EDGE('',*,*,#2399,.F.);
#3344=ORIENTED_EDGE('',*,*,#2382,.F.);
#3345=ORIENTED_EDGE('',*,*,#2397,.T.);
#3346=ORIENTED_EDGE('',*,*,#2390,.F.);
#3347=ORIENTED_EDGE('',*,*,#2400,.F.);
#3348=ORIENTED_EDGE('',*,*,#2385,.F.);
#3349=ORIENTED_EDGE('',*,*,#2399,.T.);
#3350=ORIENTED_EDGE('',*,*,#2386,.F.);
#3351=ORIENTED_EDGE('',*,*,#2400,.T.);
#3352=ORIENTED_EDGE('',*,*,#2393,.F.);
#3353=ORIENTED_EDGE('',*,*,#2401,.F.);
#3354=ORIENTED_EDGE('',*,*,#2394,.F.);
#3355=ORIENTED_EDGE('',*,*,#2402,.F.);
#3356=ORIENTED_EDGE('',*,*,#2380,.F.);
#3357=ORIENTED_EDGE('',*,*,#2402,.T.);
#3358=ORIENTED_EDGE('',*,*,#2392,.F.);
#3359=ORIENTED_EDGE('',*,*,#2403,.F.);
#3360=ORIENTED_EDGE('',*,*,#2377,.F.);
#3361=ORIENTED_EDGE('',*,*,#2401,.T.);
#3362=ORIENTED_EDGE('',*,*,#2379,.F.);
#3363=ORIENTED_EDGE('',*,*,#2404,.F.);
#3364=ORIENTED_EDGE('',*,*,#2384,.F.);
#3365=ORIENTED_EDGE('',*,*,#2403,.T.);
#3366=ORIENTED_EDGE('',*,*,#2396,.F.);
#3367=ORIENTED_EDGE('',*,*,#2404,.T.);
#3368=ORIENTED_EDGE('',*,*,#2378,.F.);
#3369=ORIENTED_EDGE('',*,*,#2405,.T.);
#3370=ORIENTED_EDGE('',*,*,#2406,.T.);
#3371=ORIENTED_EDGE('',*,*,#2407,.T.);
#3372=ORIENTED_EDGE('',*,*,#2408,.T.);
#3373=ORIENTED_EDGE('',*,*,#2409,.T.);
#3374=ORIENTED_EDGE('',*,*,#2410,.T.);
#3375=ORIENTED_EDGE('',*,*,#2411,.F.);
#3376=ORIENTED_EDGE('',*,*,#2412,.T.);
#3377=ORIENTED_EDGE('',*,*,#2413,.T.);
#3378=ORIENTED_EDGE('',*,*,#2414,.T.);
#3379=ORIENTED_EDGE('',*,*,#2415,.T.);
#3380=ORIENTED_EDGE('',*,*,#2416,.T.);
#3381=ORIENTED_EDGE('',*,*,#2417,.F.);
#3382=ORIENTED_EDGE('',*,*,#2418,.T.);
#3383=ORIENTED_EDGE('',*,*,#2419,.T.);
#3384=ORIENTED_EDGE('',*,*,#2420,.T.);
#3385=ORIENTED_EDGE('',*,*,#2411,.T.);
#3386=ORIENTED_EDGE('',*,*,#2421,.T.);
#3387=ORIENTED_EDGE('',*,*,#2417,.T.);
#3388=ORIENTED_EDGE('',*,*,#2422,.T.);
#3389=ORIENTED_EDGE('',*,*,#2419,.F.);
#3390=ORIENTED_EDGE('',*,*,#2423,.T.);
#3391=ORIENTED_EDGE('',*,*,#2409,.F.);
#3392=ORIENTED_EDGE('',*,*,#2424,.T.);
#3393=ORIENTED_EDGE('',*,*,#2425,.F.);
#3394=ORIENTED_EDGE('',*,*,#2416,.F.);
#3395=ORIENTED_EDGE('',*,*,#2426,.F.);
#3396=ORIENTED_EDGE('',*,*,#2423,.F.);
#3397=ORIENTED_EDGE('',*,*,#2426,.T.);
#3398=ORIENTED_EDGE('',*,*,#2415,.F.);
#3399=ORIENTED_EDGE('',*,*,#2427,.F.);
#3400=ORIENTED_EDGE('',*,*,#2410,.F.);
#3401=ORIENTED_EDGE('',*,*,#2425,.T.);
#3402=ORIENTED_EDGE('',*,*,#2418,.F.);
#3403=ORIENTED_EDGE('',*,*,#2428,.F.);
#3404=ORIENTED_EDGE('',*,*,#2413,.F.);
#3405=ORIENTED_EDGE('',*,*,#2427,.T.);
#3406=ORIENTED_EDGE('',*,*,#2414,.F.);
#3407=ORIENTED_EDGE('',*,*,#2428,.T.);
#3408=ORIENTED_EDGE('',*,*,#2421,.F.);
#3409=ORIENTED_EDGE('',*,*,#2429,.F.);
#3410=ORIENTED_EDGE('',*,*,#2422,.F.);
#3411=ORIENTED_EDGE('',*,*,#2430,.F.);
#3412=ORIENTED_EDGE('',*,*,#2408,.F.);
#3413=ORIENTED_EDGE('',*,*,#2430,.T.);
#3414=ORIENTED_EDGE('',*,*,#2420,.F.);
#3415=ORIENTED_EDGE('',*,*,#2431,.F.);
#3416=ORIENTED_EDGE('',*,*,#2405,.F.);
#3417=ORIENTED_EDGE('',*,*,#2429,.T.);
#3418=ORIENTED_EDGE('',*,*,#2407,.F.);
#3419=ORIENTED_EDGE('',*,*,#2432,.F.);
#3420=ORIENTED_EDGE('',*,*,#2412,.F.);
#3421=ORIENTED_EDGE('',*,*,#2431,.T.);
#3422=ORIENTED_EDGE('',*,*,#2424,.F.);
#3423=ORIENTED_EDGE('',*,*,#2432,.T.);
#3424=ORIENTED_EDGE('',*,*,#2406,.F.);
#3425=ORIENTED_EDGE('',*,*,#2433,.T.);
#3426=ORIENTED_EDGE('',*,*,#2434,.T.);
#3427=ORIENTED_EDGE('',*,*,#2435,.T.);
#3428=ORIENTED_EDGE('',*,*,#2436,.T.);
#3429=ORIENTED_EDGE('',*,*,#2437,.T.);
#3430=ORIENTED_EDGE('',*,*,#2438,.T.);
#3431=ORIENTED_EDGE('',*,*,#2439,.F.);
#3432=ORIENTED_EDGE('',*,*,#2440,.T.);
#3433=ORIENTED_EDGE('',*,*,#2441,.T.);
#3434=ORIENTED_EDGE('',*,*,#2442,.T.);
#3435=ORIENTED_EDGE('',*,*,#2443,.T.);
#3436=ORIENTED_EDGE('',*,*,#2444,.T.);
#3437=ORIENTED_EDGE('',*,*,#2445,.F.);
#3438=ORIENTED_EDGE('',*,*,#2446,.T.);
#3439=ORIENTED_EDGE('',*,*,#2447,.T.);
#3440=ORIENTED_EDGE('',*,*,#2448,.T.);
#3441=ORIENTED_EDGE('',*,*,#2439,.T.);
#3442=ORIENTED_EDGE('',*,*,#2449,.T.);
#3443=ORIENTED_EDGE('',*,*,#2445,.T.);
#3444=ORIENTED_EDGE('',*,*,#2450,.T.);
#3445=ORIENTED_EDGE('',*,*,#2447,.F.);
#3446=ORIENTED_EDGE('',*,*,#2451,.T.);
#3447=ORIENTED_EDGE('',*,*,#2437,.F.);
#3448=ORIENTED_EDGE('',*,*,#2452,.T.);
#3449=ORIENTED_EDGE('',*,*,#2453,.F.);
#3450=ORIENTED_EDGE('',*,*,#2444,.F.);
#3451=ORIENTED_EDGE('',*,*,#2454,.F.);
#3452=ORIENTED_EDGE('',*,*,#2451,.F.);
#3453=ORIENTED_EDGE('',*,*,#2454,.T.);
#3454=ORIENTED_EDGE('',*,*,#2443,.F.);
#3455=ORIENTED_EDGE('',*,*,#2455,.F.);
#3456=ORIENTED_EDGE('',*,*,#2438,.F.);
#3457=ORIENTED_EDGE('',*,*,#2453,.T.);
#3458=ORIENTED_EDGE('',*,*,#2446,.F.);
#3459=ORIENTED_EDGE('',*,*,#2456,.F.);
#3460=ORIENTED_EDGE('',*,*,#2441,.F.);
#3461=ORIENTED_EDGE('',*,*,#2455,.T.);
#3462=ORIENTED_EDGE('',*,*,#2442,.F.);
#3463=ORIENTED_EDGE('',*,*,#2456,.T.);
#3464=ORIENTED_EDGE('',*,*,#2449,.F.);
#3465=ORIENTED_EDGE('',*,*,#2457,.F.);
#3466=ORIENTED_EDGE('',*,*,#2450,.F.);
#3467=ORIENTED_EDGE('',*,*,#2458,.F.);
#3468=ORIENTED_EDGE('',*,*,#2436,.F.);
#3469=ORIENTED_EDGE('',*,*,#2458,.T.);
#3470=ORIENTED_EDGE('',*,*,#2448,.F.);
#3471=ORIENTED_EDGE('',*,*,#2459,.F.);
#3472=ORIENTED_EDGE('',*,*,#2433,.F.);
#3473=ORIENTED_EDGE('',*,*,#2457,.T.);
#3474=ORIENTED_EDGE('',*,*,#2435,.F.);
#3475=ORIENTED_EDGE('',*,*,#2460,.F.);
#3476=ORIENTED_EDGE('',*,*,#2440,.F.);
#3477=ORIENTED_EDGE('',*,*,#2459,.T.);
#3478=ORIENTED_EDGE('',*,*,#2452,.F.);
#3479=ORIENTED_EDGE('',*,*,#2460,.T.);
#3480=ORIENTED_EDGE('',*,*,#2434,.F.);
#3481=ORIENTED_EDGE('',*,*,#2461,.T.);
#3482=ORIENTED_EDGE('',*,*,#2462,.T.);
#3483=ORIENTED_EDGE('',*,*,#2463,.T.);
#3484=ORIENTED_EDGE('',*,*,#2464,.T.);
#3485=ORIENTED_EDGE('',*,*,#2465,.T.);
#3486=ORIENTED_EDGE('',*,*,#2466,.T.);
#3487=ORIENTED_EDGE('',*,*,#2467,.F.);
#3488=ORIENTED_EDGE('',*,*,#2468,.T.);
#3489=ORIENTED_EDGE('',*,*,#2469,.T.);
#3490=ORIENTED_EDGE('',*,*,#2470,.T.);
#3491=ORIENTED_EDGE('',*,*,#2471,.T.);
#3492=ORIENTED_EDGE('',*,*,#2472,.T.);
#3493=ORIENTED_EDGE('',*,*,#2473,.F.);
#3494=ORIENTED_EDGE('',*,*,#2474,.T.);
#3495=ORIENTED_EDGE('',*,*,#2475,.T.);
#3496=ORIENTED_EDGE('',*,*,#2476,.T.);
#3497=ORIENTED_EDGE('',*,*,#2467,.T.);
#3498=ORIENTED_EDGE('',*,*,#2477,.T.);
#3499=ORIENTED_EDGE('',*,*,#2473,.T.);
#3500=ORIENTED_EDGE('',*,*,#2478,.T.);
#3501=ORIENTED_EDGE('',*,*,#2475,.F.);
#3502=ORIENTED_EDGE('',*,*,#2479,.T.);
#3503=ORIENTED_EDGE('',*,*,#2465,.F.);
#3504=ORIENTED_EDGE('',*,*,#2480,.T.);
#3505=ORIENTED_EDGE('',*,*,#2481,.F.);
#3506=ORIENTED_EDGE('',*,*,#2472,.F.);
#3507=ORIENTED_EDGE('',*,*,#2482,.F.);
#3508=ORIENTED_EDGE('',*,*,#2479,.F.);
#3509=ORIENTED_EDGE('',*,*,#2482,.T.);
#3510=ORIENTED_EDGE('',*,*,#2471,.F.);
#3511=ORIENTED_EDGE('',*,*,#2483,.F.);
#3512=ORIENTED_EDGE('',*,*,#2466,.F.);
#3513=ORIENTED_EDGE('',*,*,#2481,.T.);
#3514=ORIENTED_EDGE('',*,*,#2474,.F.);
#3515=ORIENTED_EDGE('',*,*,#2484,.F.);
#3516=ORIENTED_EDGE('',*,*,#2469,.F.);
#3517=ORIENTED_EDGE('',*,*,#2483,.T.);
#3518=ORIENTED_EDGE('',*,*,#2470,.F.);
#3519=ORIENTED_EDGE('',*,*,#2484,.T.);
#3520=ORIENTED_EDGE('',*,*,#2477,.F.);
#3521=ORIENTED_EDGE('',*,*,#2485,.F.);
#3522=ORIENTED_EDGE('',*,*,#2478,.F.);
#3523=ORIENTED_EDGE('',*,*,#2486,.F.);
#3524=ORIENTED_EDGE('',*,*,#2464,.F.);
#3525=ORIENTED_EDGE('',*,*,#2486,.T.);
#3526=ORIENTED_EDGE('',*,*,#2476,.F.);
#3527=ORIENTED_EDGE('',*,*,#2487,.F.);
#3528=ORIENTED_EDGE('',*,*,#2461,.F.);
#3529=ORIENTED_EDGE('',*,*,#2485,.T.);
#3530=ORIENTED_EDGE('',*,*,#2463,.F.);
#3531=ORIENTED_EDGE('',*,*,#2488,.F.);
#3532=ORIENTED_EDGE('',*,*,#2468,.F.);
#3533=ORIENTED_EDGE('',*,*,#2487,.T.);
#3534=ORIENTED_EDGE('',*,*,#2480,.F.);
#3535=ORIENTED_EDGE('',*,*,#2488,.T.);
#3536=ORIENTED_EDGE('',*,*,#2462,.F.);
#3537=ORIENTED_EDGE('',*,*,#2489,.T.);
#3538=ORIENTED_EDGE('',*,*,#2490,.T.);
#3539=ORIENTED_EDGE('',*,*,#2491,.T.);
#3540=ORIENTED_EDGE('',*,*,#2492,.T.);
#3541=ORIENTED_EDGE('',*,*,#2493,.T.);
#3542=ORIENTED_EDGE('',*,*,#2494,.T.);
#3543=ORIENTED_EDGE('',*,*,#2495,.F.);
#3544=ORIENTED_EDGE('',*,*,#2496,.T.);
#3545=ORIENTED_EDGE('',*,*,#2497,.T.);
#3546=ORIENTED_EDGE('',*,*,#2498,.T.);
#3547=ORIENTED_EDGE('',*,*,#2499,.T.);
#3548=ORIENTED_EDGE('',*,*,#2500,.T.);
#3549=ORIENTED_EDGE('',*,*,#2501,.F.);
#3550=ORIENTED_EDGE('',*,*,#2502,.T.);
#3551=ORIENTED_EDGE('',*,*,#2503,.T.);
#3552=ORIENTED_EDGE('',*,*,#2504,.T.);
#3553=ORIENTED_EDGE('',*,*,#2495,.T.);
#3554=ORIENTED_EDGE('',*,*,#2505,.T.);
#3555=ORIENTED_EDGE('',*,*,#2501,.T.);
#3556=ORIENTED_EDGE('',*,*,#2506,.T.);
#3557=ORIENTED_EDGE('',*,*,#2503,.F.);
#3558=ORIENTED_EDGE('',*,*,#2507,.T.);
#3559=ORIENTED_EDGE('',*,*,#2493,.F.);
#3560=ORIENTED_EDGE('',*,*,#2508,.T.);
#3561=ORIENTED_EDGE('',*,*,#2509,.F.);
#3562=ORIENTED_EDGE('',*,*,#2500,.F.);
#3563=ORIENTED_EDGE('',*,*,#2510,.F.);
#3564=ORIENTED_EDGE('',*,*,#2507,.F.);
#3565=ORIENTED_EDGE('',*,*,#2510,.T.);
#3566=ORIENTED_EDGE('',*,*,#2499,.F.);
#3567=ORIENTED_EDGE('',*,*,#2511,.F.);
#3568=ORIENTED_EDGE('',*,*,#2494,.F.);
#3569=ORIENTED_EDGE('',*,*,#2509,.T.);
#3570=ORIENTED_EDGE('',*,*,#2502,.F.);
#3571=ORIENTED_EDGE('',*,*,#2512,.F.);
#3572=ORIENTED_EDGE('',*,*,#2497,.F.);
#3573=ORIENTED_EDGE('',*,*,#2511,.T.);
#3574=ORIENTED_EDGE('',*,*,#2498,.F.);
#3575=ORIENTED_EDGE('',*,*,#2512,.T.);
#3576=ORIENTED_EDGE('',*,*,#2505,.F.);
#3577=ORIENTED_EDGE('',*,*,#2513,.F.);
#3578=ORIENTED_EDGE('',*,*,#2506,.F.);
#3579=ORIENTED_EDGE('',*,*,#2514,.F.);
#3580=ORIENTED_EDGE('',*,*,#2492,.F.);
#3581=ORIENTED_EDGE('',*,*,#2514,.T.);
#3582=ORIENTED_EDGE('',*,*,#2504,.F.);
#3583=ORIENTED_EDGE('',*,*,#2515,.F.);
#3584=ORIENTED_EDGE('',*,*,#2489,.F.);
#3585=ORIENTED_EDGE('',*,*,#2513,.T.);
#3586=ORIENTED_EDGE('',*,*,#2491,.F.);
#3587=ORIENTED_EDGE('',*,*,#2516,.F.);
#3588=ORIENTED_EDGE('',*,*,#2496,.F.);
#3589=ORIENTED_EDGE('',*,*,#2515,.T.);
#3590=ORIENTED_EDGE('',*,*,#2508,.F.);
#3591=ORIENTED_EDGE('',*,*,#2516,.T.);
#3592=ORIENTED_EDGE('',*,*,#2490,.F.);
#3593=ORIENTED_EDGE('',*,*,#2517,.T.);
#3594=ORIENTED_EDGE('',*,*,#2518,.T.);
#3595=ORIENTED_EDGE('',*,*,#2519,.T.);
#3596=ORIENTED_EDGE('',*,*,#2520,.T.);
#3597=ORIENTED_EDGE('',*,*,#2521,.T.);
#3598=ORIENTED_EDGE('',*,*,#2522,.T.);
#3599=ORIENTED_EDGE('',*,*,#2523,.F.);
#3600=ORIENTED_EDGE('',*,*,#2524,.T.);
#3601=ORIENTED_EDGE('',*,*,#2525,.T.);
#3602=ORIENTED_EDGE('',*,*,#2526,.T.);
#3603=ORIENTED_EDGE('',*,*,#2527,.T.);
#3604=ORIENTED_EDGE('',*,*,#2528,.T.);
#3605=ORIENTED_EDGE('',*,*,#2529,.F.);
#3606=ORIENTED_EDGE('',*,*,#2530,.T.);
#3607=ORIENTED_EDGE('',*,*,#2531,.T.);
#3608=ORIENTED_EDGE('',*,*,#2532,.T.);
#3609=ORIENTED_EDGE('',*,*,#2523,.T.);
#3610=ORIENTED_EDGE('',*,*,#2533,.T.);
#3611=ORIENTED_EDGE('',*,*,#2529,.T.);
#3612=ORIENTED_EDGE('',*,*,#2534,.T.);
#3613=ORIENTED_EDGE('',*,*,#2531,.F.);
#3614=ORIENTED_EDGE('',*,*,#2535,.T.);
#3615=ORIENTED_EDGE('',*,*,#2521,.F.);
#3616=ORIENTED_EDGE('',*,*,#2536,.T.);
#3617=ORIENTED_EDGE('',*,*,#2537,.F.);
#3618=ORIENTED_EDGE('',*,*,#2528,.F.);
#3619=ORIENTED_EDGE('',*,*,#2538,.F.);
#3620=ORIENTED_EDGE('',*,*,#2535,.F.);
#3621=ORIENTED_EDGE('',*,*,#2538,.T.);
#3622=ORIENTED_EDGE('',*,*,#2527,.F.);
#3623=ORIENTED_EDGE('',*,*,#2539,.F.);
#3624=ORIENTED_EDGE('',*,*,#2522,.F.);
#3625=ORIENTED_EDGE('',*,*,#2537,.T.);
#3626=ORIENTED_EDGE('',*,*,#2530,.F.);
#3627=ORIENTED_EDGE('',*,*,#2540,.F.);
#3628=ORIENTED_EDGE('',*,*,#2525,.F.);
#3629=ORIENTED_EDGE('',*,*,#2539,.T.);
#3630=ORIENTED_EDGE('',*,*,#2526,.F.);
#3631=ORIENTED_EDGE('',*,*,#2540,.T.);
#3632=ORIENTED_EDGE('',*,*,#2533,.F.);
#3633=ORIENTED_EDGE('',*,*,#2541,.F.);
#3634=ORIENTED_EDGE('',*,*,#2534,.F.);
#3635=ORIENTED_EDGE('',*,*,#2542,.F.);
#3636=ORIENTED_EDGE('',*,*,#2520,.F.);
#3637=ORIENTED_EDGE('',*,*,#2542,.T.);
#3638=ORIENTED_EDGE('',*,*,#2532,.F.);
#3639=ORIENTED_EDGE('',*,*,#2543,.F.);
#3640=ORIENTED_EDGE('',*,*,#2517,.F.);
#3641=ORIENTED_EDGE('',*,*,#2541,.T.);
#3642=ORIENTED_EDGE('',*,*,#2519,.F.);
#3643=ORIENTED_EDGE('',*,*,#2544,.F.);
#3644=ORIENTED_EDGE('',*,*,#2524,.F.);
#3645=ORIENTED_EDGE('',*,*,#2543,.T.);
#3646=ORIENTED_EDGE('',*,*,#2536,.F.);
#3647=ORIENTED_EDGE('',*,*,#2544,.T.);
#3648=ORIENTED_EDGE('',*,*,#2518,.F.);
#3649=ORIENTED_EDGE('',*,*,#2545,.T.);
#3650=ORIENTED_EDGE('',*,*,#2546,.T.);
#3651=ORIENTED_EDGE('',*,*,#2547,.T.);
#3652=ORIENTED_EDGE('',*,*,#2548,.T.);
#3653=ORIENTED_EDGE('',*,*,#2549,.T.);
#3654=ORIENTED_EDGE('',*,*,#2550,.T.);
#3655=ORIENTED_EDGE('',*,*,#2551,.F.);
#3656=ORIENTED_EDGE('',*,*,#2552,.T.);
#3657=ORIENTED_EDGE('',*,*,#2553,.T.);
#3658=ORIENTED_EDGE('',*,*,#2554,.T.);
#3659=ORIENTED_EDGE('',*,*,#2555,.T.);
#3660=ORIENTED_EDGE('',*,*,#2556,.T.);
#3661=ORIENTED_EDGE('',*,*,#2557,.F.);
#3662=ORIENTED_EDGE('',*,*,#2558,.T.);
#3663=ORIENTED_EDGE('',*,*,#2559,.T.);
#3664=ORIENTED_EDGE('',*,*,#2560,.T.);
#3665=ORIENTED_EDGE('',*,*,#2551,.T.);
#3666=ORIENTED_EDGE('',*,*,#2561,.T.);
#3667=ORIENTED_EDGE('',*,*,#2557,.T.);
#3668=ORIENTED_EDGE('',*,*,#2562,.T.);
#3669=ORIENTED_EDGE('',*,*,#2559,.F.);
#3670=ORIENTED_EDGE('',*,*,#2563,.T.);
#3671=ORIENTED_EDGE('',*,*,#2549,.F.);
#3672=ORIENTED_EDGE('',*,*,#2564,.T.);
#3673=ORIENTED_EDGE('',*,*,#2565,.F.);
#3674=ORIENTED_EDGE('',*,*,#2556,.F.);
#3675=ORIENTED_EDGE('',*,*,#2566,.F.);
#3676=ORIENTED_EDGE('',*,*,#2563,.F.);
#3677=ORIENTED_EDGE('',*,*,#2566,.T.);
#3678=ORIENTED_EDGE('',*,*,#2555,.F.);
#3679=ORIENTED_EDGE('',*,*,#2567,.F.);
#3680=ORIENTED_EDGE('',*,*,#2550,.F.);
#3681=ORIENTED_EDGE('',*,*,#2565,.T.);
#3682=ORIENTED_EDGE('',*,*,#2558,.F.);
#3683=ORIENTED_EDGE('',*,*,#2568,.F.);
#3684=ORIENTED_EDGE('',*,*,#2553,.F.);
#3685=ORIENTED_EDGE('',*,*,#2567,.T.);
#3686=ORIENTED_EDGE('',*,*,#2554,.F.);
#3687=ORIENTED_EDGE('',*,*,#2568,.T.);
#3688=ORIENTED_EDGE('',*,*,#2561,.F.);
#3689=ORIENTED_EDGE('',*,*,#2569,.F.);
#3690=ORIENTED_EDGE('',*,*,#2562,.F.);
#3691=ORIENTED_EDGE('',*,*,#2570,.F.);
#3692=ORIENTED_EDGE('',*,*,#2548,.F.);
#3693=ORIENTED_EDGE('',*,*,#2570,.T.);
#3694=ORIENTED_EDGE('',*,*,#2560,.F.);
#3695=ORIENTED_EDGE('',*,*,#2571,.F.);
#3696=ORIENTED_EDGE('',*,*,#2545,.F.);
#3697=ORIENTED_EDGE('',*,*,#2569,.T.);
#3698=ORIENTED_EDGE('',*,*,#2547,.F.);
#3699=ORIENTED_EDGE('',*,*,#2572,.F.);
#3700=ORIENTED_EDGE('',*,*,#2552,.F.);
#3701=ORIENTED_EDGE('',*,*,#2571,.T.);
#3702=ORIENTED_EDGE('',*,*,#2564,.F.);
#3703=ORIENTED_EDGE('',*,*,#2572,.T.);
#3704=ORIENTED_EDGE('',*,*,#2546,.F.);
#3705=PLANE('',#4183);
#3706=PLANE('',#4184);
#3707=PLANE('',#4185);
#3708=PLANE('',#4186);
#3709=PLANE('',#4187);
#3710=PLANE('',#4188);
#3711=PLANE('',#4189);
#3712=PLANE('',#4190);
#3713=PLANE('',#4191);
#3714=PLANE('',#4192);
#3715=PLANE('',#4193);
#3716=PLANE('',#4194);
#3717=PLANE('',#4195);
#3718=PLANE('',#4196);
#3719=PLANE('',#4197);
#3720=PLANE('',#4198);
#3721=PLANE('',#4199);
#3722=PLANE('',#4200);
#3723=PLANE('',#4201);
#3724=PLANE('',#4202);
#3725=PLANE('',#4203);
#3726=PLANE('',#4204);
#3727=PLANE('',#4205);
#3728=PLANE('',#4206);
#3729=PLANE('',#4207);
#3730=PLANE('',#4208);
#3731=PLANE('',#4209);
#3732=PLANE('',#4210);
#3733=PLANE('',#4211);
#3734=PLANE('',#4212);
#3735=PLANE('',#4213);
#3736=PLANE('',#4214);
#3737=PLANE('',#4215);
#3738=PLANE('',#4216);
#3739=PLANE('',#4217);
#3740=PLANE('',#4218);
#3741=PLANE('',#4219);
#3742=PLANE('',#4220);
#3743=PLANE('',#4221);
#3744=PLANE('',#4222);
#3745=PLANE('',#4223);
#3746=PLANE('',#4224);
#3747=PLANE('',#4225);
#3748=PLANE('',#4226);
#3749=PLANE('',#4227);
#3750=PLANE('',#4228);
#3751=PLANE('',#4229);
#3752=PLANE('',#4230);
#3753=PLANE('',#4231);
#3754=PLANE('',#4232);
#3755=PLANE('',#4233);
#3756=PLANE('',#4234);
#3757=PLANE('',#4235);
#3758=PLANE('',#4236);
#3759=PLANE('',#4237);
#3760=PLANE('',#4238);
#3761=PLANE('',#4239);
#3762=PLANE('',#4240);
#3763=PLANE('',#4241);
#3764=PLANE('',#4242);
#3765=PLANE('',#4243);
#3766=PLANE('',#4244);
#3767=PLANE('',#4245);
#3768=PLANE('',#4246);
#3769=PLANE('',#4247);
#3770=PLANE('',#4248);
#3771=PLANE('',#4249);
#3772=PLANE('',#4250);
#3773=PLANE('',#4251);
#3774=PLANE('',#4252);
#3775=PLANE('',#4253);
#3776=PLANE('',#4254);
#3777=PLANE('',#4255);
#3778=PLANE('',#4256);
#3779=PLANE('',#4257);
#3780=PLANE('',#4258);
#3781=PLANE('',#4259);
#3782=PLANE('',#4260);
#3783=PLANE('',#4261);
#3784=PLANE('',#4262);
#3785=PLANE('',#4263);
#3786=PLANE('',#4264);
#3787=PLANE('',#4265);
#3788=PLANE('',#4266);
#3789=PLANE('',#4267);
#3790=PLANE('',#4268);
#3791=PLANE('',#4269);
#3792=PLANE('',#4270);
#3793=PLANE('',#4271);
#3794=PLANE('',#4272);
#3795=PLANE('',#4273);
#3796=PLANE('',#4274);
#3797=PLANE('',#4275);
#3798=PLANE('',#4276);
#3799=PLANE('',#4277);
#3800=PLANE('',#4278);
#3801=PLANE('',#4279);
#3802=PLANE('',#4280);
#3803=PLANE('',#4281);
#3804=PLANE('',#4282);
#3805=PLANE('',#4283);
#3806=PLANE('',#4284);
#3807=PLANE('',#4285);
#3808=PLANE('',#4286);
#3809=PLANE('',#4287);
#3810=PLANE('',#4288);
#3811=PLANE('',#4289);
#3812=PLANE('',#4290);
#3813=PLANE('',#4291);
#3814=PLANE('',#4292);
#3815=PLANE('',#4293);
#3816=PLANE('',#4294);
#3817=PLANE('',#4295);
#3818=PLANE('',#4296);
#3819=PLANE('',#4297);
#3820=PLANE('',#4298);
#3821=PLANE('',#4299);
#3822=PLANE('',#4300);
#3823=PLANE('',#4301);
#3824=PLANE('',#4302);
#3825=PLANE('',#4303);
#3826=PLANE('',#4304);
#3827=PLANE('',#4305);
#3828=PLANE('',#4306);
#3829=PLANE('',#4307);
#3830=PLANE('',#4308);
#3831=PLANE('',#4309);
#3832=PLANE('',#4310);
#3833=PLANE('',#4311);
#3834=PLANE('',#4312);
#3835=PLANE('',#4313);
#3836=PLANE('',#4314);
#3837=PLANE('',#4315);
#3838=PLANE('',#4316);
#3839=PLANE('',#4317);
#3840=PLANE('',#4318);
#3841=PLANE('',#4319);
#3842=PLANE('',#4320);
#3843=PLANE('',#4321);
#3844=PLANE('',#4322);
#3845=PLANE('',#4323);
#3846=PLANE('',#4324);
#3847=PLANE('',#4325);
#3848=PLANE('',#4326);
#3849=PLANE('',#4327);
#3850=PLANE('',#4328);
#3851=PLANE('',#4329);
#3852=PLANE('',#4330);
#3853=PLANE('',#4331);
#3854=PLANE('',#4332);
#3855=PLANE('',#4333);
#3856=PLANE('',#4334);
#3857=PLANE('',#4335);
#3858=PLANE('',#4336);
#3859=PLANE('',#4337);
#3860=PLANE('',#4338);
#3861=PLANE('',#4339);
#3862=PLANE('',#4340);
#3863=PLANE('',#4341);
#3864=PLANE('',#4342);
#3865=PLANE('',#4343);
#3866=PLANE('',#4344);
#3867=PLANE('',#4345);
#3868=PLANE('',#4346);
#3869=PLANE('',#4347);
#3870=PLANE('',#4348);
#3871=PLANE('',#4349);
#3872=PLANE('',#4350);
#3873=PLANE('',#4351);
#3874=PLANE('',#4352);
#3875=PLANE('',#4353);
#3876=PLANE('',#4354);
#3877=PLANE('',#4355);
#3878=PLANE('',#4356);
#3879=PLANE('',#4357);
#3880=PLANE('',#4358);
#3881=PLANE('',#4359);
#3882=PLANE('',#4360);
#3883=PLANE('',#4361);
#3884=PLANE('',#4362);
#3885=PLANE('',#4363);
#3886=PLANE('',#4364);
#3887=PLANE('',#4365);
#3888=PLANE('',#4366);
#3889=PLANE('',#4367);
#3890=PLANE('',#4368);
#3891=PLANE('',#4369);
#3892=PLANE('',#4370);
#3893=PLANE('',#4371);
#3894=PLANE('',#4372);
#3895=PLANE('',#4373);
#3896=PLANE('',#4374);
#3897=PLANE('',#4375);
#3898=PLANE('',#4376);
#3899=PLANE('',#4377);
#3900=PLANE('',#4378);
#3901=PLANE('',#4379);
#3902=PLANE('',#4380);
#3903=PLANE('',#4381);
#3904=PLANE('',#4382);
#3905=PLANE('',#4383);
#3906=PLANE('',#4384);
#3907=PLANE('',#4385);
#3908=PLANE('',#4386);
#3909=PLANE('',#4387);
#3910=PLANE('',#4388);
#3911=PLANE('',#4389);
#3912=PLANE('',#4390);
#3913=PLANE('',#4391);
#3914=PLANE('',#4392);
#3915=PLANE('',#4393);
#3916=PLANE('',#4394);
#3917=PLANE('',#4395);
#3918=PLANE('',#4396);
#3919=PLANE('',#4397);
#3920=PLANE('',#4398);
#3921=PLANE('',#4399);
#3922=PLANE('',#4400);
#3923=PLANE('',#4401);
#3924=PLANE('',#4402);
#3925=PLANE('',#4403);
#3926=PLANE('',#4404);
#3927=PLANE('',#4405);
#3928=PLANE('',#4406);
#3929=PLANE('',#4407);
#3930=PLANE('',#4408);
#3931=PLANE('',#4409);
#3932=PLANE('',#4410);
#3933=ADVANCED_FACE('',(#47,#31,#32,#33,#34,#35,#36,#37,#38),#3705,.T.);
#3934=ADVANCED_FACE('',(#48,#39,#40,#41,#42,#43,#44,#45,#46),#3706,.T.);
#3935=ADVANCED_FACE('',(#49),#3707,.T.);
#3936=ADVANCED_FACE('',(#50),#3708,.T.);
#3937=ADVANCED_FACE('',(#51),#3709,.T.);
#3938=ADVANCED_FACE('',(#52),#3710,.T.);
#3939=ADVANCED_FACE('',(#53),#3711,.T.);
#3940=ADVANCED_FACE('',(#54),#3712,.T.);
#3941=ADVANCED_FACE('',(#55),#3713,.T.);
#3942=ADVANCED_FACE('',(#56),#3714,.T.);
#3943=ADVANCED_FACE('',(#57),#3715,.T.);
#3944=ADVANCED_FACE('',(#58),#3716,.T.);
#3945=ADVANCED_FACE('',(#59),#3717,.T.);
#3946=ADVANCED_FACE('',(#60),#3718,.T.);
#3947=ADVANCED_FACE('',(#61),#3719,.T.);
#3948=ADVANCED_FACE('',(#62),#3720,.T.);
#3949=ADVANCED_FACE('',(#63),#3721,.T.);
#3950=ADVANCED_FACE('',(#64),#3722,.T.);
#3951=ADVANCED_FACE('',(#65),#3723,.F.);
#3952=ADVANCED_FACE('',(#66),#3724,.T.);
#3953=ADVANCED_FACE('',(#67),#3725,.T.);
#3954=ADVANCED_FACE('',(#68),#3726,.T.);
#3955=ADVANCED_FACE('',(#69),#3727,.T.);
#3956=ADVANCED_FACE('',(#70),#3728,.T.);
#3957=ADVANCED_FACE('',(#71),#3729,.T.);
#3958=ADVANCED_FACE('',(#72),#3730,.T.);
#3959=ADVANCED_FACE('',(#73),#3731,.T.);
#3960=ADVANCED_FACE('',(#74),#3732,.T.);
#3961=ADVANCED_FACE('',(#75),#3733,.T.);
#3962=ADVANCED_FACE('',(#76),#3734,.T.);
#3963=ADVANCED_FACE('',(#77),#3735,.T.);
#3964=ADVANCED_FACE('',(#78),#3736,.T.);
#3965=ADVANCED_FACE('',(#79),#3737,.T.);
#3966=ADVANCED_FACE('',(#80),#3738,.T.);
#3967=ADVANCED_FACE('',(#81),#3739,.T.);
#3968=ADVANCED_FACE('',(#82),#3740,.T.);
#3969=ADVANCED_FACE('',(#83),#3741,.T.);
#3970=ADVANCED_FACE('',(#84),#3742,.T.);
#3971=ADVANCED_FACE('',(#85),#3743,.T.);
#3972=ADVANCED_FACE('',(#86),#3744,.T.);
#3973=ADVANCED_FACE('',(#87),#3745,.T.);
#3974=ADVANCED_FACE('',(#88),#3746,.T.);
#3975=ADVANCED_FACE('',(#89),#3747,.T.);
#3976=ADVANCED_FACE('',(#90),#3748,.T.);
#3977=ADVANCED_FACE('',(#91),#3749,.T.);
#3978=ADVANCED_FACE('',(#92),#3750,.T.);
#3979=ADVANCED_FACE('',(#93),#3751,.T.);
#3980=ADVANCED_FACE('',(#94),#3752,.T.);
#3981=ADVANCED_FACE('',(#95),#3753,.T.);
#3982=ADVANCED_FACE('',(#96),#3754,.T.);
#3983=ADVANCED_FACE('',(#97),#3755,.T.);
#3984=ADVANCED_FACE('',(#98),#3756,.T.);
#3985=ADVANCED_FACE('',(#99),#3757,.T.);
#3986=ADVANCED_FACE('',(#100),#3758,.T.);
#3987=ADVANCED_FACE('',(#101),#3759,.T.);
#3988=ADVANCED_FACE('',(#102),#3760,.T.);
#3989=ADVANCED_FACE('',(#103),#3761,.T.);
#3990=ADVANCED_FACE('',(#104),#3762,.T.);
#3991=ADVANCED_FACE('',(#105),#3763,.T.);
#3992=ADVANCED_FACE('',(#106),#3764,.T.);
#3993=ADVANCED_FACE('',(#107),#3765,.T.);
#3994=ADVANCED_FACE('',(#108),#3766,.T.);
#3995=ADVANCED_FACE('',(#109),#3767,.T.);
#3996=ADVANCED_FACE('',(#110),#3768,.T.);
#3997=ADVANCED_FACE('',(#111),#3769,.T.);
#3998=ADVANCED_FACE('',(#112),#3770,.T.);
#3999=ADVANCED_FACE('',(#113),#3771,.T.);
#4000=ADVANCED_FACE('',(#114),#3772,.T.);
#4001=ADVANCED_FACE('',(#115),#3773,.T.);
#4002=ADVANCED_FACE('',(#116),#3774,.T.);
#4003=ADVANCED_FACE('',(#117),#3775,.T.);
#4004=ADVANCED_FACE('',(#118),#3776,.T.);
#4005=ADVANCED_FACE('',(#119),#3777,.T.);
#4006=ADVANCED_FACE('',(#120),#3778,.T.);
#4007=ADVANCED_FACE('',(#121),#3779,.T.);
#4008=ADVANCED_FACE('',(#122),#3780,.T.);
#4009=ADVANCED_FACE('',(#123),#3781,.T.);
#4010=ADVANCED_FACE('',(#124),#3782,.T.);
#4011=ADVANCED_FACE('',(#125),#3783,.T.);
#4012=ADVANCED_FACE('',(#126),#3784,.T.);
#4013=ADVANCED_FACE('',(#127),#3785,.T.);
#4014=ADVANCED_FACE('',(#128),#3786,.T.);
#4015=ADVANCED_FACE('',(#129),#3787,.T.);
#4016=ADVANCED_FACE('',(#130),#3788,.T.);
#4017=ADVANCED_FACE('',(#131),#3789,.T.);
#4018=ADVANCED_FACE('',(#132),#3790,.T.);
#4019=ADVANCED_FACE('',(#133),#3791,.T.);
#4020=ADVANCED_FACE('',(#134),#3792,.T.);
#4021=ADVANCED_FACE('',(#135),#3793,.T.);
#4022=ADVANCED_FACE('',(#136),#3794,.T.);
#4023=ADVANCED_FACE('',(#137),#3795,.T.);
#4024=ADVANCED_FACE('',(#138),#3796,.T.);
#4025=ADVANCED_FACE('',(#139),#3797,.T.);
#4026=ADVANCED_FACE('',(#140),#3798,.T.);
#4027=ADVANCED_FACE('',(#141),#3799,.T.);
#4028=ADVANCED_FACE('',(#142),#3800,.T.);
#4029=ADVANCED_FACE('',(#143),#3801,.T.);
#4030=ADVANCED_FACE('',(#144),#3802,.T.);
#4031=ADVANCED_FACE('',(#145),#3803,.T.);
#4032=ADVANCED_FACE('',(#146),#3804,.T.);
#4033=ADVANCED_FACE('',(#147),#3805,.T.);
#4034=ADVANCED_FACE('',(#148),#3806,.T.);
#4035=ADVANCED_FACE('',(#149),#3807,.T.);
#4036=ADVANCED_FACE('',(#150),#3808,.T.);
#4037=ADVANCED_FACE('',(#151),#3809,.T.);
#4038=ADVANCED_FACE('',(#152),#3810,.T.);
#4039=ADVANCED_FACE('',(#153),#3811,.T.);
#4040=ADVANCED_FACE('',(#154),#3812,.T.);
#4041=ADVANCED_FACE('',(#155),#3813,.T.);
#4042=ADVANCED_FACE('',(#156),#3814,.T.);
#4043=ADVANCED_FACE('',(#157),#3815,.T.);
#4044=ADVANCED_FACE('',(#158),#3816,.T.);
#4045=ADVANCED_FACE('',(#159),#3817,.T.);
#4046=ADVANCED_FACE('',(#160),#3818,.T.);
#4047=ADVANCED_FACE('',(#161),#3819,.T.);
#4048=ADVANCED_FACE('',(#162),#3820,.T.);
#4049=ADVANCED_FACE('',(#163),#3821,.F.);
#4050=ADVANCED_FACE('',(#164),#3822,.F.);
#4051=ADVANCED_FACE('',(#165),#3823,.F.);
#4052=ADVANCED_FACE('',(#166),#3824,.F.);
#4053=ADVANCED_FACE('',(#167),#3825,.T.);
#4054=ADVANCED_FACE('',(#168),#3826,.F.);
#4055=ADVANCED_FACE('',(#169),#3827,.F.);
#4056=ADVANCED_FACE('',(#170),#3828,.F.);
#4057=ADVANCED_FACE('',(#171),#3829,.F.);
#4058=ADVANCED_FACE('',(#172),#3830,.T.);
#4059=ADVANCED_FACE('',(#173),#3831,.T.);
#4060=ADVANCED_FACE('',(#174),#3832,.F.);
#4061=ADVANCED_FACE('',(#175),#3833,.F.);
#4062=ADVANCED_FACE('',(#176),#3834,.F.);
#4063=ADVANCED_FACE('',(#177),#3835,.F.);
#4064=ADVANCED_FACE('',(#178),#3836,.F.);
#4065=ADVANCED_FACE('',(#179),#3837,.F.);
#4066=ADVANCED_FACE('',(#180),#3838,.F.);
#4067=ADVANCED_FACE('',(#181),#3839,.T.);
#4068=ADVANCED_FACE('',(#182),#3840,.F.);
#4069=ADVANCED_FACE('',(#183),#3841,.F.);
#4070=ADVANCED_FACE('',(#184),#3842,.F.);
#4071=ADVANCED_FACE('',(#185),#3843,.F.);
#4072=ADVANCED_FACE('',(#186),#3844,.T.);
#4073=ADVANCED_FACE('',(#187),#3845,.T.);
#4074=ADVANCED_FACE('',(#188),#3846,.F.);
#4075=ADVANCED_FACE('',(#189),#3847,.F.);
#4076=ADVANCED_FACE('',(#190),#3848,.F.);
#4077=ADVANCED_FACE('',(#191),#3849,.F.);
#4078=ADVANCED_FACE('',(#192),#3850,.F.);
#4079=ADVANCED_FACE('',(#193),#3851,.F.);
#4080=ADVANCED_FACE('',(#194),#3852,.F.);
#4081=ADVANCED_FACE('',(#195),#3853,.T.);
#4082=ADVANCED_FACE('',(#196),#3854,.F.);
#4083=ADVANCED_FACE('',(#197),#3855,.F.);
#4084=ADVANCED_FACE('',(#198),#3856,.F.);
#4085=ADVANCED_FACE('',(#199),#3857,.F.);
#4086=ADVANCED_FACE('',(#200),#3858,.T.);
#4087=ADVANCED_FACE('',(#201),#3859,.T.);
#4088=ADVANCED_FACE('',(#202),#3860,.F.);
#4089=ADVANCED_FACE('',(#203),#3861,.F.);
#4090=ADVANCED_FACE('',(#204),#3862,.F.);
#4091=ADVANCED_FACE('',(#205),#3863,.F.);
#4092=ADVANCED_FACE('',(#206),#3864,.F.);
#4093=ADVANCED_FACE('',(#207),#3865,.F.);
#4094=ADVANCED_FACE('',(#208),#3866,.F.);
#4095=ADVANCED_FACE('',(#209),#3867,.T.);
#4096=ADVANCED_FACE('',(#210),#3868,.F.);
#4097=ADVANCED_FACE('',(#211),#3869,.F.);
#4098=ADVANCED_FACE('',(#212),#3870,.F.);
#4099=ADVANCED_FACE('',(#213),#3871,.F.);
#4100=ADVANCED_FACE('',(#214),#3872,.T.);
#4101=ADVANCED_FACE('',(#215),#3873,.T.);
#4102=ADVANCED_FACE('',(#216),#3874,.F.);
#4103=ADVANCED_FACE('',(#217),#3875,.F.);
#4104=ADVANCED_FACE('',(#218),#3876,.F.);
#4105=ADVANCED_FACE('',(#219),#3877,.F.);
#4106=ADVANCED_FACE('',(#220),#3878,.F.);
#4107=ADVANCED_FACE('',(#221),#3879,.F.);
#4108=ADVANCED_FACE('',(#222),#3880,.F.);
#4109=ADVANCED_FACE('',(#223),#3881,.T.);
#4110=ADVANCED_FACE('',(#224),#3882,.F.);
#4111=ADVANCED_FACE('',(#225),#3883,.F.);
#4112=ADVANCED_FACE('',(#226),#3884,.F.);
#4113=ADVANCED_FACE('',(#227),#3885,.F.);
#4114=ADVANCED_FACE('',(#228),#3886,.T.);
#4115=ADVANCED_FACE('',(#229),#3887,.T.);
#4116=ADVANCED_FACE('',(#230),#3888,.F.);
#4117=ADVANCED_FACE('',(#231),#3889,.F.);
#4118=ADVANCED_FACE('',(#232),#3890,.F.);
#4119=ADVANCED_FACE('',(#233),#3891,.F.);
#4120=ADVANCED_FACE('',(#234),#3892,.F.);
#4121=ADVANCED_FACE('',(#235),#3893,.F.);
#4122=ADVANCED_FACE('',(#236),#3894,.F.);
#4123=ADVANCED_FACE('',(#237),#3895,.T.);
#4124=ADVANCED_FACE('',(#238),#3896,.F.);
#4125=ADVANCED_FACE('',(#239),#3897,.F.);
#4126=ADVANCED_FACE('',(#240),#3898,.F.);
#4127=ADVANCED_FACE('',(#241),#3899,.F.);
#4128=ADVANCED_FACE('',(#242),#3900,.T.);
#4129=ADVANCED_FACE('',(#243),#3901,.T.);
#4130=ADVANCED_FACE('',(#244),#3902,.F.);
#4131=ADVANCED_FACE('',(#245),#3903,.F.);
#4132=ADVANCED_FACE('',(#246),#3904,.F.);
#4133=ADVANCED_FACE('',(#247),#3905,.F.);
#4134=ADVANCED_FACE('',(#248),#3906,.F.);
#4135=ADVANCED_FACE('',(#249),#3907,.F.);
#4136=ADVANCED_FACE('',(#250),#3908,.F.);
#4137=ADVANCED_FACE('',(#251),#3909,.T.);
#4138=ADVANCED_FACE('',(#252),#3910,.F.);
#4139=ADVANCED_FACE('',(#253),#3911,.F.);
#4140=ADVANCED_FACE('',(#254),#3912,.F.);
#4141=ADVANCED_FACE('',(#255),#3913,.F.);
#4142=ADVANCED_FACE('',(#256),#3914,.T.);
#4143=ADVANCED_FACE('',(#257),#3915,.T.);
#4144=ADVANCED_FACE('',(#258),#3916,.F.);
#4145=ADVANCED_FACE('',(#259),#3917,.F.);
#4146=ADVANCED_FACE('',(#260),#3918,.F.);
#4147=ADVANCED_FACE('',(#261),#3919,.F.);
#4148=ADVANCED_FACE('',(#262),#3920,.F.);
#4149=ADVANCED_FACE('',(#263),#3921,.F.);
#4150=ADVANCED_FACE('',(#264),#3922,.F.);
#4151=ADVANCED_FACE('',(#265),#3923,.T.);
#4152=ADVANCED_FACE('',(#266),#3924,.F.);
#4153=ADVANCED_FACE('',(#267),#3925,.F.);
#4154=ADVANCED_FACE('',(#268),#3926,.F.);
#4155=ADVANCED_FACE('',(#269),#3927,.F.);
#4156=ADVANCED_FACE('',(#270),#3928,.T.);
#4157=ADVANCED_FACE('',(#271),#3929,.T.);
#4158=ADVANCED_FACE('',(#272),#3930,.F.);
#4159=ADVANCED_FACE('',(#273),#3931,.F.);
#4160=ADVANCED_FACE('',(#274),#3932,.F.);
#4161=CLOSED_SHELL('',(#3933,#3934,#3935,#3936,#3937,#3938,#3939,#3940,
#3941,#3942,#3943,#3944,#3945,#3946,#3947,#3948,#3949,#3950,#3951,#3952,
#3953,#3954,#3955,#3956,#3957,#3958,#3959,#3960,#3961,#3962,#3963,#3964,
#3965,#3966,#3967,#3968,#3969,#3970,#3971,#3972,#3973,#3974,#3975,#3976,
#3977,#3978,#3979,#3980,#3981,#3982,#3983,#3984,#3985,#3986,#3987,#3988,
#3989,#3990,#3991,#3992,#3993,#3994,#3995,#3996,#3997,#3998,#3999,#4000,
#4001,#4002,#4003,#4004,#4005,#4006,#4007,#4008,#4009,#4010,#4011,#4012,
#4013,#4014,#4015,#4016,#4017,#4018,#4019,#4020,#4021,#4022,#4023,#4024,
#4025,#4026,#4027,#4028,#4029,#4030,#4031,#4032,#4033,#4034,#4035,#4036,
#4037,#4038,#4039,#4040,#4041,#4042,#4043,#4044,#4045,#4046,#4047,#4048));
#4162=CLOSED_SHELL('',(#4049,#4050,#4051,#4052,#4053,#4054,#4055,#4056,
#4057,#4058,#4059,#4060,#4061,#4062));
#4163=CLOSED_SHELL('',(#4063,#4064,#4065,#4066,#4067,#4068,#4069,#4070,
#4071,#4072,#4073,#4074,#4075,#4076));
#4164=CLOSED_SHELL('',(#4077,#4078,#4079,#4080,#4081,#4082,#4083,#4084,
#4085,#4086,#4087,#4088,#4089,#4090));
#4165=CLOSED_SHELL('',(#4091,#4092,#4093,#4094,#4095,#4096,#4097,#4098,
#4099,#4100,#4101,#4102,#4103,#4104));
#4166=CLOSED_SHELL('',(#4105,#4106,#4107,#4108,#4109,#4110,#4111,#4112,
#4113,#4114,#4115,#4116,#4117,#4118));
#4167=CLOSED_SHELL('',(#4119,#4120,#4121,#4122,#4123,#4124,#4125,#4126,
#4127,#4128,#4129,#4130,#4131,#4132));
#4168=CLOSED_SHELL('',(#4133,#4134,#4135,#4136,#4137,#4138,#4139,#4140,
#4141,#4142,#4143,#4144,#4145,#4146));
#4169=CLOSED_SHELL('',(#4147,#4148,#4149,#4150,#4151,#4152,#4153,#4154,
#4155,#4156,#4157,#4158,#4159,#4160));
#4170=DERIVED_UNIT_ELEMENT(#4172,1.);
#4171=DERIVED_UNIT_ELEMENT(#6591,-3.);
#4172=(
MASS_UNIT()
NAMED_UNIT(*)
SI_UNIT(.KILO.,.GRAM.)
);
#4173=DERIVED_UNIT((#4170,#4171));
#4174=MEASURE_REPRESENTATION_ITEM('density measure',
POSITIVE_RATIO_MEASURE(7850.),#4173);
#4175=PROPERTY_DEFINITION_REPRESENTATION(#4180,#4177);
#4176=PROPERTY_DEFINITION_REPRESENTATION(#4181,#4178);
#4177=REPRESENTATION('material name',(#4179),#6588);
#4178=REPRESENTATION('density',(#4174),#6588);
#4179=DESCRIPTIVE_REPRESENTATION_ITEM('Steel','Steel');
#4180=PROPERTY_DEFINITION('material property','material name',#6598);
#4181=PROPERTY_DEFINITION('material property','density of part',#6598);
#4182=AXIS2_PLACEMENT_3D('',#5435,#4411,#4412);
#4183=AXIS2_PLACEMENT_3D('',#5436,#4413,#4414);
#4184=AXIS2_PLACEMENT_3D('',#5601,#4497,#4498);
#4185=AXIS2_PLACEMENT_3D('',#5766,#4581,#4582);
#4186=AXIS2_PLACEMENT_3D('',#5775,#4587,#4588);
#4187=AXIS2_PLACEMENT_3D('',#5784,#4593,#4594);
#4188=AXIS2_PLACEMENT_3D('',#5793,#4599,#4600);
#4189=AXIS2_PLACEMENT_3D('',#5802,#4605,#4606);
#4190=AXIS2_PLACEMENT_3D('',#5811,#4611,#4612);
#4191=AXIS2_PLACEMENT_3D('',#5820,#4617,#4618);
#4192=AXIS2_PLACEMENT_3D('',#5829,#4623,#4624);
#4193=AXIS2_PLACEMENT_3D('',#5838,#4629,#4630);
#4194=AXIS2_PLACEMENT_3D('',#5847,#4635,#4636);
#4195=AXIS2_PLACEMENT_3D('',#5856,#4641,#4642);
#4196=AXIS2_PLACEMENT_3D('',#5865,#4647,#4648);
#4197=AXIS2_PLACEMENT_3D('',#5874,#4653,#4654);
#4198=AXIS2_PLACEMENT_3D('',#5883,#4659,#4660);
#4199=AXIS2_PLACEMENT_3D('',#5892,#4665,#4666);
#4200=AXIS2_PLACEMENT_3D('',#5901,#4671,#4672);
#4201=AXIS2_PLACEMENT_3D('',#5910,#4677,#4678);
#4202=AXIS2_PLACEMENT_3D('',#5913,#4681,#4682);
#4203=AXIS2_PLACEMENT_3D('',#5916,#4685,#4686);
#4204=AXIS2_PLACEMENT_3D('',#5919,#4689,#4690);
#4205=AXIS2_PLACEMENT_3D('',#5923,#4694,#4695);
#4206=AXIS2_PLACEMENT_3D('',#5926,#4698,#4699);
#4207=AXIS2_PLACEMENT_3D('',#5930,#4703,#4704);
#4208=AXIS2_PLACEMENT_3D('',#5933,#4707,#4708);
#4209=AXIS2_PLACEMENT_3D('',#5937,#4712,#4713);
#4210=AXIS2_PLACEMENT_3D('',#5940,#4716,#4717);
#4211=AXIS2_PLACEMENT_3D('',#5944,#4721,#4722);
#4212=AXIS2_PLACEMENT_3D('',#5947,#4725,#4726);
#4213=AXIS2_PLACEMENT_3D('',#5951,#4730,#4731);
#4214=AXIS2_PLACEMENT_3D('',#5954,#4734,#4735);
#4215=AXIS2_PLACEMENT_3D('',#5958,#4739,#4740);
#4216=AXIS2_PLACEMENT_3D('',#5961,#4743,#4744);
#4217=AXIS2_PLACEMENT_3D('',#5965,#4748,#4749);
#4218=AXIS2_PLACEMENT_3D('',#5968,#4752,#4753);
#4219=AXIS2_PLACEMENT_3D('',#5971,#4756,#4757);
#4220=AXIS2_PLACEMENT_3D('',#5974,#4760,#4761);
#4221=AXIS2_PLACEMENT_3D('',#5978,#4765,#4766);
#4222=AXIS2_PLACEMENT_3D('',#5981,#4769,#4770);
#4223=AXIS2_PLACEMENT_3D('',#5985,#4774,#4775);
#4224=AXIS2_PLACEMENT_3D('',#5988,#4778,#4779);
#4225=AXIS2_PLACEMENT_3D('',#5992,#4783,#4784);
#4226=AXIS2_PLACEMENT_3D('',#5995,#4787,#4788);
#4227=AXIS2_PLACEMENT_3D('',#5999,#4792,#4793);
#4228=AXIS2_PLACEMENT_3D('',#6002,#4796,#4797);
#4229=AXIS2_PLACEMENT_3D('',#6006,#4801,#4802);
#4230=AXIS2_PLACEMENT_3D('',#6009,#4805,#4806);
#4231=AXIS2_PLACEMENT_3D('',#6013,#4810,#4811);
#4232=AXIS2_PLACEMENT_3D('',#6016,#4814,#4815);
#4233=AXIS2_PLACEMENT_3D('',#6020,#4819,#4820);
#4234=AXIS2_PLACEMENT_3D('',#6023,#4823,#4824);
#4235=AXIS2_PLACEMENT_3D('',#6026,#4827,#4828);
#4236=AXIS2_PLACEMENT_3D('',#6029,#4831,#4832);
#4237=AXIS2_PLACEMENT_3D('',#6031,#4834,#4835);
#4238=AXIS2_PLACEMENT_3D('',#6033,#4837,#4838);
#4239=AXIS2_PLACEMENT_3D('',#6034,#4839,#4840);
#4240=AXIS2_PLACEMENT_3D('',#6035,#4841,#4842);
#4241=AXIS2_PLACEMENT_3D('',#6036,#4843,#4844);
#4242=AXIS2_PLACEMENT_3D('',#6037,#4845,#4846);
#4243=AXIS2_PLACEMENT_3D('',#6038,#4847,#4848);
#4244=AXIS2_PLACEMENT_3D('',#6039,#4849,#4850);
#4245=AXIS2_PLACEMENT_3D('',#6040,#4851,#4852);
#4246=AXIS2_PLACEMENT_3D('',#6041,#4853,#4854);
#4247=AXIS2_PLACEMENT_3D('',#6042,#4855,#4856);
#4248=AXIS2_PLACEMENT_3D('',#6043,#4857,#4858);
#4249=AXIS2_PLACEMENT_3D('',#6044,#4859,#4860);
#4250=AXIS2_PLACEMENT_3D('',#6045,#4861,#4862);
#4251=AXIS2_PLACEMENT_3D('',#6046,#4863,#4864);
#4252=AXIS2_PLACEMENT_3D('',#6047,#4865,#4866);
#4253=AXIS2_PLACEMENT_3D('',#6048,#4867,#4868);
#4254=AXIS2_PLACEMENT_3D('',#6049,#4869,#4870);
#4255=AXIS2_PLACEMENT_3D('',#6050,#4871,#4872);
#4256=AXIS2_PLACEMENT_3D('',#6051,#4873,#4874);
#4257=AXIS2_PLACEMENT_3D('',#6052,#4875,#4876);
#4258=AXIS2_PLACEMENT_3D('',#6053,#4877,#4878);
#4259=AXIS2_PLACEMENT_3D('',#6054,#4879,#4880);
#4260=AXIS2_PLACEMENT_3D('',#6055,#4881,#4882);
#4261=AXIS2_PLACEMENT_3D('',#6056,#4883,#4884);
#4262=AXIS2_PLACEMENT_3D('',#6057,#4885,#4886);
#4263=AXIS2_PLACEMENT_3D('',#6058,#4887,#4888);
#4264=AXIS2_PLACEMENT_3D('',#6059,#4889,#4890);
#4265=AXIS2_PLACEMENT_3D('',#6060,#4891,#4892);
#4266=AXIS2_PLACEMENT_3D('',#6061,#4893,#4894);
#4267=AXIS2_PLACEMENT_3D('',#6062,#4895,#4896);
#4268=AXIS2_PLACEMENT_3D('',#6063,#4897,#4898);
#4269=AXIS2_PLACEMENT_3D('',#6064,#4899,#4900);
#4270=AXIS2_PLACEMENT_3D('',#6065,#4901,#4902);
#4271=AXIS2_PLACEMENT_3D('',#6066,#4903,#4904);
#4272=AXIS2_PLACEMENT_3D('',#6069,#4907,#4908);
#4273=AXIS2_PLACEMENT_3D('',#6071,#4910,#4911);
#4274=AXIS2_PLACEMENT_3D('',#6073,#4913,#4914);
#4275=AXIS2_PLACEMENT_3D('',#6074,#4915,#4916);
#4276=AXIS2_PLACEMENT_3D('',#6077,#4919,#4920);
#4277=AXIS2_PLACEMENT_3D('',#6079,#4922,#4923);
#4278=AXIS2_PLACEMENT_3D('',#6081,#4925,#4926);
#4279=AXIS2_PLACEMENT_3D('',#6082,#4927,#4928);
#4280=AXIS2_PLACEMENT_3D('',#6085,#4931,#4932);
#4281=AXIS2_PLACEMENT_3D('',#6087,#4934,#4935);
#4282=AXIS2_PLACEMENT_3D('',#6089,#4937,#4938);
#4283=AXIS2_PLACEMENT_3D('',#6090,#4939,#4940);
#4284=AXIS2_PLACEMENT_3D('',#6093,#4943,#4944);
#4285=AXIS2_PLACEMENT_3D('',#6095,#4946,#4947);
#4286=AXIS2_PLACEMENT_3D('',#6097,#4949,#4950);
#4287=AXIS2_PLACEMENT_3D('',#6098,#4951,#4952);
#4288=AXIS2_PLACEMENT_3D('',#6101,#4955,#4956);
#4289=AXIS2_PLACEMENT_3D('',#6103,#4958,#4959);
#4290=AXIS2_PLACEMENT_3D('',#6105,#4961,#4962);
#4291=AXIS2_PLACEMENT_3D('',#6106,#4963,#4964);
#4292=AXIS2_PLACEMENT_3D('',#6109,#4967,#4968);
#4293=AXIS2_PLACEMENT_3D('',#6111,#4970,#4971);
#4294=AXIS2_PLACEMENT_3D('',#6113,#4973,#4974);
#4295=AXIS2_PLACEMENT_3D('',#6114,#4975,#4976);
#4296=AXIS2_PLACEMENT_3D('',#6117,#4979,#4980);
#4297=AXIS2_PLACEMENT_3D('',#6119,#4982,#4983);
#4298=AXIS2_PLACEMENT_3D('',#6121,#4985,#4986);
#4299=AXIS2_PLACEMENT_3D('',#6122,#4987,#4988);
#4300=AXIS2_PLACEMENT_3D('',#6131,#4993,#4994);
#4301=AXIS2_PLACEMENT_3D('',#6140,#4999,#5000);
#4302=AXIS2_PLACEMENT_3D('',#6149,#5005,#5006);
#4303=AXIS2_PLACEMENT_3D('',#6158,#5011,#5012);
#4304=AXIS2_PLACEMENT_3D('',#6161,#5015,#5016);
#4305=AXIS2_PLACEMENT_3D('',#6164,#5019,#5020);
#4306=AXIS2_PLACEMENT_3D('',#6167,#5023,#5024);
#4307=AXIS2_PLACEMENT_3D('',#6169,#5026,#5027);
#4308=AXIS2_PLACEMENT_3D('',#6171,#5029,#5030);
#4309=AXIS2_PLACEMENT_3D('',#6172,#5031,#5032);
#4310=AXIS2_PLACEMENT_3D('',#6175,#5035,#5036);
#4311=AXIS2_PLACEMENT_3D('',#6177,#5038,#5039);
#4312=AXIS2_PLACEMENT_3D('',#6179,#5041,#5042);
#4313=AXIS2_PLACEMENT_3D('',#6180,#5043,#5044);
#4314=AXIS2_PLACEMENT_3D('',#6189,#5049,#5050);
#4315=AXIS2_PLACEMENT_3D('',#6198,#5055,#5056);
#4316=AXIS2_PLACEMENT_3D('',#6207,#5061,#5062);
#4317=AXIS2_PLACEMENT_3D('',#6216,#5067,#5068);
#4318=AXIS2_PLACEMENT_3D('',#6219,#5071,#5072);
#4319=AXIS2_PLACEMENT_3D('',#6222,#5075,#5076);
#4320=AXIS2_PLACEMENT_3D('',#6225,#5079,#5080);
#4321=AXIS2_PLACEMENT_3D('',#6227,#5082,#5083);
#4322=AXIS2_PLACEMENT_3D('',#6229,#5085,#5086);
#4323=AXIS2_PLACEMENT_3D('',#6230,#5087,#5088);
#4324=AXIS2_PLACEMENT_3D('',#6233,#5091,#5092);
#4325=AXIS2_PLACEMENT_3D('',#6235,#5094,#5095);
#4326=AXIS2_PLACEMENT_3D('',#6237,#5097,#5098);
#4327=AXIS2_PLACEMENT_3D('',#6238,#5099,#5100);
#4328=AXIS2_PLACEMENT_3D('',#6247,#5105,#5106);
#4329=AXIS2_PLACEMENT_3D('',#6256,#5111,#5112);
#4330=AXIS2_PLACEMENT_3D('',#6265,#5117,#5118);
#4331=AXIS2_PLACEMENT_3D('',#6274,#5123,#5124);
#4332=AXIS2_PLACEMENT_3D('',#6277,#5127,#5128);
#4333=AXIS2_PLACEMENT_3D('',#6280,#5131,#5132);
#4334=AXIS2_PLACEMENT_3D('',#6283,#5135,#5136);
#4335=AXIS2_PLACEMENT_3D('',#6285,#5138,#5139);
#4336=AXIS2_PLACEMENT_3D('',#6287,#5141,#5142);
#4337=AXIS2_PLACEMENT_3D('',#6288,#5143,#5144);
#4338=AXIS2_PLACEMENT_3D('',#6291,#5147,#5148);
#4339=AXIS2_PLACEMENT_3D('',#6293,#5150,#5151);
#4340=AXIS2_PLACEMENT_3D('',#6295,#5153,#5154);
#4341=AXIS2_PLACEMENT_3D('',#6296,#5155,#5156);
#4342=AXIS2_PLACEMENT_3D('',#6305,#5161,#5162);
#4343=AXIS2_PLACEMENT_3D('',#6314,#5167,#5168);
#4344=AXIS2_PLACEMENT_3D('',#6323,#5173,#5174);
#4345=AXIS2_PLACEMENT_3D('',#6332,#5179,#5180);
#4346=AXIS2_PLACEMENT_3D('',#6335,#5183,#5184);
#4347=AXIS2_PLACEMENT_3D('',#6338,#5187,#5188);
#4348=AXIS2_PLACEMENT_3D('',#6341,#5191,#5192);
#4349=AXIS2_PLACEMENT_3D('',#6343,#5194,#5195);
#4350=AXIS2_PLACEMENT_3D('',#6345,#5197,#5198);
#4351=AXIS2_PLACEMENT_3D('',#6346,#5199,#5200);
#4352=AXIS2_PLACEMENT_3D('',#6349,#5203,#5204);
#4353=AXIS2_PLACEMENT_3D('',#6351,#5206,#5207);
#4354=AXIS2_PLACEMENT_3D('',#6353,#5209,#5210);
#4355=AXIS2_PLACEMENT_3D('',#6354,#5211,#5212);
#4356=AXIS2_PLACEMENT_3D('',#6363,#5217,#5218);
#4357=AXIS2_PLACEMENT_3D('',#6372,#5223,#5224);
#4358=AXIS2_PLACEMENT_3D('',#6381,#5229,#5230);
#4359=AXIS2_PLACEMENT_3D('',#6390,#5235,#5236);
#4360=AXIS2_PLACEMENT_3D('',#6393,#5239,#5240);
#4361=AXIS2_PLACEMENT_3D('',#6396,#5243,#5244);
#4362=AXIS2_PLACEMENT_3D('',#6399,#5247,#5248);
#4363=AXIS2_PLACEMENT_3D('',#6401,#5250,#5251);
#4364=AXIS2_PLACEMENT_3D('',#6403,#5253,#5254);
#4365=AXIS2_PLACEMENT_3D('',#6404,#5255,#5256);
#4366=AXIS2_PLACEMENT_3D('',#6407,#5259,#5260);
#4367=AXIS2_PLACEMENT_3D('',#6409,#5262,#5263);
#4368=AXIS2_PLACEMENT_3D('',#6411,#5265,#5266);
#4369=AXIS2_PLACEMENT_3D('',#6412,#5267,#5268);
#4370=AXIS2_PLACEMENT_3D('',#6421,#5273,#5274);
#4371=AXIS2_PLACEMENT_3D('',#6430,#5279,#5280);
#4372=AXIS2_PLACEMENT_3D('',#6439,#5285,#5286);
#4373=AXIS2_PLACEMENT_3D('',#6448,#5291,#5292);
#4374=AXIS2_PLACEMENT_3D('',#6451,#5295,#5296);
#4375=AXIS2_PLACEMENT_3D('',#6454,#5299,#5300);
#4376=AXIS2_PLACEMENT_3D('',#6457,#5303,#5304);
#4377=AXIS2_PLACEMENT_3D('',#6459,#5306,#5307);
#4378=AXIS2_PLACEMENT_3D('',#6461,#5309,#5310);
#4379=AXIS2_PLACEMENT_3D('',#6462,#5311,#5312);
#4380=AXIS2_PLACEMENT_3D('',#6465,#5315,#5316);
#4381=AXIS2_PLACEMENT_3D('',#6467,#5318,#5319);
#4382=AXIS2_PLACEMENT_3D('',#6469,#5321,#5322);
#4383=AXIS2_PLACEMENT_3D('',#6470,#5323,#5324);
#4384=AXIS2_PLACEMENT_3D('',#6479,#5329,#5330);
#4385=AXIS2_PLACEMENT_3D('',#6488,#5335,#5336);
#4386=AXIS2_PLACEMENT_3D('',#6497,#5341,#5342);
#4387=AXIS2_PLACEMENT_3D('',#6506,#5347,#5348);
#4388=AXIS2_PLACEMENT_3D('',#6509,#5351,#5352);
#4389=AXIS2_PLACEMENT_3D('',#6512,#5355,#5356);
#4390=AXIS2_PLACEMENT_3D('',#6515,#5359,#5360);
#4391=AXIS2_PLACEMENT_3D('',#6517,#5362,#5363);
#4392=AXIS2_PLACEMENT_3D('',#6519,#5365,#5366);
#4393=AXIS2_PLACEMENT_3D('',#6520,#5367,#5368);
#4394=AXIS2_PLACEMENT_3D('',#6523,#5371,#5372);
#4395=AXIS2_PLACEMENT_3D('',#6525,#5374,#5375);
#4396=AXIS2_PLACEMENT_3D('',#6527,#5377,#5378);
#4397=AXIS2_PLACEMENT_3D('',#6528,#5379,#5380);
#4398=AXIS2_PLACEMENT_3D('',#6537,#5385,#5386);
#4399=AXIS2_PLACEMENT_3D('',#6546,#5391,#5392);
#4400=AXIS2_PLACEMENT_3D('',#6555,#5397,#5398);
#4401=AXIS2_PLACEMENT_3D('',#6564,#5403,#5404);
#4402=AXIS2_PLACEMENT_3D('',#6567,#5407,#5408);
#4403=AXIS2_PLACEMENT_3D('',#6570,#5411,#5412);
#4404=AXIS2_PLACEMENT_3D('',#6573,#5415,#5416);
#4405=AXIS2_PLACEMENT_3D('',#6575,#5418,#5419);
#4406=AXIS2_PLACEMENT_3D('',#6577,#5421,#5422);
#4407=AXIS2_PLACEMENT_3D('',#6578,#5423,#5424);
#4408=AXIS2_PLACEMENT_3D('',#6581,#5427,#5428);
#4409=AXIS2_PLACEMENT_3D('',#6583,#5430,#5431);
#4410=AXIS2_PLACEMENT_3D('',#6585,#5433,#5434);
#4411=DIRECTION('axis',(0.,0.,1.));
#4412=DIRECTION('refdir',(1.,0.,0.));
#4413=DIRECTION('center_axis',(0.,1.,8.53702498020082E-17));
#4414=DIRECTION('ref_axis',(0.,8.53702498020082E-17,-1.));
#4415=DIRECTION('',(0.,8.53702498020082E-17,-1.));
#4416=DIRECTION('',(-0.447213595499957,-7.63574727253713E-17,-0.894427190999916));
#4417=DIRECTION('',(1.,0.,0.));
#4418=DIRECTION('',(-0.447213595499957,7.63574727253713E-17,0.894427190999916));
#4419=DIRECTION('',(-0.447213595499957,-7.63574727253713E-17,-0.894427190999916));
#4420=DIRECTION('',(1.,0.,0.));
#4421=DIRECTION('',(-0.447213595499957,7.63574727253713E-17,0.894427190999916));
#4422=DIRECTION('',(-0.447213595499957,-7.63574727253713E-17,-0.894427190999916));
#4423=DIRECTION('',(1.,0.,0.));
#4424=DIRECTION('',(-0.447213595499957,7.63574727253713E-17,0.894427190999916));
#4425=DIRECTION('',(-0.447213595499957,-7.63574727253713E-17,-0.894427190999916));
#4426=DIRECTION('',(1.,0.,0.));
#4427=DIRECTION('',(-0.447213595499957,7.63574727253713E-17,0.894427190999916));
#4428=DIRECTION('',(-0.447213595499957,-7.63574727253713E-17,-0.894427190999916));
#4429=DIRECTION('',(1.,0.,0.));
#4430=DIRECTION('',(-0.447213595499957,7.63574727253713E-17,0.894427190999916));
#4431=DIRECTION('',(-0.447213595499957,-7.63574727253713E-17,-0.894427190999916));
#4432=DIRECTION('',(1.,0.,0.));
#4433=DIRECTION('',(-0.447213595499957,7.63574727253713E-17,0.894427190999916));
#4434=DIRECTION('',(-0.447213595499957,-7.63574727253713E-17,-0.894427190999916));
#4435=DIRECTION('',(1.,0.,0.));
#4436=DIRECTION('',(-0.447213595499957,7.63574727253713E-17,0.894427190999916));
#4437=DIRECTION('',(-0.447213595499957,-7.63574727253713E-17,-0.894427190999916));
#4438=DIRECTION('',(1.,0.,0.));
#4439=DIRECTION('',(-0.447213595499957,7.63574727253713E-17,0.894427190999916));
#4440=DIRECTION('',(0.,8.53702498020082E-17,-1.));
#4441=DIRECTION('',(0.447213595499957,-7.63574727253713E-17,0.894427190999916));
#4442=DIRECTION('',(-1.,0.,0.));
#4443=DIRECTION('',(0.447213595499957,7.63574727253713E-17,-0.894427190999916));
#4444=DIRECTION('',(0.447213595499957,-7.63574727253713E-17,0.894427190999916));
#4445=DIRECTION('',(-1.,0.,0.));
#4446=DIRECTION('',(0.447213595499957,7.63574727253713E-17,-0.894427190999916));
#4447=DIRECTION('',(0.447213595499957,-7.63574727253713E-17,0.894427190999916));
#4448=DIRECTION('',(-1.,0.,0.));
#4449=DIRECTION('',(0.447213595499957,7.63574727253713E-17,-0.894427190999916));
#4450=DIRECTION('',(0.447213595499957,-7.63574727253713E-17,0.894427190999916));
#4451=DIRECTION('',(-1.,0.,0.));
#4452=DIRECTION('',(0.447213595499957,7.63574727253713E-17,-0.894427190999916));
#4453=DIRECTION('',(0.447213595499957,-7.63574727253713E-17,0.894427190999916));
#4454=DIRECTION('',(-1.,0.,0.));
#4455=DIRECTION('',(0.447213595499957,7.63574727253713E-17,-0.894427190999916));
#4456=DIRECTION('',(0.447213595499957,-7.63574727253713E-17,0.894427190999916));
#4457=DIRECTION('',(-1.,0.,0.));
#4458=DIRECTION('',(0.447213595499957,7.63574727253713E-17,-0.894427190999916));
#4459=DIRECTION('',(0.447213595499957,-7.63574727253713E-17,0.894427190999916));
#4460=DIRECTION('',(-1.,0.,0.));
#4461=DIRECTION('',(0.447213595499957,7.63574727253713E-17,-0.894427190999916));
#4462=DIRECTION('',(0.447213595499957,-7.63574727253713E-17,0.894427190999916));
#4463=DIRECTION('',(-1.,0.,0.));
#4464=DIRECTION('',(0.447213595499957,7.63574727253713E-17,-0.894427190999916));
#4465=DIRECTION('',(1.,-1.44622828595261E-32,1.6940658945086E-16));
#4466=DIRECTION('',(0.,-8.53702498020082E-17,1.));
#4467=DIRECTION('',(-1.,-2.89245657190522E-32,3.38813178901719E-16));
#4468=DIRECTION('',(0.,8.53702498020082E-17,-1.));
#4469=DIRECTION('',(1.,-1.44622828595261E-32,1.6940658945086E-16));
#4470=DIRECTION('',(0.,-8.53702498020082E-17,1.));
#4471=DIRECTION('',(-1.,-2.89245657190522E-32,3.38813178901719E-16));
#4472=DIRECTION('',(0.,8.53702498020082E-17,-1.));
#4473=DIRECTION('',(1.,-1.44622828595261E-32,1.6940658945086E-16));
#4474=DIRECTION('',(0.,-8.53702498020082E-17,1.));
#4475=DIRECTION('',(-1.,-2.89245657190522E-32,3.38813178901719E-16));
#4476=DIRECTION('',(0.,8.53702498020082E-17,-1.));
#4477=DIRECTION('',(1.,-1.44622828595261E-32,1.6940658945086E-16));
#4478=DIRECTION('',(0.,-8.53702498020082E-17,1.));
#4479=DIRECTION('',(-1.,-2.89245657190522E-32,3.38813178901719E-16));
#4480=DIRECTION('',(0.,8.53702498020082E-17,-1.));
#4481=DIRECTION('',(1.,-1.44622828595261E-32,1.6940658945086E-16));
#4482=DIRECTION('',(0.,-8.53702498020082E-17,1.));
#4483=DIRECTION('',(-1.,-2.89245657190522E-32,3.38813178901719E-16));
#4484=DIRECTION('',(0.,8.53702498020082E-17,-1.));
#4485=DIRECTION('',(1.,-1.44622828595261E-32,1.6940658945086E-16));
#4486=DIRECTION('',(0.,-8.53702498020082E-17,1.));
#4487=DIRECTION('',(-1.,-2.89245657190522E-32,3.38813178901719E-16));
#4488=DIRECTION('',(0.,8.53702498020082E-17,-1.));
#4489=DIRECTION('',(1.,-1.44622828595261E-32,1.6940658945086E-16));
#4490=DIRECTION('',(0.,-8.53702498020082E-17,1.));
#4491=DIRECTION('',(-1.,-2.89245657190522E-32,3.38813178901719E-16));
#4492=DIRECTION('',(0.,8.53702498020082E-17,-1.));
#4493=DIRECTION('',(1.,-1.44622828595261E-32,1.6940658945086E-16));
#4494=DIRECTION('',(0.,-8.53702498020082E-17,1.));
#4495=DIRECTION('',(-1.,-2.89245657190522E-32,3.38813178901719E-16));
#4496=DIRECTION('',(0.,8.53702498020082E-17,-1.));
#4497=DIRECTION('center_axis',(0.,-1.,-1.80700362080917E-16));
#4498=DIRECTION('ref_axis',(0.,1.80700362080917E-16,-1.));
#4499=DIRECTION('',(1.,0.,0.));
#4500=DIRECTION('',(0.447213595499958,-1.61623317268703E-16,0.894427190999916));
#4501=DIRECTION('',(0.,-1.80700362080917E-16,1.));
#4502=DIRECTION('',(-0.447213595499958,-1.61623317268703E-16,0.894427190999916));
#4503=DIRECTION('',(1.,0.,0.));
#4504=DIRECTION('',(-0.447213595499957,1.61623317268703E-16,-0.894427190999916));
#4505=DIRECTION('',(-0.447213595499957,-1.61623317268703E-16,0.894427190999916));
#4506=DIRECTION('',(1.,0.,0.));
#4507=DIRECTION('',(-0.447213595499957,1.61623317268703E-16,-0.894427190999916));
#4508=DIRECTION('',(-0.447213595499957,-1.61623317268703E-16,0.894427190999916));
#4509=DIRECTION('',(1.,0.,0.));
#4510=DIRECTION('',(-0.447213595499957,1.61623317268703E-16,-0.894427190999916));
#4511=DIRECTION('',(-0.447213595499957,-1.61623317268703E-16,0.894427190999916));
#4512=DIRECTION('',(1.,0.,0.));
#4513=DIRECTION('',(-0.447213595499957,1.61623317268703E-16,-0.894427190999916));
#4514=DIRECTION('',(-0.447213595499957,-1.61623317268703E-16,0.894427190999916));
#4515=DIRECTION('',(1.,0.,0.));
#4516=DIRECTION('',(-0.447213595499957,1.61623317268703E-16,-0.894427190999916));
#4517=DIRECTION('',(-0.447213595499957,-1.61623317268703E-16,0.894427190999916));
#4518=DIRECTION('',(1.,0.,0.));
#4519=DIRECTION('',(-0.447213595499957,1.61623317268703E-16,-0.894427190999916));
#4520=DIRECTION('',(-0.447213595499957,-1.61623317268703E-16,0.894427190999916));
#4521=DIRECTION('',(1.,0.,0.));
#4522=DIRECTION('',(-0.447213595499957,1.61623317268703E-16,-0.894427190999916));
#4523=DIRECTION('',(-0.447213595499957,-1.61623317268703E-16,0.894427190999916));
#4524=DIRECTION('',(1.,0.,0.));
#4525=DIRECTION('',(-0.447213595499957,1.61623317268703E-16,-0.894427190999916));
#4526=DIRECTION('',(0.,-1.80700362080917E-16,1.));
#4527=DIRECTION('',(0.447213595499957,1.61623317268703E-16,-0.894427190999916));
#4528=DIRECTION('',(1.,0.,0.));
#4529=DIRECTION('',(0.447213595499957,-1.61623317268703E-16,0.894427190999916));
#4530=DIRECTION('',(0.447213595499957,1.61623317268703E-16,-0.894427190999916));
#4531=DIRECTION('',(1.,0.,0.));
#4532=DIRECTION('',(0.447213595499957,-1.61623317268703E-16,0.894427190999916));
#4533=DIRECTION('',(0.447213595499957,1.61623317268703E-16,-0.894427190999916));
#4534=DIRECTION('',(1.,0.,0.));
#4535=DIRECTION('',(0.447213595499957,-1.61623317268703E-16,0.894427190999916));
#4536=DIRECTION('',(0.447213595499957,1.61623317268703E-16,-0.894427190999916));
#4537=DIRECTION('',(1.,0.,0.));
#4538=DIRECTION('',(0.447213595499957,-1.61623317268703E-16,0.894427190999916));
#4539=DIRECTION('',(0.447213595499957,1.61623317268703E-16,-0.894427190999916));
#4540=DIRECTION('',(1.,0.,0.));
#4541=DIRECTION('',(0.447213595499957,-1.61623317268703E-16,0.894427190999916));
#4542=DIRECTION('',(0.447213595499957,1.61623317268703E-16,-0.894427190999916));
#4543=DIRECTION('',(1.,0.,0.));
#4544=DIRECTION('',(0.447213595499957,-1.61623317268703E-16,0.894427190999916));
#4545=DIRECTION('',(0.447213595499957,1.61623317268703E-16,-0.894427190999916));
#4546=DIRECTION('',(1.,0.,0.));
#4547=DIRECTION('',(0.447213595499957,-1.61623317268703E-16,0.894427190999916));
#4548=DIRECTION('',(0.447213595499957,1.61623317268703E-16,-0.894427190999916));
#4549=DIRECTION('',(1.,-3.06118320526637E-32,1.6940658945086E-16));
#4550=DIRECTION('',(0.,1.80700362080917E-16,-1.));
#4551=DIRECTION('',(-1.,-6.12236641053273E-32,3.38813178901719E-16));
#4552=DIRECTION('',(0.,-1.80700362080917E-16,1.));
#4553=DIRECTION('',(1.,6.12236641053273E-32,-3.38813178901719E-16));
#4554=DIRECTION('',(0.,1.80700362080917E-16,-1.));
#4555=DIRECTION('',(-1.,3.06118320526637E-32,-1.6940658945086E-16));
#4556=DIRECTION('',(0.,-1.80700362080917E-16,1.));
#4557=DIRECTION('',(1.,6.12236641053273E-32,-3.38813178901719E-16));
#4558=DIRECTION('',(0.,1.80700362080917E-16,-1.));
#4559=DIRECTION('',(-1.,3.06118320526637E-32,-1.6940658945086E-16));
#4560=DIRECTION('',(0.,-1.80700362080917E-16,1.));
#4561=DIRECTION('',(1.,6.12236641053273E-32,-3.38813178901719E-16));
#4562=DIRECTION('',(0.,1.80700362080917E-16,-1.));
#4563=DIRECTION('',(-1.,3.06118320526637E-32,-1.6940658945086E-16));
#4564=DIRECTION('',(0.,-1.80700362080917E-16,1.));
#4565=DIRECTION('',(1.,6.12236641053273E-32,-3.38813178901719E-16));
#4566=DIRECTION('',(0.,1.80700362080917E-16,-1.));
#4567=DIRECTION('',(-1.,3.06118320526637E-32,-1.6940658945086E-16));
#4568=DIRECTION('',(0.,-1.80700362080917E-16,1.));
#4569=DIRECTION('',(1.,6.12236641053273E-32,-3.38813178901719E-16));
#4570=DIRECTION('',(0.,1.80700362080917E-16,-1.));
#4571=DIRECTION('',(-1.,3.06118320526637E-32,-1.6940658945086E-16));
#4572=DIRECTION('',(0.,-1.80700362080917E-16,1.));
#4573=DIRECTION('',(1.,6.12236641053273E-32,-3.38813178901719E-16));
#4574=DIRECTION('',(0.,1.80700362080917E-16,-1.));
#4575=DIRECTION('',(-1.,3.06118320526637E-32,-1.6940658945086E-16));
#4576=DIRECTION('',(0.,-1.80700362080917E-16,1.));
#4577=DIRECTION('',(1.,6.12236641053273E-32,-3.38813178901719E-16));
#4578=DIRECTION('',(0.,1.80700362080917E-16,-1.));
#4579=DIRECTION('',(-1.,3.06118320526637E-32,-1.6940658945086E-16));
#4580=DIRECTION('',(0.,-1.80700362080917E-16,1.));
#4581=DIRECTION('center_axis',(0.,-1.,-8.53702498020082E-17));
#4582=DIRECTION('ref_axis',(0.,8.53702498020082E-17,-1.));
#4583=DIRECTION('',(-0.447213595499958,7.63574727253713E-17,-0.894427190999916));
#4584=DIRECTION('',(1.,0.,0.));
#4585=DIRECTION('',(-0.447213595499957,-7.63574727253713E-17,0.894427190999916));
#4586=DIRECTION('',(1.,0.,0.));
#4587=DIRECTION('center_axis',(0.,-1.,-8.53702498020082E-17));
#4588=DIRECTION('ref_axis',(0.,8.53702498020082E-17,-1.));
#4589=DIRECTION('',(-0.447213595499957,7.63574727253713E-17,-0.894427190999916));
#4590=DIRECTION('',(1.,0.,0.));
#4591=DIRECTION('',(-0.447213595499957,-7.63574727253713E-17,0.894427190999916));
#4592=DIRECTION('',(1.,0.,0.));
#4593=DIRECTION('center_axis',(0.,-1.,-8.53702498020082E-17));
#4594=DIRECTION('ref_axis',(0.,8.53702498020082E-17,-1.));
#4595=DIRECTION('',(-0.447213595499957,7.63574727253713E-17,-0.894427190999916));
#4596=DIRECTION('',(1.,0.,0.));
#4597=DIRECTION('',(-0.447213595499957,-7.63574727253713E-17,0.894427190999916));
#4598=DIRECTION('',(1.,0.,0.));
#4599=DIRECTION('center_axis',(0.,-1.,-8.53702498020082E-17));
#4600=DIRECTION('ref_axis',(0.,8.53702498020082E-17,-1.));
#4601=DIRECTION('',(-0.447213595499957,7.63574727253713E-17,-0.894427190999916));
#4602=DIRECTION('',(1.,0.,0.));
#4603=DIRECTION('',(-0.447213595499957,-7.63574727253713E-17,0.894427190999916));
#4604=DIRECTION('',(1.,0.,0.));
#4605=DIRECTION('center_axis',(0.,-1.,-8.53702498020082E-17));
#4606=DIRECTION('ref_axis',(0.,8.53702498020082E-17,-1.));
#4607=DIRECTION('',(-0.447213595499957,7.63574727253713E-17,-0.894427190999916));
#4608=DIRECTION('',(1.,0.,0.));
#4609=DIRECTION('',(-0.447213595499957,-7.63574727253713E-17,0.894427190999916));
#4610=DIRECTION('',(1.,0.,0.));
#4611=DIRECTION('center_axis',(0.,-1.,-8.53702498020082E-17));
#4612=DIRECTION('ref_axis',(0.,8.53702498020082E-17,-1.));
#4613=DIRECTION('',(-0.447213595499957,7.63574727253713E-17,-0.894427190999916));
#4614=DIRECTION('',(1.,0.,0.));
#4615=DIRECTION('',(-0.447213595499957,-7.63574727253713E-17,0.894427190999916));
#4616=DIRECTION('',(1.,0.,0.));
#4617=DIRECTION('center_axis',(0.,-1.,-8.53702498020082E-17));
#4618=DIRECTION('ref_axis',(0.,8.53702498020082E-17,-1.));
#4619=DIRECTION('',(-0.447213595499957,7.63574727253713E-17,-0.894427190999916));
#4620=DIRECTION('',(1.,0.,0.));
#4621=DIRECTION('',(-0.447213595499957,-7.63574727253713E-17,0.894427190999916));
#4622=DIRECTION('',(1.,0.,0.));
#4623=DIRECTION('center_axis',(0.,-1.,-8.53702498020082E-17));
#4624=DIRECTION('ref_axis',(0.,8.53702498020082E-17,-1.));
#4625=DIRECTION('',(-0.447213595499957,7.63574727253713E-17,-0.894427190999916));
#4626=DIRECTION('',(1.,0.,0.));
#4627=DIRECTION('',(-0.447213595499957,-7.63574727253713E-17,0.894427190999916));
#4628=DIRECTION('',(1.,0.,0.));
#4629=DIRECTION('center_axis',(0.,-1.,-8.53702498020082E-17));
#4630=DIRECTION('ref_axis',(0.,8.53702498020082E-17,-1.));
#4631=DIRECTION('',(0.447213595499957,-7.63574727253713E-17,0.894427190999916));
#4632=DIRECTION('',(1.,0.,0.));
#4633=DIRECTION('',(0.447213595499957,7.63574727253713E-17,-0.894427190999916));
#4634=DIRECTION('',(-1.,0.,0.));
#4635=DIRECTION('center_axis',(0.,-1.,-8.53702498020082E-17));
#4636=DIRECTION('ref_axis',(0.,8.53702498020082E-17,-1.));
#4637=DIRECTION('',(0.447213595499957,-7.63574727253713E-17,0.894427190999916));
#4638=DIRECTION('',(1.,0.,0.));
#4639=DIRECTION('',(0.447213595499957,7.63574727253713E-17,-0.894427190999916));
#4640=DIRECTION('',(-1.,0.,0.));
#4641=DIRECTION('center_axis',(0.,-1.,-8.53702498020082E-17));
#4642=DIRECTION('ref_axis',(0.,8.53702498020082E-17,-1.));
#4643=DIRECTION('',(0.447213595499957,-7.63574727253713E-17,0.894427190999916));
#4644=DIRECTION('',(1.,0.,0.));
#4645=DIRECTION('',(0.447213595499957,7.63574727253713E-17,-0.894427190999916));
#4646=DIRECTION('',(-1.,0.,0.));
#4647=DIRECTION('center_axis',(0.,-1.,-8.53702498020082E-17));
#4648=DIRECTION('ref_axis',(0.,8.53702498020082E-17,-1.));
#4649=DIRECTION('',(0.447213595499957,-7.63574727253713E-17,0.894427190999916));
#4650=DIRECTION('',(1.,0.,0.));
#4651=DIRECTION('',(0.447213595499957,7.63574727253713E-17,-0.894427190999916));
#4652=DIRECTION('',(-1.,0.,0.));
#4653=DIRECTION('center_axis',(0.,-1.,-8.53702498020082E-17));
#4654=DIRECTION('ref_axis',(0.,8.53702498020082E-17,-1.));
#4655=DIRECTION('',(0.447213595499957,-7.63574727253713E-17,0.894427190999916));
#4656=DIRECTION('',(1.,0.,0.));
#4657=DIRECTION('',(0.447213595499957,7.63574727253713E-17,-0.894427190999916));
#4658=DIRECTION('',(-1.,0.,0.));
#4659=DIRECTION('center_axis',(0.,-1.,-8.53702498020082E-17));
#4660=DIRECTION('ref_axis',(0.,8.53702498020082E-17,-1.));
#4661=DIRECTION('',(0.447213595499957,-7.63574727253713E-17,0.894427190999916));
#4662=DIRECTION('',(1.,0.,0.));
#4663=DIRECTION('',(0.447213595499957,7.63574727253713E-17,-0.894427190999916));
#4664=DIRECTION('',(-1.,0.,0.));
#4665=DIRECTION('center_axis',(0.,-1.,-8.53702498020082E-17));
#4666=DIRECTION('ref_axis',(0.,8.53702498020082E-17,-1.));
#4667=DIRECTION('',(0.447213595499957,-7.63574727253713E-17,0.894427190999916));
#4668=DIRECTION('',(1.,0.,0.));
#4669=DIRECTION('',(0.447213595499957,7.63574727253713E-17,-0.894427190999916));
#4670=DIRECTION('',(-1.,0.,0.));
#4671=DIRECTION('center_axis',(0.,-1.,-8.53702498020082E-17));
#4672=DIRECTION('ref_axis',(0.,8.53702498020082E-17,-1.));
#4673=DIRECTION('',(0.447213595499957,-7.63574727253713E-17,0.894427190999916));
#4674=DIRECTION('',(1.,0.,0.));
#4675=DIRECTION('',(0.447213595499958,7.63574727253713E-17,-0.894427190999916));
#4676=DIRECTION('',(-1.,0.,0.));
#4677=DIRECTION('center_axis',(-1.,0.,0.));
#4678=DIRECTION('ref_axis',(0.,0.,1.));
#4679=DIRECTION('',(0.,-1.,8.53702498020082E-17));
#4680=DIRECTION('',(0.,1.,8.53702498020082E-17));
#4681=DIRECTION('center_axis',(-1.,0.,0.));
#4682=DIRECTION('ref_axis',(0.,0.,1.));
#4683=DIRECTION('',(0.,-1.,8.53702498020081E-17));
#4684=DIRECTION('',(0.,1.,8.53702498020081E-17));
#4685=DIRECTION('center_axis',(-0.894427190999916,-3.81787363626856E-17,
0.447213595499958));
#4686=DIRECTION('ref_axis',(-4.2685124901004E-17,1.,1.23259516440783E-32));
#4687=DIRECTION('',(4.76365993895205E-16,-1.,8.67361737988404E-16));
#4688=DIRECTION('',(-1.28055374703012E-16,-1.,-3.41480999208033E-16));
#4689=DIRECTION('center_axis',(0.894427190999916,-3.81787363626856E-17,
0.447213595499957));
#4690=DIRECTION('ref_axis',(-1.84889274661175E-32,-1.,-8.53702498020082E-17));
#4691=DIRECTION('',(4.76365993895205E-16,1.,-8.67361737988404E-16));
#4692=DIRECTION('',(0.,1.,8.53702498020082E-17));
#4693=DIRECTION('',(-1.28055374703012E-16,1.,3.41480999208033E-16));
#4694=DIRECTION('center_axis',(-0.894427190999916,-3.81787363626856E-17,
0.447213595499957));
#4695=DIRECTION('ref_axis',(-4.2685124901004E-17,1.,6.16297582203915E-33));
#4696=DIRECTION('',(4.76365993895205E-16,-1.,8.67361737988404E-16));
#4697=DIRECTION('',(-1.28055374703012E-16,-1.,-3.41480999208033E-16));
#4698=DIRECTION('center_axis',(0.894427190999916,-3.81787363626856E-17,
0.447213595499957));
#4699=DIRECTION('ref_axis',(-1.84889274661175E-32,-1.,-8.53702498020082E-17));
#4700=DIRECTION('',(4.76365993895205E-16,1.,-8.67361737988404E-16));
#4701=DIRECTION('',(0.,1.,8.53702498020082E-17));
#4702=DIRECTION('',(-1.28055374703012E-16,1.,3.41480999208033E-16));
#4703=DIRECTION('center_axis',(-0.894427190999916,-3.81787363626856E-17,
0.447213595499957));
#4704=DIRECTION('ref_axis',(-4.2685124901004E-17,1.,6.16297582203915E-33));
#4705=DIRECTION('',(4.76365993895205E-16,-1.,8.67361737988404E-16));
#4706=DIRECTION('',(-1.28055374703012E-16,-1.,-3.41480999208033E-16));
#4707=DIRECTION('center_axis',(0.894427190999916,-3.81787363626856E-17,
0.447213595499957));
#4708=DIRECTION('ref_axis',(-1.84889274661175E-32,-1.,-8.53702498020082E-17));
#4709=DIRECTION('',(4.76365993895205E-16,1.,-8.67361737988404E-16));
#4710=DIRECTION('',(0.,1.,8.53702498020082E-17));
#4711=DIRECTION('',(-1.28055374703012E-16,1.,3.41480999208033E-16));
#4712=DIRECTION('center_axis',(-0.894427190999916,-3.81787363626856E-17,
0.447213595499957));
#4713=DIRECTION('ref_axis',(-4.2685124901004E-17,1.,6.16297582203915E-33));
#4714=DIRECTION('',(4.76365993895205E-16,-1.,8.67361737988404E-16));
#4715=DIRECTION('',(-1.28055374703012E-16,-1.,-3.41480999208033E-16));
#4716=DIRECTION('center_axis',(0.894427190999916,-3.81787363626856E-17,
0.447213595499957));
#4717=DIRECTION('ref_axis',(-1.84889274661175E-32,-1.,-8.53702498020082E-17));
#4718=DIRECTION('',(4.76365993895205E-16,1.,-8.67361737988404E-16));
#4719=DIRECTION('',(0.,1.,8.53702498020082E-17));
#4720=DIRECTION('',(-1.28055374703012E-16,1.,3.41480999208033E-16));
#4721=DIRECTION('center_axis',(-0.894427190999916,-3.81787363626856E-17,
0.447213595499957));
#4722=DIRECTION('ref_axis',(-4.2685124901004E-17,1.,6.16297582203915E-33));
#4723=DIRECTION('',(4.76365993895205E-16,-1.,8.67361737988404E-16));
#4724=DIRECTION('',(-1.28055374703012E-16,-1.,-3.41480999208033E-16));
#4725=DIRECTION('center_axis',(0.894427190999916,-3.81787363626856E-17,
0.447213595499957));
#4726=DIRECTION('ref_axis',(-1.84889274661175E-32,-1.,-8.53702498020082E-17));
#4727=DIRECTION('',(4.76365993895205E-16,1.,-8.67361737988404E-16));
#4728=DIRECTION('',(0.,1.,8.53702498020082E-17));
#4729=DIRECTION('',(-1.28055374703012E-16,1.,3.41480999208033E-16));
#4730=DIRECTION('center_axis',(-0.894427190999916,-3.81787363626856E-17,
0.447213595499957));
#4731=DIRECTION('ref_axis',(-4.2685124901004E-17,1.,6.16297582203915E-33));
#4732=DIRECTION('',(4.76365993895205E-16,-1.,8.67361737988404E-16));
#4733=DIRECTION('',(-1.28055374703012E-16,-1.,-3.41480999208033E-16));
#4734=DIRECTION('center_axis',(0.894427190999916,-3.81787363626856E-17,
0.447213595499957));
#4735=DIRECTION('ref_axis',(-1.84889274661175E-32,-1.,-8.53702498020082E-17));
#4736=DIRECTION('',(4.76365993895205E-16,1.,-8.67361737988404E-16));
#4737=DIRECTION('',(0.,1.,8.53702498020082E-17));
#4738=DIRECTION('',(-1.28055374703012E-16,1.,3.41480999208033E-16));
#4739=DIRECTION('center_axis',(-0.894427190999916,-3.81787363626856E-17,
0.447213595499957));
#4740=DIRECTION('ref_axis',(-4.2685124901004E-17,1.,6.16297582203915E-33));
#4741=DIRECTION('',(4.76365993895205E-16,-1.,8.67361737988404E-16));
#4742=DIRECTION('',(-1.28055374703012E-16,-1.,-3.41480999208033E-16));
#4743=DIRECTION('center_axis',(0.894427190999916,-3.81787363626856E-17,
0.447213595499957));
#4744=DIRECTION('ref_axis',(-1.84889274661175E-32,-1.,-8.53702498020082E-17));
#4745=DIRECTION('',(4.76365993895205E-16,1.,-8.67361737988404E-16));
#4746=DIRECTION('',(0.,1.,8.53702498020082E-17));
#4747=DIRECTION('',(-1.28055374703012E-16,1.,3.41480999208033E-16));
#4748=DIRECTION('center_axis',(-0.894427190999916,-3.81787363626856E-17,
0.447213595499957));
#4749=DIRECTION('ref_axis',(-4.2685124901004E-17,1.,6.16297582203915E-33));
#4750=DIRECTION('',(4.76365993895205E-16,-1.,8.67361737988404E-16));
#4751=DIRECTION('',(-1.28055374703012E-16,-1.,-3.41480999208033E-16));
#4752=DIRECTION('center_axis',(0.894427190999916,-3.81787363626856E-17,
0.447213595499957));
#4753=DIRECTION('ref_axis',(-1.84889274661175E-32,-1.,-8.53702498020082E-17));
#4754=DIRECTION('',(4.76365993895205E-16,1.,-8.67361737988404E-16));
#4755=DIRECTION('',(-1.28055374703012E-16,1.,3.41480999208033E-16));
#4756=DIRECTION('center_axis',(-0.894427190999916,-3.81787363626856E-17,
-0.447213595499958));
#4757=DIRECTION('ref_axis',(-0.447213595499958,0.,0.894427190999916));
#4758=DIRECTION('',(-6.93206428392306E-16,1.,1.30104260698261E-15));
#4759=DIRECTION('',(-4.2685124901004E-17,1.,0.));
#4760=DIRECTION('center_axis',(-0.894427190999916,-3.81787363626856E-17,
-0.447213595499957));
#4761=DIRECTION('ref_axis',(-0.447213595499957,0.,0.894427190999916));
#4762=DIRECTION('',(-6.93206428392306E-16,1.,1.30104260698261E-15));
#4763=DIRECTION('',(0.,1.,-8.53702498020082E-17));
#4764=DIRECTION('',(-4.2685124901004E-17,1.,0.));
#4765=DIRECTION('center_axis',(0.894427190999916,-3.81787363626856E-17,
-0.447213595499957));
#4766=DIRECTION('ref_axis',(-1.84889274661175E-32,-1.,8.53702498020082E-17));
#4767=DIRECTION('',(-6.93206428392306E-16,-1.,-1.30104260698261E-15));
#4768=DIRECTION('',(-4.2685124901004E-17,-1.,0.));
#4769=DIRECTION('center_axis',(-0.894427190999916,-3.81787363626856E-17,
-0.447213595499957));
#4770=DIRECTION('ref_axis',(-0.447213595499957,0.,0.894427190999916));
#4771=DIRECTION('',(-6.93206428392306E-16,1.,1.30104260698261E-15));
#4772=DIRECTION('',(0.,1.,-8.53702498020082E-17));
#4773=DIRECTION('',(-4.2685124901004E-17,1.,0.));
#4774=DIRECTION('center_axis',(0.894427190999916,-3.81787363626856E-17,
-0.447213595499957));
#4775=DIRECTION('ref_axis',(-1.84889274661175E-32,-1.,8.53702498020082E-17));
#4776=DIRECTION('',(-6.93206428392306E-16,-1.,-1.30104260698261E-15));
#4777=DIRECTION('',(-4.2685124901004E-17,-1.,0.));
#4778=DIRECTION('center_axis',(-0.894427190999916,-3.81787363626856E-17,
-0.447213595499957));
#4779=DIRECTION('ref_axis',(-0.447213595499957,0.,0.894427190999916));
#4780=DIRECTION('',(-6.93206428392306E-16,1.,1.30104260698261E-15));
#4781=DIRECTION('',(0.,1.,-8.53702498020082E-17));
#4782=DIRECTION('',(-4.2685124901004E-17,1.,0.));
#4783=DIRECTION('center_axis',(0.894427190999916,-3.81787363626856E-17,
-0.447213595499957));
#4784=DIRECTION('ref_axis',(-1.84889274661175E-32,-1.,8.53702498020082E-17));
#4785=DIRECTION('',(-6.93206428392306E-16,-1.,-1.30104260698261E-15));
#4786=DIRECTION('',(-4.2685124901004E-17,-1.,0.));
#4787=DIRECTION('center_axis',(-0.894427190999916,-3.81787363626856E-17,
-0.447213595499957));
#4788=DIRECTION('ref_axis',(-0.447213595499957,0.,0.894427190999916));
#4789=DIRECTION('',(-6.93206428392306E-16,1.,1.30104260698261E-15));
#4790=DIRECTION('',(0.,1.,-8.53702498020082E-17));
#4791=DIRECTION('',(-4.2685124901004E-17,1.,0.));
#4792=DIRECTION('center_axis',(0.894427190999916,-3.81787363626856E-17,
-0.447213595499957));
#4793=DIRECTION('ref_axis',(-1.84889274661175E-32,-1.,8.53702498020082E-17));
#4794=DIRECTION('',(-6.93206428392306E-16,-1.,-1.30104260698261E-15));
#4795=DIRECTION('',(-4.2685124901004E-17,-1.,0.));
#4796=DIRECTION('center_axis',(-0.894427190999916,-3.81787363626856E-17,
-0.447213595499957));
#4797=DIRECTION('ref_axis',(-0.447213595499957,0.,0.894427190999916));
#4798=DIRECTION('',(-6.93206428392306E-16,1.,1.30104260698261E-15));
#4799=DIRECTION('',(0.,1.,-8.53702498020082E-17));
#4800=DIRECTION('',(-4.2685124901004E-17,1.,0.));
#4801=DIRECTION('center_axis',(0.894427190999916,-3.81787363626856E-17,
-0.447213595499957));
#4802=DIRECTION('ref_axis',(-1.84889274661175E-32,-1.,8.53702498020082E-17));
#4803=DIRECTION('',(-6.93206428392306E-16,-1.,-1.30104260698261E-15));
#4804=DIRECTION('',(-4.2685124901004E-17,-1.,0.));
#4805=DIRECTION('center_axis',(-0.894427190999916,-3.81787363626856E-17,
-0.447213595499957));
#4806=DIRECTION('ref_axis',(-0.447213595499957,0.,0.894427190999916));
#4807=DIRECTION('',(-6.93206428392306E-16,1.,1.30104260698261E-15));
#4808=DIRECTION('',(0.,1.,-8.53702498020082E-17));
#4809=DIRECTION('',(-4.2685124901004E-17,1.,0.));
#4810=DIRECTION('center_axis',(0.894427190999916,-3.81787363626856E-17,
-0.447213595499957));
#4811=DIRECTION('ref_axis',(-1.84889274661175E-32,-1.,8.53702498020082E-17));
#4812=DIRECTION('',(-6.93206428392306E-16,-1.,-1.30104260698261E-15));
#4813=DIRECTION('',(-4.2685124901004E-17,-1.,0.));
#4814=DIRECTION('center_axis',(-0.894427190999916,-3.81787363626856E-17,
-0.447213595499957));
#4815=DIRECTION('ref_axis',(-0.447213595499957,0.,0.894427190999916));
#4816=DIRECTION('',(-6.93206428392306E-16,1.,1.30104260698261E-15));
#4817=DIRECTION('',(0.,1.,-8.53702498020082E-17));
#4818=DIRECTION('',(-4.2685124901004E-17,1.,0.));
#4819=DIRECTION('center_axis',(0.894427190999916,-3.81787363626856E-17,
-0.447213595499957));
#4820=DIRECTION('ref_axis',(-1.84889274661175E-32,-1.,8.53702498020082E-17));
#4821=DIRECTION('',(-6.93206428392306E-16,-1.,-1.30104260698261E-15));
#4822=DIRECTION('',(-4.2685124901004E-17,-1.,0.));
#4823=DIRECTION('center_axis',(0.894427190999916,-3.81787363626856E-17,
-0.447213595499957));
#4824=DIRECTION('ref_axis',(-1.84889274661175E-32,-1.,8.53702498020082E-17));
#4825=DIRECTION('',(-6.93206428392306E-16,-1.,-1.30104260698261E-15));
#4826=DIRECTION('',(-4.2685124901004E-17,-1.,0.));
#4827=DIRECTION('center_axis',(-1.,0.,0.));
#4828=DIRECTION('ref_axis',(0.,0.,1.));
#4829=DIRECTION('',(0.,1.,8.53702498020082E-17));
#4830=DIRECTION('',(0.,1.,8.53702498020082E-17));
#4831=DIRECTION('center_axis',(-3.38813178901719E-16,8.53702498020082E-17,
-1.));
#4832=DIRECTION('ref_axis',(-1.,0.,3.38813178901719E-16));
#4833=DIRECTION('',(0.,1.,8.53702498020082E-17));
#4834=DIRECTION('center_axis',(1.,0.,0.));
#4835=DIRECTION('ref_axis',(0.,1.,0.));
#4836=DIRECTION('',(0.,1.,8.53702498020082E-17));
#4837=DIRECTION('center_axis',(-1.6940658945086E-16,-8.53702498020082E-17,
1.));
#4838=DIRECTION('ref_axis',(1.,0.,1.6940658945086E-16));
#4839=DIRECTION('center_axis',(0.,0.,-1.));
#4840=DIRECTION('ref_axis',(0.,-1.,0.));
#4841=DIRECTION('center_axis',(0.,0.,-1.));
#4842=DIRECTION('ref_axis',(0.,-1.,0.));
#4843=DIRECTION('center_axis',(0.,0.,-1.));
#4844=DIRECTION('ref_axis',(0.,-1.,0.));
#4845=DIRECTION('center_axis',(0.,0.,-1.));
#4846=DIRECTION('ref_axis',(0.,-1.,0.));
#4847=DIRECTION('center_axis',(0.,0.,-1.));
#4848=DIRECTION('ref_axis',(0.,-1.,0.));
#4849=DIRECTION('center_axis',(0.,0.,-1.));
#4850=DIRECTION('ref_axis',(0.,-1.,0.));
#4851=DIRECTION('center_axis',(0.,0.,-1.));
#4852=DIRECTION('ref_axis',(0.,-1.,0.));
#4853=DIRECTION('center_axis',(0.,0.,-1.));
#4854=DIRECTION('ref_axis',(0.,-1.,0.));
#4855=DIRECTION('center_axis',(0.,-3.41480999208033E-16,1.));
#4856=DIRECTION('ref_axis',(0.,-1.,-3.41480999208033E-16));
#4857=DIRECTION('center_axis',(0.,-3.41480999208033E-16,1.));
#4858=DIRECTION('ref_axis',(0.,-1.,-3.41480999208033E-16));
#4859=DIRECTION('center_axis',(0.,-3.41480999208033E-16,1.));
#4860=DIRECTION('ref_axis',(0.,-1.,-3.41480999208033E-16));
#4861=DIRECTION('center_axis',(0.,-3.41480999208033E-16,1.));
#4862=DIRECTION('ref_axis',(0.,-1.,-3.41480999208033E-16));
#4863=DIRECTION('center_axis',(0.,-3.41480999208033E-16,1.));
#4864=DIRECTION('ref_axis',(0.,-1.,-3.41480999208033E-16));
#4865=DIRECTION('center_axis',(0.,-3.41480999208033E-16,1.));
#4866=DIRECTION('ref_axis',(0.,-1.,-3.41480999208033E-16));
#4867=DIRECTION('center_axis',(0.,-3.41480999208033E-16,1.));
#4868=DIRECTION('ref_axis',(0.,-1.,-3.41480999208033E-16));
#4869=DIRECTION('center_axis',(0.,-3.41480999208033E-16,1.));
#4870=DIRECTION('ref_axis',(0.,-1.,-3.41480999208033E-16));
#4871=DIRECTION('center_axis',(0.,-8.67361737988404E-16,-1.));
#4872=DIRECTION('ref_axis',(0.,-1.,8.67361737988404E-16));
#4873=DIRECTION('center_axis',(0.,-8.67361737988404E-16,-1.));
#4874=DIRECTION('ref_axis',(0.,-1.,8.67361737988404E-16));
#4875=DIRECTION('center_axis',(0.,-8.67361737988404E-16,-1.));
#4876=DIRECTION('ref_axis',(0.,-1.,8.67361737988404E-16));
#4877=DIRECTION('center_axis',(0.,-8.67361737988404E-16,-1.));
#4878=DIRECTION('ref_axis',(0.,-1.,8.67361737988404E-16));
#4879=DIRECTION('center_axis',(0.,-8.67361737988404E-16,-1.));
#4880=DIRECTION('ref_axis',(0.,-1.,8.67361737988404E-16));
#4881=DIRECTION('center_axis',(0.,-8.67361737988404E-16,-1.));
#4882=DIRECTION('ref_axis',(0.,-1.,8.67361737988404E-16));
#4883=DIRECTION('center_axis',(0.,-8.67361737988404E-16,-1.));
#4884=DIRECTION('ref_axis',(0.,-1.,8.67361737988404E-16));
#4885=DIRECTION('center_axis',(0.,-8.67361737988404E-16,-1.));
#4886=DIRECTION('ref_axis',(0.,-1.,8.67361737988404E-16));
#4887=DIRECTION('center_axis',(0.,-1.30104260698261E-15,1.));
#4888=DIRECTION('ref_axis',(0.,-1.,-1.30104260698261E-15));
#4889=DIRECTION('center_axis',(0.,-1.30104260698261E-15,1.));
#4890=DIRECTION('ref_axis',(0.,-1.,-1.30104260698261E-15));
#4891=DIRECTION('center_axis',(0.,-1.30104260698261E-15,1.));
#4892=DIRECTION('ref_axis',(0.,-1.,-1.30104260698261E-15));
#4893=DIRECTION('center_axis',(0.,-1.30104260698261E-15,1.));
#4894=DIRECTION('ref_axis',(0.,-1.,-1.30104260698261E-15));
#4895=DIRECTION('center_axis',(0.,-1.30104260698261E-15,1.));
#4896=DIRECTION('ref_axis',(0.,-1.,-1.30104260698261E-15));
#4897=DIRECTION('center_axis',(0.,-1.30104260698261E-15,1.));
#4898=DIRECTION('ref_axis',(0.,-1.,-1.30104260698261E-15));
#4899=DIRECTION('center_axis',(0.,-1.30104260698261E-15,1.));
#4900=DIRECTION('ref_axis',(0.,-1.,-1.30104260698261E-15));
#4901=DIRECTION('center_axis',(0.,-1.30104260698261E-15,1.));
#4902=DIRECTION('ref_axis',(0.,-1.,-1.30104260698261E-15));
#4903=DIRECTION('center_axis',(-1.,0.,0.));
#4904=DIRECTION('ref_axis',(0.,0.,1.));
#4905=DIRECTION('',(0.,1.,8.53702498020082E-17));
#4906=DIRECTION('',(0.,1.,8.53702498020082E-17));
#4907=DIRECTION('center_axis',(-3.38813178901719E-16,8.53702498020082E-17,
-1.));
#4908=DIRECTION('ref_axis',(-1.,0.,3.38813178901719E-16));
#4909=DIRECTION('',(0.,1.,8.53702498020082E-17));
#4910=DIRECTION('center_axis',(1.,0.,0.));
#4911=DIRECTION('ref_axis',(0.,1.,0.));
#4912=DIRECTION('',(0.,1.,8.53702498020082E-17));
#4913=DIRECTION('center_axis',(-1.6940658945086E-16,-8.53702498020082E-17,
1.));
#4914=DIRECTION('ref_axis',(1.,0.,1.6940658945086E-16));
#4915=DIRECTION('center_axis',(-1.,0.,0.));
#4916=DIRECTION('ref_axis',(0.,0.,1.));
#4917=DIRECTION('',(0.,1.,8.53702498020082E-17));
#4918=DIRECTION('',(0.,1.,8.53702498020082E-17));
#4919=DIRECTION('center_axis',(-3.38813178901719E-16,8.53702498020082E-17,
-1.));
#4920=DIRECTION('ref_axis',(-1.,0.,3.38813178901719E-16));
#4921=DIRECTION('',(0.,1.,8.53702498020082E-17));
#4922=DIRECTION('center_axis',(1.,0.,0.));
#4923=DIRECTION('ref_axis',(0.,1.,0.));
#4924=DIRECTION('',(0.,1.,8.53702498020082E-17));
#4925=DIRECTION('center_axis',(-1.6940658945086E-16,-8.53702498020082E-17,
1.));
#4926=DIRECTION('ref_axis',(1.,0.,1.6940658945086E-16));
#4927=DIRECTION('center_axis',(-1.,0.,0.));
#4928=DIRECTION('ref_axis',(0.,0.,1.));
#4929=DIRECTION('',(0.,1.,8.53702498020082E-17));
#4930=DIRECTION('',(0.,1.,8.53702498020082E-17));
#4931=DIRECTION('center_axis',(-3.38813178901719E-16,8.53702498020082E-17,
-1.));
#4932=DIRECTION('ref_axis',(-1.,0.,3.38813178901719E-16));
#4933=DIRECTION('',(0.,1.,8.53702498020082E-17));
#4934=DIRECTION('center_axis',(1.,0.,0.));
#4935=DIRECTION('ref_axis',(0.,1.,0.));
#4936=DIRECTION('',(0.,1.,8.53702498020082E-17));
#4937=DIRECTION('center_axis',(-1.6940658945086E-16,-8.53702498020082E-17,
1.));
#4938=DIRECTION('ref_axis',(1.,0.,1.6940658945086E-16));
#4939=DIRECTION('center_axis',(-1.,0.,0.));
#4940=DIRECTION('ref_axis',(0.,0.,1.));
#4941=DIRECTION('',(0.,1.,8.53702498020082E-17));
#4942=DIRECTION('',(0.,1.,8.53702498020082E-17));
#4943=DIRECTION('center_axis',(-3.38813178901719E-16,8.53702498020082E-17,
-1.));
#4944=DIRECTION('ref_axis',(-1.,0.,3.38813178901719E-16));
#4945=DIRECTION('',(0.,1.,8.53702498020082E-17));
#4946=DIRECTION('center_axis',(1.,0.,0.));
#4947=DIRECTION('ref_axis',(0.,1.,0.));
#4948=DIRECTION('',(0.,1.,8.53702498020082E-17));
#4949=DIRECTION('center_axis',(-1.6940658945086E-16,-8.53702498020082E-17,
1.));
#4950=DIRECTION('ref_axis',(1.,0.,1.6940658945086E-16));
#4951=DIRECTION('center_axis',(-1.,0.,0.));
#4952=DIRECTION('ref_axis',(0.,0.,1.));
#4953=DIRECTION('',(0.,1.,8.53702498020082E-17));
#4954=DIRECTION('',(0.,1.,8.53702498020082E-17));
#4955=DIRECTION('center_axis',(-3.38813178901719E-16,8.53702498020082E-17,
-1.));
#4956=DIRECTION('ref_axis',(-1.,0.,3.38813178901719E-16));
#4957=DIRECTION('',(0.,1.,8.53702498020082E-17));
#4958=DIRECTION('center_axis',(1.,0.,0.));
#4959=DIRECTION('ref_axis',(0.,1.,0.));
#4960=DIRECTION('',(0.,1.,8.53702498020082E-17));
#4961=DIRECTION('center_axis',(-1.6940658945086E-16,-8.53702498020082E-17,
1.));
#4962=DIRECTION('ref_axis',(1.,0.,1.6940658945086E-16));
#4963=DIRECTION('center_axis',(-1.,0.,0.));
#4964=DIRECTION('ref_axis',(0.,0.,1.));
#4965=DIRECTION('',(0.,1.,8.53702498020082E-17));
#4966=DIRECTION('',(0.,1.,8.53702498020082E-17));
#4967=DIRECTION('center_axis',(-3.38813178901719E-16,8.53702498020082E-17,
-1.));
#4968=DIRECTION('ref_axis',(-1.,0.,3.38813178901719E-16));
#4969=DIRECTION('',(0.,1.,8.53702498020082E-17));
#4970=DIRECTION('center_axis',(1.,0.,0.));
#4971=DIRECTION('ref_axis',(0.,1.,0.));
#4972=DIRECTION('',(0.,1.,8.53702498020082E-17));
#4973=DIRECTION('center_axis',(-1.6940658945086E-16,-8.53702498020082E-17,
1.));
#4974=DIRECTION('ref_axis',(1.,0.,1.6940658945086E-16));
#4975=DIRECTION('center_axis',(-1.,0.,0.));
#4976=DIRECTION('ref_axis',(0.,0.,1.));
#4977=DIRECTION('',(0.,1.,8.53702498020082E-17));
#4978=DIRECTION('',(0.,1.,8.53702498020082E-17));
#4979=DIRECTION('center_axis',(-3.38813178901719E-16,8.53702498020082E-17,
-1.));
#4980=DIRECTION('ref_axis',(-1.,0.,3.38813178901719E-16));
#4981=DIRECTION('',(0.,1.,8.53702498020082E-17));
#4982=DIRECTION('center_axis',(1.,0.,0.));
#4983=DIRECTION('ref_axis',(0.,1.,0.));
#4984=DIRECTION('',(0.,1.,8.53702498020082E-17));
#4985=DIRECTION('center_axis',(-1.6940658945086E-16,-8.53702498020082E-17,
1.));
#4986=DIRECTION('ref_axis',(1.,0.,1.6940658945086E-16));
#4987=DIRECTION('center_axis',(-1.06620441642225E-15,1.,2.22044604925031E-16));
#4988=DIRECTION('ref_axis',(4.00070601647151E-16,2.22044604925031E-16,-1.));
#4989=DIRECTION('',(4.00070601647151E-16,2.22044604925031E-16,-1.));
#4990=DIRECTION('',(1.,1.06620441642225E-15,4.00070601647151E-16));
#4991=DIRECTION('',(-4.00070601647151E-16,-2.22044604925031E-16,1.));
#4992=DIRECTION('',(1.,1.06620441642225E-15,4.00070601647149E-16));
#4993=DIRECTION('center_axis',(1.,1.14136574553736E-15,4.00070601647151E-16));
#4994=DIRECTION('ref_axis',(-1.14136574553736E-15,1.,2.22044604925031E-16));
#4995=DIRECTION('',(-1.14136574553736E-15,1.,2.22044604925031E-16));
#4996=DIRECTION('',(-4.00070601647151E-16,-2.22044604925032E-16,1.));
#4997=DIRECTION('',(-1.14136574553736E-15,1.,2.22044604925031E-16));
#4998=DIRECTION('',(4.00070601647151E-16,2.22044604925032E-16,-1.));
#4999=DIRECTION('center_axis',(-7.06531187721911E-15,-1.,-2.22044604925034E-16));
#5000=DIRECTION('ref_axis',(1.,-7.06531187721911E-15,4.00070601647149E-16));
#5001=DIRECTION('',(-4.00070601647151E-16,-2.22044604925031E-16,1.));
#5002=DIRECTION('',(-1.,7.06531187721911E-15,-4.00070601647145E-16));
#5003=DIRECTION('',(4.0007060164715E-16,2.22044604925031E-16,-1.));
#5004=DIRECTION('',(-1.,7.06531187721911E-15,-4.0007060164715E-16));
#5005=DIRECTION('center_axis',(-1.,-1.06620441642225E-15,-4.00070601647151E-16));
#5006=DIRECTION('ref_axis',(1.06620441642225E-15,-1.,-2.22044604925031E-16));
#5007=DIRECTION('',(1.06620441642225E-15,-1.,-2.22044604925031E-16));
#5008=DIRECTION('',(4.00070601647151E-16,2.22044604925031E-16,-1.));
#5009=DIRECTION('',(1.06620441642225E-15,-1.,-2.22044604925031E-16));
#5010=DIRECTION('',(-4.00070601647151E-16,-2.22044604925032E-16,1.));
#5011=DIRECTION('center_axis',(4.00070601647151E-16,2.22044604925031E-16,
-1.));
#5012=DIRECTION('ref_axis',(-1.06620441642225E-15,1.,2.22044604925031E-16));
#5013=DIRECTION('',(-1.,7.0653118772191E-15,-4.00070601647149E-16));
#5014=DIRECTION('',(1.,1.06620441642225E-15,4.00070601647151E-16));
#5015=DIRECTION('center_axis',(4.00070601647151E-16,2.22044604925031E-16,
-1.));
#5016=DIRECTION('ref_axis',(-1.06620441642225E-15,1.,2.22044604925031E-16));
#5017=DIRECTION('',(1.,-7.06531187721911E-15,4.00070601647149E-16));
#5018=DIRECTION('',(-1.,-1.06620441642225E-15,-4.00070601647151E-16));
#5019=DIRECTION('center_axis',(-4.71303730420141E-15,-0.707106781186548,
-0.707106781186547));
#5020=DIRECTION('ref_axis',(-1.,-1.06620441642225E-15,7.73144569199422E-15));
#5021=DIRECTION('',(0.577350269189625,-0.577350269189628,0.577350269189625));
#5022=DIRECTION('',(-0.577350269189625,-0.577350269189624,0.577350269189629));
#5023=DIRECTION('center_axis',(0.707106781186547,-0.707106781186548,1.25883389509704E-16));
#5024=DIRECTION('ref_axis',(4.0007060164715E-16,2.22044604925032E-16,-1.));
#5025=DIRECTION('',(0.577350269189625,0.577350269189624,0.577350269189629));
#5026=DIRECTION('center_axis',(-0.707106781186549,-0.707106781186546,-4.3990188124646E-16));
#5027=DIRECTION('ref_axis',(-4.00070601647151E-16,-2.22044604925031E-16,
1.));
#5028=DIRECTION('',(0.577350269189626,-0.577350269189628,-0.577350269189624));
#5029=DIRECTION('center_axis',(5.27882257495757E-15,0.707106781186548,-0.707106781186547));
#5030=DIRECTION('ref_axis',(1.0368130083613E-15,-0.707106781186547,-0.707106781186548));
#5031=DIRECTION('center_axis',(1.0368130083613E-15,-0.707106781186548,-0.707106781186547));
#5032=DIRECTION('ref_axis',(-1.,-1.06620441642225E-15,-4.0007060164715E-16));
#5033=DIRECTION('',(0.577350269189627,-0.577350269189625,0.577350269189626));
#5034=DIRECTION('',(-0.57735026918962,-0.577350269189629,0.577350269189629));
#5035=DIRECTION('center_axis',(-0.707106781186553,0.707106781186542,-1.25883389509708E-16));
#5036=DIRECTION('ref_axis',(-0.707106781186542,-0.707106781186553,-4.39901881246459E-16));
#5037=DIRECTION('',(0.57735026918962,0.577350269189629,0.577350269189629));
#5038=DIRECTION('center_axis',(0.707106781186546,0.707106781186549,4.3990188124646E-16));
#5039=DIRECTION('ref_axis',(4.00070601647151E-16,2.22044604925031E-16,-1.));
#5040=DIRECTION('',(0.577350269189627,-0.577350269189624,-0.577350269189626));
#5041=DIRECTION('center_axis',(-4.71027737605137E-16,0.707106781186548,
-0.707106781186547));
#5042=DIRECTION('ref_axis',(1.0368130083613E-15,-0.707106781186547,-0.707106781186548));
#5043=DIRECTION('center_axis',(-1.06620441642225E-15,1.,2.22044604925031E-16));
#5044=DIRECTION('ref_axis',(4.00070601647151E-16,2.22044604925031E-16,-1.));
#5045=DIRECTION('',(4.00070601647151E-16,2.22044604925031E-16,-1.));
#5046=DIRECTION('',(1.,1.06620441642225E-15,4.00070601647151E-16));
#5047=DIRECTION('',(-4.00070601647151E-16,-2.22044604925031E-16,1.));
#5048=DIRECTION('',(1.,1.06620441642225E-15,4.00070601647149E-16));
#5049=DIRECTION('center_axis',(1.,1.14136574553736E-15,4.00070601647151E-16));
#5050=DIRECTION('ref_axis',(-1.14136574553736E-15,1.,2.22044604925031E-16));
#5051=DIRECTION('',(-1.14136574553736E-15,1.,2.22044604925031E-16));
#5052=DIRECTION('',(-4.00070601647151E-16,-2.22044604925032E-16,1.));
#5053=DIRECTION('',(-1.14136574553736E-15,1.,2.22044604925031E-16));
#5054=DIRECTION('',(4.00070601647151E-16,2.22044604925032E-16,-1.));
#5055=DIRECTION('center_axis',(-7.06531187721911E-15,-1.,-2.22044604925034E-16));
#5056=DIRECTION('ref_axis',(1.,-7.06531187721911E-15,4.00070601647149E-16));
#5057=DIRECTION('',(-4.00070601647151E-16,-2.22044604925031E-16,1.));
#5058=DIRECTION('',(-1.,7.06531187721911E-15,-4.00070601647145E-16));
#5059=DIRECTION('',(4.0007060164715E-16,2.22044604925031E-16,-1.));
#5060=DIRECTION('',(-1.,7.06531187721911E-15,-4.0007060164715E-16));
#5061=DIRECTION('center_axis',(-1.,-1.06620441642225E-15,-4.00070601647151E-16));
#5062=DIRECTION('ref_axis',(1.06620441642225E-15,-1.,-2.22044604925031E-16));
#5063=DIRECTION('',(1.06620441642225E-15,-1.,-2.22044604925031E-16));
#5064=DIRECTION('',(4.00070601647151E-16,2.22044604925031E-16,-1.));
#5065=DIRECTION('',(1.06620441642225E-15,-1.,-2.22044604925031E-16));
#5066=DIRECTION('',(-4.00070601647151E-16,-2.22044604925032E-16,1.));
#5067=DIRECTION('center_axis',(4.00070601647151E-16,2.22044604925031E-16,
-1.));
#5068=DIRECTION('ref_axis',(-1.06620441642225E-15,1.,2.22044604925031E-16));
#5069=DIRECTION('',(-1.,7.0653118772191E-15,-4.00070601647149E-16));
#5070=DIRECTION('',(1.,1.06620441642225E-15,4.00070601647151E-16));
#5071=DIRECTION('center_axis',(4.00070601647151E-16,2.22044604925031E-16,
-1.));
#5072=DIRECTION('ref_axis',(-1.06620441642225E-15,1.,2.22044604925031E-16));
#5073=DIRECTION('',(1.,-7.06531187721911E-15,4.00070601647149E-16));
#5074=DIRECTION('',(-1.,-1.06620441642225E-15,-4.00070601647151E-16));
#5075=DIRECTION('center_axis',(-4.71303730420141E-15,-0.707106781186548,
-0.707106781186547));
#5076=DIRECTION('ref_axis',(-1.,-1.06620441642225E-15,7.73144569199422E-15));
#5077=DIRECTION('',(0.577350269189625,-0.577350269189628,0.577350269189625));
#5078=DIRECTION('',(-0.577350269189625,-0.577350269189624,0.577350269189629));
#5079=DIRECTION('center_axis',(0.707106781186547,-0.707106781186548,1.25883389509704E-16));
#5080=DIRECTION('ref_axis',(4.0007060164715E-16,2.22044604925032E-16,-1.));
#5081=DIRECTION('',(0.577350269189625,0.577350269189624,0.577350269189629));
#5082=DIRECTION('center_axis',(-0.707106781186549,-0.707106781186546,-4.3990188124646E-16));
#5083=DIRECTION('ref_axis',(-4.00070601647151E-16,-2.22044604925031E-16,
1.));
#5084=DIRECTION('',(0.577350269189626,-0.577350269189628,-0.577350269189624));
#5085=DIRECTION('center_axis',(5.27882257495757E-15,0.707106781186548,-0.707106781186547));
#5086=DIRECTION('ref_axis',(1.0368130083613E-15,-0.707106781186547,-0.707106781186548));
#5087=DIRECTION('center_axis',(1.0368130083613E-15,-0.707106781186548,-0.707106781186547));
#5088=DIRECTION('ref_axis',(-1.,-1.06620441642225E-15,-4.0007060164715E-16));
#5089=DIRECTION('',(0.577350269189627,-0.577350269189625,0.577350269189626));
#5090=DIRECTION('',(-0.57735026918962,-0.577350269189629,0.577350269189629));
#5091=DIRECTION('center_axis',(-0.707106781186553,0.707106781186542,-1.25883389509708E-16));
#5092=DIRECTION('ref_axis',(-0.707106781186542,-0.707106781186553,-4.39901881246459E-16));
#5093=DIRECTION('',(0.57735026918962,0.577350269189629,0.577350269189629));
#5094=DIRECTION('center_axis',(0.707106781186546,0.707106781186549,4.3990188124646E-16));
#5095=DIRECTION('ref_axis',(4.00070601647151E-16,2.22044604925031E-16,-1.));
#5096=DIRECTION('',(0.577350269189627,-0.577350269189624,-0.577350269189626));
#5097=DIRECTION('center_axis',(-4.71027737605137E-16,0.707106781186548,
-0.707106781186547));
#5098=DIRECTION('ref_axis',(1.0368130083613E-15,-0.707106781186547,-0.707106781186548));
#5099=DIRECTION('center_axis',(-1.06620441642225E-15,1.,2.22044604925031E-16));
#5100=DIRECTION('ref_axis',(4.00070601647151E-16,2.22044604925031E-16,-1.));
#5101=DIRECTION('',(4.00070601647151E-16,2.22044604925031E-16,-1.));
#5102=DIRECTION('',(1.,1.06620441642225E-15,4.00070601647151E-16));
#5103=DIRECTION('',(-4.00070601647151E-16,-2.22044604925031E-16,1.));
#5104=DIRECTION('',(1.,1.06620441642225E-15,4.00070601647149E-16));
#5105=DIRECTION('center_axis',(1.,1.14136574553736E-15,4.00070601647151E-16));
#5106=DIRECTION('ref_axis',(-1.14136574553736E-15,1.,2.22044604925031E-16));
#5107=DIRECTION('',(-1.14136574553736E-15,1.,2.22044604925031E-16));
#5108=DIRECTION('',(-4.00070601647151E-16,-2.22044604925032E-16,1.));
#5109=DIRECTION('',(-1.14136574553736E-15,1.,2.22044604925031E-16));
#5110=DIRECTION('',(4.00070601647151E-16,2.22044604925032E-16,-1.));
#5111=DIRECTION('center_axis',(-7.06531187721911E-15,-1.,-2.22044604925034E-16));
#5112=DIRECTION('ref_axis',(1.,-7.06531187721911E-15,4.00070601647149E-16));
#5113=DIRECTION('',(-4.00070601647151E-16,-2.22044604925031E-16,1.));
#5114=DIRECTION('',(-1.,7.06531187721911E-15,-4.00070601647145E-16));
#5115=DIRECTION('',(4.0007060164715E-16,2.22044604925031E-16,-1.));
#5116=DIRECTION('',(-1.,7.06531187721911E-15,-4.0007060164715E-16));
#5117=DIRECTION('center_axis',(-1.,-1.06620441642225E-15,-4.00070601647151E-16));
#5118=DIRECTION('ref_axis',(1.06620441642225E-15,-1.,-2.22044604925031E-16));
#5119=DIRECTION('',(1.06620441642225E-15,-1.,-2.22044604925031E-16));
#5120=DIRECTION('',(4.00070601647151E-16,2.22044604925031E-16,-1.));
#5121=DIRECTION('',(1.06620441642225E-15,-1.,-2.22044604925031E-16));
#5122=DIRECTION('',(-4.00070601647151E-16,-2.22044604925032E-16,1.));
#5123=DIRECTION('center_axis',(4.00070601647151E-16,2.22044604925031E-16,
-1.));
#5124=DIRECTION('ref_axis',(-1.06620441642225E-15,1.,2.22044604925031E-16));
#5125=DIRECTION('',(-1.,7.0653118772191E-15,-4.00070601647149E-16));
#5126=DIRECTION('',(1.,1.06620441642225E-15,4.00070601647151E-16));
#5127=DIRECTION('center_axis',(4.00070601647151E-16,2.22044604925031E-16,
-1.));
#5128=DIRECTION('ref_axis',(-1.06620441642225E-15,1.,2.22044604925031E-16));
#5129=DIRECTION('',(1.,-7.06531187721911E-15,4.00070601647149E-16));
#5130=DIRECTION('',(-1.,-1.06620441642225E-15,-4.00070601647151E-16));
#5131=DIRECTION('center_axis',(-4.71303730420141E-15,-0.707106781186548,
-0.707106781186547));
#5132=DIRECTION('ref_axis',(-1.,-1.06620441642225E-15,7.73144569199422E-15));
#5133=DIRECTION('',(0.577350269189625,-0.577350269189628,0.577350269189625));
#5134=DIRECTION('',(-0.577350269189625,-0.577350269189624,0.577350269189629));
#5135=DIRECTION('center_axis',(0.707106781186547,-0.707106781186548,1.25883389509704E-16));
#5136=DIRECTION('ref_axis',(4.0007060164715E-16,2.22044604925032E-16,-1.));
#5137=DIRECTION('',(0.577350269189625,0.577350269189624,0.577350269189629));
#5138=DIRECTION('center_axis',(-0.707106781186549,-0.707106781186546,-4.3990188124646E-16));
#5139=DIRECTION('ref_axis',(-4.00070601647151E-16,-2.22044604925031E-16,
1.));
#5140=DIRECTION('',(0.577350269189626,-0.577350269189628,-0.577350269189624));
#5141=DIRECTION('center_axis',(5.27882257495757E-15,0.707106781186548,-0.707106781186547));
#5142=DIRECTION('ref_axis',(1.0368130083613E-15,-0.707106781186547,-0.707106781186548));
#5143=DIRECTION('center_axis',(1.0368130083613E-15,-0.707106781186548,-0.707106781186547));
#5144=DIRECTION('ref_axis',(-1.,-1.06620441642225E-15,-4.0007060164715E-16));
#5145=DIRECTION('',(0.577350269189627,-0.577350269189625,0.577350269189626));
#5146=DIRECTION('',(-0.57735026918962,-0.577350269189629,0.577350269189629));
#5147=DIRECTION('center_axis',(-0.707106781186553,0.707106781186542,-1.25883389509708E-16));
#5148=DIRECTION('ref_axis',(-0.707106781186542,-0.707106781186553,-4.39901881246459E-16));
#5149=DIRECTION('',(0.57735026918962,0.577350269189629,0.577350269189629));
#5150=DIRECTION('center_axis',(0.707106781186546,0.707106781186549,4.3990188124646E-16));
#5151=DIRECTION('ref_axis',(4.00070601647151E-16,2.22044604925031E-16,-1.));
#5152=DIRECTION('',(0.577350269189627,-0.577350269189624,-0.577350269189626));
#5153=DIRECTION('center_axis',(-4.71027737605137E-16,0.707106781186548,
-0.707106781186547));
#5154=DIRECTION('ref_axis',(1.0368130083613E-15,-0.707106781186547,-0.707106781186548));
#5155=DIRECTION('center_axis',(-1.06620441642225E-15,1.,2.22044604925031E-16));
#5156=DIRECTION('ref_axis',(4.00070601647151E-16,2.22044604925031E-16,-1.));
#5157=DIRECTION('',(4.00070601647151E-16,2.22044604925031E-16,-1.));
#5158=DIRECTION('',(1.,1.06620441642225E-15,4.00070601647151E-16));
#5159=DIRECTION('',(-4.00070601647151E-16,-2.22044604925031E-16,1.));
#5160=DIRECTION('',(1.,1.06620441642225E-15,4.00070601647149E-16));
#5161=DIRECTION('center_axis',(1.,1.14136574553736E-15,4.00070601647151E-16));
#5162=DIRECTION('ref_axis',(-1.14136574553736E-15,1.,2.22044604925031E-16));
#5163=DIRECTION('',(-1.14136574553736E-15,1.,2.22044604925031E-16));
#5164=DIRECTION('',(-4.00070601647151E-16,-2.22044604925032E-16,1.));
#5165=DIRECTION('',(-1.14136574553736E-15,1.,2.22044604925031E-16));
#5166=DIRECTION('',(4.00070601647151E-16,2.22044604925032E-16,-1.));
#5167=DIRECTION('center_axis',(-7.06531187721911E-15,-1.,-2.22044604925034E-16));
#5168=DIRECTION('ref_axis',(1.,-7.06531187721911E-15,4.00070601647149E-16));
#5169=DIRECTION('',(-4.00070601647151E-16,-2.22044604925031E-16,1.));
#5170=DIRECTION('',(-1.,7.06531187721911E-15,-4.00070601647145E-16));
#5171=DIRECTION('',(4.0007060164715E-16,2.22044604925031E-16,-1.));
#5172=DIRECTION('',(-1.,7.06531187721911E-15,-4.0007060164715E-16));
#5173=DIRECTION('center_axis',(-1.,-1.06620441642225E-15,-4.00070601647151E-16));
#5174=DIRECTION('ref_axis',(1.06620441642225E-15,-1.,-2.22044604925031E-16));
#5175=DIRECTION('',(1.06620441642225E-15,-1.,-2.22044604925031E-16));
#5176=DIRECTION('',(4.00070601647151E-16,2.22044604925031E-16,-1.));
#5177=DIRECTION('',(1.06620441642225E-15,-1.,-2.22044604925031E-16));
#5178=DIRECTION('',(-4.00070601647151E-16,-2.22044604925032E-16,1.));
#5179=DIRECTION('center_axis',(4.00070601647151E-16,2.22044604925031E-16,
-1.));
#5180=DIRECTION('ref_axis',(-1.06620441642225E-15,1.,2.22044604925031E-16));
#5181=DIRECTION('',(-1.,7.0653118772191E-15,-4.00070601647149E-16));
#5182=DIRECTION('',(1.,1.06620441642225E-15,4.00070601647151E-16));
#5183=DIRECTION('center_axis',(4.00070601647151E-16,2.22044604925031E-16,
-1.));
#5184=DIRECTION('ref_axis',(-1.06620441642225E-15,1.,2.22044604925031E-16));
#5185=DIRECTION('',(1.,-7.06531187721911E-15,4.00070601647149E-16));
#5186=DIRECTION('',(-1.,-1.06620441642225E-15,-4.00070601647151E-16));
#5187=DIRECTION('center_axis',(-4.71303730420141E-15,-0.707106781186548,
-0.707106781186547));
#5188=DIRECTION('ref_axis',(-1.,-1.06620441642225E-15,7.73144569199422E-15));
#5189=DIRECTION('',(-0.577350269189625,0.577350269189628,-0.577350269189625));
#5190=DIRECTION('',(-0.577350269189625,-0.577350269189624,0.577350269189629));
#5191=DIRECTION('center_axis',(0.707106781186547,-0.707106781186548,1.25883389509704E-16));
#5192=DIRECTION('ref_axis',(4.0007060164715E-16,2.22044604925032E-16,-1.));
#5193=DIRECTION('',(0.577350269189625,0.577350269189624,0.577350269189629));
#5194=DIRECTION('center_axis',(-0.707106781186549,-0.707106781186546,-4.3990188124646E-16));
#5195=DIRECTION('ref_axis',(-4.00070601647151E-16,-2.22044604925031E-16,
1.));
#5196=DIRECTION('',(0.577350269189626,-0.577350269189628,-0.577350269189624));
#5197=DIRECTION('center_axis',(5.27882257495757E-15,0.707106781186548,-0.707106781186547));
#5198=DIRECTION('ref_axis',(1.0368130083613E-15,-0.707106781186547,-0.707106781186548));
#5199=DIRECTION('center_axis',(1.0368130083613E-15,-0.707106781186548,-0.707106781186547));
#5200=DIRECTION('ref_axis',(-1.,-1.06620441642225E-15,-4.0007060164715E-16));
#5201=DIRECTION('',(0.577350269189627,-0.577350269189625,0.577350269189626));
#5202=DIRECTION('',(-0.57735026918962,-0.577350269189629,0.577350269189629));
#5203=DIRECTION('center_axis',(-0.707106781186553,0.707106781186542,-1.25883389509708E-16));
#5204=DIRECTION('ref_axis',(-0.707106781186542,-0.707106781186553,-4.39901881246459E-16));
#5205=DIRECTION('',(0.57735026918962,0.577350269189629,0.577350269189629));
#5206=DIRECTION('center_axis',(0.707106781186546,0.707106781186549,4.3990188124646E-16));
#5207=DIRECTION('ref_axis',(4.00070601647151E-16,2.22044604925031E-16,-1.));
#5208=DIRECTION('',(0.577350269189627,-0.577350269189624,-0.577350269189626));
#5209=DIRECTION('center_axis',(-4.71027737605137E-16,0.707106781186548,
-0.707106781186547));
#5210=DIRECTION('ref_axis',(1.0368130083613E-15,-0.707106781186547,-0.707106781186548));
#5211=DIRECTION('center_axis',(-1.06620441642225E-15,1.,2.22044604925031E-16));
#5212=DIRECTION('ref_axis',(4.00070601647151E-16,2.22044604925031E-16,-1.));
#5213=DIRECTION('',(4.00070601647151E-16,2.22044604925031E-16,-1.));
#5214=DIRECTION('',(1.,1.06620441642225E-15,4.00070601647151E-16));
#5215=DIRECTION('',(-4.00070601647151E-16,-2.22044604925031E-16,1.));
#5216=DIRECTION('',(1.,1.06620441642225E-15,4.00070601647149E-16));
#5217=DIRECTION('center_axis',(1.,1.14136574553736E-15,4.00070601647151E-16));
#5218=DIRECTION('ref_axis',(-1.14136574553736E-15,1.,2.22044604925031E-16));
#5219=DIRECTION('',(-1.14136574553736E-15,1.,2.22044604925031E-16));
#5220=DIRECTION('',(-4.00070601647151E-16,-2.22044604925032E-16,1.));
#5221=DIRECTION('',(-1.14136574553736E-15,1.,2.22044604925031E-16));
#5222=DIRECTION('',(4.00070601647151E-16,2.22044604925032E-16,-1.));
#5223=DIRECTION('center_axis',(-7.06531187721911E-15,-1.,-2.22044604925034E-16));
#5224=DIRECTION('ref_axis',(1.,-7.06531187721911E-15,4.00070601647149E-16));
#5225=DIRECTION('',(-4.00070601647151E-16,-2.22044604925031E-16,1.));
#5226=DIRECTION('',(-1.,7.06531187721911E-15,-4.00070601647145E-16));
#5227=DIRECTION('',(4.0007060164715E-16,2.22044604925031E-16,-1.));
#5228=DIRECTION('',(-1.,7.06531187721911E-15,-4.0007060164715E-16));
#5229=DIRECTION('center_axis',(-1.,-1.06620441642225E-15,-4.00070601647151E-16));
#5230=DIRECTION('ref_axis',(1.06620441642225E-15,-1.,-2.22044604925031E-16));
#5231=DIRECTION('',(1.06620441642225E-15,-1.,-2.22044604925031E-16));
#5232=DIRECTION('',(4.00070601647151E-16,2.22044604925031E-16,-1.));
#5233=DIRECTION('',(1.06620441642225E-15,-1.,-2.22044604925031E-16));
#5234=DIRECTION('',(-4.00070601647151E-16,-2.22044604925032E-16,1.));
#5235=DIRECTION('center_axis',(4.00070601647151E-16,2.22044604925031E-16,
-1.));
#5236=DIRECTION('ref_axis',(-1.06620441642225E-15,1.,2.22044604925031E-16));
#5237=DIRECTION('',(-1.,7.0653118772191E-15,-4.00070601647149E-16));
#5238=DIRECTION('',(1.,1.06620441642225E-15,4.00070601647151E-16));
#5239=DIRECTION('center_axis',(4.00070601647151E-16,2.22044604925031E-16,
-1.));
#5240=DIRECTION('ref_axis',(-1.06620441642225E-15,1.,2.22044604925031E-16));
#5241=DIRECTION('',(1.,-7.06531187721911E-15,4.00070601647149E-16));
#5242=DIRECTION('',(-1.,-1.06620441642225E-15,-4.00070601647151E-16));
#5243=DIRECTION('center_axis',(-4.71303730420141E-15,-0.707106781186548,
-0.707106781186547));
#5244=DIRECTION('ref_axis',(-1.,-1.06620441642225E-15,7.73144569199422E-15));
#5245=DIRECTION('',(0.577350269189625,-0.577350269189628,0.577350269189625));
#5246=DIRECTION('',(-0.577350269189625,-0.577350269189624,0.577350269189629));
#5247=DIRECTION('center_axis',(0.707106781186547,-0.707106781186548,1.25883389509704E-16));
#5248=DIRECTION('ref_axis',(4.0007060164715E-16,2.22044604925032E-16,-1.));
#5249=DIRECTION('',(0.577350269189625,0.577350269189624,0.577350269189629));
#5250=DIRECTION('center_axis',(-0.707106781186549,-0.707106781186546,-4.3990188124646E-16));
#5251=DIRECTION('ref_axis',(-4.00070601647151E-16,-2.22044604925031E-16,
1.));
#5252=DIRECTION('',(0.577350269189626,-0.577350269189628,-0.577350269189624));
#5253=DIRECTION('center_axis',(5.27882257495757E-15,0.707106781186548,-0.707106781186547));
#5254=DIRECTION('ref_axis',(1.0368130083613E-15,-0.707106781186547,-0.707106781186548));
#5255=DIRECTION('center_axis',(1.0368130083613E-15,-0.707106781186548,-0.707106781186547));
#5256=DIRECTION('ref_axis',(-1.,-1.06620441642225E-15,-4.0007060164715E-16));
#5257=DIRECTION('',(0.577350269189627,-0.577350269189625,0.577350269189626));
#5258=DIRECTION('',(-0.57735026918962,-0.577350269189629,0.577350269189629));
#5259=DIRECTION('center_axis',(-0.707106781186553,0.707106781186542,-1.25883389509708E-16));
#5260=DIRECTION('ref_axis',(-0.707106781186542,-0.707106781186553,-4.39901881246459E-16));
#5261=DIRECTION('',(0.57735026918962,0.577350269189629,0.577350269189629));
#5262=DIRECTION('center_axis',(0.707106781186546,0.707106781186549,4.3990188124646E-16));
#5263=DIRECTION('ref_axis',(4.00070601647151E-16,2.22044604925031E-16,-1.));
#5264=DIRECTION('',(0.577350269189627,-0.577350269189624,-0.577350269189626));
#5265=DIRECTION('center_axis',(-4.71027737605137E-16,0.707106781186548,
-0.707106781186547));
#5266=DIRECTION('ref_axis',(1.0368130083613E-15,-0.707106781186547,-0.707106781186548));
#5267=DIRECTION('center_axis',(-1.06620441642225E-15,1.,2.22044604925031E-16));
#5268=DIRECTION('ref_axis',(4.00070601647151E-16,2.22044604925031E-16,-1.));
#5269=DIRECTION('',(4.00070601647151E-16,2.22044604925031E-16,-1.));
#5270=DIRECTION('',(1.,1.06620441642225E-15,4.00070601647151E-16));
#5271=DIRECTION('',(-4.00070601647151E-16,-2.22044604925031E-16,1.));
#5272=DIRECTION('',(1.,1.06620441642225E-15,4.00070601647149E-16));
#5273=DIRECTION('center_axis',(1.,1.14136574553736E-15,4.00070601647151E-16));
#5274=DIRECTION('ref_axis',(-1.14136574553736E-15,1.,2.22044604925031E-16));
#5275=DIRECTION('',(-1.14136574553736E-15,1.,2.22044604925031E-16));
#5276=DIRECTION('',(-4.00070601647151E-16,-2.22044604925032E-16,1.));
#5277=DIRECTION('',(-1.14136574553736E-15,1.,2.22044604925031E-16));
#5278=DIRECTION('',(4.00070601647151E-16,2.22044604925032E-16,-1.));
#5279=DIRECTION('center_axis',(-7.06531187721911E-15,-1.,-2.22044604925034E-16));
#5280=DIRECTION('ref_axis',(1.,-7.06531187721911E-15,4.00070601647149E-16));
#5281=DIRECTION('',(-4.00070601647151E-16,-2.22044604925031E-16,1.));
#5282=DIRECTION('',(-1.,7.06531187721911E-15,-4.00070601647145E-16));
#5283=DIRECTION('',(4.0007060164715E-16,2.22044604925031E-16,-1.));
#5284=DIRECTION('',(-1.,7.06531187721911E-15,-4.0007060164715E-16));
#5285=DIRECTION('center_axis',(-1.,-1.06620441642225E-15,-4.00070601647151E-16));
#5286=DIRECTION('ref_axis',(1.06620441642225E-15,-1.,-2.22044604925031E-16));
#5287=DIRECTION('',(1.06620441642225E-15,-1.,-2.22044604925031E-16));
#5288=DIRECTION('',(4.00070601647151E-16,2.22044604925031E-16,-1.));
#5289=DIRECTION('',(1.06620441642225E-15,-1.,-2.22044604925031E-16));
#5290=DIRECTION('',(-4.00070601647151E-16,-2.22044604925032E-16,1.));
#5291=DIRECTION('center_axis',(4.00070601647151E-16,2.22044604925031E-16,
-1.));
#5292=DIRECTION('ref_axis',(-1.06620441642225E-15,1.,2.22044604925031E-16));
#5293=DIRECTION('',(-1.,7.0653118772191E-15,-4.00070601647149E-16));
#5294=DIRECTION('',(1.,1.06620441642225E-15,4.00070601647151E-16));
#5295=DIRECTION('center_axis',(4.00070601647151E-16,2.22044604925031E-16,
-1.));
#5296=DIRECTION('ref_axis',(-1.06620441642225E-15,1.,2.22044604925031E-16));
#5297=DIRECTION('',(1.,-7.06531187721911E-15,4.00070601647149E-16));
#5298=DIRECTION('',(-1.,-1.06620441642225E-15,-4.00070601647151E-16));
#5299=DIRECTION('center_axis',(-4.71303730420141E-15,-0.707106781186548,
-0.707106781186547));
#5300=DIRECTION('ref_axis',(-1.,-1.06620441642225E-15,7.73144569199422E-15));
#5301=DIRECTION('',(0.577350269189625,-0.577350269189628,0.577350269189625));
#5302=DIRECTION('',(-0.577350269189625,-0.577350269189624,0.577350269189629));
#5303=DIRECTION('center_axis',(0.707106781186547,-0.707106781186548,1.25883389509704E-16));
#5304=DIRECTION('ref_axis',(4.0007060164715E-16,2.22044604925032E-16,-1.));
#5305=DIRECTION('',(0.577350269189625,0.577350269189624,0.577350269189629));
#5306=DIRECTION('center_axis',(-0.707106781186549,-0.707106781186546,-4.3990188124646E-16));
#5307=DIRECTION('ref_axis',(-4.00070601647151E-16,-2.22044604925031E-16,
1.));
#5308=DIRECTION('',(0.577350269189626,-0.577350269189628,-0.577350269189624));
#5309=DIRECTION('center_axis',(5.27882257495757E-15,0.707106781186548,-0.707106781186547));
#5310=DIRECTION('ref_axis',(1.0368130083613E-15,-0.707106781186547,-0.707106781186548));
#5311=DIRECTION('center_axis',(1.0368130083613E-15,-0.707106781186548,-0.707106781186547));
#5312=DIRECTION('ref_axis',(-1.,-1.06620441642225E-15,-4.0007060164715E-16));
#5313=DIRECTION('',(0.577350269189627,-0.577350269189625,0.577350269189626));
#5314=DIRECTION('',(-0.57735026918962,-0.577350269189629,0.577350269189629));
#5315=DIRECTION('center_axis',(-0.707106781186553,0.707106781186542,-1.25883389509708E-16));
#5316=DIRECTION('ref_axis',(-0.707106781186542,-0.707106781186553,-4.39901881246459E-16));
#5317=DIRECTION('',(0.57735026918962,0.577350269189629,0.577350269189629));
#5318=DIRECTION('center_axis',(0.707106781186546,0.707106781186549,4.3990188124646E-16));
#5319=DIRECTION('ref_axis',(4.00070601647151E-16,2.22044604925031E-16,-1.));
#5320=DIRECTION('',(0.577350269189627,-0.577350269189624,-0.577350269189626));
#5321=DIRECTION('center_axis',(-4.71027737605137E-16,0.707106781186548,
-0.707106781186547));
#5322=DIRECTION('ref_axis',(1.0368130083613E-15,-0.707106781186547,-0.707106781186548));
#5323=DIRECTION('center_axis',(-1.06620441642225E-15,1.,2.22044604925031E-16));
#5324=DIRECTION('ref_axis',(4.00070601647151E-16,2.22044604925031E-16,-1.));
#5325=DIRECTION('',(4.00070601647151E-16,2.22044604925031E-16,-1.));
#5326=DIRECTION('',(1.,1.06620441642225E-15,4.00070601647151E-16));
#5327=DIRECTION('',(-4.00070601647151E-16,-2.22044604925031E-16,1.));
#5328=DIRECTION('',(1.,1.06620441642225E-15,4.00070601647149E-16));
#5329=DIRECTION('center_axis',(1.,1.14136574553736E-15,4.00070601647151E-16));
#5330=DIRECTION('ref_axis',(-1.14136574553736E-15,1.,2.22044604925031E-16));
#5331=DIRECTION('',(-1.14136574553736E-15,1.,2.22044604925031E-16));
#5332=DIRECTION('',(-4.00070601647151E-16,-2.22044604925032E-16,1.));
#5333=DIRECTION('',(-1.14136574553736E-15,1.,2.22044604925031E-16));
#5334=DIRECTION('',(4.00070601647151E-16,2.22044604925032E-16,-1.));
#5335=DIRECTION('center_axis',(-7.06531187721911E-15,-1.,-2.22044604925034E-16));
#5336=DIRECTION('ref_axis',(1.,-7.06531187721911E-15,4.00070601647149E-16));
#5337=DIRECTION('',(-4.00070601647151E-16,-2.22044604925031E-16,1.));
#5338=DIRECTION('',(-1.,7.06531187721911E-15,-4.00070601647145E-16));
#5339=DIRECTION('',(4.0007060164715E-16,2.22044604925031E-16,-1.));
#5340=DIRECTION('',(-1.,7.06531187721911E-15,-4.0007060164715E-16));
#5341=DIRECTION('center_axis',(-1.,-1.06620441642225E-15,-4.00070601647151E-16));
#5342=DIRECTION('ref_axis',(1.06620441642225E-15,-1.,-2.22044604925031E-16));
#5343=DIRECTION('',(1.06620441642225E-15,-1.,-2.22044604925031E-16));
#5344=DIRECTION('',(4.00070601647151E-16,2.22044604925031E-16,-1.));
#5345=DIRECTION('',(1.06620441642225E-15,-1.,-2.22044604925031E-16));
#5346=DIRECTION('',(-4.00070601647151E-16,-2.22044604925032E-16,1.));
#5347=DIRECTION('center_axis',(4.00070601647151E-16,2.22044604925031E-16,
-1.));
#5348=DIRECTION('ref_axis',(-1.06620441642225E-15,1.,2.22044604925031E-16));
#5349=DIRECTION('',(-1.,7.0653118772191E-15,-4.00070601647149E-16));
#5350=DIRECTION('',(1.,1.06620441642225E-15,4.00070601647151E-16));
#5351=DIRECTION('center_axis',(4.00070601647151E-16,2.22044604925031E-16,
-1.));
#5352=DIRECTION('ref_axis',(-1.06620441642225E-15,1.,2.22044604925031E-16));
#5353=DIRECTION('',(1.,-7.06531187721911E-15,4.00070601647149E-16));
#5354=DIRECTION('',(-1.,-1.06620441642225E-15,-4.00070601647151E-16));
#5355=DIRECTION('center_axis',(-4.71303730420141E-15,-0.707106781186548,
-0.707106781186547));
#5356=DIRECTION('ref_axis',(-1.,-1.06620441642225E-15,7.73144569199422E-15));
#5357=DIRECTION('',(-0.577350269189625,0.577350269189628,-0.577350269189625));
#5358=DIRECTION('',(-0.577350269189625,-0.577350269189624,0.577350269189629));
#5359=DIRECTION('center_axis',(0.707106781186547,-0.707106781186548,1.25883389509704E-16));
#5360=DIRECTION('ref_axis',(4.0007060164715E-16,2.22044604925032E-16,-1.));
#5361=DIRECTION('',(0.577350269189625,0.577350269189624,0.577350269189629));
#5362=DIRECTION('center_axis',(-0.707106781186549,-0.707106781186546,-4.3990188124646E-16));
#5363=DIRECTION('ref_axis',(-4.00070601647151E-16,-2.22044604925031E-16,
1.));
#5364=DIRECTION('',(-0.577350269189626,0.577350269189628,0.577350269189624));
#5365=DIRECTION('center_axis',(5.27882257495757E-15,0.707106781186548,-0.707106781186547));
#5366=DIRECTION('ref_axis',(1.0368130083613E-15,-0.707106781186547,-0.707106781186548));
#5367=DIRECTION('center_axis',(1.0368130083613E-15,-0.707106781186548,-0.707106781186547));
#5368=DIRECTION('ref_axis',(-1.,-1.06620441642225E-15,-4.0007060164715E-16));
#5369=DIRECTION('',(0.577350269189627,-0.577350269189625,0.577350269189626));
#5370=DIRECTION('',(-0.57735026918962,-0.577350269189629,0.577350269189629));
#5371=DIRECTION('center_axis',(-0.707106781186553,0.707106781186542,-1.25883389509708E-16));
#5372=DIRECTION('ref_axis',(-0.707106781186542,-0.707106781186553,-4.39901881246459E-16));
#5373=DIRECTION('',(0.57735026918962,0.577350269189629,0.577350269189629));
#5374=DIRECTION('center_axis',(0.707106781186546,0.707106781186549,4.3990188124646E-16));
#5375=DIRECTION('ref_axis',(4.00070601647151E-16,2.22044604925031E-16,-1.));
#5376=DIRECTION('',(0.577350269189627,-0.577350269189624,-0.577350269189626));
#5377=DIRECTION('center_axis',(-4.71027737605137E-16,0.707106781186548,
-0.707106781186547));
#5378=DIRECTION('ref_axis',(1.0368130083613E-15,-0.707106781186547,-0.707106781186548));
#5379=DIRECTION('center_axis',(-1.06620441642225E-15,1.,2.22044604925031E-16));
#5380=DIRECTION('ref_axis',(4.00070601647151E-16,2.22044604925031E-16,-1.));
#5381=DIRECTION('',(4.00070601647151E-16,2.22044604925031E-16,-1.));
#5382=DIRECTION('',(1.,1.06620441642225E-15,4.00070601647151E-16));
#5383=DIRECTION('',(-4.00070601647151E-16,-2.22044604925031E-16,1.));
#5384=DIRECTION('',(1.,1.06620441642225E-15,4.00070601647149E-16));
#5385=DIRECTION('center_axis',(1.,1.14136574553736E-15,4.00070601647151E-16));
#5386=DIRECTION('ref_axis',(-1.14136574553736E-15,1.,2.22044604925031E-16));
#5387=DIRECTION('',(-1.14136574553736E-15,1.,2.22044604925031E-16));
#5388=DIRECTION('',(-4.00070601647151E-16,-2.22044604925032E-16,1.));
#5389=DIRECTION('',(-1.14136574553736E-15,1.,2.22044604925031E-16));
#5390=DIRECTION('',(4.00070601647151E-16,2.22044604925032E-16,-1.));
#5391=DIRECTION('center_axis',(-7.06531187721911E-15,-1.,-2.22044604925034E-16));
#5392=DIRECTION('ref_axis',(1.,-7.06531187721911E-15,4.00070601647149E-16));
#5393=DIRECTION('',(-4.00070601647151E-16,-2.22044604925031E-16,1.));
#5394=DIRECTION('',(-1.,7.06531187721911E-15,-4.00070601647145E-16));
#5395=DIRECTION('',(4.0007060164715E-16,2.22044604925031E-16,-1.));
#5396=DIRECTION('',(-1.,7.06531187721911E-15,-4.0007060164715E-16));
#5397=DIRECTION('center_axis',(-1.,-1.06620441642225E-15,-4.00070601647151E-16));
#5398=DIRECTION('ref_axis',(1.06620441642225E-15,-1.,-2.22044604925031E-16));
#5399=DIRECTION('',(1.06620441642225E-15,-1.,-2.22044604925031E-16));
#5400=DIRECTION('',(4.00070601647151E-16,2.22044604925031E-16,-1.));
#5401=DIRECTION('',(1.06620441642225E-15,-1.,-2.22044604925031E-16));
#5402=DIRECTION('',(-4.00070601647151E-16,-2.22044604925032E-16,1.));
#5403=DIRECTION('center_axis',(4.00070601647151E-16,2.22044604925031E-16,
-1.));
#5404=DIRECTION('ref_axis',(-1.06620441642225E-15,1.,2.22044604925031E-16));
#5405=DIRECTION('',(-1.,7.0653118772191E-15,-4.00070601647149E-16));
#5406=DIRECTION('',(1.,1.06620441642225E-15,4.00070601647151E-16));
#5407=DIRECTION('center_axis',(4.00070601647151E-16,2.22044604925031E-16,
-1.));
#5408=DIRECTION('ref_axis',(-1.06620441642225E-15,1.,2.22044604925031E-16));
#5409=DIRECTION('',(1.,-7.06531187721911E-15,4.00070601647149E-16));
#5410=DIRECTION('',(-1.,-1.06620441642225E-15,-4.00070601647151E-16));
#5411=DIRECTION('center_axis',(-4.71303730420141E-15,-0.707106781186548,
-0.707106781186547));
#5412=DIRECTION('ref_axis',(-1.,-1.06620441642225E-15,7.73144569199422E-15));
#5413=DIRECTION('',(0.577350269189625,-0.577350269189628,0.577350269189625));
#5414=DIRECTION('',(0.577350269189625,0.577350269189624,-0.577350269189629));
#5415=DIRECTION('center_axis',(0.707106781186547,-0.707106781186548,1.25883389509704E-16));
#5416=DIRECTION('ref_axis',(4.0007060164715E-16,2.22044604925032E-16,-1.));
#5417=DIRECTION('',(-0.577350269189625,-0.577350269189624,-0.577350269189629));
#5418=DIRECTION('center_axis',(-0.707106781186549,-0.707106781186546,-4.3990188124646E-16));
#5419=DIRECTION('ref_axis',(-4.00070601647151E-16,-2.22044604925031E-16,
1.));
#5420=DIRECTION('',(0.577350269189626,-0.577350269189628,-0.577350269189624));
#5421=DIRECTION('center_axis',(5.27882257495757E-15,0.707106781186548,-0.707106781186547));
#5422=DIRECTION('ref_axis',(1.0368130083613E-15,-0.707106781186547,-0.707106781186548));
#5423=DIRECTION('center_axis',(1.0368130083613E-15,-0.707106781186548,-0.707106781186547));
#5424=DIRECTION('ref_axis',(-1.,-1.06620441642225E-15,-4.0007060164715E-16));
#5425=DIRECTION('',(0.577350269189627,-0.577350269189625,0.577350269189626));
#5426=DIRECTION('',(-0.57735026918962,-0.577350269189629,0.577350269189629));
#5427=DIRECTION('center_axis',(-0.707106781186553,0.707106781186542,-1.25883389509708E-16));
#5428=DIRECTION('ref_axis',(-0.707106781186542,-0.707106781186553,-4.39901881246459E-16));
#5429=DIRECTION('',(0.57735026918962,0.577350269189629,0.577350269189629));
#5430=DIRECTION('center_axis',(0.707106781186546,0.707106781186549,4.3990188124646E-16));
#5431=DIRECTION('ref_axis',(4.00070601647151E-16,2.22044604925031E-16,-1.));
#5432=DIRECTION('',(0.577350269189627,-0.577350269189624,-0.577350269189626));
#5433=DIRECTION('center_axis',(-4.71027737605137E-16,0.707106781186548,
-0.707106781186547));
#5434=DIRECTION('ref_axis',(1.0368130083613E-15,-0.707106781186547,-0.707106781186548));
#5435=CARTESIAN_POINT('',(0.,0.,0.));
#5436=CARTESIAN_POINT('Origin',(10.16,2.54,1.27));
#5437=CARTESIAN_POINT('',(10.335,2.54,0.419999999999999));
#5438=CARTESIAN_POINT('',(10.335,2.54,-0.419999999999999));
#5439=CARTESIAN_POINT('',(10.335,2.54,0.635));
#5440=CARTESIAN_POINT('',(9.8725,2.54,-1.345));
#5441=CARTESIAN_POINT('',(10.16,2.54,-0.770000000000001));
#5442=CARTESIAN_POINT('',(7.9075,2.54,-1.345));
#5443=CARTESIAN_POINT('',(10.16,2.54,-1.345));
#5444=CARTESIAN_POINT('',(7.62,2.54,-0.769999999999999));
#5445=CARTESIAN_POINT('',(7.87,2.54,-1.27));
#5446=CARTESIAN_POINT('',(7.3325,2.54,-1.345));
#5447=CARTESIAN_POINT('',(7.62,2.54,-0.770000000000001));
#5448=CARTESIAN_POINT('',(5.3675,2.54,-1.345));
#5449=CARTESIAN_POINT('',(10.16,2.54,-1.345));
#5450=CARTESIAN_POINT('',(5.08,2.54,-0.77));
#5451=CARTESIAN_POINT('',(5.33,2.54,-1.27));
#5452=CARTESIAN_POINT('',(4.7925,2.54,-1.345));
#5453=CARTESIAN_POINT('',(5.08,2.54,-0.770000000000001));
#5454=CARTESIAN_POINT('',(2.8275,2.54,-1.345));
#5455=CARTESIAN_POINT('',(10.16,2.54,-1.345));
#5456=CARTESIAN_POINT('',(2.54,2.54,-0.77));
#5457=CARTESIAN_POINT('',(2.79,2.54,-1.27));
#5458=CARTESIAN_POINT('',(2.2525,2.54,-1.345));
#5459=CARTESIAN_POINT('',(2.54,2.54,-0.770000000000001));
#5460=CARTESIAN_POINT('',(0.287499999999999,2.54,-1.345));
#5461=CARTESIAN_POINT('',(10.16,2.54,-1.345));
#5462=CARTESIAN_POINT('',(-2.16840434497101E-15,2.54,-0.77));
#5463=CARTESIAN_POINT('',(0.249999999999999,2.54,-1.27));
#5464=CARTESIAN_POINT('',(-0.287500000000001,2.54,-1.345));
#5465=CARTESIAN_POINT('',(-1.73472347597681E-15,2.54,-0.770000000000001));
#5466=CARTESIAN_POINT('',(-2.2525,2.54,-1.345));
#5467=CARTESIAN_POINT('',(10.16,2.54,-1.345));
#5468=CARTESIAN_POINT('',(-2.54,2.54,-0.77));
#5469=CARTESIAN_POINT('',(-2.29,2.54,-1.27));
#5470=CARTESIAN_POINT('',(-2.8275,2.54,-1.345));
#5471=CARTESIAN_POINT('',(-2.54,2.54,-0.770000000000001));
#5472=CARTESIAN_POINT('',(-4.7925,2.54,-1.345));
#5473=CARTESIAN_POINT('',(10.16,2.54,-1.345));
#5474=CARTESIAN_POINT('',(-5.08,2.54,-0.769999999999999));
#5475=CARTESIAN_POINT('',(-4.83,2.54,-1.27));
#5476=CARTESIAN_POINT('',(-5.3675,2.54,-1.345));
#5477=CARTESIAN_POINT('',(-5.08,2.54,-0.770000000000001));
#5478=CARTESIAN_POINT('',(-7.3325,2.54,-1.345));
#5479=CARTESIAN_POINT('',(10.16,2.54,-1.345));
#5480=CARTESIAN_POINT('',(-7.62,2.54,-0.77));
#5481=CARTESIAN_POINT('',(-7.37,2.54,-1.27));
#5482=CARTESIAN_POINT('',(-7.9075,2.54,-1.345));
#5483=CARTESIAN_POINT('',(-7.62,2.54,-0.770000000000001));
#5484=CARTESIAN_POINT('',(-9.8725,2.54,-1.345));
#5485=CARTESIAN_POINT('',(10.16,2.54,-1.345));
#5486=CARTESIAN_POINT('',(-10.335,2.54,-0.419999999999999));
#5487=CARTESIAN_POINT('',(-9.91,2.54,-1.27));
#5488=CARTESIAN_POINT('',(-10.335,2.54,0.419999999999999));
#5489=CARTESIAN_POINT('',(-10.335,2.54,0.635));
#5490=CARTESIAN_POINT('',(-9.8725,2.54,1.345));
#5491=CARTESIAN_POINT('',(-10.16,2.54,0.770000000000001));
#5492=CARTESIAN_POINT('',(-7.9075,2.54,1.345));
#5493=CARTESIAN_POINT('',(10.16,2.54,1.345));
#5494=CARTESIAN_POINT('',(-7.62,2.54,0.769999999999999));
#5495=CARTESIAN_POINT('',(-7.87,2.54,1.27));
#5496=CARTESIAN_POINT('',(-7.3325,2.54,1.345));
#5497=CARTESIAN_POINT('',(-7.62,2.54,0.770000000000001));
#5498=CARTESIAN_POINT('',(-5.3675,2.54,1.345));
#5499=CARTESIAN_POINT('',(10.16,2.54,1.345));
#5500=CARTESIAN_POINT('',(-5.08,2.54,0.77));
#5501=CARTESIAN_POINT('',(-5.33,2.54,1.27));
#5502=CARTESIAN_POINT('',(-4.7925,2.54,1.345));
#5503=CARTESIAN_POINT('',(-5.08,2.54,0.770000000000001));
#5504=CARTESIAN_POINT('',(-2.8275,2.54,1.345));
#5505=CARTESIAN_POINT('',(10.16,2.54,1.345));
#5506=CARTESIAN_POINT('',(-2.54,2.54,0.77));
#5507=CARTESIAN_POINT('',(-2.79,2.54,1.27));
#5508=CARTESIAN_POINT('',(-2.2525,2.54,1.345));
#5509=CARTESIAN_POINT('',(-2.54,2.54,0.770000000000001));
#5510=CARTESIAN_POINT('',(-0.287500000000003,2.54,1.345));
#5511=CARTESIAN_POINT('',(10.16,2.54,1.345));
#5512=CARTESIAN_POINT('',(-1.30104260698261E-15,2.54,0.77));
#5513=CARTESIAN_POINT('',(-0.250000000000002,2.54,1.27));
#5514=CARTESIAN_POINT('',(0.287499999999997,2.54,1.345));
#5515=CARTESIAN_POINT('',(-1.73472347597681E-15,2.54,0.770000000000001));
#5516=CARTESIAN_POINT('',(2.2525,2.54,1.345));
#5517=CARTESIAN_POINT('',(10.16,2.54,1.345));
#5518=CARTESIAN_POINT('',(2.54,2.54,0.769999999999999));
#5519=CARTESIAN_POINT('',(2.29,2.54,1.27));
#5520=CARTESIAN_POINT('',(2.8275,2.54,1.345));
#5521=CARTESIAN_POINT('',(2.54,2.54,0.770000000000001));
#5522=CARTESIAN_POINT('',(4.7925,2.54,1.345));
#5523=CARTESIAN_POINT('',(10.16,2.54,1.345));
#5524=CARTESIAN_POINT('',(5.08,2.54,0.769999999999999));
#5525=CARTESIAN_POINT('',(4.83,2.54,1.27));
#5526=CARTESIAN_POINT('',(5.3675,2.54,1.345));
#5527=CARTESIAN_POINT('',(5.08,2.54,0.770000000000001));
#5528=CARTESIAN_POINT('',(7.3325,2.54,1.345));
#5529=CARTESIAN_POINT('',(10.16,2.54,1.345));
#5530=CARTESIAN_POINT('',(7.61999999999999,2.54,0.769999999999999));
#5531=CARTESIAN_POINT('',(7.37,2.54,1.27));
#5532=CARTESIAN_POINT('',(7.9075,2.54,1.345));
#5533=CARTESIAN_POINT('',(7.62,2.54,0.770000000000001));
#5534=CARTESIAN_POINT('',(9.8725,2.54,1.345));
#5535=CARTESIAN_POINT('',(10.16,2.54,1.345));
#5536=CARTESIAN_POINT('',(9.91,2.54,1.27));
#5537=CARTESIAN_POINT('',(-6.67,2.54,-0.319999999999999));
#5538=CARTESIAN_POINT('',(-6.03,2.54,-0.319999999999999));
#5539=CARTESIAN_POINT('',(-6.67,2.54,-0.319999999999999));
#5540=CARTESIAN_POINT('',(-6.03,2.54,0.320000000000001));
#5541=CARTESIAN_POINT('',(-6.03,2.54,-0.319999999999999));
#5542=CARTESIAN_POINT('',(-6.67,2.54,0.320000000000001));
#5543=CARTESIAN_POINT('',(-6.03,2.54,0.320000000000001));
#5544=CARTESIAN_POINT('',(-6.67,2.54,0.320000000000001));
#5545=CARTESIAN_POINT('',(-1.59,2.54,-0.319999999999999));
#5546=CARTESIAN_POINT('',(-0.95,2.54,-0.319999999999999));
#5547=CARTESIAN_POINT('',(-1.59,2.54,-0.319999999999999));
#5548=CARTESIAN_POINT('',(-0.95,2.54,0.320000000000001));
#5549=CARTESIAN_POINT('',(-0.95,2.54,-0.319999999999999));
#5550=CARTESIAN_POINT('',(-1.59,2.54,0.320000000000001));
#5551=CARTESIAN_POINT('',(-0.95,2.54,0.320000000000001));
#5552=CARTESIAN_POINT('',(-1.59,2.54,0.320000000000001));
#5553=CARTESIAN_POINT('',(3.49,2.54,-0.319999999999999));
#5554=CARTESIAN_POINT('',(4.13,2.54,-0.319999999999999));
#5555=CARTESIAN_POINT('',(3.49,2.54,-0.319999999999999));
#5556=CARTESIAN_POINT('',(4.13,2.54,0.320000000000001));
#5557=CARTESIAN_POINT('',(4.13,2.54,-0.319999999999999));
#5558=CARTESIAN_POINT('',(3.49,2.54,0.320000000000001));
#5559=CARTESIAN_POINT('',(4.13,2.54,0.320000000000001));
#5560=CARTESIAN_POINT('',(3.49,2.54,0.320000000000001));
#5561=CARTESIAN_POINT('',(8.57,2.54,-0.319999999999999));
#5562=CARTESIAN_POINT('',(9.21,2.54,-0.319999999999999));
#5563=CARTESIAN_POINT('',(8.57,2.54,-0.319999999999999));
#5564=CARTESIAN_POINT('',(9.21,2.54,0.320000000000001));
#5565=CARTESIAN_POINT('',(9.21,2.54,-0.319999999999999));
#5566=CARTESIAN_POINT('',(8.57,2.54,0.320000000000001));
#5567=CARTESIAN_POINT('',(9.21,2.54,0.320000000000001));
#5568=CARTESIAN_POINT('',(8.57,2.54,0.320000000000001));
#5569=CARTESIAN_POINT('',(6.03,2.54,-0.319999999999999));
#5570=CARTESIAN_POINT('',(6.67,2.54,-0.319999999999999));
#5571=CARTESIAN_POINT('',(6.03,2.54,-0.319999999999999));
#5572=CARTESIAN_POINT('',(6.67,2.54,0.320000000000001));
#5573=CARTESIAN_POINT('',(6.67,2.54,-0.319999999999999));
#5574=CARTESIAN_POINT('',(6.03,2.54,0.320000000000001));
#5575=CARTESIAN_POINT('',(6.67,2.54,0.320000000000001));
#5576=CARTESIAN_POINT('',(6.03,2.54,0.320000000000001));
#5577=CARTESIAN_POINT('',(0.95,2.54,-0.319999999999999));
#5578=CARTESIAN_POINT('',(1.59,2.54,-0.319999999999999));
#5579=CARTESIAN_POINT('',(0.95,2.54,-0.319999999999999));
#5580=CARTESIAN_POINT('',(1.59,2.54,0.320000000000001));
#5581=CARTESIAN_POINT('',(1.59,2.54,-0.319999999999999));
#5582=CARTESIAN_POINT('',(0.95,2.54,0.320000000000001));
#5583=CARTESIAN_POINT('',(1.59,2.54,0.320000000000001));
#5584=CARTESIAN_POINT('',(0.95,2.54,0.320000000000001));
#5585=CARTESIAN_POINT('',(-4.13,2.54,-0.319999999999999));
#5586=CARTESIAN_POINT('',(-3.49,2.54,-0.319999999999999));
#5587=CARTESIAN_POINT('',(-4.13,2.54,-0.319999999999999));
#5588=CARTESIAN_POINT('',(-3.49,2.54,0.320000000000001));
#5589=CARTESIAN_POINT('',(-3.49,2.54,-0.319999999999999));
#5590=CARTESIAN_POINT('',(-4.13,2.54,0.320000000000001));
#5591=CARTESIAN_POINT('',(-3.49,2.54,0.320000000000001));
#5592=CARTESIAN_POINT('',(-4.13,2.54,0.320000000000001));
#5593=CARTESIAN_POINT('',(-9.21,2.54,-0.319999999999999));
#5594=CARTESIAN_POINT('',(-8.57,2.54,-0.319999999999999));
#5595=CARTESIAN_POINT('',(-9.21,2.54,-0.319999999999999));
#5596=CARTESIAN_POINT('',(-8.57,2.54,0.320000000000001));
#5597=CARTESIAN_POINT('',(-8.57,2.54,-0.319999999999999));
#5598=CARTESIAN_POINT('',(-9.21,2.54,0.320000000000001));
#5599=CARTESIAN_POINT('',(-8.57,2.54,0.320000000000001));
#5600=CARTESIAN_POINT('',(-9.21,2.54,0.320000000000001));
#5601=CARTESIAN_POINT('Origin',(-10.4750575477753,0.5,0.9));
#5602=CARTESIAN_POINT('',(-10.095,0.5,0.9));
#5603=CARTESIAN_POINT('',(-7.685,0.5,0.9));
#5604=CARTESIAN_POINT('',(-10.4750575477753,0.5,0.9));
#5605=CARTESIAN_POINT('',(-10.335,0.5,0.42));
#5606=CARTESIAN_POINT('',(-10.16,0.5,0.770000000000002));
#5607=CARTESIAN_POINT('',(-10.335,0.5,-0.42));
#5608=CARTESIAN_POINT('',(-10.335,0.5,0.45));
#5609=CARTESIAN_POINT('',(-10.095,0.5,-0.9));
#5610=CARTESIAN_POINT('',(-9.91,0.5,-1.27));
#5611=CARTESIAN_POINT('',(-7.685,0.5,-0.9));
#5612=CARTESIAN_POINT('',(-10.4750575477753,0.5,-0.9));
#5613=CARTESIAN_POINT('',(-7.62,0.5,-0.770000000000001));
#5614=CARTESIAN_POINT('',(-7.62,0.5,-0.769999999999997));
#5615=CARTESIAN_POINT('',(-7.555,0.5,-0.9));
#5616=CARTESIAN_POINT('',(-7.37,0.5,-1.27));
#5617=CARTESIAN_POINT('',(-5.145,0.5,-0.9));
#5618=CARTESIAN_POINT('',(-10.4750575477753,0.5,-0.9));
#5619=CARTESIAN_POINT('',(-5.08,0.5,-0.770000000000001));
#5620=CARTESIAN_POINT('',(-5.08,0.5,-0.769999999999997));
#5621=CARTESIAN_POINT('',(-5.015,0.5,-0.9));
#5622=CARTESIAN_POINT('',(-4.83,0.5,-1.27));
#5623=CARTESIAN_POINT('',(-2.605,0.5,-0.9));
#5624=CARTESIAN_POINT('',(-10.4750575477753,0.5,-0.9));
#5625=CARTESIAN_POINT('',(-2.54,0.5,-0.770000000000001));
#5626=CARTESIAN_POINT('',(-2.54,0.5,-0.769999999999997));
#5627=CARTESIAN_POINT('',(-2.475,0.5,-0.9));
#5628=CARTESIAN_POINT('',(-2.29,0.5,-1.27));
#5629=CARTESIAN_POINT('',(-0.0650000000000008,0.5,-0.9));
#5630=CARTESIAN_POINT('',(-10.4750575477753,0.5,-0.9));
#5631=CARTESIAN_POINT('',(-1.69308644055581E-15,0.5,-0.770000000000001));
#5632=CARTESIAN_POINT('',(2.44315859917111E-16,0.5,-0.769999999999997));
#5633=CARTESIAN_POINT('',(0.0649999999999974,0.5,-0.9));
#5634=CARTESIAN_POINT('',(0.249999999999996,0.5,-1.27));
#5635=CARTESIAN_POINT('',(2.475,0.5,-0.9));
#5636=CARTESIAN_POINT('',(-10.4750575477753,0.5,-0.9));
#5637=CARTESIAN_POINT('',(2.54,0.5,-0.770000000000001));
#5638=CARTESIAN_POINT('',(2.54,0.5,-0.769999999999997));
#5639=CARTESIAN_POINT('',(2.605,0.5,-0.9));
#5640=CARTESIAN_POINT('',(2.79,0.5,-1.27));
#5641=CARTESIAN_POINT('',(5.015,0.5,-0.9));
#5642=CARTESIAN_POINT('',(-10.4750575477753,0.5,-0.9));
#5643=CARTESIAN_POINT('',(5.08,0.5,-0.770000000000001));
#5644=CARTESIAN_POINT('',(5.08,0.5,-0.769999999999997));
#5645=CARTESIAN_POINT('',(5.145,0.5,-0.9));
#5646=CARTESIAN_POINT('',(5.33,0.5,-1.27));
#5647=CARTESIAN_POINT('',(7.555,0.5,-0.9));
#5648=CARTESIAN_POINT('',(-10.4750575477753,0.5,-0.9));
#5649=CARTESIAN_POINT('',(7.62,0.5,-0.770000000000001));
#5650=CARTESIAN_POINT('',(7.62,0.5,-0.769999999999997));
#5651=CARTESIAN_POINT('',(7.685,0.5,-0.9));
#5652=CARTESIAN_POINT('',(7.86999999999999,0.5,-1.27));
#5653=CARTESIAN_POINT('',(10.095,0.5,-0.9));
#5654=CARTESIAN_POINT('',(-10.4750575477753,0.5,-0.9));
#5655=CARTESIAN_POINT('',(10.335,0.5,-0.419999999999997));
#5656=CARTESIAN_POINT('',(10.16,0.5,-0.769999999999997));
#5657=CARTESIAN_POINT('',(10.335,0.5,0.419999999999998));
#5658=CARTESIAN_POINT('',(10.335,0.5,0.45));
#5659=CARTESIAN_POINT('',(10.095,0.5,0.900000000000001));
#5660=CARTESIAN_POINT('',(9.91,0.5,1.27));
#5661=CARTESIAN_POINT('',(7.68499999999999,0.5,0.899999999999998));
#5662=CARTESIAN_POINT('',(-10.4750575477753,0.5,0.9));
#5663=CARTESIAN_POINT('',(7.62,0.5,0.770000000000001));
#5664=CARTESIAN_POINT('',(7.62,0.5,0.770000000000002));
#5665=CARTESIAN_POINT('',(7.555,0.5,0.9));
#5666=CARTESIAN_POINT('',(7.37,0.5,1.27));
#5667=CARTESIAN_POINT('',(5.145,0.5,0.899999999999999));
#5668=CARTESIAN_POINT('',(-10.4750575477753,0.5,0.9));
#5669=CARTESIAN_POINT('',(5.08,0.5,0.770000000000001));
#5670=CARTESIAN_POINT('',(5.08,0.5,0.770000000000002));
#5671=CARTESIAN_POINT('',(5.015,0.5,0.900000000000001));
#5672=CARTESIAN_POINT('',(4.83,0.5,1.27));
#5673=CARTESIAN_POINT('',(2.605,0.5,0.899999999999999));
#5674=CARTESIAN_POINT('',(-10.4750575477753,0.5,0.9));
#5675=CARTESIAN_POINT('',(2.54,0.5,0.770000000000001));
#5676=CARTESIAN_POINT('',(2.54,0.5,0.770000000000002));
#5677=CARTESIAN_POINT('',(2.475,0.5,0.9));
#5678=CARTESIAN_POINT('',(2.29,0.5,1.27));
#5679=CARTESIAN_POINT('',(0.0649999999999954,0.5,0.899999999999999));
#5680=CARTESIAN_POINT('',(-10.4750575477753,0.5,0.9));
#5681=CARTESIAN_POINT('',(-1.79875772442551E-15,0.5,0.770000000000001));
#5682=CARTESIAN_POINT('',(-1.02565590643193E-15,0.5,0.770000000000002));
#5683=CARTESIAN_POINT('',(-0.065000000000003,0.5,0.9));
#5684=CARTESIAN_POINT('',(-0.250000000000003,0.5,1.27));
#5685=CARTESIAN_POINT('',(-2.475,0.5,0.9));
#5686=CARTESIAN_POINT('',(-10.4750575477753,0.5,0.9));
#5687=CARTESIAN_POINT('',(-2.54,0.5,0.770000000000001));
#5688=CARTESIAN_POINT('',(-2.54,0.5,0.770000000000002));
#5689=CARTESIAN_POINT('',(-2.605,0.5,0.9));
#5690=CARTESIAN_POINT('',(-2.79,0.5,1.27));
#5691=CARTESIAN_POINT('',(-5.015,0.5,0.9));
#5692=CARTESIAN_POINT('',(-10.4750575477753,0.5,0.9));
#5693=CARTESIAN_POINT('',(-5.08,0.5,0.770000000000001));
#5694=CARTESIAN_POINT('',(-5.08,0.5,0.770000000000002));
#5695=CARTESIAN_POINT('',(-5.145,0.5,0.9));
#5696=CARTESIAN_POINT('',(-5.33,0.5,1.27));
#5697=CARTESIAN_POINT('',(-7.555,0.5,0.9));
#5698=CARTESIAN_POINT('',(-10.4750575477753,0.5,0.9));
#5699=CARTESIAN_POINT('',(-7.62,0.5,0.770000000000001));
#5700=CARTESIAN_POINT('',(-7.62,0.5,0.770000000000002));
#5701=CARTESIAN_POINT('',(-7.87,0.5,1.27));
#5702=CARTESIAN_POINT('',(-9.21,0.5,-0.319999999999999));
#5703=CARTESIAN_POINT('',(-8.57,0.5,-0.319999999999999));
#5704=CARTESIAN_POINT('',(-9.21,0.5,-0.319999999999999));
#5705=CARTESIAN_POINT('',(-9.21,0.5,0.320000000000001));
#5706=CARTESIAN_POINT('',(-9.21,0.5,0.320000000000003));
#5707=CARTESIAN_POINT('',(-8.57,0.5,0.320000000000001));
#5708=CARTESIAN_POINT('',(-8.57,0.5,0.320000000000001));
#5709=CARTESIAN_POINT('',(-8.57,0.5,-0.319999999999997));
#5710=CARTESIAN_POINT('',(-6.67,0.5,0.320000000000001));
#5711=CARTESIAN_POINT('',(-6.03,0.5,0.320000000000001));
#5712=CARTESIAN_POINT('',(-10.4750575477753,0.5,0.320000000000002));
#5713=CARTESIAN_POINT('',(-6.03,0.5,-0.319999999999999));
#5714=CARTESIAN_POINT('',(-6.03,0.5,0.9));
#5715=CARTESIAN_POINT('',(-6.67,0.5,-0.319999999999999));
#5716=CARTESIAN_POINT('',(-10.4750575477753,0.5,-0.32));
#5717=CARTESIAN_POINT('',(-6.67,0.5,0.9));
#5718=CARTESIAN_POINT('',(-1.59,0.5,0.320000000000001));
#5719=CARTESIAN_POINT('',(-0.95,0.5,0.320000000000001));
#5720=CARTESIAN_POINT('',(-10.4750575477753,0.5,0.320000000000004));
#5721=CARTESIAN_POINT('',(-0.95,0.5,-0.319999999999999));
#5722=CARTESIAN_POINT('',(-0.95,0.5,0.9));
#5723=CARTESIAN_POINT('',(-1.59,0.5,-0.319999999999999));
#5724=CARTESIAN_POINT('',(-10.4750575477753,0.5,-0.320000000000001));
#5725=CARTESIAN_POINT('',(-1.59,0.5,0.9));
#5726=CARTESIAN_POINT('',(3.49,0.5,0.320000000000001));
#5727=CARTESIAN_POINT('',(4.13,0.5,0.320000000000001));
#5728=CARTESIAN_POINT('',(-10.4750575477753,0.5,0.320000000000006));
#5729=CARTESIAN_POINT('',(4.13,0.5,-0.319999999999999));
#5730=CARTESIAN_POINT('',(4.13,0.5,0.9));
#5731=CARTESIAN_POINT('',(3.49,0.5,-0.319999999999999));
#5732=CARTESIAN_POINT('',(-10.4750575477753,0.5,-0.320000000000002));
#5733=CARTESIAN_POINT('',(3.49,0.5,0.9));
#5734=CARTESIAN_POINT('',(8.57,0.5,0.320000000000001));
#5735=CARTESIAN_POINT('',(9.21,0.5,0.320000000000001));
#5736=CARTESIAN_POINT('',(-10.4750575477753,0.5,0.320000000000007));
#5737=CARTESIAN_POINT('',(9.21,0.5,-0.319999999999999));
#5738=CARTESIAN_POINT('',(9.21,0.5,0.9));
#5739=CARTESIAN_POINT('',(8.57,0.5,-0.319999999999999));
#5740=CARTESIAN_POINT('',(-10.4750575477753,0.5,-0.320000000000003));
#5741=CARTESIAN_POINT('',(8.57,0.5,0.9));
#5742=CARTESIAN_POINT('',(6.03,0.5,0.320000000000001));
#5743=CARTESIAN_POINT('',(6.67,0.5,0.320000000000001));
#5744=CARTESIAN_POINT('',(-10.4750575477753,0.5,0.320000000000007));
#5745=CARTESIAN_POINT('',(6.67,0.5,-0.319999999999999));
#5746=CARTESIAN_POINT('',(6.67,0.5,0.9));
#5747=CARTESIAN_POINT('',(6.03,0.5,-0.319999999999999));
#5748=CARTESIAN_POINT('',(-10.4750575477753,0.5,-0.320000000000002));
#5749=CARTESIAN_POINT('',(6.03,0.5,0.9));
#5750=CARTESIAN_POINT('',(0.95,0.5,0.320000000000001));
#5751=CARTESIAN_POINT('',(1.59,0.5,0.320000000000001));
#5752=CARTESIAN_POINT('',(-10.4750575477753,0.5,0.320000000000005));
#5753=CARTESIAN_POINT('',(1.59,0.5,-0.319999999999999));
#5754=CARTESIAN_POINT('',(1.59,0.5,0.9));
#5755=CARTESIAN_POINT('',(0.95,0.5,-0.319999999999999));
#5756=CARTESIAN_POINT('',(-10.4750575477753,0.5,-0.320000000000002));
#5757=CARTESIAN_POINT('',(0.95,0.5,0.9));
#5758=CARTESIAN_POINT('',(-4.13,0.5,0.320000000000001));
#5759=CARTESIAN_POINT('',(-3.49,0.5,0.320000000000001));
#5760=CARTESIAN_POINT('',(-10.4750575477753,0.5,0.320000000000003));
#5761=CARTESIAN_POINT('',(-3.49,0.5,-0.319999999999999));
#5762=CARTESIAN_POINT('',(-3.49,0.5,0.9));
#5763=CARTESIAN_POINT('',(-4.13,0.5,-0.319999999999999));
#5764=CARTESIAN_POINT('',(-10.4750575477753,0.5,-0.320000000000001));
#5765=CARTESIAN_POINT('',(-4.13,0.5,0.9));
#5766=CARTESIAN_POINT('Origin',(10.16,0.,-1.27));
#5767=CARTESIAN_POINT('',(-9.87250000000001,5.55111512312578E-16,1.345));
#5768=CARTESIAN_POINT('',(-10.095,0.,0.9));
#5769=CARTESIAN_POINT('',(-6.91200000000001,0.,7.26599999999999));
#5770=CARTESIAN_POINT('',(-7.685,0.,0.900000000000001));
#5771=CARTESIAN_POINT('',(-10.4750575477753,0.,0.9));
#5772=CARTESIAN_POINT('',(-7.9075,-8.32667268468867E-16,1.345));
#5773=CARTESIAN_POINT('',(-3.24800000000001,0.,-7.974));
#5774=CARTESIAN_POINT('',(10.16,-2.77555756156289E-16,1.345));
#5775=CARTESIAN_POINT('Origin',(10.16,0.,-1.27));
#5776=CARTESIAN_POINT('',(-7.3325,5.55111512312578E-16,1.345));
#5777=CARTESIAN_POINT('',(-7.555,0.,0.9));
#5778=CARTESIAN_POINT('',(-4.88000000000001,0.,6.24999999999999));
#5779=CARTESIAN_POINT('',(-5.145,0.,0.9));
#5780=CARTESIAN_POINT('',(-10.4750575477753,0.,0.9));
#5781=CARTESIAN_POINT('',(-5.3675,-8.32667268468867E-16,1.345));
#5782=CARTESIAN_POINT('',(-1.21600000000001,0.,-6.958));
#5783=CARTESIAN_POINT('',(10.16,-2.77555756156289E-16,1.345));
#5784=CARTESIAN_POINT('Origin',(10.16,0.,-1.27));
#5785=CARTESIAN_POINT('',(-4.7925,2.77555756156289E-16,1.345));
#5786=CARTESIAN_POINT('',(-5.015,0.,0.9));
#5787=CARTESIAN_POINT('',(-2.84800000000001,0.,5.23399999999999));
#5788=CARTESIAN_POINT('',(-2.605,0.,0.9));
#5789=CARTESIAN_POINT('',(-10.4750575477753,0.,0.9));
#5790=CARTESIAN_POINT('',(-2.8275,-5.55111512312578E-16,1.345));
#5791=CARTESIAN_POINT('',(0.81599999999999,0.,-5.942));
#5792=CARTESIAN_POINT('',(10.16,-2.77555756156289E-16,1.345));
#5793=CARTESIAN_POINT('Origin',(10.16,0.,-1.27));
#5794=CARTESIAN_POINT('',(-2.2525,2.77555756156289E-16,1.345));
#5795=CARTESIAN_POINT('',(-2.475,0.,0.9));
#5796=CARTESIAN_POINT('',(-0.816000000000009,0.,4.21799999999999));
#5797=CARTESIAN_POINT('',(-0.0650000000000008,0.,0.9));
#5798=CARTESIAN_POINT('',(-10.4750575477753,0.,0.9));
#5799=CARTESIAN_POINT('',(-0.287500000000002,-5.55111512312578E-16,1.345));
#5800=CARTESIAN_POINT('',(2.84799999999999,0.,-4.926));
#5801=CARTESIAN_POINT('',(10.16,-2.77555756156289E-16,1.345));
#5802=CARTESIAN_POINT('Origin',(10.16,0.,-1.27));
#5803=CARTESIAN_POINT('',(0.287499999999992,2.77555756156289E-16,1.345));
#5804=CARTESIAN_POINT('',(0.0649999999999974,0.,0.9));
#5805=CARTESIAN_POINT('',(1.21599999999999,0.,3.202));
#5806=CARTESIAN_POINT('',(2.475,0.,0.9));
#5807=CARTESIAN_POINT('',(-10.4750575477753,0.,0.9));
#5808=CARTESIAN_POINT('',(2.2525,-5.55111512312578E-16,1.345));
#5809=CARTESIAN_POINT('',(4.87999999999999,0.,-3.91));
#5810=CARTESIAN_POINT('',(10.16,-2.77555756156289E-16,1.345));
#5811=CARTESIAN_POINT('Origin',(10.16,0.,-1.27));
#5812=CARTESIAN_POINT('',(2.82749999999999,0.,1.345));
#5813=CARTESIAN_POINT('',(2.605,0.,0.9));
#5814=CARTESIAN_POINT('',(3.24799999999999,0.,2.186));
#5815=CARTESIAN_POINT('',(5.015,0.,0.9));
#5816=CARTESIAN_POINT('',(-10.4750575477753,0.,0.9));
#5817=CARTESIAN_POINT('',(4.7925,-2.77555756156289E-16,1.345));
#5818=CARTESIAN_POINT('',(6.91199999999999,0.,-2.894));
#5819=CARTESIAN_POINT('',(10.16,-2.77555756156289E-16,1.345));
#5820=CARTESIAN_POINT('Origin',(10.16,0.,-1.27));
#5821=CARTESIAN_POINT('',(5.3675,0.,1.345));
#5822=CARTESIAN_POINT('',(5.145,0.,0.9));
#5823=CARTESIAN_POINT('',(5.28,0.,1.17));
#5824=CARTESIAN_POINT('',(7.555,0.,0.9));
#5825=CARTESIAN_POINT('',(-10.4750575477753,0.,0.9));
#5826=CARTESIAN_POINT('',(7.3325,-2.77555756156289E-16,1.345));
#5827=CARTESIAN_POINT('',(8.944,0.,-1.878));
#5828=CARTESIAN_POINT('',(10.16,-2.77555756156289E-16,1.345));
#5829=CARTESIAN_POINT('Origin',(10.16,0.,-1.27));
#5830=CARTESIAN_POINT('',(7.9075,0.,1.345));
#5831=CARTESIAN_POINT('',(7.685,0.,0.9));
#5832=CARTESIAN_POINT('',(7.312,0.,0.153999999999999));
#5833=CARTESIAN_POINT('',(10.095,0.,0.9));
#5834=CARTESIAN_POINT('',(-10.4750575477753,0.,0.9));
#5835=CARTESIAN_POINT('',(9.8725,-2.77555756156289E-16,1.345));
#5836=CARTESIAN_POINT('',(10.976,0.,-0.862000000000003));
#5837=CARTESIAN_POINT('',(10.16,-2.77555756156289E-16,1.345));
#5838=CARTESIAN_POINT('Origin',(10.16,0.,-1.27));
#5839=CARTESIAN_POINT('',(9.8725,0.,-1.345));
#5840=CARTESIAN_POINT('',(10.095,0.,-0.9));
#5841=CARTESIAN_POINT('',(9.96,0.,-1.17));
#5842=CARTESIAN_POINT('',(7.685,0.,-0.9));
#5843=CARTESIAN_POINT('',(-10.4750575477753,0.,-0.9));
#5844=CARTESIAN_POINT('',(7.9075,0.,-1.345));
#5845=CARTESIAN_POINT('',(8.328,0.,-2.186));
#5846=CARTESIAN_POINT('',(10.16,0.,-1.345));
#5847=CARTESIAN_POINT('Origin',(10.16,0.,-1.27));
#5848=CARTESIAN_POINT('',(7.3325,0.,-1.345));
#5849=CARTESIAN_POINT('',(7.555,0.,-0.9));
#5850=CARTESIAN_POINT('',(7.928,0.,-0.154));
#5851=CARTESIAN_POINT('',(5.145,0.,-0.9));
#5852=CARTESIAN_POINT('',(-10.4750575477753,0.,-0.9));
#5853=CARTESIAN_POINT('',(5.36749999999999,-5.55111512312578E-16,-1.345));
#5854=CARTESIAN_POINT('',(6.29599999999999,0.,-3.202));
#5855=CARTESIAN_POINT('',(10.16,0.,-1.345));
#5856=CARTESIAN_POINT('Origin',(10.16,0.,-1.27));
#5857=CARTESIAN_POINT('',(4.7925,0.,-1.345));
#5858=CARTESIAN_POINT('',(5.015,0.,-0.9));
#5859=CARTESIAN_POINT('',(5.896,0.,0.861999999999998));
#5860=CARTESIAN_POINT('',(2.605,0.,-0.9));
#5861=CARTESIAN_POINT('',(-10.4750575477753,0.,-0.9));
#5862=CARTESIAN_POINT('',(2.82749999999999,-5.55111512312578E-16,-1.345));
#5863=CARTESIAN_POINT('',(4.26399999999999,0.,-4.218));
#5864=CARTESIAN_POINT('',(10.16,0.,-1.345));
#5865=CARTESIAN_POINT('Origin',(10.16,0.,-1.27));
#5866=CARTESIAN_POINT('',(2.25249999999999,0.,-1.345));
#5867=CARTESIAN_POINT('',(2.475,0.,-0.9));
#5868=CARTESIAN_POINT('',(3.86399999999999,0.,1.878));
#5869=CARTESIAN_POINT('',(0.0649999999999974,0.,-0.9));
#5870=CARTESIAN_POINT('',(-10.4750575477753,0.,-0.9));
#5871=CARTESIAN_POINT('',(0.287499999999995,-5.55111512312578E-16,-1.345));
#5872=CARTESIAN_POINT('',(2.23199999999999,0.,-5.234));
#5873=CARTESIAN_POINT('',(10.16,0.,-1.345));
#5874=CARTESIAN_POINT('Origin',(10.16,0.,-1.27));
#5875=CARTESIAN_POINT('',(-0.287500000000004,0.,-1.345));
#5876=CARTESIAN_POINT('',(-0.0650000000000008,0.,-0.9));
#5877=CARTESIAN_POINT('',(1.83199999999999,0.,2.894));
#5878=CARTESIAN_POINT('',(-2.475,0.,-0.9));
#5879=CARTESIAN_POINT('',(-10.4750575477753,0.,-0.9));
#5880=CARTESIAN_POINT('',(-2.2525,-5.55111512312578E-16,-1.345));
#5881=CARTESIAN_POINT('',(0.199999999999992,0.,-6.25));
#5882=CARTESIAN_POINT('',(10.16,0.,-1.345));
#5883=CARTESIAN_POINT('Origin',(10.16,0.,-1.27));
#5884=CARTESIAN_POINT('',(-2.8275,5.55111512312578E-16,-1.345));
#5885=CARTESIAN_POINT('',(-2.605,0.,-0.9));
#5886=CARTESIAN_POINT('',(-0.200000000000011,0.,3.91));
#5887=CARTESIAN_POINT('',(-5.015,0.,-0.9));
#5888=CARTESIAN_POINT('',(-10.4750575477753,0.,-0.9));
#5889=CARTESIAN_POINT('',(-4.7925,-5.55111512312578E-16,-1.345));
#5890=CARTESIAN_POINT('',(-1.83200000000001,0.,-7.26599999999999));
#5891=CARTESIAN_POINT('',(10.16,0.,-1.345));
#5892=CARTESIAN_POINT('Origin',(10.16,0.,-1.27));
#5893=CARTESIAN_POINT('',(-5.3675,5.55111512312578E-16,-1.345));
#5894=CARTESIAN_POINT('',(-5.145,0.,-0.9));
#5895=CARTESIAN_POINT('',(-2.23200000000001,0.,4.92599999999999));
#5896=CARTESIAN_POINT('',(-7.555,0.,-0.9));
#5897=CARTESIAN_POINT('',(-10.4750575477753,0.,-0.9));
#5898=CARTESIAN_POINT('',(-7.3325,-5.55111512312578E-16,-1.345));
#5899=CARTESIAN_POINT('',(-3.86400000000001,0.,-8.28199999999999));
#5900=CARTESIAN_POINT('',(10.16,0.,-1.345));
#5901=CARTESIAN_POINT('Origin',(10.16,0.,-1.27));
#5902=CARTESIAN_POINT('',(-7.9075,5.55111512312578E-16,-1.345));
#5903=CARTESIAN_POINT('',(-7.685,0.,-0.9));
#5904=CARTESIAN_POINT('',(-4.26400000000001,0.,5.94199999999999));
#5905=CARTESIAN_POINT('',(-10.095,0.,-0.9));
#5906=CARTESIAN_POINT('',(-10.4750575477753,0.,-0.9));
#5907=CARTESIAN_POINT('',(-9.87250000000001,-5.55111512312578E-16,-1.345));
#5908=CARTESIAN_POINT('',(-5.89600000000001,0.,-9.29799999999999));
#5909=CARTESIAN_POINT('',(10.16,0.,-1.345));
#5910=CARTESIAN_POINT('Origin',(10.335,1.27,1.38777878078145E-16));
#5911=CARTESIAN_POINT('',(10.335,-8.5356429399726,-0.419999999999998));
#5912=CARTESIAN_POINT('',(10.335,-8.5356429399726,0.419999999999999));
#5913=CARTESIAN_POINT('Origin',(-10.335,1.27,1.38777878078145E-16));
#5914=CARTESIAN_POINT('',(-10.335,-8.5356429399726,-0.420000000000001));
#5915=CARTESIAN_POINT('',(-10.335,-8.5356429399726,0.419999999999999));
#5916=CARTESIAN_POINT('Origin',(-10.16,-18.3412858799452,0.769999999999999));
#5917=CARTESIAN_POINT('',(-10.095,-18.3412858799452,0.900000000000016));
#5918=CARTESIAN_POINT('',(-9.8725,-9.1706429399726,1.345));
#5919=CARTESIAN_POINT('Origin',(-7.87,-18.0950575477753,1.27));
#5920=CARTESIAN_POINT('',(-7.68500000000001,-18.0950575477753,0.900000000000016));
#5921=CARTESIAN_POINT('',(-7.62,-18.0950575477753,0.769999999999999));
#5922=CARTESIAN_POINT('',(-7.9075,-9.04752877388765,1.345));
#5923=CARTESIAN_POINT('Origin',(-7.62,-18.0950575477753,0.769999999999999));
#5924=CARTESIAN_POINT('',(-7.55499999999999,-18.0950575477753,0.900000000000016));
#5925=CARTESIAN_POINT('',(-7.3325,-9.04752877388765,1.345));
#5926=CARTESIAN_POINT('Origin',(-5.33,-18.0950575477753,1.27));
#5927=CARTESIAN_POINT('',(-5.14500000000001,-18.0950575477753,0.900000000000016));
#5928=CARTESIAN_POINT('',(-5.08,-18.0950575477753,0.769999999999999));
#5929=CARTESIAN_POINT('',(-5.3675,-9.04752877388765,1.345));
#5930=CARTESIAN_POINT('Origin',(-5.08,-18.0950575477753,0.769999999999999));
#5931=CARTESIAN_POINT('',(-5.01499999999999,-18.0950575477753,0.900000000000016));
#5932=CARTESIAN_POINT('',(-4.7925,-9.04752877388765,1.345));
#5933=CARTESIAN_POINT('Origin',(-2.79,-18.0950575477753,1.27));
#5934=CARTESIAN_POINT('',(-2.60500000000001,-18.0950575477753,0.900000000000016));
#5935=CARTESIAN_POINT('',(-2.54,-18.0950575477753,0.769999999999999));
#5936=CARTESIAN_POINT('',(-2.8275,-9.04752877388765,1.345));
#5937=CARTESIAN_POINT('Origin',(-2.54,-18.0950575477753,0.769999999999999));
#5938=CARTESIAN_POINT('',(-2.47499999999999,-18.0950575477753,0.900000000000016));
#5939=CARTESIAN_POINT('',(-2.2525,-9.04752877388765,1.345));
#5940=CARTESIAN_POINT('Origin',(-0.250000000000002,-18.0950575477753,1.27));
#5941=CARTESIAN_POINT('',(-0.0650000000000101,-18.0950575477753,0.900000000000016));
#5942=CARTESIAN_POINT('',(-1.73472347597681E-15,-18.0950575477753,0.769999999999999));
#5943=CARTESIAN_POINT('',(-0.2875,-9.04752877388765,1.345));
#5944=CARTESIAN_POINT('Origin',(-1.73472347597681E-15,-18.0950575477753,
0.769999999999999));
#5945=CARTESIAN_POINT('',(0.0650000000000065,-18.0950575477753,0.900000000000016));
#5946=CARTESIAN_POINT('',(0.287499999999996,-9.04752877388765,1.345));
#5947=CARTESIAN_POINT('Origin',(2.29,-18.0950575477753,1.27));
#5948=CARTESIAN_POINT('',(2.47499999999999,-18.0950575477753,0.900000000000016));
#5949=CARTESIAN_POINT('',(2.54,-18.0950575477753,0.769999999999999));
#5950=CARTESIAN_POINT('',(2.2525,-9.04752877388765,1.345));
#5951=CARTESIAN_POINT('Origin',(2.54,-18.0950575477753,0.769999999999999));
#5952=CARTESIAN_POINT('',(2.60500000000001,-18.0950575477753,0.900000000000016));
#5953=CARTESIAN_POINT('',(2.8275,-9.04752877388765,1.345));
#5954=CARTESIAN_POINT('Origin',(4.83,-18.0950575477753,1.27));
#5955=CARTESIAN_POINT('',(5.01499999999999,-18.0950575477753,0.900000000000016));
#5956=CARTESIAN_POINT('',(5.08,-18.0950575477753,0.769999999999999));
#5957=CARTESIAN_POINT('',(4.7925,-9.04752877388765,1.345));
#5958=CARTESIAN_POINT('Origin',(5.08,-18.0950575477753,0.769999999999999));
#5959=CARTESIAN_POINT('',(5.14500000000001,-18.0950575477753,0.900000000000016));
#5960=CARTESIAN_POINT('',(5.3675,-9.04752877388765,1.345));
#5961=CARTESIAN_POINT('Origin',(7.37,-18.0950575477753,1.27));
#5962=CARTESIAN_POINT('',(7.55499999999999,-18.0950575477753,0.900000000000016));
#5963=CARTESIAN_POINT('',(7.62,-18.0950575477753,0.769999999999999));
#5964=CARTESIAN_POINT('',(7.3325,-9.04752877388765,1.345));
#5965=CARTESIAN_POINT('Origin',(7.62,-18.0950575477753,0.769999999999999));
#5966=CARTESIAN_POINT('',(7.685,-18.0950575477753,0.900000000000016));
#5967=CARTESIAN_POINT('',(7.9075,-9.04752877388765,1.345));
#5968=CARTESIAN_POINT('Origin',(9.91,-18.3412858799452,1.27));
#5969=CARTESIAN_POINT('',(10.095,-18.3412858799452,0.900000000000016));
#5970=CARTESIAN_POINT('',(9.8725,-9.1706429399726,1.345));
#5971=CARTESIAN_POINT('Origin',(-9.91,-18.3412858799452,-1.27));
#5972=CARTESIAN_POINT('',(-10.095,-18.3412858799452,-0.900000000000024));
#5973=CARTESIAN_POINT('',(-9.8725,-7.9006429399726,-1.345));
#5974=CARTESIAN_POINT('Origin',(-7.37,-18.0950575477753,-1.27));
#5975=CARTESIAN_POINT('',(-7.55499999999999,-18.0950575477753,-0.900000000000024));
#5976=CARTESIAN_POINT('',(-7.62,-18.0950575477753,-0.769999999999999));
#5977=CARTESIAN_POINT('',(-7.3325,-7.77752877388765,-1.345));
#5978=CARTESIAN_POINT('Origin',(-7.62,-18.0950575477753,-0.769999999999999));
#5979=CARTESIAN_POINT('',(-7.68500000000001,-18.0950575477753,-0.900000000000024));
#5980=CARTESIAN_POINT('',(-7.9075,-7.77752877388765,-1.345));
#5981=CARTESIAN_POINT('Origin',(-4.83,-18.0950575477753,-1.27));
#5982=CARTESIAN_POINT('',(-5.01499999999999,-18.0950575477753,-0.900000000000024));
#5983=CARTESIAN_POINT('',(-5.08,-18.0950575477753,-0.769999999999999));
#5984=CARTESIAN_POINT('',(-4.7925,-7.77752877388765,-1.345));
#5985=CARTESIAN_POINT('Origin',(-5.08,-18.0950575477753,-0.769999999999999));
#5986=CARTESIAN_POINT('',(-5.14500000000001,-18.0950575477753,-0.900000000000024));
#5987=CARTESIAN_POINT('',(-5.3675,-7.77752877388765,-1.345));
#5988=CARTESIAN_POINT('Origin',(-2.29,-18.0950575477753,-1.27));
#5989=CARTESIAN_POINT('',(-2.47499999999999,-18.0950575477753,-0.900000000000024));
#5990=CARTESIAN_POINT('',(-2.54,-18.0950575477753,-0.769999999999999));
#5991=CARTESIAN_POINT('',(-2.2525,-7.77752877388765,-1.345));
#5992=CARTESIAN_POINT('Origin',(-2.54,-18.0950575477753,-0.769999999999999));
#5993=CARTESIAN_POINT('',(-2.60500000000001,-18.0950575477753,-0.900000000000024));
#5994=CARTESIAN_POINT('',(-2.8275,-7.77752877388765,-1.345));
#5995=CARTESIAN_POINT('Origin',(0.249999999999999,-18.0950575477753,-1.27));
#5996=CARTESIAN_POINT('',(0.0650000000000105,-18.0950575477753,-0.900000000000024));
#5997=CARTESIAN_POINT('',(-1.73472347597681E-15,-18.0950575477753,-0.769999999999999));
#5998=CARTESIAN_POINT('',(0.287499999999998,-7.77752877388765,-1.345));
#5999=CARTESIAN_POINT('Origin',(-1.73472347597681E-15,-18.0950575477753,
-0.769999999999999));
#6000=CARTESIAN_POINT('',(-0.0650000000000139,-18.0950575477753,-0.900000000000024));
#6001=CARTESIAN_POINT('',(-0.287500000000002,-7.77752877388765,-1.345));
#6002=CARTESIAN_POINT('Origin',(2.79,-18.0950575477753,-1.27));
#6003=CARTESIAN_POINT('',(2.60500000000001,-18.0950575477753,-0.900000000000024));
#6004=CARTESIAN_POINT('',(2.54,-18.0950575477753,-0.769999999999999));
#6005=CARTESIAN_POINT('',(2.8275,-7.77752877388765,-1.345));
#6006=CARTESIAN_POINT('Origin',(2.54,-18.0950575477753,-0.769999999999999));
#6007=CARTESIAN_POINT('',(2.47499999999999,-18.0950575477753,-0.900000000000024));
#6008=CARTESIAN_POINT('',(2.2525,-7.77752877388765,-1.345));
#6009=CARTESIAN_POINT('Origin',(5.33,-18.0950575477753,-1.27));
#6010=CARTESIAN_POINT('',(5.14500000000001,-18.0950575477753,-0.900000000000024));
#6011=CARTESIAN_POINT('',(5.08,-18.0950575477753,-0.769999999999999));
#6012=CARTESIAN_POINT('',(5.3675,-7.77752877388765,-1.345));
#6013=CARTESIAN_POINT('Origin',(5.08,-18.0950575477753,-0.769999999999999));
#6014=CARTESIAN_POINT('',(5.01499999999999,-18.0950575477753,-0.900000000000024));
#6015=CARTESIAN_POINT('',(4.7925,-7.77752877388765,-1.345));
#6016=CARTESIAN_POINT('Origin',(7.87,-18.0950575477753,-1.27));
#6017=CARTESIAN_POINT('',(7.68500000000001,-18.0950575477753,-0.900000000000024));
#6018=CARTESIAN_POINT('',(7.62,-18.0950575477753,-0.769999999999999));
#6019=CARTESIAN_POINT('',(7.9075,-7.77752877388765,-1.345));
#6020=CARTESIAN_POINT('Origin',(7.62,-18.0950575477753,-0.769999999999999));
#6021=CARTESIAN_POINT('',(7.55499999999998,-18.0950575477753,-0.900000000000024));
#6022=CARTESIAN_POINT('',(7.3325,-7.77752877388765,-1.345));
#6023=CARTESIAN_POINT('Origin',(10.16,-18.3412858799452,-0.769999999999999));
#6024=CARTESIAN_POINT('',(10.095,-18.3412858799452,-0.900000000000024));
#6025=CARTESIAN_POINT('',(9.8725,-7.9006429399726,-1.345));
#6026=CARTESIAN_POINT('Origin',(-8.57,-18.0950575477753,-0.320000000000001));
#6027=CARTESIAN_POINT('',(-8.57,-18.0950575477753,-0.320000000000001));
#6028=CARTESIAN_POINT('',(-8.57,-18.0950575477753,0.319999999999999));
#6029=CARTESIAN_POINT('Origin',(-8.57,-18.0950575477753,0.319999999999999));
#6030=CARTESIAN_POINT('',(-9.21,-18.0950575477753,0.319999999999999));
#6031=CARTESIAN_POINT('Origin',(-9.21,-18.0950575477753,0.319999999999999));
#6032=CARTESIAN_POINT('',(-9.21,-18.0950575477753,-0.320000000000001));
#6033=CARTESIAN_POINT('Origin',(-9.21,-18.0950575477753,-0.320000000000001));
#6034=CARTESIAN_POINT('Origin',(10.16,2.54,-1.345));
#6035=CARTESIAN_POINT('Origin',(10.16,2.54,-1.345));
#6036=CARTESIAN_POINT('Origin',(10.16,2.54,-1.345));
#6037=CARTESIAN_POINT('Origin',(10.16,2.54,-1.345));
#6038=CARTESIAN_POINT('Origin',(10.16,2.54,-1.345));
#6039=CARTESIAN_POINT('Origin',(10.16,2.54,-1.345));
#6040=CARTESIAN_POINT('Origin',(10.16,2.54,-1.345));
#6041=CARTESIAN_POINT('Origin',(10.16,2.54,-1.345));
#6042=CARTESIAN_POINT('Origin',(10.16,0.,1.345));
#6043=CARTESIAN_POINT('Origin',(10.16,0.,1.345));
#6044=CARTESIAN_POINT('Origin',(10.16,0.,1.345));
#6045=CARTESIAN_POINT('Origin',(10.16,0.,1.345));
#6046=CARTESIAN_POINT('Origin',(10.16,0.,1.345));
#6047=CARTESIAN_POINT('Origin',(10.16,0.,1.345));
#6048=CARTESIAN_POINT('Origin',(10.16,0.,1.345));
#6049=CARTESIAN_POINT('Origin',(10.16,0.,1.345));
#6050=CARTESIAN_POINT('Origin',(-10.4750575477753,0.,0.9));
#6051=CARTESIAN_POINT('Origin',(-10.4750575477753,0.,0.9));
#6052=CARTESIAN_POINT('Origin',(-10.4750575477753,0.,0.9));
#6053=CARTESIAN_POINT('Origin',(-10.4750575477753,0.,0.9));
#6054=CARTESIAN_POINT('Origin',(-10.4750575477753,0.,0.9));
#6055=CARTESIAN_POINT('Origin',(-10.4750575477753,0.,0.9));
#6056=CARTESIAN_POINT('Origin',(-10.4750575477753,0.,0.9));
#6057=CARTESIAN_POINT('Origin',(-10.4750575477753,0.,0.9));
#6058=CARTESIAN_POINT('Origin',(-10.4750575477753,0.5,-0.9));
#6059=CARTESIAN_POINT('Origin',(-10.4750575477753,0.5,-0.9));
#6060=CARTESIAN_POINT('Origin',(-10.4750575477753,0.5,-0.9));
#6061=CARTESIAN_POINT('Origin',(-10.4750575477753,0.5,-0.9));
#6062=CARTESIAN_POINT('Origin',(-10.4750575477753,0.5,-0.9));
#6063=CARTESIAN_POINT('Origin',(-10.4750575477753,0.5,-0.9));
#6064=CARTESIAN_POINT('Origin',(-10.4750575477753,0.5,-0.9));
#6065=CARTESIAN_POINT('Origin',(-10.4750575477753,0.5,-0.9));
#6066=CARTESIAN_POINT('Origin',(-6.03,-18.0950575477753,-0.320000000000001));
#6067=CARTESIAN_POINT('',(-6.03,-18.0950575477753,0.319999999999999));
#6068=CARTESIAN_POINT('',(-6.03,-18.0950575477753,-0.320000000000001));
#6069=CARTESIAN_POINT('Origin',(-6.03,-18.0950575477753,0.319999999999999));
#6070=CARTESIAN_POINT('',(-6.67,-18.0950575477753,0.319999999999999));
#6071=CARTESIAN_POINT('Origin',(-6.67,-18.0950575477753,0.319999999999999));
#6072=CARTESIAN_POINT('',(-6.67,-18.0950575477753,-0.320000000000001));
#6073=CARTESIAN_POINT('Origin',(-6.67,-18.0950575477753,-0.320000000000001));
#6074=CARTESIAN_POINT('Origin',(-3.49,-18.0950575477753,-0.320000000000001));
#6075=CARTESIAN_POINT('',(-3.49,-18.0950575477753,0.319999999999999));
#6076=CARTESIAN_POINT('',(-3.49,-18.0950575477753,-0.320000000000001));
#6077=CARTESIAN_POINT('Origin',(-3.49,-18.0950575477753,0.319999999999999));
#6078=CARTESIAN_POINT('',(-4.13,-18.0950575477753,0.319999999999999));
#6079=CARTESIAN_POINT('Origin',(-4.13,-18.0950575477753,0.319999999999999));
#6080=CARTESIAN_POINT('',(-4.13,-18.0950575477753,-0.320000000000001));
#6081=CARTESIAN_POINT('Origin',(-4.13,-18.0950575477753,-0.320000000000001));
#6082=CARTESIAN_POINT('Origin',(-0.95,-18.0950575477753,-0.320000000000001));
#6083=CARTESIAN_POINT('',(-0.95,-18.0950575477753,0.319999999999999));
#6084=CARTESIAN_POINT('',(-0.95,-18.0950575477753,-0.320000000000001));
#6085=CARTESIAN_POINT('Origin',(-0.95,-18.0950575477753,0.319999999999999));
#6086=CARTESIAN_POINT('',(-1.59,-18.0950575477753,0.319999999999999));
#6087=CARTESIAN_POINT('Origin',(-1.59,-18.0950575477753,0.319999999999999));
#6088=CARTESIAN_POINT('',(-1.59,-18.0950575477753,-0.320000000000001));
#6089=CARTESIAN_POINT('Origin',(-1.59,-18.0950575477753,-0.320000000000001));
#6090=CARTESIAN_POINT('Origin',(1.59,-18.0950575477753,-0.320000000000001));
#6091=CARTESIAN_POINT('',(1.59,-18.0950575477753,0.319999999999999));
#6092=CARTESIAN_POINT('',(1.59,-18.0950575477753,-0.320000000000001));
#6093=CARTESIAN_POINT('Origin',(1.59,-18.0950575477753,0.319999999999999));
#6094=CARTESIAN_POINT('',(0.95,-18.0950575477753,0.319999999999999));
#6095=CARTESIAN_POINT('Origin',(0.95,-18.0950575477753,0.319999999999999));
#6096=CARTESIAN_POINT('',(0.95,-18.0950575477753,-0.320000000000001));
#6097=CARTESIAN_POINT('Origin',(0.95,-18.0950575477753,-0.320000000000001));
#6098=CARTESIAN_POINT('Origin',(4.13,-18.0950575477753,-0.320000000000001));
#6099=CARTESIAN_POINT('',(4.13,-18.0950575477753,0.319999999999999));
#6100=CARTESIAN_POINT('',(4.13,-18.0950575477753,-0.320000000000001));
#6101=CARTESIAN_POINT('Origin',(4.13,-18.0950575477753,0.319999999999999));
#6102=CARTESIAN_POINT('',(3.49,-18.0950575477753,0.319999999999999));
#6103=CARTESIAN_POINT('Origin',(3.49,-18.0950575477753,0.319999999999999));
#6104=CARTESIAN_POINT('',(3.49,-18.0950575477753,-0.320000000000001));
#6105=CARTESIAN_POINT('Origin',(3.49,-18.0950575477753,-0.320000000000001));
#6106=CARTESIAN_POINT('Origin',(6.67,-18.0950575477753,-0.320000000000001));
#6107=CARTESIAN_POINT('',(6.67,-18.0950575477753,0.319999999999999));
#6108=CARTESIAN_POINT('',(6.67,-18.0950575477753,-0.320000000000001));
#6109=CARTESIAN_POINT('Origin',(6.67,-18.0950575477753,0.319999999999999));
#6110=CARTESIAN_POINT('',(6.03,-18.0950575477753,0.319999999999999));
#6111=CARTESIAN_POINT('Origin',(6.03,-18.0950575477753,0.319999999999999));
#6112=CARTESIAN_POINT('',(6.03,-18.0950575477753,-0.320000000000001));
#6113=CARTESIAN_POINT('Origin',(6.03,-18.0950575477753,-0.320000000000001));
#6114=CARTESIAN_POINT('Origin',(9.21,-18.0950575477753,-0.320000000000001));
#6115=CARTESIAN_POINT('',(9.21,-18.0950575477753,0.319999999999999));
#6116=CARTESIAN_POINT('',(9.21,-18.0950575477753,-0.320000000000001));
#6117=CARTESIAN_POINT('Origin',(9.21,-18.0950575477753,0.319999999999999));
#6118=CARTESIAN_POINT('',(8.57,-18.0950575477753,0.319999999999999));
#6119=CARTESIAN_POINT('Origin',(8.57,-18.0950575477753,0.319999999999999));
#6120=CARTESIAN_POINT('',(8.57,-18.0950575477753,-0.320000000000001));
#6121=CARTESIAN_POINT('Origin',(8.57,-18.0950575477753,-0.320000000000001));
#6122=CARTESIAN_POINT('Origin',(-8.56999999999999,-3.1,-0.32));
#6123=CARTESIAN_POINT('',(-8.72857864376269,-3.1,-0.161421356237309));
#6124=CARTESIAN_POINT('',(-8.72857864376269,-3.1,0.16142135623731));
#6125=CARTESIAN_POINT('',(-8.72857864376269,-3.1,-0.32));
#6126=CARTESIAN_POINT('',(-9.0514213562373,-3.1,0.161421356237309));
#6127=CARTESIAN_POINT('',(-8.56999999999999,-3.1,0.16142135623731));
#6128=CARTESIAN_POINT('',(-9.0514213562373,-3.1,-0.161421356237309));
#6129=CARTESIAN_POINT('',(-9.0514213562373,-3.1,-0.32));
#6130=CARTESIAN_POINT('',(-8.73,-3.1,-0.16142135623731));
#6131=CARTESIAN_POINT('Origin',(-9.20999999999999,-3.,-0.32));
#6132=CARTESIAN_POINT('',(-9.20999999999999,-2.94142135623731,0.32));
#6133=CARTESIAN_POINT('',(-9.21,8.48142135623731,0.320000000000003));
#6134=CARTESIAN_POINT('',(-9.20999999999999,-3.,0.32));
#6135=CARTESIAN_POINT('',(-9.21,8.48142135623731,-0.319999999999999));
#6136=CARTESIAN_POINT('',(-9.21,8.48142135623731,-0.319999999999998));
#6137=CARTESIAN_POINT('',(-9.20999999999999,-2.94142135623731,-0.32));
#6138=CARTESIAN_POINT('',(-9.20999999999999,-3.,-0.32));
#6139=CARTESIAN_POINT('',(-9.20999999999999,-2.94142135623731,-0.32));
#6140=CARTESIAN_POINT('Origin',(-9.21,8.64,-0.319999999999998));
#6141=CARTESIAN_POINT('',(-8.7285786437627,8.64,0.161421356237311));
#6142=CARTESIAN_POINT('',(-8.7285786437627,8.64,-0.161421356237311));
#6143=CARTESIAN_POINT('',(-8.7285786437627,8.64,-0.319999999999998));
#6144=CARTESIAN_POINT('',(-9.05142135623731,8.64,-0.161421356237309));
#6145=CARTESIAN_POINT('',(-9.04999999999998,8.64,-0.161421356237311));
#6146=CARTESIAN_POINT('',(-9.05142135623731,8.64,0.161421356237311));
#6147=CARTESIAN_POINT('',(-9.05142135623731,8.64,-0.319999999999998));
#6148=CARTESIAN_POINT('',(-9.21,8.64,0.161421356237312));
#6149=CARTESIAN_POINT('Origin',(-8.57000000000001,8.54,-0.319999999999997));
#6150=CARTESIAN_POINT('',(-8.57000000000001,8.48142135623731,-0.319999999999997));
#6151=CARTESIAN_POINT('',(-8.57,-2.94142135623731,-0.320000000000001));
#6152=CARTESIAN_POINT('',(-8.57000000000001,8.54,-0.319999999999997));
#6153=CARTESIAN_POINT('',(-8.57000000000001,8.48142135623731,0.320000000000001));
#6154=CARTESIAN_POINT('',(-8.57000000000001,8.48142135623731,-0.319999999999997));
#6155=CARTESIAN_POINT('',(-8.57,-2.94142135623731,0.320000000000001));
#6156=CARTESIAN_POINT('',(-8.57000000000001,8.54,0.320000000000003));
#6157=CARTESIAN_POINT('',(-8.57,-2.9414213562373,-0.32));
#6158=CARTESIAN_POINT('Origin',(-8.89,2.77,-0.319999999999999));
#6159=CARTESIAN_POINT('',(-8.88999999999996,8.48142135623731,-0.319999999999998));
#6160=CARTESIAN_POINT('',(-8.89,-2.94142135623731,-0.32));
#6161=CARTESIAN_POINT('Origin',(-8.89,2.77,0.320000000000001));
#6162=CARTESIAN_POINT('',(-9.04999999999998,8.48142135623731,0.320000000000002));
#6163=CARTESIAN_POINT('',(-8.72999999999999,-2.94142135623731,0.32));
#6164=CARTESIAN_POINT('Origin',(-9.21,8.61071067811866,0.190710678118657));
#6165=CARTESIAN_POINT('',(-8.8028595479209,8.7142809041582,0.0871404520791038));
#6166=CARTESIAN_POINT('',(-9.0171404520791,8.67428090415821,0.127140452079104));
#6167=CARTESIAN_POINT('Origin',(-9.08071067811866,8.61071067811866,-0.319999999999998));
#6168=CARTESIAN_POINT('',(-9.1371404520791,8.55428090415822,-0.247140452079096));
#6169=CARTESIAN_POINT('Origin',(-8.49928932188135,8.41071067811866,-0.319999999999998));
#6170=CARTESIAN_POINT('',(-8.57619288125423,8.48761423749153,-0.313807118745774));
#6171=CARTESIAN_POINT('Origin',(-8.88999999999996,8.41071067811866,-0.390710678118653));
#6172=CARTESIAN_POINT('Origin',(-8.89,-2.87071067811866,-0.390710678118655));
#6173=CARTESIAN_POINT('',(-9.20380711874576,-2.94761423749154,-0.313807118745772));
#6174=CARTESIAN_POINT('',(-8.6428595479209,-3.0142809041582,-0.247140452079105));
#6175=CARTESIAN_POINT('Origin',(-8.69928932188134,-3.07071067811865,-0.32));
#6176=CARTESIAN_POINT('',(-8.7628595479209,-3.13428090415821,0.127140452079105));
#6177=CARTESIAN_POINT('Origin',(-9.28071067811864,-2.87071067811866,-0.32));
#6178=CARTESIAN_POINT('',(-8.97714045207909,-3.17428090415821,0.0871404520791033));
#6179=CARTESIAN_POINT('Origin',(-8.56999999999999,-3.07071067811866,0.190710678118655));
#6180=CARTESIAN_POINT('Origin',(-6.02999999999999,-3.1,-0.32));
#6181=CARTESIAN_POINT('',(-6.18857864376268,-3.1,-0.161421356237309));
#6182=CARTESIAN_POINT('',(-6.18857864376268,-3.1,0.16142135623731));
#6183=CARTESIAN_POINT('',(-6.18857864376268,-3.1,-0.32));
#6184=CARTESIAN_POINT('',(-6.5114213562373,-3.1,0.161421356237309));
#6185=CARTESIAN_POINT('',(-6.02999999999999,-3.1,0.16142135623731));
#6186=CARTESIAN_POINT('',(-6.5114213562373,-3.1,-0.161421356237309));
#6187=CARTESIAN_POINT('',(-6.5114213562373,-3.1,-0.32));
#6188=CARTESIAN_POINT('',(-6.18999999999999,-3.1,-0.16142135623731));
#6189=CARTESIAN_POINT('Origin',(-6.66999999999999,-3.,-0.32));
#6190=CARTESIAN_POINT('',(-6.66999999999999,-2.94142135623731,0.32));
#6191=CARTESIAN_POINT('',(-6.67,8.48142135623731,0.320000000000003));
#6192=CARTESIAN_POINT('',(-6.66999999999999,-3.,0.32));
#6193=CARTESIAN_POINT('',(-6.67,8.48142135623731,-0.319999999999999));
#6194=CARTESIAN_POINT('',(-6.67,8.48142135623731,-0.319999999999998));
#6195=CARTESIAN_POINT('',(-6.66999999999999,-2.94142135623731,-0.32));
#6196=CARTESIAN_POINT('',(-6.66999999999999,-3.,-0.32));
#6197=CARTESIAN_POINT('',(-6.66999999999999,-2.94142135623731,-0.32));
#6198=CARTESIAN_POINT('Origin',(-6.67,8.64,-0.319999999999998));
#6199=CARTESIAN_POINT('',(-6.1885786437627,8.64,0.161421356237311));
#6200=CARTESIAN_POINT('',(-6.1885786437627,8.64,-0.161421356237311));
#6201=CARTESIAN_POINT('',(-6.1885786437627,8.64,-0.319999999999998));
#6202=CARTESIAN_POINT('',(-6.51142135623731,8.64,-0.161421356237309));
#6203=CARTESIAN_POINT('',(-6.50999999999998,8.64,-0.161421356237311));
#6204=CARTESIAN_POINT('',(-6.51142135623731,8.64,0.161421356237311));
#6205=CARTESIAN_POINT('',(-6.51142135623731,8.64,-0.319999999999998));
#6206=CARTESIAN_POINT('',(-6.67,8.64,0.161421356237312));
#6207=CARTESIAN_POINT('Origin',(-6.03000000000001,8.54,-0.319999999999997));
#6208=CARTESIAN_POINT('',(-6.03000000000001,8.48142135623731,-0.319999999999997));
#6209=CARTESIAN_POINT('',(-6.03,-2.94142135623731,-0.319999999999999));
#6210=CARTESIAN_POINT('',(-6.03000000000001,8.54,-0.319999999999997));
#6211=CARTESIAN_POINT('',(-6.03000000000001,8.48142135623731,0.320000000000001));
#6212=CARTESIAN_POINT('',(-6.03000000000001,8.48142135623731,-0.319999999999997));
#6213=CARTESIAN_POINT('',(-6.03,-2.94142135623731,0.319999999999999));
#6214=CARTESIAN_POINT('',(-6.03000000000001,8.54,0.320000000000003));
#6215=CARTESIAN_POINT('',(-6.03,-2.94142135623731,-0.32));
#6216=CARTESIAN_POINT('Origin',(-6.35,2.77,-0.319999999999999));
#6217=CARTESIAN_POINT('',(-6.34999999999996,8.48142135623731,-0.319999999999998));
#6218=CARTESIAN_POINT('',(-6.34999999999999,-2.94142135623731,-0.32));
#6219=CARTESIAN_POINT('Origin',(-6.35,2.77,0.320000000000001));
#6220=CARTESIAN_POINT('',(-6.50999999999998,8.48142135623731,0.320000000000002));
#6221=CARTESIAN_POINT('',(-6.18999999999999,-2.94142135623731,0.32));
#6222=CARTESIAN_POINT('Origin',(-6.67,8.61071067811866,0.190710678118657));
#6223=CARTESIAN_POINT('',(-6.2628595479209,8.7142809041582,0.0871404520791045));
#6224=CARTESIAN_POINT('',(-6.4771404520791,8.67428090415821,0.127140452079104));
#6225=CARTESIAN_POINT('Origin',(-6.54071067811866,8.61071067811866,-0.319999999999998));
#6226=CARTESIAN_POINT('',(-6.5971404520791,8.55428090415822,-0.247140452079096));
#6227=CARTESIAN_POINT('Origin',(-5.95928932188136,8.41071067811866,-0.319999999999998));
#6228=CARTESIAN_POINT('',(-6.03619288125423,8.48761423749153,-0.313807118745774));
#6229=CARTESIAN_POINT('Origin',(-6.34999999999996,8.41071067811866,-0.390710678118653));
#6230=CARTESIAN_POINT('Origin',(-6.34999999999999,-2.87071067811866,-0.390710678118655));
#6231=CARTESIAN_POINT('',(-6.66380711874576,-2.94761423749154,-0.31380711874577));
#6232=CARTESIAN_POINT('',(-6.10285954792089,-3.0142809041582,-0.247140452079105));
#6233=CARTESIAN_POINT('Origin',(-6.15928932188134,-3.07071067811865,-0.32));
#6234=CARTESIAN_POINT('',(-6.22285954792089,-3.13428090415821,0.127140452079103));
#6235=CARTESIAN_POINT('Origin',(-6.74071067811865,-2.87071067811866,-0.32));
#6236=CARTESIAN_POINT('',(-6.43714045207909,-3.17428090415821,0.0871404520791033));
#6237=CARTESIAN_POINT('Origin',(-6.02999999999999,-3.07071067811866,0.190710678118655));
#6238=CARTESIAN_POINT('Origin',(-3.48999999999999,-3.1,-0.32));
#6239=CARTESIAN_POINT('',(-3.64857864376268,-3.1,-0.161421356237309));
#6240=CARTESIAN_POINT('',(-3.64857864376268,-3.1,0.16142135623731));
#6241=CARTESIAN_POINT('',(-3.64857864376268,-3.1,-0.32));
#6242=CARTESIAN_POINT('',(-3.9714213562373,-3.1,0.161421356237309));
#6243=CARTESIAN_POINT('',(-3.48999999999999,-3.1,0.16142135623731));
#6244=CARTESIAN_POINT('',(-3.9714213562373,-3.1,-0.161421356237309));
#6245=CARTESIAN_POINT('',(-3.9714213562373,-3.1,-0.32));
#6246=CARTESIAN_POINT('',(-3.64999999999999,-3.1,-0.16142135623731));
#6247=CARTESIAN_POINT('Origin',(-4.12999999999999,-3.,-0.32));
#6248=CARTESIAN_POINT('',(-4.12999999999999,-2.94142135623731,0.32));
#6249=CARTESIAN_POINT('',(-4.13,8.48142135623731,0.320000000000003));
#6250=CARTESIAN_POINT('',(-4.12999999999999,-3.,0.32));
#6251=CARTESIAN_POINT('',(-4.13,8.48142135623731,-0.319999999999999));
#6252=CARTESIAN_POINT('',(-4.13,8.48142135623731,-0.319999999999998));
#6253=CARTESIAN_POINT('',(-4.12999999999999,-2.94142135623731,-0.32));
#6254=CARTESIAN_POINT('',(-4.12999999999999,-3.,-0.32));
#6255=CARTESIAN_POINT('',(-4.12999999999999,-2.94142135623731,-0.32));
#6256=CARTESIAN_POINT('Origin',(-4.13,8.64,-0.319999999999998));
#6257=CARTESIAN_POINT('',(-3.64857864376269,8.64,0.161421356237311));
#6258=CARTESIAN_POINT('',(-3.64857864376269,8.64,-0.161421356237311));
#6259=CARTESIAN_POINT('',(-3.64857864376269,8.64,-0.319999999999998));
#6260=CARTESIAN_POINT('',(-3.97142135623731,8.64,-0.161421356237309));
#6261=CARTESIAN_POINT('',(-3.96999999999998,8.64,-0.161421356237311));
#6262=CARTESIAN_POINT('',(-3.97142135623731,8.64,0.161421356237311));
#6263=CARTESIAN_POINT('',(-3.97142135623731,8.64,-0.319999999999998));
#6264=CARTESIAN_POINT('',(-4.13,8.64,0.161421356237312));
#6265=CARTESIAN_POINT('Origin',(-3.49000000000001,8.54,-0.319999999999997));
#6266=CARTESIAN_POINT('',(-3.49000000000001,8.48142135623731,-0.319999999999997));
#6267=CARTESIAN_POINT('',(-3.49,-2.94142135623731,-0.319999999999999));
#6268=CARTESIAN_POINT('',(-3.49000000000001,8.54,-0.319999999999997));
#6269=CARTESIAN_POINT('',(-3.49000000000001,8.48142135623731,0.320000000000001));
#6270=CARTESIAN_POINT('',(-3.49000000000001,8.48142135623731,-0.319999999999997));
#6271=CARTESIAN_POINT('',(-3.49,-2.94142135623731,0.319999999999999));
#6272=CARTESIAN_POINT('',(-3.49000000000001,8.54,0.320000000000003));
#6273=CARTESIAN_POINT('',(-3.49,-2.94142135623731,-0.32));
#6274=CARTESIAN_POINT('Origin',(-3.81,2.77,-0.319999999999999));
#6275=CARTESIAN_POINT('',(-3.80999999999996,8.48142135623731,-0.319999999999998));
#6276=CARTESIAN_POINT('',(-3.80999999999999,-2.94142135623731,-0.32));
#6277=CARTESIAN_POINT('Origin',(-3.81,2.77,0.320000000000001));
#6278=CARTESIAN_POINT('',(-3.96999999999998,8.48142135623731,0.320000000000002));
#6279=CARTESIAN_POINT('',(-3.64999999999999,-2.94142135623731,0.32));
#6280=CARTESIAN_POINT('Origin',(-4.13,8.61071067811866,0.190710678118657));
#6281=CARTESIAN_POINT('',(-3.7228595479209,8.7142809041582,0.0871404520791045));
#6282=CARTESIAN_POINT('',(-3.9371404520791,8.67428090415821,0.127140452079104));
#6283=CARTESIAN_POINT('Origin',(-4.00071067811865,8.61071067811866,-0.319999999999998));
#6284=CARTESIAN_POINT('',(-4.0571404520791,8.55428090415822,-0.247140452079096));
#6285=CARTESIAN_POINT('Origin',(-3.41928932188136,8.41071067811866,-0.319999999999998));
#6286=CARTESIAN_POINT('',(-3.49619288125423,8.48761423749153,-0.313807118745774));
#6287=CARTESIAN_POINT('Origin',(-3.80999999999996,8.41071067811866,-0.390710678118653));
#6288=CARTESIAN_POINT('Origin',(-3.80999999999999,-2.87071067811866,-0.390710678118655));
#6289=CARTESIAN_POINT('',(-4.12380711874576,-2.94761423749154,-0.31380711874577));
#6290=CARTESIAN_POINT('',(-3.56285954792089,-3.0142809041582,-0.247140452079105));
#6291=CARTESIAN_POINT('Origin',(-3.61928932188134,-3.07071067811865,-0.32));
#6292=CARTESIAN_POINT('',(-3.68285954792089,-3.13428090415821,0.127140452079103));
#6293=CARTESIAN_POINT('Origin',(-4.20071067811864,-2.87071067811866,-0.32));
#6294=CARTESIAN_POINT('',(-3.89714045207909,-3.17428090415821,0.0871404520791035));
#6295=CARTESIAN_POINT('Origin',(-3.48999999999999,-3.07071067811866,0.190710678118655));
#6296=CARTESIAN_POINT('Origin',(-0.949999999999995,-3.1,-0.32));
#6297=CARTESIAN_POINT('',(-1.10857864376268,-3.1,-0.161421356237309));
#6298=CARTESIAN_POINT('',(-1.10857864376268,-3.1,0.16142135623731));
#6299=CARTESIAN_POINT('',(-1.10857864376268,-3.1,-0.32));
#6300=CARTESIAN_POINT('',(-1.4314213562373,-3.1,0.161421356237309));
#6301=CARTESIAN_POINT('',(-0.949999999999995,-3.1,0.16142135623731));
#6302=CARTESIAN_POINT('',(-1.4314213562373,-3.1,-0.161421356237309));
#6303=CARTESIAN_POINT('',(-1.4314213562373,-3.1,-0.32));
#6304=CARTESIAN_POINT('',(-1.10999999999999,-3.1,-0.16142135623731));
#6305=CARTESIAN_POINT('Origin',(-1.58999999999999,-3.,-0.32));
#6306=CARTESIAN_POINT('',(-1.58999999999999,-2.94142135623731,0.32));
#6307=CARTESIAN_POINT('',(-1.59,8.48142135623731,0.320000000000003));
#6308=CARTESIAN_POINT('',(-1.58999999999999,-3.,0.32));
#6309=CARTESIAN_POINT('',(-1.59,8.48142135623731,-0.32));
#6310=CARTESIAN_POINT('',(-1.59,8.48142135623731,-0.319999999999998));
#6311=CARTESIAN_POINT('',(-1.58999999999999,-2.94142135623731,-0.320000000000001));
#6312=CARTESIAN_POINT('',(-1.58999999999999,-3.,-0.32));
#6313=CARTESIAN_POINT('',(-1.58999999999999,-2.94142135623731,-0.32));
#6314=CARTESIAN_POINT('Origin',(-1.59,8.64,-0.319999999999998));
#6315=CARTESIAN_POINT('',(-1.10857864376269,8.64,0.161421356237311));
#6316=CARTESIAN_POINT('',(-1.10857864376269,8.64,-0.161421356237311));
#6317=CARTESIAN_POINT('',(-1.10857864376269,8.64,-0.319999999999998));
#6318=CARTESIAN_POINT('',(-1.43142135623731,8.64,-0.161421356237309));
#6319=CARTESIAN_POINT('',(-1.42999999999998,8.64,-0.161421356237311));
#6320=CARTESIAN_POINT('',(-1.43142135623731,8.64,0.161421356237311));
#6321=CARTESIAN_POINT('',(-1.43142135623731,8.64,-0.319999999999998));
#6322=CARTESIAN_POINT('',(-1.59,8.64,0.161421356237312));
#6323=CARTESIAN_POINT('Origin',(-0.950000000000007,8.54,-0.319999999999997));
#6324=CARTESIAN_POINT('',(-0.950000000000006,8.48142135623731,-0.319999999999997));
#6325=CARTESIAN_POINT('',(-0.949999999999994,-2.94142135623731,-0.319999999999999));
#6326=CARTESIAN_POINT('',(-0.950000000000007,8.54,-0.319999999999997));
#6327=CARTESIAN_POINT('',(-0.950000000000006,8.48142135623731,0.320000000000001));
#6328=CARTESIAN_POINT('',(-0.950000000000007,8.48142135623731,-0.319999999999997));
#6329=CARTESIAN_POINT('',(-0.949999999999994,-2.94142135623731,0.32));
#6330=CARTESIAN_POINT('',(-0.950000000000007,8.54,0.320000000000003));
#6331=CARTESIAN_POINT('',(-0.949999999999994,-2.94142135623731,-0.32));
#6332=CARTESIAN_POINT('Origin',(-1.27,2.77,-0.319999999999999));
#6333=CARTESIAN_POINT('',(-1.26999999999996,8.48142135623731,-0.319999999999998));
#6334=CARTESIAN_POINT('',(-1.26999999999999,-2.94142135623731,-0.32));
#6335=CARTESIAN_POINT('Origin',(-1.27,2.77,0.320000000000001));
#6336=CARTESIAN_POINT('',(-1.42999999999998,8.48142135623731,0.320000000000002));
#6337=CARTESIAN_POINT('',(-1.10999999999999,-2.94142135623731,0.32));
#6338=CARTESIAN_POINT('Origin',(-1.59,8.61071067811866,0.190710678118657));
#6339=CARTESIAN_POINT('',(-1.1828595479209,8.7142809041582,0.0871404520791043));
#6340=CARTESIAN_POINT('',(-1.3971404520791,8.67428090415821,0.127140452079104));
#6341=CARTESIAN_POINT('Origin',(-1.46071067811865,8.61071067811866,-0.319999999999998));
#6342=CARTESIAN_POINT('',(-1.5171404520791,8.55428090415822,-0.247140452079096));
#6343=CARTESIAN_POINT('Origin',(-0.879289321881352,8.41071067811866,-0.319999999999998));
#6344=CARTESIAN_POINT('',(-0.956192881254228,8.48761423749153,-0.313807118745774));
#6345=CARTESIAN_POINT('Origin',(-1.26999999999996,8.41071067811866,-0.390710678118653));
#6346=CARTESIAN_POINT('Origin',(-1.26999999999999,-2.87071067811866,-0.390710678118655));
#6347=CARTESIAN_POINT('',(-1.58380711874576,-2.94761423749154,-0.31380711874577));
#6348=CARTESIAN_POINT('',(-1.02285954792089,-3.0142809041582,-0.247140452079105));
#6349=CARTESIAN_POINT('Origin',(-1.07928932188133,-3.07071067811865,-0.32));
#6350=CARTESIAN_POINT('',(-1.14285954792089,-3.13428090415821,0.127140452079102));
#6351=CARTESIAN_POINT('Origin',(-1.66071067811864,-2.87071067811866,-0.32));
#6352=CARTESIAN_POINT('',(-1.35714045207909,-3.17428090415821,0.0871404520791043));
#6353=CARTESIAN_POINT('Origin',(-0.949999999999995,-3.07071067811866,0.190710678118655));
#6354=CARTESIAN_POINT('Origin',(1.59000000000001,-3.1,-0.32));
#6355=CARTESIAN_POINT('',(1.43142135623732,-3.1,-0.161421356237309));
#6356=CARTESIAN_POINT('',(1.43142135623732,-3.1,0.16142135623731));
#6357=CARTESIAN_POINT('',(1.43142135623732,-3.1,-0.32));
#6358=CARTESIAN_POINT('',(1.1085786437627,-3.1,0.161421356237309));
#6359=CARTESIAN_POINT('',(1.59000000000001,-3.1,0.16142135623731));
#6360=CARTESIAN_POINT('',(1.1085786437627,-3.1,-0.161421356237309));
#6361=CARTESIAN_POINT('',(1.1085786437627,-3.1,-0.32));
#6362=CARTESIAN_POINT('',(1.43000000000001,-3.1,-0.16142135623731));
#6363=CARTESIAN_POINT('Origin',(0.950000000000012,-3.,-0.32));
#6364=CARTESIAN_POINT('',(0.950000000000012,-2.94142135623731,0.32));
#6365=CARTESIAN_POINT('',(0.949999999999999,8.48142135623731,0.320000000000003));
#6366=CARTESIAN_POINT('',(0.950000000000012,-3.,0.32));
#6367=CARTESIAN_POINT('',(0.95,8.48142135623731,-0.319999999999999));
#6368=CARTESIAN_POINT('',(0.949999999999999,8.48142135623731,-0.319999999999998));
#6369=CARTESIAN_POINT('',(0.950000000000012,-2.94142135623731,-0.320000000000001));
#6370=CARTESIAN_POINT('',(0.950000000000012,-3.,-0.32));
#6371=CARTESIAN_POINT('',(0.950000000000012,-2.94142135623731,-0.32));
#6372=CARTESIAN_POINT('Origin',(0.949999999999999,8.64,-0.319999999999998));
#6373=CARTESIAN_POINT('',(1.43142135623731,8.64,0.161421356237311));
#6374=CARTESIAN_POINT('',(1.43142135623731,8.64,-0.161421356237311));
#6375=CARTESIAN_POINT('',(1.43142135623731,8.64,-0.319999999999998));
#6376=CARTESIAN_POINT('',(1.10857864376269,8.64,-0.161421356237309));
#6377=CARTESIAN_POINT('',(1.11000000000002,8.64,-0.161421356237311));
#6378=CARTESIAN_POINT('',(1.10857864376269,8.64,0.161421356237311));
#6379=CARTESIAN_POINT('',(1.10857864376269,8.64,-0.319999999999998));
#6380=CARTESIAN_POINT('',(0.949999999999999,8.64,0.161421356237312));
#6381=CARTESIAN_POINT('Origin',(1.58999999999999,8.54,-0.319999999999997));
#6382=CARTESIAN_POINT('',(1.58999999999999,8.48142135623731,-0.319999999999997));
#6383=CARTESIAN_POINT('',(1.59,-2.94142135623731,-0.319999999999999));
#6384=CARTESIAN_POINT('',(1.58999999999999,8.54,-0.319999999999997));
#6385=CARTESIAN_POINT('',(1.58999999999999,8.48142135623731,0.320000000000001));
#6386=CARTESIAN_POINT('',(1.58999999999999,8.48142135623731,-0.319999999999997));
#6387=CARTESIAN_POINT('',(1.59,-2.94142135623731,0.319999999999999));
#6388=CARTESIAN_POINT('',(1.58999999999999,8.54,0.320000000000003));
#6389=CARTESIAN_POINT('',(1.59,-2.94142135623731,-0.32));
#6390=CARTESIAN_POINT('Origin',(1.27,2.77,-0.319999999999999));
#6391=CARTESIAN_POINT('',(1.27000000000004,8.48142135623731,-0.319999999999998));
#6392=CARTESIAN_POINT('',(1.27000000000001,-2.94142135623731,-0.32));
#6393=CARTESIAN_POINT('Origin',(1.27,2.77,0.320000000000001));
#6394=CARTESIAN_POINT('',(1.11000000000002,8.48142135623731,0.320000000000002));
#6395=CARTESIAN_POINT('',(1.43000000000001,-2.94142135623731,0.32));
#6396=CARTESIAN_POINT('Origin',(0.949999999999999,8.61071067811866,0.190710678118657));
#6397=CARTESIAN_POINT('',(1.3571404520791,8.7142809041582,0.0871404520791038));
#6398=CARTESIAN_POINT('',(1.1428595479209,8.67428090415821,0.127140452079104));
#6399=CARTESIAN_POINT('Origin',(1.07928932188135,8.61071067811866,-0.319999999999998));
#6400=CARTESIAN_POINT('',(1.0228595479209,8.55428090415822,-0.247140452079096));
#6401=CARTESIAN_POINT('Origin',(1.66071067811865,8.41071067811866,-0.319999999999998));
#6402=CARTESIAN_POINT('',(1.58380711874577,8.48761423749153,-0.313807118745774));
#6403=CARTESIAN_POINT('Origin',(1.27000000000004,8.41071067811866,-0.390710678118653));
#6404=CARTESIAN_POINT('Origin',(1.27000000000001,-2.87071067811866,-0.390710678118655));
#6405=CARTESIAN_POINT('',(0.956192881254242,-2.94761423749154,-0.31380711874577));
#6406=CARTESIAN_POINT('',(1.51714045207911,-3.0142809041582,-0.247140452079105));
#6407=CARTESIAN_POINT('Origin',(1.46071067811867,-3.07071067811865,-0.32));
#6408=CARTESIAN_POINT('',(1.39714045207911,-3.13428090415821,0.127140452079103));
#6409=CARTESIAN_POINT('Origin',(0.879289321881357,-2.87071067811866,-0.32));
#6410=CARTESIAN_POINT('',(1.18285954792091,-3.17428090415821,0.0871404520791037));
#6411=CARTESIAN_POINT('Origin',(1.59000000000001,-3.07071067811866,0.190710678118655));
#6412=CARTESIAN_POINT('Origin',(4.13000000000001,-3.1,-0.32));
#6413=CARTESIAN_POINT('',(3.97142135623732,-3.1,-0.161421356237309));
#6414=CARTESIAN_POINT('',(3.97142135623732,-3.1,0.16142135623731));
#6415=CARTESIAN_POINT('',(3.97142135623732,-3.1,-0.32));
#6416=CARTESIAN_POINT('',(3.6485786437627,-3.1,0.161421356237309));
#6417=CARTESIAN_POINT('',(4.13000000000001,-3.1,0.16142135623731));
#6418=CARTESIAN_POINT('',(3.6485786437627,-3.1,-0.161421356237309));
#6419=CARTESIAN_POINT('',(3.6485786437627,-3.1,-0.32));
#6420=CARTESIAN_POINT('',(3.97000000000001,-3.1,-0.16142135623731));
#6421=CARTESIAN_POINT('Origin',(3.49000000000001,-3.,-0.32));
#6422=CARTESIAN_POINT('',(3.49000000000001,-2.94142135623731,0.32));
#6423=CARTESIAN_POINT('',(3.49,8.48142135623731,0.320000000000003));
#6424=CARTESIAN_POINT('',(3.49000000000001,-3.,0.32));
#6425=CARTESIAN_POINT('',(3.49,8.48142135623731,-0.319999999999999));
#6426=CARTESIAN_POINT('',(3.49,8.48142135623731,-0.319999999999998));
#6427=CARTESIAN_POINT('',(3.49000000000001,-2.94142135623731,-0.32));
#6428=CARTESIAN_POINT('',(3.49000000000001,-3.,-0.32));
#6429=CARTESIAN_POINT('',(3.49000000000001,-2.94142135623731,-0.32));
#6430=CARTESIAN_POINT('Origin',(3.49,8.64,-0.319999999999998));
#6431=CARTESIAN_POINT('',(3.97142135623731,8.64,0.161421356237311));
#6432=CARTESIAN_POINT('',(3.97142135623731,8.64,-0.161421356237311));
#6433=CARTESIAN_POINT('',(3.97142135623731,8.64,-0.319999999999998));
#6434=CARTESIAN_POINT('',(3.64857864376269,8.64,-0.161421356237309));
#6435=CARTESIAN_POINT('',(3.65000000000002,8.64,-0.161421356237311));
#6436=CARTESIAN_POINT('',(3.64857864376269,8.64,0.161421356237311));
#6437=CARTESIAN_POINT('',(3.64857864376269,8.64,-0.319999999999998));
#6438=CARTESIAN_POINT('',(3.49,8.64,0.161421356237312));
#6439=CARTESIAN_POINT('Origin',(4.12999999999999,8.54,-0.319999999999997));
#6440=CARTESIAN_POINT('',(4.12999999999999,8.48142135623731,-0.319999999999997));
#6441=CARTESIAN_POINT('',(4.13,-2.94142135623731,-0.319999999999999));
#6442=CARTESIAN_POINT('',(4.12999999999999,8.54,-0.319999999999997));
#6443=CARTESIAN_POINT('',(4.12999999999999,8.48142135623731,0.320000000000001));
#6444=CARTESIAN_POINT('',(4.12999999999999,8.48142135623731,-0.319999999999997));
#6445=CARTESIAN_POINT('',(4.13,-2.94142135623731,0.319999999999999));
#6446=CARTESIAN_POINT('',(4.12999999999999,8.54,0.320000000000003));
#6447=CARTESIAN_POINT('',(4.13,-2.94142135623731,-0.32));
#6448=CARTESIAN_POINT('Origin',(3.81,2.77,-0.319999999999999));
#6449=CARTESIAN_POINT('',(3.81000000000004,8.48142135623731,-0.319999999999998));
#6450=CARTESIAN_POINT('',(3.81000000000001,-2.94142135623731,-0.32));
#6451=CARTESIAN_POINT('Origin',(3.81,2.77,0.320000000000001));
#6452=CARTESIAN_POINT('',(3.65000000000002,8.48142135623731,0.320000000000002));
#6453=CARTESIAN_POINT('',(3.97000000000001,-2.94142135623731,0.32));
#6454=CARTESIAN_POINT('Origin',(3.49,8.61071067811866,0.190710678118657));
#6455=CARTESIAN_POINT('',(3.8971404520791,8.7142809041582,0.0871404520791045));
#6456=CARTESIAN_POINT('',(3.6828595479209,8.67428090415821,0.127140452079104));
#6457=CARTESIAN_POINT('Origin',(3.61928932188135,8.61071067811866,-0.319999999999998));
#6458=CARTESIAN_POINT('',(3.5628595479209,8.55428090415822,-0.247140452079096));
#6459=CARTESIAN_POINT('Origin',(4.20071067811865,8.41071067811866,-0.319999999999998));
#6460=CARTESIAN_POINT('',(4.12380711874577,8.48761423749153,-0.313807118745774));
#6461=CARTESIAN_POINT('Origin',(3.81000000000004,8.41071067811866,-0.390710678118653));
#6462=CARTESIAN_POINT('Origin',(3.81000000000001,-2.87071067811866,-0.390710678118655));
#6463=CARTESIAN_POINT('',(3.49619288125424,-2.94761423749154,-0.31380711874577));
#6464=CARTESIAN_POINT('',(4.05714045207911,-3.0142809041582,-0.247140452079105));
#6465=CARTESIAN_POINT('Origin',(4.00071067811866,-3.07071067811865,-0.32));
#6466=CARTESIAN_POINT('',(3.93714045207911,-3.13428090415821,0.127140452079103));
#6467=CARTESIAN_POINT('Origin',(3.41928932188136,-2.87071067811866,-0.32));
#6468=CARTESIAN_POINT('',(3.72285954792091,-3.17428090415821,0.0871404520791037));
#6469=CARTESIAN_POINT('Origin',(4.13000000000001,-3.07071067811866,0.190710678118655));
#6470=CARTESIAN_POINT('Origin',(6.67000000000001,-3.1,-0.32));
#6471=CARTESIAN_POINT('',(6.51142135623732,-3.1,-0.161421356237309));
#6472=CARTESIAN_POINT('',(6.51142135623732,-3.1,0.16142135623731));
#6473=CARTESIAN_POINT('',(6.51142135623732,-3.1,-0.32));
#6474=CARTESIAN_POINT('',(6.1885786437627,-3.1,0.161421356237309));
#6475=CARTESIAN_POINT('',(6.67000000000001,-3.1,0.16142135623731));
#6476=CARTESIAN_POINT('',(6.1885786437627,-3.1,-0.161421356237309));
#6477=CARTESIAN_POINT('',(6.1885786437627,-3.1,-0.32));
#6478=CARTESIAN_POINT('',(6.51000000000001,-3.1,-0.16142135623731));
#6479=CARTESIAN_POINT('Origin',(6.03000000000001,-3.,-0.32));
#6480=CARTESIAN_POINT('',(6.03000000000001,-2.94142135623731,0.32));
#6481=CARTESIAN_POINT('',(6.03,8.48142135623731,0.320000000000003));
#6482=CARTESIAN_POINT('',(6.03000000000001,-3.,0.32));
#6483=CARTESIAN_POINT('',(6.03,8.48142135623731,-0.319999999999999));
#6484=CARTESIAN_POINT('',(6.03,8.48142135623731,-0.319999999999998));
#6485=CARTESIAN_POINT('',(6.03000000000001,-2.94142135623731,-0.32));
#6486=CARTESIAN_POINT('',(6.03000000000001,-3.,-0.32));
#6487=CARTESIAN_POINT('',(6.03000000000001,-2.94142135623731,-0.32));
#6488=CARTESIAN_POINT('Origin',(6.03,8.64,-0.319999999999998));
#6489=CARTESIAN_POINT('',(6.51142135623731,8.64,0.161421356237311));
#6490=CARTESIAN_POINT('',(6.51142135623731,8.64,-0.161421356237311));
#6491=CARTESIAN_POINT('',(6.51142135623731,8.64,-0.319999999999998));
#6492=CARTESIAN_POINT('',(6.18857864376269,8.64,-0.161421356237309));
#6493=CARTESIAN_POINT('',(6.19000000000002,8.64,-0.161421356237311));
#6494=CARTESIAN_POINT('',(6.18857864376269,8.64,0.161421356237311));
#6495=CARTESIAN_POINT('',(6.18857864376269,8.64,-0.319999999999998));
#6496=CARTESIAN_POINT('',(6.03,8.64,0.161421356237312));
#6497=CARTESIAN_POINT('Origin',(6.66999999999999,8.54,-0.319999999999997));
#6498=CARTESIAN_POINT('',(6.66999999999999,8.48142135623731,-0.319999999999997));
#6499=CARTESIAN_POINT('',(6.67,-2.94142135623731,-0.319999999999999));
#6500=CARTESIAN_POINT('',(6.66999999999999,8.54,-0.319999999999997));
#6501=CARTESIAN_POINT('',(6.66999999999999,8.48142135623731,0.320000000000001));
#6502=CARTESIAN_POINT('',(6.66999999999999,8.48142135623731,-0.319999999999997));
#6503=CARTESIAN_POINT('',(6.67,-2.94142135623731,0.319999999999999));
#6504=CARTESIAN_POINT('',(6.66999999999999,8.54,0.320000000000003));
#6505=CARTESIAN_POINT('',(6.67,-2.94142135623732,-0.32));
#6506=CARTESIAN_POINT('Origin',(6.35,2.77,-0.319999999999999));
#6507=CARTESIAN_POINT('',(6.35000000000004,8.48142135623731,-0.319999999999998));
#6508=CARTESIAN_POINT('',(6.35000000000001,-2.94142135623731,-0.32));
#6509=CARTESIAN_POINT('Origin',(6.35,2.77,0.320000000000001));
#6510=CARTESIAN_POINT('',(6.19000000000002,8.48142135623731,0.320000000000002));
#6511=CARTESIAN_POINT('',(6.51,-2.94142135623731,0.32));
#6512=CARTESIAN_POINT('Origin',(6.03,8.61071067811866,0.190710678118657));
#6513=CARTESIAN_POINT('',(6.4371404520791,8.7142809041582,0.0871404520791048));
#6514=CARTESIAN_POINT('',(6.2228595479209,8.67428090415821,0.127140452079104));
#6515=CARTESIAN_POINT('Origin',(6.15928932188135,8.61071067811866,-0.319999999999998));
#6516=CARTESIAN_POINT('',(6.1028595479209,8.55428090415822,-0.247140452079096));
#6517=CARTESIAN_POINT('Origin',(6.74071067811865,8.41071067811866,-0.319999999999998));
#6518=CARTESIAN_POINT('',(6.66380711874577,8.48761423749153,-0.313807118745774));
#6519=CARTESIAN_POINT('Origin',(6.35000000000004,8.41071067811866,-0.390710678118653));
#6520=CARTESIAN_POINT('Origin',(6.35000000000001,-2.87071067811866,-0.390710678118655));
#6521=CARTESIAN_POINT('',(6.03619288125424,-2.94761423749154,-0.31380711874577));
#6522=CARTESIAN_POINT('',(6.59714045207911,-3.0142809041582,-0.247140452079105));
#6523=CARTESIAN_POINT('Origin',(6.54071067811867,-3.07071067811865,-0.32));
#6524=CARTESIAN_POINT('',(6.47714045207911,-3.13428090415821,0.127140452079101));
#6525=CARTESIAN_POINT('Origin',(5.95928932188136,-2.87071067811866,-0.32));
#6526=CARTESIAN_POINT('',(6.26285954792091,-3.1742809041582,0.0871404520791052));
#6527=CARTESIAN_POINT('Origin',(6.67,-3.07071067811866,0.190710678118655));
#6528=CARTESIAN_POINT('Origin',(9.21000000000001,-3.1,-0.32));
#6529=CARTESIAN_POINT('',(9.05142135623732,-3.1,-0.161421356237309));
#6530=CARTESIAN_POINT('',(9.05142135623732,-3.1,0.16142135623731));
#6531=CARTESIAN_POINT('',(9.05142135623732,-3.1,-0.32));
#6532=CARTESIAN_POINT('',(8.7285786437627,-3.1,0.161421356237309));
#6533=CARTESIAN_POINT('',(9.21000000000001,-3.1,0.16142135623731));
#6534=CARTESIAN_POINT('',(8.7285786437627,-3.1,-0.161421356237309));
#6535=CARTESIAN_POINT('',(8.7285786437627,-3.1,-0.32));
#6536=CARTESIAN_POINT('',(9.05000000000001,-3.1,-0.16142135623731));
#6537=CARTESIAN_POINT('Origin',(8.57000000000001,-3.,-0.32));
#6538=CARTESIAN_POINT('',(8.57000000000001,-2.94142135623731,0.32));
#6539=CARTESIAN_POINT('',(8.57,8.48142135623731,0.320000000000003));
#6540=CARTESIAN_POINT('',(8.57000000000001,-3.,0.32));
#6541=CARTESIAN_POINT('',(8.57,8.48142135623731,-0.319999999999999));
#6542=CARTESIAN_POINT('',(8.57,8.48142135623731,-0.319999999999998));
#6543=CARTESIAN_POINT('',(8.57000000000001,-2.94142135623731,-0.32));
#6544=CARTESIAN_POINT('',(8.57000000000001,-3.,-0.32));
#6545=CARTESIAN_POINT('',(8.57000000000001,-2.94142135623731,-0.32));
#6546=CARTESIAN_POINT('Origin',(8.57,8.64,-0.319999999999998));
#6547=CARTESIAN_POINT('',(9.05142135623731,8.64,0.161421356237311));
#6548=CARTESIAN_POINT('',(9.05142135623731,8.64,-0.161421356237311));
#6549=CARTESIAN_POINT('',(9.05142135623731,8.64,-0.319999999999998));
#6550=CARTESIAN_POINT('',(8.72857864376269,8.64,-0.161421356237309));
#6551=CARTESIAN_POINT('',(8.73000000000002,8.64,-0.161421356237311));
#6552=CARTESIAN_POINT('',(8.72857864376269,8.64,0.161421356237311));
#6553=CARTESIAN_POINT('',(8.72857864376269,8.64,-0.319999999999998));
#6554=CARTESIAN_POINT('',(8.57,8.64,0.161421356237312));
#6555=CARTESIAN_POINT('Origin',(9.20999999999999,8.54,-0.319999999999997));
#6556=CARTESIAN_POINT('',(9.20999999999999,8.48142135623731,-0.319999999999997));
#6557=CARTESIAN_POINT('',(9.21,-2.94142135623731,-0.319999999999998));
#6558=CARTESIAN_POINT('',(9.20999999999999,8.54,-0.319999999999997));
#6559=CARTESIAN_POINT('',(9.20999999999999,8.48142135623731,0.320000000000001));
#6560=CARTESIAN_POINT('',(9.20999999999999,8.48142135623731,-0.319999999999997));
#6561=CARTESIAN_POINT('',(9.21,-2.94142135623731,0.319999999999999));
#6562=CARTESIAN_POINT('',(9.20999999999999,8.54,0.320000000000003));
#6563=CARTESIAN_POINT('',(9.21,-2.94142135623732,-0.32));
#6564=CARTESIAN_POINT('Origin',(8.89,2.77,-0.319999999999999));
#6565=CARTESIAN_POINT('',(8.89000000000004,8.48142135623731,-0.319999999999998));
#6566=CARTESIAN_POINT('',(8.89000000000001,-2.94142135623731,-0.32));
#6567=CARTESIAN_POINT('Origin',(8.89,2.77,0.320000000000001));
#6568=CARTESIAN_POINT('',(8.73000000000002,8.48142135623731,0.320000000000002));
#6569=CARTESIAN_POINT('',(9.05000000000001,-2.94142135623731,0.32));
#6570=CARTESIAN_POINT('Origin',(8.57,8.61071067811866,0.190710678118657));
#6571=CARTESIAN_POINT('',(8.9771404520791,8.7142809041582,0.0871404520791045));
#6572=CARTESIAN_POINT('',(8.7628595479209,8.67428090415821,0.127140452079104));
#6573=CARTESIAN_POINT('Origin',(8.69928932188134,8.61071067811866,-0.319999999999998));
#6574=CARTESIAN_POINT('',(8.6428595479209,8.55428090415822,-0.247140452079096));
#6575=CARTESIAN_POINT('Origin',(9.28071067811864,8.41071067811866,-0.319999999999998));
#6576=CARTESIAN_POINT('',(9.20380711874577,8.48761423749153,-0.313807118745774));
#6577=CARTESIAN_POINT('Origin',(8.89000000000004,8.41071067811866,-0.390710678118653));
#6578=CARTESIAN_POINT('Origin',(8.89000000000001,-2.87071067811866,-0.390710678118655));
#6579=CARTESIAN_POINT('',(8.57619288125424,-2.94761423749154,-0.31380711874577));
#6580=CARTESIAN_POINT('',(9.13714045207911,-3.0142809041582,-0.247140452079105));
#6581=CARTESIAN_POINT('Origin',(9.08071067811867,-3.07071067811865,-0.32));
#6582=CARTESIAN_POINT('',(9.01714045207911,-3.13428090415821,0.127140452079102));
#6583=CARTESIAN_POINT('Origin',(8.49928932188135,-2.87071067811866,-0.32));
#6584=CARTESIAN_POINT('',(8.80285954792091,-3.17428090415821,0.0871404520791033));
#6585=CARTESIAN_POINT('Origin',(9.21000000000001,-3.07071067811866,0.190710678118655));
#6586=UNCERTAINTY_MEASURE_WITH_UNIT(LENGTH_MEASURE(0.01),#6590,
'DISTANCE_ACCURACY_VALUE',
'Maximum model space distance between geometric entities at asserted c
onnectivities');
#6587=UNCERTAINTY_MEASURE_WITH_UNIT(LENGTH_MEASURE(0.01),#6590,
'DISTANCE_ACCURACY_VALUE',
'Maximum model space distance between geometric entities at asserted c
onnectivities');
#6588=(
GEOMETRIC_REPRESENTATION_CONTEXT(3)
GLOBAL_UNCERTAINTY_ASSIGNED_CONTEXT((#6586))
GLOBAL_UNIT_ASSIGNED_CONTEXT((#6590,#6592,#6593))
REPRESENTATION_CONTEXT('','3D')
);
#6589=(
GEOMETRIC_REPRESENTATION_CONTEXT(3)
GLOBAL_UNCERTAINTY_ASSIGNED_CONTEXT((#6587))
GLOBAL_UNIT_ASSIGNED_CONTEXT((#6590,#6592,#6593))
REPRESENTATION_CONTEXT('','3D')
);
#6590=(
LENGTH_UNIT()
NAMED_UNIT(*)
SI_UNIT(.MILLI.,.METRE.)
);
#6591=(
LENGTH_UNIT()
NAMED_UNIT(*)
SI_UNIT($,.METRE.)
);
#6592=(
NAMED_UNIT(*)
PLANE_ANGLE_UNIT()
SI_UNIT($,.RADIAN.)
);
#6593=(
NAMED_UNIT(*)
SI_UNIT($,.STERADIAN.)
SOLID_ANGLE_UNIT()
);
#6594=SHAPE_DEFINITION_REPRESENTATION(#6595,#6596);
#6595=PRODUCT_DEFINITION_SHAPE('',$,#6598);
#6596=SHAPE_REPRESENTATION('',(#4182),#6588);
#6597=PRODUCT_DEFINITION_CONTEXT('part definition',#6602,'design');
#6598=PRODUCT_DEFINITION('1','61300811121',#6599,#6597);
#6599=PRODUCT_DEFINITION_FORMATION('',$,#6604);
#6600=PRODUCT_RELATED_PRODUCT_CATEGORY('61300811121','61300811121',(#6604));
#6601=APPLICATION_PROTOCOL_DEFINITION('international standard',
'automotive_design',2009,#6602);
#6602=APPLICATION_CONTEXT(
'Core Data for Automotive Mechanical Design Process');
#6603=PRODUCT_CONTEXT('part definition',#6602,'mechanical');
#6604=PRODUCT('1','61300811121','STEP AP242',(#6603));
#6605=PRESENTATION_STYLE_ASSIGNMENT((#6608));
#6606=PRESENTATION_STYLE_ASSIGNMENT((#6609));
#6607=PRESENTATION_STYLE_ASSIGNMENT((#6610));
#6608=SURFACE_STYLE_USAGE(.BOTH.,#6611);
#6609=SURFACE_STYLE_USAGE(.BOTH.,#6612);
#6610=SURFACE_STYLE_USAGE(.BOTH.,#6613);
#6611=SURFACE_SIDE_STYLE('',(#6614));
#6612=SURFACE_SIDE_STYLE('',(#6615));
#6613=SURFACE_SIDE_STYLE('',(#6616));
#6614=SURFACE_STYLE_FILL_AREA(#6617);
#6615=SURFACE_STYLE_FILL_AREA(#6618);
#6616=SURFACE_STYLE_FILL_AREA(#6619);
#6617=FILL_AREA_STYLE('Steel - Satin',(#6620));
#6618=FILL_AREA_STYLE('Opaque(48,48,48)',(#6621));
#6619=FILL_AREA_STYLE('Opaque(222,161,44)',(#6622));
#6620=FILL_AREA_STYLE_COLOUR('Steel - Satin',#6623);
#6621=FILL_AREA_STYLE_COLOUR('Opaque(48,48,48)',#6624);
#6622=FILL_AREA_STYLE_COLOUR('Opaque(222,161,44)',#6625);
#6623=COLOUR_RGB('Steel - Satin',0.627450980392157,0.627450980392157,0.627450980392157);
#6624=COLOUR_RGB('Opaque(48,48,48)',0.188235294117647,0.188235294117647,
0.188235294117647);
#6625=COLOUR_RGB('Opaque(222,161,44)',0.870588235294118,0.631372549019608,
0.172549019607843);
ENDSEC;
END-ISO-10303-21;
