ISO-10303-21;
HEADER;
/* Generated by software containing ST-Developer
 * from STEP Tools, Inc. (www.steptools.com) 
 */

FILE_DESCRIPTION(
/* description */ (''),
/* implementation_level */ '2;1');

FILE_NAME(
/* name */ 'c-5-2337992-8-a-3d-edit.step',
/* time_stamp */ '2026-05-24T11:44:12+07:00',
/* author */ (''),
/* organization */ (''),
/* preprocessor_version */ 'ST-DEVELOPER v20.1',
/* originating_system */ 'Autodesk Translation Framework v15.8.0.0',
/* authorisation */ '');

FILE_SCHEMA (('AUTOMOTIVE_DESIGN { 1 0 10303 214 3 1 1 }'));
ENDSEC;

DATA;
#10=MECHANICAL_DESIGN_GEOMETRIC_PRESENTATION_REPRESENTATION('',(#13),#13045);
#11=SHAPE_REPRESENTATION_RELATIONSHIP('SRR','None',#13052,#12);
#12=ADVANCED_BREP_SHAPE_REPRESENTATION('',(#14),#13044);
#13=STYLED_ITEM('',(#13061),#14);
#14=MANIFOLD_SOLID_BREP('Body1',#7681);
#15=B_SPLINE_SURFACE_WITH_KNOTS('',3,3,((#12733,#12734,#12735,#12736),(#12737,
#12738,#12739,#12740),(#12741,#12742,#12743,#12744),(#12745,#12746,#12747,
#12748)),.UNSPECIFIED.,.F.,.F.,.F.,(4,4),(4,4),(0.622045621452168,1.),(-0.0170457274267972,
0.),.UNSPECIFIED.);
#16=B_SPLINE_SURFACE_WITH_KNOTS('',3,3,((#12796,#12797,#12798,#12799),(#12800,
#12801,#12802,#12803),(#12804,#12805,#12806,#12807),(#12808,#12809,#12810,
#12811)),.UNSPECIFIED.,.F.,.F.,.F.,(4,4),(4,4),(0.582972977870476,1.),(0.,
0.0175895767859607),.UNSPECIFIED.);
#17=SPHERICAL_SURFACE('',#7976,0.2);
#18=SPHERICAL_SURFACE('',#8117,0.575);
#19=SPHERICAL_SURFACE('',#8120,0.575);
#20=SPHERICAL_SURFACE('',#8147,0.2);
#21=SPHERICAL_SURFACE('',#8214,0.2);
#22=SPHERICAL_SURFACE('',#8218,0.2);
#23=SPHERICAL_SURFACE('',#8222,0.575);
#24=SPHERICAL_SURFACE('',#8226,0.575);
#25=B_SPLINE_CURVE_WITH_KNOTS('',3,(#11217,#11218,#11219,#11220,#11221,
#11222,#11223,#11224,#11225,#11226,#11227,#11228,#11229,#11230,#11231,#11232,
#11233,#11234,#11235,#11236,#11237,#11238,#11239,#11240,#11241,#11242,#11243,
#11244,#11245,#11246,#11247,#11248,#11249,#11250,#11251,#11252,#11253,#11254,
#11255,#11256,#11257,#11258,#11259,#11260,#11261,#11262,#11263,#11264,#11265,
#11266,#11267,#11268,#11269,#11270,#11271,#11272,#11273,#11274,#11275,#11276,
#11277,#11278,#11279,#11280),.UNSPECIFIED.,.F.,.F.,(4,1,1,1,1,1,1,1,1,1,
1,1,1,1,1,1,1,1,1,1,1,1,1,1,1,1,1,1,1,1,1,1,1,1,1,1,1,1,1,1,1,1,1,1,1,1,
1,1,1,1,1,1,1,1,1,1,1,1,1,1,1,4),(0.,0.01639344262295,0.0327868852459,0.04918032786885,
0.0655737704918,0.08196721311475,0.0983606557377,0.1147540983607,0.1311475409836,
0.1475409836066,0.1639344262295,0.1803278688525,0.1967213114754,0.2131147540984,
0.2295081967213,0.2459016393443,0.2622950819672,0.2786885245902,0.2950819672131,
0.3114754098361,0.327868852459,0.344262295082,0.3606557377049,0.3770491803279,
0.3934426229508,0.4098360655738,0.4262295081967,0.4426229508197,0.4590163934426,
0.4754098360656,0.4918032786885,0.5081967213115,0.5245901639344,0.5409836065574,
0.5573770491803,0.5737704918033,0.5901639344262,0.6065573770492,0.6229508196721,
0.6393442622951,0.655737704918,0.672131147541,0.6885245901639,0.7049180327869,
0.7213114754098,0.7377049180328,0.7540983606557,0.7704918032787,0.7868852459016,
0.8032786885246,0.8196721311475,0.8360655737705,0.8524590163934,0.8688524590164,
0.8852459016393,0.9016393442623,0.9180327868852,0.9344262295082,0.9508196721311,
0.9672131147541,0.983606557377,1.),.UNSPECIFIED.);
#26=B_SPLINE_CURVE_WITH_KNOTS('',3,(#11288,#11289,#11290,#11291,#11292,
#11293,#11294,#11295,#11296,#11297,#11298,#11299,#11300,#11301,#11302,#11303,
#11304,#11305,#11306,#11307,#11308,#11309,#11310,#11311,#11312,#11313,#11314,
#11315,#11316,#11317,#11318,#11319,#11320,#11321,#11322,#11323,#11324,#11325,
#11326,#11327,#11328,#11329,#11330,#11331,#11332,#11333,#11334,#11335,#11336,
#11337,#11338,#11339,#11340,#11341,#11342,#11343,#11344,#11345,#11346,#11347,
#11348,#11349,#11350,#11351),.UNSPECIFIED.,.F.,.F.,(4,1,1,1,1,1,1,1,1,1,
1,1,1,1,1,1,1,1,1,1,1,1,1,1,1,1,1,1,1,1,1,1,1,1,1,1,1,1,1,1,1,1,1,1,1,1,
1,1,1,1,1,1,1,1,1,1,1,1,1,1,1,4),(0.,0.01639344262295,0.0327868852459,0.04918032786885,
0.0655737704918,0.08196721311475,0.0983606557377,0.1147540983607,0.1311475409836,
0.1475409836066,0.1639344262295,0.1803278688525,0.1967213114754,0.2131147540984,
0.2295081967213,0.2459016393443,0.2622950819672,0.2786885245902,0.2950819672131,
0.3114754098361,0.327868852459,0.344262295082,0.3606557377049,0.3770491803279,
0.3934426229508,0.4098360655738,0.4262295081967,0.4426229508197,0.4590163934426,
0.4754098360656,0.4918032786885,0.5081967213115,0.5245901639344,0.5409836065574,
0.5573770491803,0.5737704918033,0.5901639344262,0.6065573770492,0.6229508196721,
0.6393442622951,0.655737704918,0.672131147541,0.6885245901639,0.7049180327869,
0.7213114754098,0.7377049180328,0.7540983606557,0.7704918032787,0.7868852459016,
0.8032786885246,0.8196721311475,0.8360655737705,0.8524590163934,0.8688524590164,
0.8852459016393,0.9016393442623,0.9180327868852,0.9344262295082,0.9508196721311,
0.9672131147541,0.983606557377,1.),.UNSPECIFIED.);
#27=B_SPLINE_CURVE_WITH_KNOTS('',3,(#11391,#11392,#11393,#11394,#11395,
#11396,#11397,#11398,#11399,#11400,#11401,#11402,#11403,#11404,#11405,#11406,
#11407,#11408,#11409,#11410,#11411,#11412,#11413,#11414,#11415,#11416,#11417,
#11418,#11419,#11420,#11421,#11422,#11423,#11424,#11425,#11426,#11427,#11428,
#11429,#11430,#11431,#11432,#11433,#11434,#11435,#11436,#11437,#11438,#11439,
#11440,#11441,#11442,#11443,#11444,#11445,#11446,#11447,#11448,#11449,#11450,
#11451,#11452,#11453,#11454),.UNSPECIFIED.,.F.,.F.,(4,1,1,1,1,1,1,1,1,1,
1,1,1,1,1,1,1,1,1,1,1,1,1,1,1,1,1,1,1,1,1,1,1,1,1,1,1,1,1,1,1,1,1,1,1,1,
1,1,1,1,1,1,1,1,1,1,1,1,1,1,1,4),(0.,0.01639344262295,0.0327868852459,0.04918032786885,
0.0655737704918,0.08196721311475,0.0983606557377,0.1147540983607,0.1311475409836,
0.1475409836066,0.1639344262295,0.1803278688525,0.1967213114754,0.2131147540984,
0.2295081967213,0.2459016393443,0.2622950819672,0.2786885245902,0.2950819672131,
0.3114754098361,0.327868852459,0.344262295082,0.3606557377049,0.3770491803279,
0.3934426229508,0.4098360655738,0.4262295081967,0.4426229508197,0.4590163934426,
0.4754098360656,0.4918032786885,0.5081967213115,0.5245901639344,0.5409836065574,
0.5573770491803,0.5737704918033,0.5901639344262,0.6065573770492,0.6229508196721,
0.6393442622951,0.655737704918,0.672131147541,0.6885245901639,0.7049180327869,
0.7213114754098,0.7377049180328,0.7540983606557,0.7704918032787,0.7868852459016,
0.8032786885246,0.8196721311475,0.8360655737705,0.8524590163934,0.8688524590164,
0.8852459016393,0.9016393442623,0.9180327868852,0.9344262295082,0.9508196721311,
0.9672131147541,0.983606557377,1.),.UNSPECIFIED.);
#28=B_SPLINE_CURVE_WITH_KNOTS('',3,(#11461,#11462,#11463,#11464,#11465,
#11466,#11467,#11468,#11469,#11470,#11471,#11472,#11473,#11474,#11475,#11476,
#11477,#11478,#11479,#11480,#11481,#11482,#11483,#11484,#11485,#11486,#11487,
#11488,#11489,#11490,#11491,#11492,#11493,#11494,#11495,#11496,#11497,#11498,
#11499,#11500,#11501,#11502,#11503,#11504,#11505,#11506,#11507,#11508,#11509,
#11510,#11511,#11512,#11513,#11514,#11515,#11516,#11517,#11518,#11519,#11520,
#11521,#11522,#11523,#11524),.UNSPECIFIED.,.F.,.F.,(4,1,1,1,1,1,1,1,1,1,
1,1,1,1,1,1,1,1,1,1,1,1,1,1,1,1,1,1,1,1,1,1,1,1,1,1,1,1,1,1,1,1,1,1,1,1,
1,1,1,1,1,1,1,1,1,1,1,1,1,1,1,4),(0.,0.01639344262295,0.0327868852459,0.04918032786885,
0.0655737704918,0.08196721311475,0.0983606557377,0.1147540983607,0.1311475409836,
0.1475409836066,0.1639344262295,0.1803278688525,0.1967213114754,0.2131147540984,
0.2295081967213,0.2459016393443,0.2622950819672,0.2786885245902,0.2950819672131,
0.3114754098361,0.327868852459,0.344262295082,0.3606557377049,0.3770491803279,
0.3934426229508,0.4098360655738,0.4262295081967,0.4426229508197,0.4590163934426,
0.4754098360656,0.4918032786885,0.5081967213115,0.5245901639344,0.5409836065574,
0.5573770491803,0.5737704918033,0.5901639344262,0.6065573770492,0.6229508196721,
0.6393442622951,0.655737704918,0.672131147541,0.6885245901639,0.7049180327869,
0.7213114754098,0.7377049180328,0.7540983606557,0.7704918032787,0.7868852459016,
0.8032786885246,0.8196721311475,0.8360655737705,0.8524590163934,0.8688524590164,
0.8852459016393,0.9016393442623,0.9180327868852,0.9344262295082,0.9508196721311,
0.9672131147541,0.983606557377,1.),.UNSPECIFIED.);
#29=B_SPLINE_CURVE_WITH_KNOTS('',3,(#11574,#11575,#11576,#11577,#11578,
#11579,#11580,#11581,#11582,#11583,#11584,#11585,#11586,#11587,#11588,#11589,
#11590,#11591,#11592,#11593,#11594,#11595,#11596,#11597,#11598,#11599,#11600,
#11601,#11602,#11603,#11604,#11605,#11606,#11607,#11608,#11609,#11610,#11611,
#11612,#11613,#11614,#11615,#11616,#11617,#11618,#11619,#11620,#11621,#11622,
#11623,#11624,#11625,#11626,#11627,#11628,#11629,#11630,#11631,#11632,#11633,
#11634,#11635,#11636,#11637),.UNSPECIFIED.,.F.,.F.,(4,1,1,1,1,1,1,1,1,1,
1,1,1,1,1,1,1,1,1,1,1,1,1,1,1,1,1,1,1,1,1,1,1,1,1,1,1,1,1,1,1,1,1,1,1,1,
1,1,1,1,1,1,1,1,1,1,1,1,1,1,1,4),(0.,0.01639344262295,0.0327868852459,0.04918032786885,
0.0655737704918,0.08196721311475,0.0983606557377,0.1147540983607,0.1311475409836,
0.1475409836066,0.1639344262295,0.1803278688525,0.1967213114754,0.2131147540984,
0.2295081967213,0.2459016393443,0.2622950819672,0.2786885245902,0.2950819672131,
0.3114754098361,0.327868852459,0.344262295082,0.3606557377049,0.3770491803279,
0.3934426229508,0.4098360655738,0.4262295081967,0.4426229508197,0.4590163934426,
0.4754098360656,0.4918032786885,0.5081967213115,0.5245901639344,0.5409836065574,
0.5573770491803,0.5737704918033,0.5901639344262,0.6065573770492,0.6229508196721,
0.6393442622951,0.655737704918,0.672131147541,0.6885245901639,0.7049180327869,
0.7213114754098,0.7377049180328,0.7540983606557,0.7704918032787,0.7868852459016,
0.8032786885246,0.8196721311475,0.8360655737705,0.8524590163934,0.8688524590164,
0.8852459016393,0.9016393442623,0.9180327868852,0.9344262295082,0.9508196721311,
0.9672131147541,0.983606557377,1.),.UNSPECIFIED.);
#30=B_SPLINE_CURVE_WITH_KNOTS('',3,(#11645,#11646,#11647,#11648,#11649,
#11650,#11651,#11652,#11653,#11654,#11655,#11656,#11657,#11658,#11659,#11660,
#11661,#11662,#11663,#11664,#11665,#11666,#11667,#11668,#11669,#11670,#11671,
#11672,#11673,#11674,#11675,#11676,#11677,#11678,#11679,#11680,#11681,#11682,
#11683,#11684,#11685,#11686,#11687,#11688,#11689,#11690,#11691,#11692,#11693,
#11694,#11695,#11696,#11697,#11698,#11699,#11700,#11701,#11702,#11703,#11704,
#11705,#11706,#11707,#11708),.UNSPECIFIED.,.F.,.F.,(4,1,1,1,1,1,1,1,1,1,
1,1,1,1,1,1,1,1,1,1,1,1,1,1,1,1,1,1,1,1,1,1,1,1,1,1,1,1,1,1,1,1,1,1,1,1,
1,1,1,1,1,1,1,1,1,1,1,1,1,1,1,4),(0.,0.01639344262295,0.0327868852459,0.04918032786885,
0.0655737704918,0.08196721311475,0.0983606557377,0.1147540983607,0.1311475409836,
0.1475409836066,0.1639344262295,0.1803278688525,0.1967213114754,0.2131147540984,
0.2295081967213,0.2459016393443,0.2622950819672,0.2786885245902,0.2950819672131,
0.3114754098361,0.327868852459,0.344262295082,0.3606557377049,0.3770491803279,
0.3934426229508,0.4098360655738,0.4262295081967,0.4426229508197,0.4590163934426,
0.4754098360656,0.4918032786885,0.5081967213115,0.5245901639344,0.5409836065574,
0.5573770491803,0.5737704918033,0.5901639344262,0.6065573770492,0.6229508196721,
0.6393442622951,0.655737704918,0.672131147541,0.6885245901639,0.7049180327869,
0.7213114754098,0.7377049180328,0.7540983606557,0.7704918032787,0.7868852459016,
0.8032786885246,0.8196721311475,0.8360655737705,0.8524590163934,0.8688524590164,
0.8852459016393,0.9016393442623,0.9180327868852,0.9344262295082,0.9508196721311,
0.9672131147541,0.983606557377,1.),.UNSPECIFIED.);
#31=B_SPLINE_CURVE_WITH_KNOTS('',3,(#11742,#11743,#11744,#11745,#11746,
#11747,#11748,#11749,#11750,#11751,#11752,#11753,#11754,#11755,#11756,#11757,
#11758,#11759,#11760,#11761,#11762,#11763,#11764,#11765,#11766,#11767,#11768,
#11769,#11770,#11771,#11772,#11773,#11774,#11775,#11776,#11777,#11778,#11779,
#11780,#11781,#11782,#11783,#11784,#11785,#11786,#11787,#11788,#11789,#11790,
#11791,#11792,#11793,#11794,#11795,#11796,#11797,#11798,#11799,#11800,#11801,
#11802,#11803,#11804,#11805),.UNSPECIFIED.,.F.,.F.,(4,1,1,1,1,1,1,1,1,1,
1,1,1,1,1,1,1,1,1,1,1,1,1,1,1,1,1,1,1,1,1,1,1,1,1,1,1,1,1,1,1,1,1,1,1,1,
1,1,1,1,1,1,1,1,1,1,1,1,1,1,1,4),(0.,0.01639344262295,0.0327868852459,0.04918032786885,
0.0655737704918,0.08196721311475,0.0983606557377,0.1147540983607,0.1311475409836,
0.1475409836066,0.1639344262295,0.1803278688525,0.1967213114754,0.2131147540984,
0.2295081967213,0.2459016393443,0.2622950819672,0.2786885245902,0.2950819672131,
0.3114754098361,0.327868852459,0.344262295082,0.3606557377049,0.3770491803279,
0.3934426229508,0.4098360655738,0.4262295081967,0.4426229508197,0.4590163934426,
0.4754098360656,0.4918032786885,0.5081967213115,0.5245901639344,0.5409836065574,
0.5573770491803,0.5737704918033,0.5901639344262,0.6065573770492,0.6229508196721,
0.6393442622951,0.655737704918,0.672131147541,0.6885245901639,0.7049180327869,
0.7213114754098,0.7377049180328,0.7540983606557,0.7704918032787,0.7868852459016,
0.8032786885246,0.8196721311475,0.8360655737705,0.8524590163934,0.8688524590164,
0.8852459016393,0.9016393442623,0.9180327868852,0.9344262295082,0.9508196721311,
0.9672131147541,0.983606557377,1.),.UNSPECIFIED.);
#32=B_SPLINE_CURVE_WITH_KNOTS('',3,(#11808,#11809,#11810,#11811,#11812,
#11813,#11814,#11815,#11816,#11817,#11818,#11819,#11820,#11821,#11822,#11823,
#11824,#11825,#11826,#11827,#11828,#11829,#11830,#11831,#11832,#11833,#11834,
#11835,#11836,#11837,#11838,#11839,#11840,#11841,#11842,#11843,#11844,#11845,
#11846,#11847,#11848,#11849,#11850,#11851,#11852,#11853,#11854,#11855,#11856,
#11857,#11858,#11859,#11860,#11861,#11862,#11863,#11864,#11865,#11866,#11867,
#11868,#11869,#11870,#11871),.UNSPECIFIED.,.F.,.F.,(4,1,1,1,1,1,1,1,1,1,
1,1,1,1,1,1,1,1,1,1,1,1,1,1,1,1,1,1,1,1,1,1,1,1,1,1,1,1,1,1,1,1,1,1,1,1,
1,1,1,1,1,1,1,1,1,1,1,1,1,1,1,4),(0.,0.01639344262295,0.0327868852459,0.04918032786885,
0.0655737704918,0.08196721311475,0.0983606557377,0.1147540983607,0.1311475409836,
0.1475409836066,0.1639344262295,0.1803278688525,0.1967213114754,0.2131147540984,
0.2295081967213,0.2459016393443,0.2622950819672,0.2786885245902,0.2950819672131,
0.3114754098361,0.327868852459,0.344262295082,0.3606557377049,0.3770491803279,
0.3934426229508,0.4098360655738,0.4262295081967,0.4426229508197,0.4590163934426,
0.4754098360656,0.4918032786885,0.5081967213115,0.5245901639344,0.5409836065574,
0.5573770491803,0.5737704918033,0.5901639344262,0.6065573770492,0.6229508196721,
0.6393442622951,0.655737704918,0.672131147541,0.6885245901639,0.7049180327869,
0.7213114754098,0.7377049180328,0.7540983606557,0.7704918032787,0.7868852459016,
0.8032786885246,0.8196721311475,0.8360655737705,0.8524590163934,0.8688524590164,
0.8852459016393,0.9016393442623,0.9180327868852,0.9344262295082,0.9508196721311,
0.9672131147541,0.983606557377,1.),.UNSPECIFIED.);
#33=B_SPLINE_CURVE_WITH_KNOTS('',3,(#12750,#12751,#12752,#12753,#12754,
#12755,#12756,#12757,#12758,#12759),.UNSPECIFIED.,.F.,.F.,(4,2,2,2,4),(0.,
0.0102087062912366,0.0139287737669231,0.0155290593321489,0.0169185241154335),
 .UNSPECIFIED.);
#34=B_SPLINE_CURVE_WITH_KNOTS('',3,(#12760,#12761,#12762,#12763),
 .UNSPECIFIED.,.F.,.F.,(4,4),(0.,0.0170457274267972),.UNSPECIFIED.);
#35=B_SPLINE_CURVE_WITH_KNOTS('',3,(#12782,#12783,#12784,#12785,#12786,
#12787,#12788,#12789,#12790,#12791),.UNSPECIFIED.,.F.,.F.,(4,2,2,2,4),(0.,
0.00165765470177552,0.00429219337219188,0.010970446679309,0.0139087409014496),
 .UNSPECIFIED.);
#36=B_SPLINE_CURVE_WITH_KNOTS('',3,(#12813,#12814,#12815,#12816),
 .UNSPECIFIED.,.F.,.F.,(4,4),(-0.0175895767859607,0.),.UNSPECIFIED.);
#37=ELLIPSE('',#7886,6.08338318868881,1.3);
#38=ELLIPSE('',#7887,6.08338318868881,1.3);
#39=ELLIPSE('',#7892,6.08338318868881,1.3);
#40=ELLIPSE('',#7893,6.08338318868881,1.3);
#41=ELLIPSE('',#7903,6.08338318868881,1.3);
#42=ELLIPSE('',#7904,6.08338318868881,1.3);
#43=ELLIPSE('',#7911,6.08338318868881,1.3);
#44=ELLIPSE('',#7912,6.08338318868881,1.3);
#45=ELLIPSE('',#7923,6.08338318868881,1.3);
#46=ELLIPSE('',#7924,6.08338318868881,1.3);
#47=ELLIPSE('',#7927,6.08338318868881,1.3);
#48=ELLIPSE('',#7928,6.08338318868881,1.3);
#49=ELLIPSE('',#7933,6.08338318868881,1.3);
#50=ELLIPSE('',#7934,6.08338318868881,1.3);
#51=ELLIPSE('',#7941,6.08338318868881,1.3);
#52=ELLIPSE('',#7942,6.08338318868881,1.3);
#53=CYLINDRICAL_SURFACE('',#7705,0.35);
#54=CYLINDRICAL_SURFACE('',#7709,0.35);
#55=CYLINDRICAL_SURFACE('',#7713,0.35);
#56=CYLINDRICAL_SURFACE('',#7717,0.35);
#57=CYLINDRICAL_SURFACE('',#7721,0.35);
#58=CYLINDRICAL_SURFACE('',#7725,0.35);
#59=CYLINDRICAL_SURFACE('',#7729,0.35);
#60=CYLINDRICAL_SURFACE('',#7733,0.35);
#61=CYLINDRICAL_SURFACE('',#7737,0.7);
#62=CYLINDRICAL_SURFACE('',#7740,0.7);
#63=CYLINDRICAL_SURFACE('',#7743,0.7);
#64=CYLINDRICAL_SURFACE('',#7746,0.7);
#65=CYLINDRICAL_SURFACE('',#7749,0.7);
#66=CYLINDRICAL_SURFACE('',#7752,0.7);
#67=CYLINDRICAL_SURFACE('',#7755,0.7);
#68=CYLINDRICAL_SURFACE('',#7758,0.7);
#69=CYLINDRICAL_SURFACE('',#7816,0.15);
#70=CYLINDRICAL_SURFACE('',#7822,0.35);
#71=CYLINDRICAL_SURFACE('',#7835,0.35);
#72=CYLINDRICAL_SURFACE('',#7841,0.15);
#73=CYLINDRICAL_SURFACE('',#7846,2.);
#74=CYLINDRICAL_SURFACE('',#7851,2.);
#75=CYLINDRICAL_SURFACE('',#7888,0.425);
#76=CYLINDRICAL_SURFACE('',#7900,0.425);
#77=CYLINDRICAL_SURFACE('',#7919,0.425);
#78=CYLINDRICAL_SURFACE('',#7929,0.425);
#79=CYLINDRICAL_SURFACE('',#7944,1.6);
#80=CYLINDRICAL_SURFACE('',#7981,1.6);
#81=CYLINDRICAL_SURFACE('',#8061,1.3);
#82=CYLINDRICAL_SURFACE('',#8066,1.3);
#83=CYLINDRICAL_SURFACE('',#8071,1.3);
#84=CYLINDRICAL_SURFACE('',#8076,1.3);
#85=CYLINDRICAL_SURFACE('',#8081,1.3);
#86=CYLINDRICAL_SURFACE('',#8086,1.3);
#87=CYLINDRICAL_SURFACE('',#8091,1.3);
#88=CYLINDRICAL_SURFACE('',#8096,1.3);
#89=CYLINDRICAL_SURFACE('',#8107,0.2);
#90=CYLINDRICAL_SURFACE('',#8112,0.2);
#91=CYLINDRICAL_SURFACE('',#8123,0.575);
#92=CYLINDRICAL_SURFACE('',#8126,0.65);
#93=CYLINDRICAL_SURFACE('',#8129,0.2);
#94=CYLINDRICAL_SURFACE('',#8135,0.2);
#95=CYLINDRICAL_SURFACE('',#8137,0.2);
#96=CYLINDRICAL_SURFACE('',#8151,0.2);
#97=CYLINDRICAL_SURFACE('',#8153,0.2);
#98=CYLINDRICAL_SURFACE('',#8156,0.2);
#99=CYLINDRICAL_SURFACE('',#8163,0.2);
#100=CYLINDRICAL_SURFACE('',#8166,0.25);
#101=CYLINDRICAL_SURFACE('',#8169,0.25);
#102=CYLINDRICAL_SURFACE('',#8173,0.2);
#103=CYLINDRICAL_SURFACE('',#8180,0.2);
#104=CYLINDRICAL_SURFACE('',#8182,0.2);
#105=CYLINDRICAL_SURFACE('',#8184,0.2);
#106=CYLINDRICAL_SURFACE('',#8211,0.2);
#107=CYLINDRICAL_SURFACE('',#8224,0.575);
#108=CYLINDRICAL_SURFACE('',#8229,0.2);
#109=CYLINDRICAL_SURFACE('',#8230,0.2);
#110=CYLINDRICAL_SURFACE('',#8232,0.4);
#111=CYLINDRICAL_SURFACE('',#8233,0.2);
#112=CYLINDRICAL_SURFACE('',#8235,0.65);
#113=CYLINDRICAL_SURFACE('',#8241,0.2);
#114=CYLINDRICAL_SURFACE('',#8242,0.2);
#115=CYLINDRICAL_SURFACE('',#8243,0.2);
#116=FACE_BOUND('',#702,.T.);
#117=FACE_BOUND('',#703,.T.);
#118=FACE_BOUND('',#764,.T.);
#119=FACE_BOUND('',#765,.T.);
#120=FACE_BOUND('',#766,.T.);
#121=FACE_BOUND('',#767,.T.);
#122=FACE_BOUND('',#768,.T.);
#123=FACE_BOUND('',#769,.T.);
#124=FACE_BOUND('',#770,.T.);
#125=FACE_BOUND('',#771,.T.);
#126=FACE_BOUND('',#803,.T.);
#127=FACE_BOUND('',#804,.T.);
#128=FACE_BOUND('',#805,.T.);
#129=FACE_BOUND('',#806,.T.);
#130=FACE_BOUND('',#807,.T.);
#131=FACE_BOUND('',#808,.T.);
#132=FACE_BOUND('',#809,.T.);
#133=FACE_BOUND('',#810,.T.);
#134=FACE_BOUND('',#905,.T.);
#135=FACE_BOUND('',#906,.T.);
#136=FACE_BOUND('',#1082,.T.);
#137=FACE_BOUND('',#1083,.T.);
#138=FACE_BOUND('',#1084,.T.);
#139=FACE_BOUND('',#1085,.T.);
#140=FACE_BOUND('',#1086,.T.);
#141=FACE_BOUND('',#1087,.T.);
#142=FACE_BOUND('',#1088,.T.);
#143=FACE_BOUND('',#1089,.T.);
#144=FACE_BOUND('',#1090,.T.);
#145=FACE_BOUND('',#1091,.T.);
#146=FACE_BOUND('',#1092,.T.);
#147=FACE_BOUND('',#1093,.T.);
#148=FACE_BOUND('',#1094,.T.);
#149=FACE_BOUND('',#1095,.T.);
#150=FACE_BOUND('',#1096,.T.);
#151=FACE_BOUND('',#1097,.T.);
#152=FACE_BOUND('',#1098,.T.);
#153=FACE_BOUND('',#1099,.T.);
#154=FACE_BOUND('',#1100,.T.);
#155=FACE_BOUND('',#1101,.T.);
#156=FACE_BOUND('',#1111,.T.);
#157=FACE_BOUND('',#1112,.T.);
#158=CIRCLE('',#7697,0.65);
#159=CIRCLE('',#7698,0.2);
#160=CIRCLE('',#7699,0.2);
#161=CIRCLE('',#7700,0.2);
#162=CIRCLE('',#7701,0.167705098312486);
#163=CIRCLE('',#7702,0.167705098312486);
#164=CIRCLE('',#7706,0.35);
#165=CIRCLE('',#7707,0.35);
#166=CIRCLE('',#7710,0.35);
#167=CIRCLE('',#7711,0.35);
#168=CIRCLE('',#7714,0.35);
#169=CIRCLE('',#7715,0.35);
#170=CIRCLE('',#7718,0.35);
#171=CIRCLE('',#7719,0.35);
#172=CIRCLE('',#7722,0.35);
#173=CIRCLE('',#7723,0.35);
#174=CIRCLE('',#7726,0.35);
#175=CIRCLE('',#7727,0.35);
#176=CIRCLE('',#7730,0.35);
#177=CIRCLE('',#7731,0.35);
#178=CIRCLE('',#7734,0.35);
#179=CIRCLE('',#7735,0.35);
#180=CIRCLE('',#7738,0.7);
#181=CIRCLE('',#7739,0.7);
#182=CIRCLE('',#7741,0.7);
#183=CIRCLE('',#7742,0.7);
#184=CIRCLE('',#7744,0.7);
#185=CIRCLE('',#7745,0.7);
#186=CIRCLE('',#7747,0.7);
#187=CIRCLE('',#7748,0.7);
#188=CIRCLE('',#7750,0.7);
#189=CIRCLE('',#7751,0.7);
#190=CIRCLE('',#7753,0.7);
#191=CIRCLE('',#7754,0.7);
#192=CIRCLE('',#7756,0.7);
#193=CIRCLE('',#7757,0.7);
#194=CIRCLE('',#7759,0.7);
#195=CIRCLE('',#7760,0.7);
#196=CIRCLE('',#7809,0.425);
#197=CIRCLE('',#7811,0.425);
#198=CIRCLE('',#7813,0.425);
#199=CIRCLE('',#7815,0.425);
#200=CIRCLE('',#7817,0.15);
#201=CIRCLE('',#7818,0.15);
#202=CIRCLE('',#7823,0.35);
#203=CIRCLE('',#7824,0.35);
#204=CIRCLE('',#7836,0.35);
#205=CIRCLE('',#7837,0.35);
#206=CIRCLE('',#7842,0.15);
#207=CIRCLE('',#7843,0.15);
#208=CIRCLE('',#7845,2.);
#209=CIRCLE('',#7847,2.);
#210=CIRCLE('',#7850,2.);
#211=CIRCLE('',#7852,2.);
#212=CIRCLE('',#7889,0.425);
#213=CIRCLE('',#7895,1.3);
#214=CIRCLE('',#7897,1.3);
#215=CIRCLE('',#7901,0.425);
#216=CIRCLE('',#7906,1.3);
#217=CIRCLE('',#7907,1.3);
#218=CIRCLE('',#7908,1.3);
#219=CIRCLE('',#7909,1.3);
#220=CIRCLE('',#7914,1.3);
#221=CIRCLE('',#7916,1.3);
#222=CIRCLE('',#7920,0.425);
#223=CIRCLE('',#7930,0.425);
#224=CIRCLE('',#7936,1.3);
#225=CIRCLE('',#7937,1.3);
#226=CIRCLE('',#7938,1.3);
#227=CIRCLE('',#7939,1.3);
#228=CIRCLE('',#7945,1.6);
#229=CIRCLE('',#7946,1.6);
#230=CIRCLE('',#7952,0.2);
#231=CIRCLE('',#7955,0.2);
#232=CIRCLE('',#7962,0.25);
#233=CIRCLE('',#7963,0.25);
#234=CIRCLE('',#7971,0.2);
#235=CIRCLE('',#7974,0.2);
#236=CIRCLE('',#7977,0.200000000000001);
#237=CIRCLE('',#7978,0.2);
#238=CIRCLE('',#7979,0.2);
#239=CIRCLE('',#7982,1.6);
#240=CIRCLE('',#7983,1.6);
#241=CIRCLE('',#8062,1.3);
#242=CIRCLE('',#8067,1.3);
#243=CIRCLE('',#8072,1.3);
#244=CIRCLE('',#8077,1.3);
#245=CIRCLE('',#8082,1.3);
#246=CIRCLE('',#8087,1.3);
#247=CIRCLE('',#8092,1.3);
#248=CIRCLE('',#8097,1.3);
#249=CIRCLE('',#8100,0.2);
#250=CIRCLE('',#8103,0.2);
#251=CIRCLE('',#8105,0.2);
#252=CIRCLE('',#8106,0.2);
#253=CIRCLE('',#8108,0.2);
#254=CIRCLE('',#8109,0.2);
#255=CIRCLE('',#8111,0.2);
#256=CIRCLE('',#8113,0.2);
#257=CIRCLE('',#8114,0.2);
#258=CIRCLE('',#8116,0.65);
#259=CIRCLE('',#8118,0.167705098312486);
#260=CIRCLE('',#8119,0.574999999927143);
#261=CIRCLE('',#8121,0.167705098312486);
#262=CIRCLE('',#8122,0.574999999946148);
#263=CIRCLE('',#8127,0.65);
#264=CIRCLE('',#8130,0.2);
#265=CIRCLE('',#8136,0.2);
#266=CIRCLE('',#8138,0.2);
#267=CIRCLE('',#8148,0.2);
#268=CIRCLE('',#8149,0.2);
#269=CIRCLE('',#8150,0.2);
#270=CIRCLE('',#8152,0.2);
#271=CIRCLE('',#8155,0.2);
#272=CIRCLE('',#8157,0.2);
#273=CIRCLE('',#8162,0.2);
#274=CIRCLE('',#8164,0.2);
#275=CIRCLE('',#8167,0.25);
#276=CIRCLE('',#8170,0.25);
#277=CIRCLE('',#8172,0.200000000000002);
#278=CIRCLE('',#8174,0.2);
#279=CIRCLE('',#8179,0.2);
#280=CIRCLE('',#8181,0.2);
#281=CIRCLE('',#8183,0.2);
#282=CIRCLE('',#8188,0.2);
#283=CIRCLE('',#8190,0.2);
#284=CIRCLE('',#8191,0.2);
#285=CIRCLE('',#8194,0.4);
#286=CIRCLE('',#8196,0.4);
#287=CIRCLE('',#8198,0.2);
#288=CIRCLE('',#8200,0.65);
#289=CIRCLE('',#8212,0.2);
#290=CIRCLE('',#8215,0.200000000000001);
#291=CIRCLE('',#8216,0.2);
#292=CIRCLE('',#8219,0.2);
#293=CIRCLE('',#8220,0.2);
#294=CIRCLE('',#8223,0.574999999946154);
#295=CIRCLE('',#8225,0.574999999946153);
#296=CIRCLE('',#8228,0.2);
#297=CIRCLE('',#8240,0.2);
#298=FACE_OUTER_BOUND('',#700,.T.);
#299=FACE_OUTER_BOUND('',#701,.T.);
#300=FACE_OUTER_BOUND('',#704,.T.);
#301=FACE_OUTER_BOUND('',#705,.T.);
#302=FACE_OUTER_BOUND('',#706,.T.);
#303=FACE_OUTER_BOUND('',#707,.T.);
#304=FACE_OUTER_BOUND('',#708,.T.);
#305=FACE_OUTER_BOUND('',#709,.T.);
#306=FACE_OUTER_BOUND('',#710,.T.);
#307=FACE_OUTER_BOUND('',#711,.T.);
#308=FACE_OUTER_BOUND('',#712,.T.);
#309=FACE_OUTER_BOUND('',#713,.T.);
#310=FACE_OUTER_BOUND('',#714,.T.);
#311=FACE_OUTER_BOUND('',#715,.T.);
#312=FACE_OUTER_BOUND('',#716,.T.);
#313=FACE_OUTER_BOUND('',#717,.T.);
#314=FACE_OUTER_BOUND('',#718,.T.);
#315=FACE_OUTER_BOUND('',#719,.T.);
#316=FACE_OUTER_BOUND('',#720,.T.);
#317=FACE_OUTER_BOUND('',#721,.T.);
#318=FACE_OUTER_BOUND('',#722,.T.);
#319=FACE_OUTER_BOUND('',#723,.T.);
#320=FACE_OUTER_BOUND('',#724,.T.);
#321=FACE_OUTER_BOUND('',#725,.T.);
#322=FACE_OUTER_BOUND('',#726,.T.);
#323=FACE_OUTER_BOUND('',#727,.T.);
#324=FACE_OUTER_BOUND('',#728,.T.);
#325=FACE_OUTER_BOUND('',#729,.T.);
#326=FACE_OUTER_BOUND('',#730,.T.);
#327=FACE_OUTER_BOUND('',#731,.T.);
#328=FACE_OUTER_BOUND('',#732,.T.);
#329=FACE_OUTER_BOUND('',#733,.T.);
#330=FACE_OUTER_BOUND('',#734,.T.);
#331=FACE_OUTER_BOUND('',#735,.T.);
#332=FACE_OUTER_BOUND('',#736,.T.);
#333=FACE_OUTER_BOUND('',#737,.T.);
#334=FACE_OUTER_BOUND('',#738,.T.);
#335=FACE_OUTER_BOUND('',#739,.T.);
#336=FACE_OUTER_BOUND('',#740,.T.);
#337=FACE_OUTER_BOUND('',#741,.T.);
#338=FACE_OUTER_BOUND('',#742,.T.);
#339=FACE_OUTER_BOUND('',#743,.T.);
#340=FACE_OUTER_BOUND('',#744,.T.);
#341=FACE_OUTER_BOUND('',#745,.T.);
#342=FACE_OUTER_BOUND('',#746,.T.);
#343=FACE_OUTER_BOUND('',#747,.T.);
#344=FACE_OUTER_BOUND('',#748,.T.);
#345=FACE_OUTER_BOUND('',#749,.T.);
#346=FACE_OUTER_BOUND('',#750,.T.);
#347=FACE_OUTER_BOUND('',#751,.T.);
#348=FACE_OUTER_BOUND('',#752,.T.);
#349=FACE_OUTER_BOUND('',#753,.T.);
#350=FACE_OUTER_BOUND('',#754,.T.);
#351=FACE_OUTER_BOUND('',#755,.T.);
#352=FACE_OUTER_BOUND('',#756,.T.);
#353=FACE_OUTER_BOUND('',#757,.T.);
#354=FACE_OUTER_BOUND('',#758,.T.);
#355=FACE_OUTER_BOUND('',#759,.T.);
#356=FACE_OUTER_BOUND('',#760,.T.);
#357=FACE_OUTER_BOUND('',#761,.T.);
#358=FACE_OUTER_BOUND('',#762,.T.);
#359=FACE_OUTER_BOUND('',#763,.T.);
#360=FACE_OUTER_BOUND('',#772,.T.);
#361=FACE_OUTER_BOUND('',#773,.T.);
#362=FACE_OUTER_BOUND('',#774,.T.);
#363=FACE_OUTER_BOUND('',#775,.T.);
#364=FACE_OUTER_BOUND('',#776,.T.);
#365=FACE_OUTER_BOUND('',#777,.T.);
#366=FACE_OUTER_BOUND('',#778,.T.);
#367=FACE_OUTER_BOUND('',#779,.T.);
#368=FACE_OUTER_BOUND('',#780,.T.);
#369=FACE_OUTER_BOUND('',#781,.T.);
#370=FACE_OUTER_BOUND('',#782,.T.);
#371=FACE_OUTER_BOUND('',#783,.T.);
#372=FACE_OUTER_BOUND('',#784,.T.);
#373=FACE_OUTER_BOUND('',#785,.T.);
#374=FACE_OUTER_BOUND('',#786,.T.);
#375=FACE_OUTER_BOUND('',#787,.T.);
#376=FACE_OUTER_BOUND('',#788,.T.);
#377=FACE_OUTER_BOUND('',#789,.T.);
#378=FACE_OUTER_BOUND('',#790,.T.);
#379=FACE_OUTER_BOUND('',#791,.T.);
#380=FACE_OUTER_BOUND('',#792,.T.);
#381=FACE_OUTER_BOUND('',#793,.T.);
#382=FACE_OUTER_BOUND('',#794,.T.);
#383=FACE_OUTER_BOUND('',#795,.T.);
#384=FACE_OUTER_BOUND('',#796,.T.);
#385=FACE_OUTER_BOUND('',#797,.T.);
#386=FACE_OUTER_BOUND('',#798,.T.);
#387=FACE_OUTER_BOUND('',#799,.T.);
#388=FACE_OUTER_BOUND('',#800,.T.);
#389=FACE_OUTER_BOUND('',#801,.T.);
#390=FACE_OUTER_BOUND('',#802,.T.);
#391=FACE_OUTER_BOUND('',#811,.T.);
#392=FACE_OUTER_BOUND('',#812,.T.);
#393=FACE_OUTER_BOUND('',#813,.T.);
#394=FACE_OUTER_BOUND('',#814,.T.);
#395=FACE_OUTER_BOUND('',#815,.T.);
#396=FACE_OUTER_BOUND('',#816,.T.);
#397=FACE_OUTER_BOUND('',#817,.T.);
#398=FACE_OUTER_BOUND('',#818,.T.);
#399=FACE_OUTER_BOUND('',#819,.T.);
#400=FACE_OUTER_BOUND('',#820,.T.);
#401=FACE_OUTER_BOUND('',#821,.T.);
#402=FACE_OUTER_BOUND('',#822,.T.);
#403=FACE_OUTER_BOUND('',#823,.T.);
#404=FACE_OUTER_BOUND('',#824,.T.);
#405=FACE_OUTER_BOUND('',#825,.T.);
#406=FACE_OUTER_BOUND('',#826,.T.);
#407=FACE_OUTER_BOUND('',#827,.T.);
#408=FACE_OUTER_BOUND('',#828,.T.);
#409=FACE_OUTER_BOUND('',#829,.T.);
#410=FACE_OUTER_BOUND('',#830,.T.);
#411=FACE_OUTER_BOUND('',#831,.T.);
#412=FACE_OUTER_BOUND('',#832,.T.);
#413=FACE_OUTER_BOUND('',#833,.T.);
#414=FACE_OUTER_BOUND('',#834,.T.);
#415=FACE_OUTER_BOUND('',#835,.T.);
#416=FACE_OUTER_BOUND('',#836,.T.);
#417=FACE_OUTER_BOUND('',#837,.T.);
#418=FACE_OUTER_BOUND('',#838,.T.);
#419=FACE_OUTER_BOUND('',#839,.T.);
#420=FACE_OUTER_BOUND('',#840,.T.);
#421=FACE_OUTER_BOUND('',#841,.T.);
#422=FACE_OUTER_BOUND('',#842,.T.);
#423=FACE_OUTER_BOUND('',#843,.T.);
#424=FACE_OUTER_BOUND('',#844,.T.);
#425=FACE_OUTER_BOUND('',#845,.T.);
#426=FACE_OUTER_BOUND('',#846,.T.);
#427=FACE_OUTER_BOUND('',#847,.T.);
#428=FACE_OUTER_BOUND('',#848,.T.);
#429=FACE_OUTER_BOUND('',#849,.T.);
#430=FACE_OUTER_BOUND('',#850,.T.);
#431=FACE_OUTER_BOUND('',#851,.T.);
#432=FACE_OUTER_BOUND('',#852,.T.);
#433=FACE_OUTER_BOUND('',#853,.T.);
#434=FACE_OUTER_BOUND('',#854,.T.);
#435=FACE_OUTER_BOUND('',#855,.T.);
#436=FACE_OUTER_BOUND('',#856,.T.);
#437=FACE_OUTER_BOUND('',#857,.T.);
#438=FACE_OUTER_BOUND('',#858,.T.);
#439=FACE_OUTER_BOUND('',#859,.T.);
#440=FACE_OUTER_BOUND('',#860,.T.);
#441=FACE_OUTER_BOUND('',#861,.T.);
#442=FACE_OUTER_BOUND('',#862,.T.);
#443=FACE_OUTER_BOUND('',#863,.T.);
#444=FACE_OUTER_BOUND('',#864,.T.);
#445=FACE_OUTER_BOUND('',#865,.T.);
#446=FACE_OUTER_BOUND('',#866,.T.);
#447=FACE_OUTER_BOUND('',#867,.T.);
#448=FACE_OUTER_BOUND('',#868,.T.);
#449=FACE_OUTER_BOUND('',#869,.T.);
#450=FACE_OUTER_BOUND('',#870,.T.);
#451=FACE_OUTER_BOUND('',#871,.T.);
#452=FACE_OUTER_BOUND('',#872,.T.);
#453=FACE_OUTER_BOUND('',#873,.T.);
#454=FACE_OUTER_BOUND('',#874,.T.);
#455=FACE_OUTER_BOUND('',#875,.T.);
#456=FACE_OUTER_BOUND('',#876,.T.);
#457=FACE_OUTER_BOUND('',#877,.T.);
#458=FACE_OUTER_BOUND('',#878,.T.);
#459=FACE_OUTER_BOUND('',#879,.T.);
#460=FACE_OUTER_BOUND('',#880,.T.);
#461=FACE_OUTER_BOUND('',#881,.T.);
#462=FACE_OUTER_BOUND('',#882,.T.);
#463=FACE_OUTER_BOUND('',#883,.T.);
#464=FACE_OUTER_BOUND('',#884,.T.);
#465=FACE_OUTER_BOUND('',#885,.T.);
#466=FACE_OUTER_BOUND('',#886,.T.);
#467=FACE_OUTER_BOUND('',#887,.T.);
#468=FACE_OUTER_BOUND('',#888,.T.);
#469=FACE_OUTER_BOUND('',#889,.T.);
#470=FACE_OUTER_BOUND('',#890,.T.);
#471=FACE_OUTER_BOUND('',#891,.T.);
#472=FACE_OUTER_BOUND('',#892,.T.);
#473=FACE_OUTER_BOUND('',#893,.T.);
#474=FACE_OUTER_BOUND('',#894,.T.);
#475=FACE_OUTER_BOUND('',#895,.T.);
#476=FACE_OUTER_BOUND('',#896,.T.);
#477=FACE_OUTER_BOUND('',#897,.T.);
#478=FACE_OUTER_BOUND('',#898,.T.);
#479=FACE_OUTER_BOUND('',#899,.T.);
#480=FACE_OUTER_BOUND('',#900,.T.);
#481=FACE_OUTER_BOUND('',#901,.T.);
#482=FACE_OUTER_BOUND('',#902,.T.);
#483=FACE_OUTER_BOUND('',#903,.T.);
#484=FACE_OUTER_BOUND('',#904,.T.);
#485=FACE_OUTER_BOUND('',#907,.T.);
#486=FACE_OUTER_BOUND('',#908,.T.);
#487=FACE_OUTER_BOUND('',#909,.T.);
#488=FACE_OUTER_BOUND('',#910,.T.);
#489=FACE_OUTER_BOUND('',#911,.T.);
#490=FACE_OUTER_BOUND('',#912,.T.);
#491=FACE_OUTER_BOUND('',#913,.T.);
#492=FACE_OUTER_BOUND('',#914,.T.);
#493=FACE_OUTER_BOUND('',#915,.T.);
#494=FACE_OUTER_BOUND('',#916,.T.);
#495=FACE_OUTER_BOUND('',#917,.T.);
#496=FACE_OUTER_BOUND('',#918,.T.);
#497=FACE_OUTER_BOUND('',#919,.T.);
#498=FACE_OUTER_BOUND('',#920,.T.);
#499=FACE_OUTER_BOUND('',#921,.T.);
#500=FACE_OUTER_BOUND('',#922,.T.);
#501=FACE_OUTER_BOUND('',#923,.T.);
#502=FACE_OUTER_BOUND('',#924,.T.);
#503=FACE_OUTER_BOUND('',#925,.T.);
#504=FACE_OUTER_BOUND('',#926,.T.);
#505=FACE_OUTER_BOUND('',#927,.T.);
#506=FACE_OUTER_BOUND('',#928,.T.);
#507=FACE_OUTER_BOUND('',#929,.T.);
#508=FACE_OUTER_BOUND('',#930,.T.);
#509=FACE_OUTER_BOUND('',#931,.T.);
#510=FACE_OUTER_BOUND('',#932,.T.);
#511=FACE_OUTER_BOUND('',#933,.T.);
#512=FACE_OUTER_BOUND('',#934,.T.);
#513=FACE_OUTER_BOUND('',#935,.T.);
#514=FACE_OUTER_BOUND('',#936,.T.);
#515=FACE_OUTER_BOUND('',#937,.T.);
#516=FACE_OUTER_BOUND('',#938,.T.);
#517=FACE_OUTER_BOUND('',#939,.T.);
#518=FACE_OUTER_BOUND('',#940,.T.);
#519=FACE_OUTER_BOUND('',#941,.T.);
#520=FACE_OUTER_BOUND('',#942,.T.);
#521=FACE_OUTER_BOUND('',#943,.T.);
#522=FACE_OUTER_BOUND('',#944,.T.);
#523=FACE_OUTER_BOUND('',#945,.T.);
#524=FACE_OUTER_BOUND('',#946,.T.);
#525=FACE_OUTER_BOUND('',#947,.T.);
#526=FACE_OUTER_BOUND('',#948,.T.);
#527=FACE_OUTER_BOUND('',#949,.T.);
#528=FACE_OUTER_BOUND('',#950,.T.);
#529=FACE_OUTER_BOUND('',#951,.T.);
#530=FACE_OUTER_BOUND('',#952,.T.);
#531=FACE_OUTER_BOUND('',#953,.T.);
#532=FACE_OUTER_BOUND('',#954,.T.);
#533=FACE_OUTER_BOUND('',#955,.T.);
#534=FACE_OUTER_BOUND('',#956,.T.);
#535=FACE_OUTER_BOUND('',#957,.T.);
#536=FACE_OUTER_BOUND('',#958,.T.);
#537=FACE_OUTER_BOUND('',#959,.T.);
#538=FACE_OUTER_BOUND('',#960,.T.);
#539=FACE_OUTER_BOUND('',#961,.T.);
#540=FACE_OUTER_BOUND('',#962,.T.);
#541=FACE_OUTER_BOUND('',#963,.T.);
#542=FACE_OUTER_BOUND('',#964,.T.);
#543=FACE_OUTER_BOUND('',#965,.T.);
#544=FACE_OUTER_BOUND('',#966,.T.);
#545=FACE_OUTER_BOUND('',#967,.T.);
#546=FACE_OUTER_BOUND('',#968,.T.);
#547=FACE_OUTER_BOUND('',#969,.T.);
#548=FACE_OUTER_BOUND('',#970,.T.);
#549=FACE_OUTER_BOUND('',#971,.T.);
#550=FACE_OUTER_BOUND('',#972,.T.);
#551=FACE_OUTER_BOUND('',#973,.T.);
#552=FACE_OUTER_BOUND('',#974,.T.);
#553=FACE_OUTER_BOUND('',#975,.T.);
#554=FACE_OUTER_BOUND('',#976,.T.);
#555=FACE_OUTER_BOUND('',#977,.T.);
#556=FACE_OUTER_BOUND('',#978,.T.);
#557=FACE_OUTER_BOUND('',#979,.T.);
#558=FACE_OUTER_BOUND('',#980,.T.);
#559=FACE_OUTER_BOUND('',#981,.T.);
#560=FACE_OUTER_BOUND('',#982,.T.);
#561=FACE_OUTER_BOUND('',#983,.T.);
#562=FACE_OUTER_BOUND('',#984,.T.);
#563=FACE_OUTER_BOUND('',#985,.T.);
#564=FACE_OUTER_BOUND('',#986,.T.);
#565=FACE_OUTER_BOUND('',#987,.T.);
#566=FACE_OUTER_BOUND('',#988,.T.);
#567=FACE_OUTER_BOUND('',#989,.T.);
#568=FACE_OUTER_BOUND('',#990,.T.);
#569=FACE_OUTER_BOUND('',#991,.T.);
#570=FACE_OUTER_BOUND('',#992,.T.);
#571=FACE_OUTER_BOUND('',#993,.T.);
#572=FACE_OUTER_BOUND('',#994,.T.);
#573=FACE_OUTER_BOUND('',#995,.T.);
#574=FACE_OUTER_BOUND('',#996,.T.);
#575=FACE_OUTER_BOUND('',#997,.T.);
#576=FACE_OUTER_BOUND('',#998,.T.);
#577=FACE_OUTER_BOUND('',#999,.T.);
#578=FACE_OUTER_BOUND('',#1000,.T.);
#579=FACE_OUTER_BOUND('',#1001,.T.);
#580=FACE_OUTER_BOUND('',#1002,.T.);
#581=FACE_OUTER_BOUND('',#1003,.T.);
#582=FACE_OUTER_BOUND('',#1004,.T.);
#583=FACE_OUTER_BOUND('',#1005,.T.);
#584=FACE_OUTER_BOUND('',#1006,.T.);
#585=FACE_OUTER_BOUND('',#1007,.T.);
#586=FACE_OUTER_BOUND('',#1008,.T.);
#587=FACE_OUTER_BOUND('',#1009,.T.);
#588=FACE_OUTER_BOUND('',#1010,.T.);
#589=FACE_OUTER_BOUND('',#1011,.T.);
#590=FACE_OUTER_BOUND('',#1012,.T.);
#591=FACE_OUTER_BOUND('',#1013,.T.);
#592=FACE_OUTER_BOUND('',#1014,.T.);
#593=FACE_OUTER_BOUND('',#1015,.T.);
#594=FACE_OUTER_BOUND('',#1016,.T.);
#595=FACE_OUTER_BOUND('',#1017,.T.);
#596=FACE_OUTER_BOUND('',#1018,.T.);
#597=FACE_OUTER_BOUND('',#1019,.T.);
#598=FACE_OUTER_BOUND('',#1020,.T.);
#599=FACE_OUTER_BOUND('',#1021,.T.);
#600=FACE_OUTER_BOUND('',#1022,.T.);
#601=FACE_OUTER_BOUND('',#1023,.T.);
#602=FACE_OUTER_BOUND('',#1024,.T.);
#603=FACE_OUTER_BOUND('',#1025,.T.);
#604=FACE_OUTER_BOUND('',#1026,.T.);
#605=FACE_OUTER_BOUND('',#1027,.T.);
#606=FACE_OUTER_BOUND('',#1028,.T.);
#607=FACE_OUTER_BOUND('',#1029,.T.);
#608=FACE_OUTER_BOUND('',#1030,.T.);
#609=FACE_OUTER_BOUND('',#1031,.T.);
#610=FACE_OUTER_BOUND('',#1032,.T.);
#611=FACE_OUTER_BOUND('',#1033,.T.);
#612=FACE_OUTER_BOUND('',#1034,.T.);
#613=FACE_OUTER_BOUND('',#1035,.T.);
#614=FACE_OUTER_BOUND('',#1036,.T.);
#615=FACE_OUTER_BOUND('',#1037,.T.);
#616=FACE_OUTER_BOUND('',#1038,.T.);
#617=FACE_OUTER_BOUND('',#1039,.T.);
#618=FACE_OUTER_BOUND('',#1040,.T.);
#619=FACE_OUTER_BOUND('',#1041,.T.);
#620=FACE_OUTER_BOUND('',#1042,.T.);
#621=FACE_OUTER_BOUND('',#1043,.T.);
#622=FACE_OUTER_BOUND('',#1044,.T.);
#623=FACE_OUTER_BOUND('',#1045,.T.);
#624=FACE_OUTER_BOUND('',#1046,.T.);
#625=FACE_OUTER_BOUND('',#1047,.T.);
#626=FACE_OUTER_BOUND('',#1048,.T.);
#627=FACE_OUTER_BOUND('',#1049,.T.);
#628=FACE_OUTER_BOUND('',#1050,.T.);
#629=FACE_OUTER_BOUND('',#1051,.T.);
#630=FACE_OUTER_BOUND('',#1052,.T.);
#631=FACE_OUTER_BOUND('',#1053,.T.);
#632=FACE_OUTER_BOUND('',#1054,.T.);
#633=FACE_OUTER_BOUND('',#1055,.T.);
#634=FACE_OUTER_BOUND('',#1056,.T.);
#635=FACE_OUTER_BOUND('',#1057,.T.);
#636=FACE_OUTER_BOUND('',#1058,.T.);
#637=FACE_OUTER_BOUND('',#1059,.T.);
#638=FACE_OUTER_BOUND('',#1060,.T.);
#639=FACE_OUTER_BOUND('',#1061,.T.);
#640=FACE_OUTER_BOUND('',#1062,.T.);
#641=FACE_OUTER_BOUND('',#1063,.T.);
#642=FACE_OUTER_BOUND('',#1064,.T.);
#643=FACE_OUTER_BOUND('',#1065,.T.);
#644=FACE_OUTER_BOUND('',#1066,.T.);
#645=FACE_OUTER_BOUND('',#1067,.T.);
#646=FACE_OUTER_BOUND('',#1068,.T.);
#647=FACE_OUTER_BOUND('',#1069,.T.);
#648=FACE_OUTER_BOUND('',#1070,.T.);
#649=FACE_OUTER_BOUND('',#1071,.T.);
#650=FACE_OUTER_BOUND('',#1072,.T.);
#651=FACE_OUTER_BOUND('',#1073,.T.);
#652=FACE_OUTER_BOUND('',#1074,.T.);
#653=FACE_OUTER_BOUND('',#1075,.T.);
#654=FACE_OUTER_BOUND('',#1076,.T.);
#655=FACE_OUTER_BOUND('',#1077,.T.);
#656=FACE_OUTER_BOUND('',#1078,.T.);
#657=FACE_OUTER_BOUND('',#1079,.T.);
#658=FACE_OUTER_BOUND('',#1080,.T.);
#659=FACE_OUTER_BOUND('',#1081,.T.);
#660=FACE_OUTER_BOUND('',#1102,.T.);
#661=FACE_OUTER_BOUND('',#1103,.T.);
#662=FACE_OUTER_BOUND('',#1104,.T.);
#663=FACE_OUTER_BOUND('',#1105,.T.);
#664=FACE_OUTER_BOUND('',#1106,.T.);
#665=FACE_OUTER_BOUND('',#1107,.T.);
#666=FACE_OUTER_BOUND('',#1108,.T.);
#667=FACE_OUTER_BOUND('',#1109,.T.);
#668=FACE_OUTER_BOUND('',#1110,.T.);
#669=FACE_OUTER_BOUND('',#1113,.T.);
#670=FACE_OUTER_BOUND('',#1114,.T.);
#671=FACE_OUTER_BOUND('',#1115,.T.);
#672=FACE_OUTER_BOUND('',#1116,.T.);
#673=FACE_OUTER_BOUND('',#1117,.T.);
#674=FACE_OUTER_BOUND('',#1118,.T.);
#675=FACE_OUTER_BOUND('',#1119,.T.);
#676=FACE_OUTER_BOUND('',#1120,.T.);
#677=FACE_OUTER_BOUND('',#1121,.T.);
#678=FACE_OUTER_BOUND('',#1122,.T.);
#679=FACE_OUTER_BOUND('',#1123,.T.);
#680=FACE_OUTER_BOUND('',#1124,.T.);
#681=FACE_OUTER_BOUND('',#1125,.T.);
#682=FACE_OUTER_BOUND('',#1126,.T.);
#683=FACE_OUTER_BOUND('',#1127,.T.);
#684=FACE_OUTER_BOUND('',#1128,.T.);
#685=FACE_OUTER_BOUND('',#1129,.T.);
#686=FACE_OUTER_BOUND('',#1130,.T.);
#687=FACE_OUTER_BOUND('',#1131,.T.);
#688=FACE_OUTER_BOUND('',#1132,.T.);
#689=FACE_OUTER_BOUND('',#1133,.T.);
#690=FACE_OUTER_BOUND('',#1134,.T.);
#691=FACE_OUTER_BOUND('',#1135,.T.);
#692=FACE_OUTER_BOUND('',#1136,.T.);
#693=FACE_OUTER_BOUND('',#1137,.T.);
#694=FACE_OUTER_BOUND('',#1138,.T.);
#695=FACE_OUTER_BOUND('',#1139,.T.);
#696=FACE_OUTER_BOUND('',#1140,.T.);
#697=FACE_OUTER_BOUND('',#1141,.T.);
#698=FACE_OUTER_BOUND('',#1142,.T.);
#699=FACE_OUTER_BOUND('',#1143,.T.);
#700=EDGE_LOOP('',(#4778,#4779,#4780,#4781));
#701=EDGE_LOOP('',(#4782,#4783,#4784,#4785,#4786,#4787,#4788,#4789,#4790,
#4791,#4792,#4793,#4794,#4795,#4796));
#702=EDGE_LOOP('',(#4797,#4798,#4799,#4800,#4801,#4802,#4803,#4804));
#703=EDGE_LOOP('',(#4805,#4806,#4807,#4808));
#704=EDGE_LOOP('',(#4809,#4810,#4811,#4812,#4813));
#705=EDGE_LOOP('',(#4814,#4815,#4816,#4817,#4818));
#706=EDGE_LOOP('',(#4819,#4820,#4821,#4822));
#707=EDGE_LOOP('',(#4823,#4824,#4825,#4826));
#708=EDGE_LOOP('',(#4827,#4828,#4829,#4830));
#709=EDGE_LOOP('',(#4831,#4832,#4833,#4834));
#710=EDGE_LOOP('',(#4835,#4836,#4837,#4838));
#711=EDGE_LOOP('',(#4839,#4840,#4841,#4842));
#712=EDGE_LOOP('',(#4843,#4844,#4845,#4846));
#713=EDGE_LOOP('',(#4847,#4848,#4849,#4850));
#714=EDGE_LOOP('',(#4851,#4852,#4853,#4854));
#715=EDGE_LOOP('',(#4855,#4856,#4857,#4858));
#716=EDGE_LOOP('',(#4859,#4860,#4861,#4862));
#717=EDGE_LOOP('',(#4863,#4864,#4865,#4866));
#718=EDGE_LOOP('',(#4867,#4868,#4869,#4870));
#719=EDGE_LOOP('',(#4871,#4872,#4873,#4874));
#720=EDGE_LOOP('',(#4875,#4876,#4877,#4878));
#721=EDGE_LOOP('',(#4879,#4880,#4881,#4882));
#722=EDGE_LOOP('',(#4883,#4884,#4885,#4886));
#723=EDGE_LOOP('',(#4887,#4888,#4889,#4890));
#724=EDGE_LOOP('',(#4891,#4892,#4893,#4894));
#725=EDGE_LOOP('',(#4895,#4896,#4897,#4898));
#726=EDGE_LOOP('',(#4899,#4900,#4901,#4902));
#727=EDGE_LOOP('',(#4903,#4904,#4905,#4906));
#728=EDGE_LOOP('',(#4907,#4908,#4909,#4910));
#729=EDGE_LOOP('',(#4911,#4912,#4913,#4914));
#730=EDGE_LOOP('',(#4915,#4916,#4917,#4918));
#731=EDGE_LOOP('',(#4919,#4920,#4921,#4922));
#732=EDGE_LOOP('',(#4923,#4924,#4925,#4926,#4927,#4928,#4929));
#733=EDGE_LOOP('',(#4930,#4931,#4932,#4933));
#734=EDGE_LOOP('',(#4934,#4935,#4936,#4937,#4938,#4939,#4940));
#735=EDGE_LOOP('',(#4941,#4942,#4943,#4944));
#736=EDGE_LOOP('',(#4945,#4946,#4947,#4948,#4949,#4950,#4951));
#737=EDGE_LOOP('',(#4952,#4953,#4954,#4955));
#738=EDGE_LOOP('',(#4956,#4957,#4958,#4959,#4960,#4961,#4962));
#739=EDGE_LOOP('',(#4963,#4964,#4965,#4966));
#740=EDGE_LOOP('',(#4967,#4968,#4969,#4970,#4971,#4972,#4973));
#741=EDGE_LOOP('',(#4974,#4975,#4976,#4977));
#742=EDGE_LOOP('',(#4978,#4979,#4980,#4981,#4982,#4983,#4984));
#743=EDGE_LOOP('',(#4985,#4986,#4987,#4988));
#744=EDGE_LOOP('',(#4989,#4990,#4991,#4992,#4993,#4994,#4995));
#745=EDGE_LOOP('',(#4996,#4997,#4998,#4999));
#746=EDGE_LOOP('',(#5000,#5001,#5002,#5003,#5004,#5005,#5006));
#747=EDGE_LOOP('',(#5007,#5008,#5009,#5010));
#748=EDGE_LOOP('',(#5011,#5012,#5013,#5014,#5015,#5016,#5017));
#749=EDGE_LOOP('',(#5018,#5019,#5020,#5021));
#750=EDGE_LOOP('',(#5022,#5023,#5024,#5025,#5026,#5027,#5028));
#751=EDGE_LOOP('',(#5029,#5030,#5031,#5032));
#752=EDGE_LOOP('',(#5033,#5034,#5035,#5036,#5037,#5038,#5039));
#753=EDGE_LOOP('',(#5040,#5041,#5042,#5043));
#754=EDGE_LOOP('',(#5044,#5045,#5046,#5047,#5048,#5049,#5050));
#755=EDGE_LOOP('',(#5051,#5052,#5053,#5054));
#756=EDGE_LOOP('',(#5055,#5056,#5057,#5058,#5059,#5060,#5061));
#757=EDGE_LOOP('',(#5062,#5063,#5064,#5065));
#758=EDGE_LOOP('',(#5066,#5067,#5068,#5069,#5070,#5071,#5072));
#759=EDGE_LOOP('',(#5073,#5074,#5075,#5076));
#760=EDGE_LOOP('',(#5077,#5078,#5079,#5080,#5081,#5082,#5083));
#761=EDGE_LOOP('',(#5084,#5085,#5086,#5087));
#762=EDGE_LOOP('',(#5088,#5089,#5090,#5091,#5092,#5093,#5094));
#763=EDGE_LOOP('',(#5095,#5096,#5097,#5098));
#764=EDGE_LOOP('',(#5099,#5100,#5101,#5102));
#765=EDGE_LOOP('',(#5103,#5104,#5105,#5106));
#766=EDGE_LOOP('',(#5107,#5108,#5109,#5110));
#767=EDGE_LOOP('',(#5111,#5112,#5113,#5114));
#768=EDGE_LOOP('',(#5115,#5116,#5117,#5118));
#769=EDGE_LOOP('',(#5119,#5120,#5121,#5122));
#770=EDGE_LOOP('',(#5123,#5124,#5125,#5126));
#771=EDGE_LOOP('',(#5127,#5128,#5129,#5130));
#772=EDGE_LOOP('',(#5131,#5132,#5133,#5134));
#773=EDGE_LOOP('',(#5135,#5136,#5137,#5138));
#774=EDGE_LOOP('',(#5139,#5140,#5141,#5142));
#775=EDGE_LOOP('',(#5143,#5144,#5145,#5146));
#776=EDGE_LOOP('',(#5147,#5148,#5149,#5150));
#777=EDGE_LOOP('',(#5151,#5152,#5153,#5154));
#778=EDGE_LOOP('',(#5155,#5156,#5157,#5158));
#779=EDGE_LOOP('',(#5159,#5160,#5161,#5162,#5163,#5164,#5165,#5166));
#780=EDGE_LOOP('',(#5167,#5168,#5169,#5170));
#781=EDGE_LOOP('',(#5171,#5172,#5173,#5174));
#782=EDGE_LOOP('',(#5175,#5176,#5177,#5178,#5179,#5180,#5181,#5182));
#783=EDGE_LOOP('',(#5183,#5184,#5185,#5186));
#784=EDGE_LOOP('',(#5187,#5188,#5189,#5190));
#785=EDGE_LOOP('',(#5191,#5192,#5193,#5194));
#786=EDGE_LOOP('',(#5195,#5196,#5197,#5198));
#787=EDGE_LOOP('',(#5199,#5200,#5201,#5202));
#788=EDGE_LOOP('',(#5203,#5204,#5205,#5206));
#789=EDGE_LOOP('',(#5207,#5208,#5209,#5210));
#790=EDGE_LOOP('',(#5211,#5212,#5213,#5214));
#791=EDGE_LOOP('',(#5215,#5216,#5217,#5218));
#792=EDGE_LOOP('',(#5219,#5220,#5221,#5222));
#793=EDGE_LOOP('',(#5223,#5224,#5225,#5226));
#794=EDGE_LOOP('',(#5227,#5228,#5229,#5230,#5231,#5232));
#795=EDGE_LOOP('',(#5233,#5234,#5235,#5236));
#796=EDGE_LOOP('',(#5237,#5238,#5239,#5240));
#797=EDGE_LOOP('',(#5241,#5242,#5243,#5244));
#798=EDGE_LOOP('',(#5245,#5246,#5247,#5248));
#799=EDGE_LOOP('',(#5249,#5250,#5251,#5252));
#800=EDGE_LOOP('',(#5253,#5254,#5255,#5256));
#801=EDGE_LOOP('',(#5257,#5258,#5259,#5260));
#802=EDGE_LOOP('',(#5261,#5262,#5263,#5264,#5265,#5266,#5267,#5268,#5269,
#5270,#5271,#5272,#5273,#5274,#5275,#5276));
#803=EDGE_LOOP('',(#5277,#5278,#5279,#5280));
#804=EDGE_LOOP('',(#5281,#5282,#5283,#5284));
#805=EDGE_LOOP('',(#5285,#5286,#5287,#5288));
#806=EDGE_LOOP('',(#5289,#5290,#5291,#5292));
#807=EDGE_LOOP('',(#5293,#5294,#5295,#5296));
#808=EDGE_LOOP('',(#5297,#5298,#5299,#5300));
#809=EDGE_LOOP('',(#5301,#5302,#5303,#5304));
#810=EDGE_LOOP('',(#5305,#5306,#5307,#5308));
#811=EDGE_LOOP('',(#5309,#5310,#5311,#5312,#5313,#5314));
#812=EDGE_LOOP('',(#5315,#5316,#5317,#5318));
#813=EDGE_LOOP('',(#5319,#5320,#5321,#5322));
#814=EDGE_LOOP('',(#5323,#5324,#5325,#5326));
#815=EDGE_LOOP('',(#5327,#5328,#5329,#5330));
#816=EDGE_LOOP('',(#5331,#5332,#5333,#5334));
#817=EDGE_LOOP('',(#5335,#5336));
#818=EDGE_LOOP('',(#5337,#5338,#5339,#5340));
#819=EDGE_LOOP('',(#5341,#5342));
#820=EDGE_LOOP('',(#5343,#5344));
#821=EDGE_LOOP('',(#5345,#5346,#5347,#5348));
#822=EDGE_LOOP('',(#5349,#5350));
#823=EDGE_LOOP('',(#5351,#5352,#5353,#5354,#5355,#5356,#5357,#5358,#5359,
#5360));
#824=EDGE_LOOP('',(#5361,#5362,#5363,#5364));
#825=EDGE_LOOP('',(#5365,#5366,#5367,#5368));
#826=EDGE_LOOP('',(#5369,#5370,#5371,#5372));
#827=EDGE_LOOP('',(#5373,#5374,#5375,#5376));
#828=EDGE_LOOP('',(#5377,#5378,#5379,#5380));
#829=EDGE_LOOP('',(#5381,#5382,#5383,#5384));
#830=EDGE_LOOP('',(#5385,#5386,#5387,#5388));
#831=EDGE_LOOP('',(#5389,#5390,#5391,#5392));
#832=EDGE_LOOP('',(#5393,#5394,#5395,#5396));
#833=EDGE_LOOP('',(#5397,#5398,#5399,#5400));
#834=EDGE_LOOP('',(#5401,#5402,#5403,#5404));
#835=EDGE_LOOP('',(#5405,#5406,#5407,#5408));
#836=EDGE_LOOP('',(#5409,#5410,#5411,#5412));
#837=EDGE_LOOP('',(#5413,#5414,#5415,#5416));
#838=EDGE_LOOP('',(#5417,#5418,#5419,#5420));
#839=EDGE_LOOP('',(#5421,#5422,#5423,#5424));
#840=EDGE_LOOP('',(#5425,#5426,#5427,#5428));
#841=EDGE_LOOP('',(#5429,#5430,#5431,#5432));
#842=EDGE_LOOP('',(#5433,#5434,#5435,#5436));
#843=EDGE_LOOP('',(#5437,#5438,#5439,#5440));
#844=EDGE_LOOP('',(#5441,#5442,#5443,#5444));
#845=EDGE_LOOP('',(#5445,#5446,#5447,#5448));
#846=EDGE_LOOP('',(#5449,#5450,#5451,#5452));
#847=EDGE_LOOP('',(#5453,#5454,#5455,#5456));
#848=EDGE_LOOP('',(#5457,#5458,#5459,#5460));
#849=EDGE_LOOP('',(#5461,#5462,#5463,#5464));
#850=EDGE_LOOP('',(#5465,#5466,#5467,#5468));
#851=EDGE_LOOP('',(#5469,#5470,#5471,#5472));
#852=EDGE_LOOP('',(#5473,#5474,#5475,#5476));
#853=EDGE_LOOP('',(#5477,#5478,#5479,#5480));
#854=EDGE_LOOP('',(#5481,#5482,#5483,#5484,#5485,#5486));
#855=EDGE_LOOP('',(#5487,#5488,#5489,#5490,#5491,#5492,#5493,#5494));
#856=EDGE_LOOP('',(#5495,#5496,#5497,#5498));
#857=EDGE_LOOP('',(#5499,#5500,#5501,#5502,#5503,#5504));
#858=EDGE_LOOP('',(#5505,#5506,#5507));
#859=EDGE_LOOP('',(#5508,#5509,#5510));
#860=EDGE_LOOP('',(#5511,#5512,#5513,#5514));
#861=EDGE_LOOP('',(#5515,#5516,#5517,#5518));
#862=EDGE_LOOP('',(#5519,#5520,#5521,#5522,#5523,#5524,#5525,#5526));
#863=EDGE_LOOP('',(#5527,#5528,#5529,#5530,#5531,#5532));
#864=EDGE_LOOP('',(#5533,#5534,#5535,#5536,#5537,#5538,#5539,#5540));
#865=EDGE_LOOP('',(#5541,#5542,#5543,#5544,#5545,#5546));
#866=EDGE_LOOP('',(#5547,#5548,#5549));
#867=EDGE_LOOP('',(#5550,#5551,#5552));
#868=EDGE_LOOP('',(#5553,#5554,#5555,#5556));
#869=EDGE_LOOP('',(#5557,#5558,#5559,#5560));
#870=EDGE_LOOP('',(#5561,#5562,#5563,#5564,#5565,#5566,#5567,#5568));
#871=EDGE_LOOP('',(#5569,#5570,#5571,#5572));
#872=EDGE_LOOP('',(#5573,#5574,#5575,#5576,#5577,#5578));
#873=EDGE_LOOP('',(#5579,#5580,#5581,#5582));
#874=EDGE_LOOP('',(#5583,#5584,#5585,#5586,#5587,#5588));
#875=EDGE_LOOP('',(#5589,#5590,#5591,#5592,#5593,#5594,#5595,#5596));
#876=EDGE_LOOP('',(#5597,#5598,#5599,#5600));
#877=EDGE_LOOP('',(#5601,#5602,#5603,#5604,#5605,#5606));
#878=EDGE_LOOP('',(#5607,#5608,#5609,#5610,#5611,#5612,#5613,#5614));
#879=EDGE_LOOP('',(#5615,#5616,#5617,#5618,#5619,#5620));
#880=EDGE_LOOP('',(#5621,#5622,#5623,#5624));
#881=EDGE_LOOP('',(#5625,#5626,#5627,#5628));
#882=EDGE_LOOP('',(#5629,#5630,#5631,#5632,#5633));
#883=EDGE_LOOP('',(#5634,#5635,#5636,#5637));
#884=EDGE_LOOP('',(#5638,#5639,#5640,#5641));
#885=EDGE_LOOP('',(#5642,#5643,#5644,#5645));
#886=EDGE_LOOP('',(#5646,#5647,#5648,#5649,#5650,#5651,#5652,#5653,#5654));
#887=EDGE_LOOP('',(#5655,#5656,#5657,#5658));
#888=EDGE_LOOP('',(#5659,#5660,#5661,#5662,#5663,#5664,#5665,#5666,#5667));
#889=EDGE_LOOP('',(#5668,#5669,#5670,#5671));
#890=EDGE_LOOP('',(#5672,#5673,#5674,#5675,#5676,#5677));
#891=EDGE_LOOP('',(#5678,#5679,#5680,#5681));
#892=EDGE_LOOP('',(#5682,#5683,#5684,#5685,#5686,#5687));
#893=EDGE_LOOP('',(#5688,#5689,#5690,#5691));
#894=EDGE_LOOP('',(#5692,#5693,#5694,#5695,#5696,#5697,#5698,#5699,#5700,
#5701));
#895=EDGE_LOOP('',(#5702,#5703,#5704,#5705));
#896=EDGE_LOOP('',(#5706,#5707,#5708,#5709,#5710,#5711));
#897=EDGE_LOOP('',(#5712,#5713,#5714,#5715));
#898=EDGE_LOOP('',(#5716,#5717,#5718,#5719,#5720,#5721));
#899=EDGE_LOOP('',(#5722,#5723,#5724,#5725));
#900=EDGE_LOOP('',(#5726,#5727,#5728,#5729));
#901=EDGE_LOOP('',(#5730,#5731,#5732,#5733,#5734,#5735,#5736,#5737,#5738));
#902=EDGE_LOOP('',(#5739,#5740,#5741,#5742));
#903=EDGE_LOOP('',(#5743,#5744,#5745,#5746,#5747,#5748,#5749,#5750,#5751));
#904=EDGE_LOOP('',(#5752,#5753,#5754,#5755,#5756,#5757,#5758,#5759,#5760,
#5761,#5762,#5763,#5764,#5765,#5766,#5767,#5768,#5769,#5770,#5771,#5772,
#5773,#5774,#5775));
#905=EDGE_LOOP('',(#5776,#5777,#5778,#5779));
#906=EDGE_LOOP('',(#5780,#5781,#5782,#5783));
#907=EDGE_LOOP('',(#5784,#5785,#5786));
#908=EDGE_LOOP('',(#5787,#5788,#5789,#5790,#5791,#5792,#5793,#5794));
#909=EDGE_LOOP('',(#5795,#5796,#5797,#5798));
#910=EDGE_LOOP('',(#5799,#5800,#5801,#5802));
#911=EDGE_LOOP('',(#5803,#5804,#5805,#5806,#5807));
#912=EDGE_LOOP('',(#5808,#5809,#5810,#5811));
#913=EDGE_LOOP('',(#5812,#5813,#5814,#5815));
#914=EDGE_LOOP('',(#5816,#5817,#5818,#5819));
#915=EDGE_LOOP('',(#5820,#5821,#5822,#5823));
#916=EDGE_LOOP('',(#5824,#5825,#5826,#5827));
#917=EDGE_LOOP('',(#5828,#5829,#5830,#5831));
#918=EDGE_LOOP('',(#5832,#5833,#5834,#5835));
#919=EDGE_LOOP('',(#5836,#5837,#5838,#5839));
#920=EDGE_LOOP('',(#5840,#5841,#5842,#5843));
#921=EDGE_LOOP('',(#5844,#5845,#5846,#5847));
#922=EDGE_LOOP('',(#5848,#5849,#5850,#5851));
#923=EDGE_LOOP('',(#5852,#5853,#5854,#5855));
#924=EDGE_LOOP('',(#5856,#5857,#5858,#5859));
#925=EDGE_LOOP('',(#5860,#5861,#5862,#5863));
#926=EDGE_LOOP('',(#5864,#5865,#5866,#5867));
#927=EDGE_LOOP('',(#5868,#5869,#5870,#5871));
#928=EDGE_LOOP('',(#5872,#5873,#5874,#5875));
#929=EDGE_LOOP('',(#5876,#5877,#5878,#5879));
#930=EDGE_LOOP('',(#5880,#5881,#5882,#5883));
#931=EDGE_LOOP('',(#5884,#5885,#5886,#5887));
#932=EDGE_LOOP('',(#5888,#5889,#5890,#5891));
#933=EDGE_LOOP('',(#5892,#5893,#5894,#5895));
#934=EDGE_LOOP('',(#5896,#5897,#5898,#5899));
#935=EDGE_LOOP('',(#5900,#5901,#5902,#5903));
#936=EDGE_LOOP('',(#5904,#5905,#5906,#5907));
#937=EDGE_LOOP('',(#5908,#5909,#5910,#5911));
#938=EDGE_LOOP('',(#5912,#5913,#5914,#5915));
#939=EDGE_LOOP('',(#5916,#5917,#5918,#5919));
#940=EDGE_LOOP('',(#5920,#5921,#5922,#5923));
#941=EDGE_LOOP('',(#5924,#5925,#5926,#5927));
#942=EDGE_LOOP('',(#5928,#5929,#5930,#5931));
#943=EDGE_LOOP('',(#5932,#5933,#5934,#5935));
#944=EDGE_LOOP('',(#5936,#5937,#5938,#5939));
#945=EDGE_LOOP('',(#5940,#5941,#5942,#5943));
#946=EDGE_LOOP('',(#5944,#5945,#5946,#5947));
#947=EDGE_LOOP('',(#5948,#5949,#5950,#5951));
#948=EDGE_LOOP('',(#5952,#5953,#5954,#5955));
#949=EDGE_LOOP('',(#5956,#5957,#5958,#5959));
#950=EDGE_LOOP('',(#5960,#5961,#5962,#5963));
#951=EDGE_LOOP('',(#5964,#5965,#5966,#5967));
#952=EDGE_LOOP('',(#5968,#5969,#5970,#5971));
#953=EDGE_LOOP('',(#5972,#5973,#5974,#5975));
#954=EDGE_LOOP('',(#5976,#5977,#5978,#5979));
#955=EDGE_LOOP('',(#5980,#5981,#5982,#5983));
#956=EDGE_LOOP('',(#5984,#5985,#5986,#5987));
#957=EDGE_LOOP('',(#5988,#5989,#5990,#5991));
#958=EDGE_LOOP('',(#5992,#5993,#5994,#5995));
#959=EDGE_LOOP('',(#5996,#5997,#5998,#5999));
#960=EDGE_LOOP('',(#6000,#6001,#6002,#6003));
#961=EDGE_LOOP('',(#6004,#6005,#6006,#6007));
#962=EDGE_LOOP('',(#6008,#6009,#6010,#6011));
#963=EDGE_LOOP('',(#6012,#6013,#6014,#6015));
#964=EDGE_LOOP('',(#6016,#6017,#6018,#6019));
#965=EDGE_LOOP('',(#6020,#6021,#6022,#6023));
#966=EDGE_LOOP('',(#6024,#6025,#6026,#6027));
#967=EDGE_LOOP('',(#6028,#6029,#6030,#6031));
#968=EDGE_LOOP('',(#6032,#6033,#6034,#6035));
#969=EDGE_LOOP('',(#6036,#6037,#6038,#6039));
#970=EDGE_LOOP('',(#6040,#6041,#6042,#6043));
#971=EDGE_LOOP('',(#6044,#6045,#6046,#6047));
#972=EDGE_LOOP('',(#6048,#6049,#6050,#6051));
#973=EDGE_LOOP('',(#6052,#6053,#6054,#6055));
#974=EDGE_LOOP('',(#6056,#6057,#6058,#6059));
#975=EDGE_LOOP('',(#6060,#6061,#6062,#6063));
#976=EDGE_LOOP('',(#6064,#6065,#6066,#6067));
#977=EDGE_LOOP('',(#6068,#6069,#6070,#6071));
#978=EDGE_LOOP('',(#6072,#6073,#6074,#6075));
#979=EDGE_LOOP('',(#6076,#6077,#6078,#6079));
#980=EDGE_LOOP('',(#6080,#6081,#6082,#6083));
#981=EDGE_LOOP('',(#6084,#6085,#6086,#6087));
#982=EDGE_LOOP('',(#6088,#6089,#6090,#6091));
#983=EDGE_LOOP('',(#6092,#6093,#6094,#6095));
#984=EDGE_LOOP('',(#6096,#6097,#6098,#6099));
#985=EDGE_LOOP('',(#6100,#6101,#6102,#6103));
#986=EDGE_LOOP('',(#6104,#6105,#6106,#6107));
#987=EDGE_LOOP('',(#6108,#6109,#6110,#6111,#6112,#6113,#6114,#6115));
#988=EDGE_LOOP('',(#6116,#6117,#6118,#6119));
#989=EDGE_LOOP('',(#6120,#6121,#6122,#6123));
#990=EDGE_LOOP('',(#6124,#6125,#6126,#6127));
#991=EDGE_LOOP('',(#6128,#6129,#6130,#6131,#6132,#6133,#6134,#6135));
#992=EDGE_LOOP('',(#6136,#6137,#6138,#6139));
#993=EDGE_LOOP('',(#6140,#6141,#6142,#6143));
#994=EDGE_LOOP('',(#6144,#6145,#6146,#6147));
#995=EDGE_LOOP('',(#6148,#6149,#6150,#6151,#6152,#6153,#6154,#6155,#6156,
#6157,#6158,#6159));
#996=EDGE_LOOP('',(#6160,#6161,#6162,#6163));
#997=EDGE_LOOP('',(#6164,#6165,#6166,#6167,#6168,#6169,#6170,#6171));
#998=EDGE_LOOP('',(#6172,#6173,#6174,#6175));
#999=EDGE_LOOP('',(#6176,#6177,#6178,#6179,#6180,#6181,#6182,#6183));
#1000=EDGE_LOOP('',(#6184,#6185,#6186,#6187));
#1001=EDGE_LOOP('',(#6188,#6189,#6190,#6191,#6192,#6193,#6194,#6195));
#1002=EDGE_LOOP('',(#6196,#6197,#6198,#6199));
#1003=EDGE_LOOP('',(#6200,#6201,#6202,#6203,#6204,#6205,#6206,#6207,#6208,
#6209,#6210,#6211));
#1004=EDGE_LOOP('',(#6212,#6213,#6214,#6215));
#1005=EDGE_LOOP('',(#6216,#6217,#6218,#6219));
#1006=EDGE_LOOP('',(#6220,#6221,#6222,#6223));
#1007=EDGE_LOOP('',(#6224,#6225,#6226,#6227,#6228,#6229,#6230,#6231));
#1008=EDGE_LOOP('',(#6232,#6233,#6234,#6235));
#1009=EDGE_LOOP('',(#6236,#6237,#6238,#6239));
#1010=EDGE_LOOP('',(#6240,#6241,#6242,#6243));
#1011=EDGE_LOOP('',(#6244,#6245,#6246,#6247,#6248,#6249,#6250,#6251));
#1012=EDGE_LOOP('',(#6252,#6253,#6254,#6255));
#1013=EDGE_LOOP('',(#6256,#6257,#6258,#6259));
#1014=EDGE_LOOP('',(#6260,#6261,#6262,#6263));
#1015=EDGE_LOOP('',(#6264,#6265,#6266,#6267,#6268,#6269,#6270,#6271));
#1016=EDGE_LOOP('',(#6272,#6273,#6274,#6275));
#1017=EDGE_LOOP('',(#6276,#6277,#6278,#6279,#6280,#6281));
#1018=EDGE_LOOP('',(#6282,#6283,#6284,#6285));
#1019=EDGE_LOOP('',(#6286,#6287,#6288,#6289));
#1020=EDGE_LOOP('',(#6290,#6291,#6292,#6293,#6294));
#1021=EDGE_LOOP('',(#6295,#6296,#6297,#6298));
#1022=EDGE_LOOP('',(#6299,#6300,#6301,#6302));
#1023=EDGE_LOOP('',(#6303,#6304,#6305,#6306));
#1024=EDGE_LOOP('',(#6307,#6308,#6309,#6310,#6311,#6312));
#1025=EDGE_LOOP('',(#6313,#6314));
#1026=EDGE_LOOP('',(#6315,#6316));
#1027=EDGE_LOOP('',(#6317,#6318,#6319,#6320));
#1028=EDGE_LOOP('',(#6321,#6322,#6323,#6324));
#1029=EDGE_LOOP('',(#6325,#6326,#6327,#6328));
#1030=EDGE_LOOP('',(#6329,#6330,#6331,#6332));
#1031=EDGE_LOOP('',(#6333,#6334,#6335,#6336,#6337));
#1032=EDGE_LOOP('',(#6338,#6339,#6340,#6341));
#1033=EDGE_LOOP('',(#6342,#6343,#6344,#6345,#6346,#6347,#6348,#6349));
#1034=EDGE_LOOP('',(#6350,#6351,#6352,#6353,#6354));
#1035=EDGE_LOOP('',(#6355,#6356,#6357,#6358,#6359,#6360,#6361,#6362));
#1036=EDGE_LOOP('',(#6363,#6364,#6365,#6366));
#1037=EDGE_LOOP('',(#6367,#6368,#6369,#6370));
#1038=EDGE_LOOP('',(#6371,#6372,#6373,#6374,#6375));
#1039=EDGE_LOOP('',(#6376,#6377,#6378,#6379,#6380));
#1040=EDGE_LOOP('',(#6381,#6382,#6383,#6384));
#1041=EDGE_LOOP('',(#6385,#6386,#6387,#6388,#6389));
#1042=EDGE_LOOP('',(#6390,#6391,#6392,#6393));
#1043=EDGE_LOOP('',(#6394,#6395,#6396,#6397));
#1044=EDGE_LOOP('',(#6398,#6399,#6400,#6401,#6402,#6403,#6404,#6405));
#1045=EDGE_LOOP('',(#6406,#6407,#6408,#6409));
#1046=EDGE_LOOP('',(#6410,#6411,#6412,#6413));
#1047=EDGE_LOOP('',(#6414,#6415,#6416));
#1048=EDGE_LOOP('',(#6417,#6418,#6419,#6420));
#1049=EDGE_LOOP('',(#6421,#6422,#6423,#6424));
#1050=EDGE_LOOP('',(#6425,#6426,#6427,#6428,#6429,#6430,#6431));
#1051=EDGE_LOOP('',(#6432,#6433,#6434,#6435));
#1052=EDGE_LOOP('',(#6436,#6437,#6438,#6439,#6440));
#1053=EDGE_LOOP('',(#6441,#6442,#6443,#6444));
#1054=EDGE_LOOP('',(#6445,#6446,#6447,#6448));
#1055=EDGE_LOOP('',(#6449,#6450,#6451,#6452,#6453));
#1056=EDGE_LOOP('',(#6454,#6455,#6456,#6457,#6458,#6459,#6460));
#1057=EDGE_LOOP('',(#6461,#6462,#6463));
#1058=EDGE_LOOP('',(#6464,#6465,#6466,#6467,#6468,#6469,#6470,#6471,#6472,
#6473,#6474,#6475,#6476,#6477,#6478));
#1059=EDGE_LOOP('',(#6479,#6480,#6481,#6482));
#1060=EDGE_LOOP('',(#6483,#6484,#6485,#6486));
#1061=EDGE_LOOP('',(#6487,#6488,#6489,#6490));
#1062=EDGE_LOOP('',(#6491,#6492,#6493,#6494,#6495,#6496,#6497,#6498,#6499,
#6500,#6501,#6502,#6503,#6504,#6505));
#1063=EDGE_LOOP('',(#6506,#6507,#6508));
#1064=EDGE_LOOP('',(#6509,#6510,#6511,#6512,#6513,#6514,#6515));
#1065=EDGE_LOOP('',(#6516,#6517,#6518,#6519,#6520));
#1066=EDGE_LOOP('',(#6521,#6522,#6523,#6524));
#1067=EDGE_LOOP('',(#6525,#6526,#6527,#6528));
#1068=EDGE_LOOP('',(#6529,#6530,#6531,#6532,#6533));
#1069=EDGE_LOOP('',(#6534,#6535,#6536,#6537));
#1070=EDGE_LOOP('',(#6538,#6539,#6540,#6541));
#1071=EDGE_LOOP('',(#6542,#6543,#6544,#6545));
#1072=EDGE_LOOP('',(#6546,#6547,#6548,#6549,#6550,#6551));
#1073=EDGE_LOOP('',(#6552,#6553,#6554,#6555));
#1074=EDGE_LOOP('',(#6556,#6557,#6558,#6559));
#1075=EDGE_LOOP('',(#6560,#6561,#6562,#6563,#6564));
#1076=EDGE_LOOP('',(#6565,#6566,#6567,#6568,#6569));
#1077=EDGE_LOOP('',(#6570,#6571,#6572,#6573,#6574,#6575,#6576,#6577));
#1078=EDGE_LOOP('',(#6578,#6579,#6580,#6581,#6582,#6583,#6584,#6585));
#1079=EDGE_LOOP('',(#6586,#6587,#6588,#6589));
#1080=EDGE_LOOP('',(#6590,#6591,#6592,#6593,#6594,#6595));
#1081=EDGE_LOOP('',(#6596,#6597,#6598,#6599,#6600,#6601,#6602,#6603,#6604,
#6605,#6606,#6607,#6608,#6609,#6610,#6611,#6612,#6613,#6614,#6615,#6616,
#6617,#6618,#6619,#6620,#6621,#6622,#6623));
#1082=EDGE_LOOP('',(#6624,#6625,#6626,#6627,#6628,#6629,#6630,#6631,#6632,
#6633,#6634,#6635,#6636,#6637,#6638,#6639));
#1083=EDGE_LOOP('',(#6640,#6641,#6642,#6643,#6644,#6645,#6646,#6647,#6648,
#6649,#6650,#6651,#6652,#6653,#6654,#6655));
#1084=EDGE_LOOP('',(#6656,#6657,#6658,#6659));
#1085=EDGE_LOOP('',(#6660,#6661,#6662,#6663));
#1086=EDGE_LOOP('',(#6664,#6665,#6666,#6667));
#1087=EDGE_LOOP('',(#6668,#6669,#6670,#6671));
#1088=EDGE_LOOP('',(#6672,#6673,#6674,#6675));
#1089=EDGE_LOOP('',(#6676,#6677,#6678,#6679));
#1090=EDGE_LOOP('',(#6680,#6681,#6682,#6683));
#1091=EDGE_LOOP('',(#6684,#6685,#6686,#6687));
#1092=EDGE_LOOP('',(#6688,#6689,#6690,#6691));
#1093=EDGE_LOOP('',(#6692,#6693,#6694,#6695));
#1094=EDGE_LOOP('',(#6696,#6697,#6698,#6699));
#1095=EDGE_LOOP('',(#6700,#6701,#6702,#6703));
#1096=EDGE_LOOP('',(#6704,#6705,#6706,#6707));
#1097=EDGE_LOOP('',(#6708,#6709,#6710,#6711));
#1098=EDGE_LOOP('',(#6712,#6713,#6714,#6715));
#1099=EDGE_LOOP('',(#6716,#6717,#6718,#6719));
#1100=EDGE_LOOP('',(#6720,#6721,#6722,#6723));
#1101=EDGE_LOOP('',(#6724,#6725,#6726,#6727));
#1102=EDGE_LOOP('',(#6728,#6729,#6730,#6731));
#1103=EDGE_LOOP('',(#6732,#6733,#6734,#6735));
#1104=EDGE_LOOP('',(#6736,#6737,#6738,#6739));
#1105=EDGE_LOOP('',(#6740,#6741,#6742,#6743));
#1106=EDGE_LOOP('',(#6744,#6745,#6746,#6747));
#1107=EDGE_LOOP('',(#6748,#6749,#6750,#6751));
#1108=EDGE_LOOP('',(#6752,#6753,#6754,#6755));
#1109=EDGE_LOOP('',(#6756,#6757,#6758,#6759,#6760,#6761));
#1110=EDGE_LOOP('',(#6762,#6763,#6764,#6765,#6766,#6767,#6768,#6769,#6770,
#6771,#6772,#6773,#6774,#6775,#6776,#6777,#6778));
#1111=EDGE_LOOP('',(#6779,#6780,#6781,#6782,#6783,#6784,#6785,#6786));
#1112=EDGE_LOOP('',(#6787,#6788,#6789,#6790));
#1113=EDGE_LOOP('',(#6791,#6792,#6793,#6794));
#1114=EDGE_LOOP('',(#6795,#6796,#6797,#6798));
#1115=EDGE_LOOP('',(#6799,#6800,#6801));
#1116=EDGE_LOOP('',(#6802,#6803,#6804,#6805));
#1117=EDGE_LOOP('',(#6806,#6807,#6808));
#1118=EDGE_LOOP('',(#6809,#6810,#6811,#6812,#6813,#6814,#6815,#6816,#6817,
#6818,#6819,#6820,#6821,#6822,#6823,#6824,#6825,#6826,#6827,#6828,#6829,
#6830,#6831,#6832));
#1119=EDGE_LOOP('',(#6833,#6834));
#1120=EDGE_LOOP('',(#6835,#6836,#6837,#6838));
#1121=EDGE_LOOP('',(#6839,#6840));
#1122=EDGE_LOOP('',(#6841,#6842,#6843,#6844,#6845,#6846,#6847));
#1123=EDGE_LOOP('',(#6848,#6849,#6850,#6851,#6852));
#1124=EDGE_LOOP('',(#6853,#6854,#6855,#6856));
#1125=EDGE_LOOP('',(#6857,#6858,#6859,#6860));
#1126=EDGE_LOOP('',(#6861,#6862,#6863,#6864));
#1127=EDGE_LOOP('',(#6865,#6866,#6867,#6868));
#1128=EDGE_LOOP('',(#6869,#6870,#6871,#6872,#6873));
#1129=EDGE_LOOP('',(#6874,#6875,#6876,#6877));
#1130=EDGE_LOOP('',(#6878,#6879,#6880,#6881));
#1131=EDGE_LOOP('',(#6882,#6883,#6884,#6885));
#1132=EDGE_LOOP('',(#6886,#6887,#6888,#6889,#6890,#6891));
#1133=EDGE_LOOP('',(#6892,#6893,#6894,#6895,#6896,#6897,#6898,#6899,#6900,
#6901,#6902,#6903,#6904,#6905));
#1134=EDGE_LOOP('',(#6906,#6907,#6908,#6909));
#1135=EDGE_LOOP('',(#6910,#6911,#6912,#6913));
#1136=EDGE_LOOP('',(#6914,#6915,#6916,#6917));
#1137=EDGE_LOOP('',(#6918,#6919,#6920,#6921));
#1138=EDGE_LOOP('',(#6922,#6923,#6924,#6925));
#1139=EDGE_LOOP('',(#6926,#6927,#6928,#6929));
#1140=EDGE_LOOP('',(#6930,#6931,#6932,#6933));
#1141=EDGE_LOOP('',(#6934,#6935,#6936,#6937));
#1142=EDGE_LOOP('',(#6938,#6939,#6940,#6941));
#1143=EDGE_LOOP('',(#6942,#6943,#6944,#6945,#6946,#6947,#6948,#6949));
#1144=LINE('',#10287,#2062);
#1145=LINE('',#10289,#2063);
#1146=LINE('',#10291,#2064);
#1147=LINE('',#10292,#2065);
#1148=LINE('',#10296,#2066);
#1149=LINE('',#10298,#2067);
#1150=LINE('',#10300,#2068);
#1151=LINE('',#10302,#2069);
#1152=LINE('',#10304,#2070);
#1153=LINE('',#10306,#2071);
#1154=LINE('',#10308,#2072);
#1155=LINE('',#10312,#2073);
#1156=LINE('',#10316,#2074);
#1157=LINE('',#10318,#2075);
#1158=LINE('',#10323,#2076);
#1159=LINE('',#10325,#2077);
#1160=LINE('',#10327,#2078);
#1161=LINE('',#10329,#2079);
#1162=LINE('',#10331,#2080);
#1163=LINE('',#10333,#2081);
#1164=LINE('',#10335,#2082);
#1165=LINE('',#10336,#2083);
#1166=LINE('',#10341,#2084);
#1167=LINE('',#10344,#2085);
#1168=LINE('',#10347,#2086);
#1169=LINE('',#10349,#2087);
#1170=LINE('',#10350,#2088);
#1171=LINE('',#10353,#2089);
#1172=LINE('',#10355,#2090);
#1173=LINE('',#10356,#2091);
#1174=LINE('',#10362,#2092);
#1175=LINE('',#10365,#2093);
#1176=LINE('',#10368,#2094);
#1177=LINE('',#10370,#2095);
#1178=LINE('',#10371,#2096);
#1179=LINE('',#10377,#2097);
#1180=LINE('',#10380,#2098);
#1181=LINE('',#10383,#2099);
#1182=LINE('',#10385,#2100);
#1183=LINE('',#10386,#2101);
#1184=LINE('',#10392,#2102);
#1185=LINE('',#10395,#2103);
#1186=LINE('',#10398,#2104);
#1187=LINE('',#10400,#2105);
#1188=LINE('',#10401,#2106);
#1189=LINE('',#10407,#2107);
#1190=LINE('',#10410,#2108);
#1191=LINE('',#10413,#2109);
#1192=LINE('',#10415,#2110);
#1193=LINE('',#10416,#2111);
#1194=LINE('',#10422,#2112);
#1195=LINE('',#10425,#2113);
#1196=LINE('',#10428,#2114);
#1197=LINE('',#10430,#2115);
#1198=LINE('',#10431,#2116);
#1199=LINE('',#10437,#2117);
#1200=LINE('',#10440,#2118);
#1201=LINE('',#10443,#2119);
#1202=LINE('',#10445,#2120);
#1203=LINE('',#10446,#2121);
#1204=LINE('',#10452,#2122);
#1205=LINE('',#10455,#2123);
#1206=LINE('',#10458,#2124);
#1207=LINE('',#10460,#2125);
#1208=LINE('',#10461,#2126);
#1209=LINE('',#10467,#2127);
#1210=LINE('',#10470,#2128);
#1211=LINE('',#10473,#2129);
#1212=LINE('',#10475,#2130);
#1213=LINE('',#10476,#2131);
#1214=LINE('',#10480,#2132);
#1215=LINE('',#10486,#2133);
#1216=LINE('',#10492,#2134);
#1217=LINE('',#10498,#2135);
#1218=LINE('',#10504,#2136);
#1219=LINE('',#10510,#2137);
#1220=LINE('',#10516,#2138);
#1221=LINE('',#10522,#2139);
#1222=LINE('',#10528,#2140);
#1223=LINE('',#10530,#2141);
#1224=LINE('',#10532,#2142);
#1225=LINE('',#10533,#2143);
#1226=LINE('',#10537,#2144);
#1227=LINE('',#10539,#2145);
#1228=LINE('',#10541,#2146);
#1229=LINE('',#10542,#2147);
#1230=LINE('',#10545,#2148);
#1231=LINE('',#10546,#2149);
#1232=LINE('',#10547,#2150);
#1233=LINE('',#10550,#2151);
#1234=LINE('',#10551,#2152);
#1235=LINE('',#10553,#2153);
#1236=LINE('',#10554,#2154);
#1237=LINE('',#10558,#2155);
#1238=LINE('',#10560,#2156);
#1239=LINE('',#10562,#2157);
#1240=LINE('',#10563,#2158);
#1241=LINE('',#10566,#2159);
#1242=LINE('',#10567,#2160);
#1243=LINE('',#10568,#2161);
#1244=LINE('',#10571,#2162);
#1245=LINE('',#10572,#2163);
#1246=LINE('',#10574,#2164);
#1247=LINE('',#10575,#2165);
#1248=LINE('',#10579,#2166);
#1249=LINE('',#10581,#2167);
#1250=LINE('',#10583,#2168);
#1251=LINE('',#10584,#2169);
#1252=LINE('',#10587,#2170);
#1253=LINE('',#10588,#2171);
#1254=LINE('',#10589,#2172);
#1255=LINE('',#10592,#2173);
#1256=LINE('',#10593,#2174);
#1257=LINE('',#10595,#2175);
#1258=LINE('',#10596,#2176);
#1259=LINE('',#10600,#2177);
#1260=LINE('',#10602,#2178);
#1261=LINE('',#10604,#2179);
#1262=LINE('',#10605,#2180);
#1263=LINE('',#10608,#2181);
#1264=LINE('',#10609,#2182);
#1265=LINE('',#10610,#2183);
#1266=LINE('',#10613,#2184);
#1267=LINE('',#10614,#2185);
#1268=LINE('',#10616,#2186);
#1269=LINE('',#10617,#2187);
#1270=LINE('',#10621,#2188);
#1271=LINE('',#10623,#2189);
#1272=LINE('',#10625,#2190);
#1273=LINE('',#10626,#2191);
#1274=LINE('',#10629,#2192);
#1275=LINE('',#10630,#2193);
#1276=LINE('',#10631,#2194);
#1277=LINE('',#10634,#2195);
#1278=LINE('',#10635,#2196);
#1279=LINE('',#10637,#2197);
#1280=LINE('',#10638,#2198);
#1281=LINE('',#10642,#2199);
#1282=LINE('',#10644,#2200);
#1283=LINE('',#10646,#2201);
#1284=LINE('',#10647,#2202);
#1285=LINE('',#10650,#2203);
#1286=LINE('',#10651,#2204);
#1287=LINE('',#10652,#2205);
#1288=LINE('',#10655,#2206);
#1289=LINE('',#10656,#2207);
#1290=LINE('',#10658,#2208);
#1291=LINE('',#10659,#2209);
#1292=LINE('',#10663,#2210);
#1293=LINE('',#10665,#2211);
#1294=LINE('',#10667,#2212);
#1295=LINE('',#10668,#2213);
#1296=LINE('',#10671,#2214);
#1297=LINE('',#10672,#2215);
#1298=LINE('',#10673,#2216);
#1299=LINE('',#10676,#2217);
#1300=LINE('',#10677,#2218);
#1301=LINE('',#10679,#2219);
#1302=LINE('',#10680,#2220);
#1303=LINE('',#10684,#2221);
#1304=LINE('',#10686,#2222);
#1305=LINE('',#10688,#2223);
#1306=LINE('',#10689,#2224);
#1307=LINE('',#10692,#2225);
#1308=LINE('',#10693,#2226);
#1309=LINE('',#10694,#2227);
#1310=LINE('',#10697,#2228);
#1311=LINE('',#10698,#2229);
#1312=LINE('',#10700,#2230);
#1313=LINE('',#10701,#2231);
#1314=LINE('',#10705,#2232);
#1315=LINE('',#10707,#2233);
#1316=LINE('',#10709,#2234);
#1317=LINE('',#10710,#2235);
#1318=LINE('',#10713,#2236);
#1319=LINE('',#10715,#2237);
#1320=LINE('',#10716,#2238);
#1321=LINE('',#10720,#2239);
#1322=LINE('',#10722,#2240);
#1323=LINE('',#10724,#2241);
#1324=LINE('',#10725,#2242);
#1325=LINE('',#10728,#2243);
#1326=LINE('',#10730,#2244);
#1327=LINE('',#10731,#2245);
#1328=LINE('',#10735,#2246);
#1329=LINE('',#10737,#2247);
#1330=LINE('',#10739,#2248);
#1331=LINE('',#10740,#2249);
#1332=LINE('',#10744,#2250);
#1333=LINE('',#10746,#2251);
#1334=LINE('',#10748,#2252);
#1335=LINE('',#10749,#2253);
#1336=LINE('',#10753,#2254);
#1337=LINE('',#10754,#2255);
#1338=LINE('',#10755,#2256);
#1339=LINE('',#10758,#2257);
#1340=LINE('',#10759,#2258);
#1341=LINE('',#10762,#2259);
#1342=LINE('',#10763,#2260);
#1343=LINE('',#10765,#2261);
#1344=LINE('',#10766,#2262);
#1345=LINE('',#10769,#2263);
#1346=LINE('',#10770,#2264);
#1347=LINE('',#10774,#2265);
#1348=LINE('',#10775,#2266);
#1349=LINE('',#10776,#2267);
#1350=LINE('',#10779,#2268);
#1351=LINE('',#10780,#2269);
#1352=LINE('',#10782,#2270);
#1353=LINE('',#10783,#2271);
#1354=LINE('',#10786,#2272);
#1355=LINE('',#10787,#2273);
#1356=LINE('',#10790,#2274);
#1357=LINE('',#10791,#2275);
#1358=LINE('',#10795,#2276);
#1359=LINE('',#10797,#2277);
#1360=LINE('',#10800,#2278);
#1361=LINE('',#10804,#2279);
#1362=LINE('',#10806,#2280);
#1363=LINE('',#10809,#2281);
#1364=LINE('',#10813,#2282);
#1365=LINE('',#10815,#2283);
#1366=LINE('',#10818,#2284);
#1367=LINE('',#10822,#2285);
#1368=LINE('',#10824,#2286);
#1369=LINE('',#10827,#2287);
#1370=LINE('',#10833,#2288);
#1371=LINE('',#10836,#2289);
#1372=LINE('',#10839,#2290);
#1373=LINE('',#10841,#2291);
#1374=LINE('',#10842,#2292);
#1375=LINE('',#10845,#2293);
#1376=LINE('',#10847,#2294);
#1377=LINE('',#10848,#2295);
#1378=LINE('',#10851,#2296);
#1379=LINE('',#10853,#2297);
#1380=LINE('',#10854,#2298);
#1381=LINE('',#10860,#2299);
#1382=LINE('',#10863,#2300);
#1383=LINE('',#10865,#2301);
#1384=LINE('',#10866,#2302);
#1385=LINE('',#10870,#2303);
#1386=LINE('',#10872,#2304);
#1387=LINE('',#10874,#2305);
#1388=LINE('',#10875,#2306);
#1389=LINE('',#10878,#2307);
#1390=LINE('',#10880,#2308);
#1391=LINE('',#10881,#2309);
#1392=LINE('',#10884,#2310);
#1393=LINE('',#10886,#2311);
#1394=LINE('',#10887,#2312);
#1395=LINE('',#10890,#2313);
#1396=LINE('',#10891,#2314);
#1397=LINE('',#10894,#2315);
#1398=LINE('',#10896,#2316);
#1399=LINE('',#10897,#2317);
#1400=LINE('',#10900,#2318);
#1401=LINE('',#10901,#2319);
#1402=LINE('',#10905,#2320);
#1403=LINE('',#10907,#2321);
#1404=LINE('',#10909,#2322);
#1405=LINE('',#10910,#2323);
#1406=LINE('',#10912,#2324);
#1407=LINE('',#10913,#2325);
#1408=LINE('',#10914,#2326);
#1409=LINE('',#10916,#2327);
#1410=LINE('',#10917,#2328);
#1411=LINE('',#10918,#2329);
#1412=LINE('',#10921,#2330);
#1413=LINE('',#10922,#2331);
#1414=LINE('',#10928,#2332);
#1415=LINE('',#10931,#2333);
#1416=LINE('',#10934,#2334);
#1417=LINE('',#10936,#2335);
#1418=LINE('',#10937,#2336);
#1419=LINE('',#10940,#2337);
#1420=LINE('',#10942,#2338);
#1421=LINE('',#10943,#2339);
#1422=LINE('',#10946,#2340);
#1423=LINE('',#10948,#2341);
#1424=LINE('',#10949,#2342);
#1425=LINE('',#10955,#2343);
#1426=LINE('',#10959,#2344);
#1427=LINE('',#10963,#2345);
#1428=LINE('',#10965,#2346);
#1429=LINE('',#10968,#2347);
#1430=LINE('',#10972,#2348);
#1431=LINE('',#10976,#2349);
#1432=LINE('',#10978,#2350);
#1433=LINE('',#10981,#2351);
#1434=LINE('',#10984,#2352);
#1435=LINE('',#10986,#2353);
#1436=LINE('',#10987,#2354);
#1437=LINE('',#10990,#2355);
#1438=LINE('',#10991,#2356);
#1439=LINE('',#10994,#2357);
#1440=LINE('',#10995,#2358);
#1441=LINE('',#10998,#2359);
#1442=LINE('',#10999,#2360);
#1443=LINE('',#11002,#2361);
#1444=LINE('',#11003,#2362);
#1445=LINE('',#11006,#2363);
#1446=LINE('',#11007,#2364);
#1447=LINE('',#11010,#2365);
#1448=LINE('',#11012,#2366);
#1449=LINE('',#11013,#2367);
#1450=LINE('',#11016,#2368);
#1451=LINE('',#11017,#2369);
#1452=LINE('',#11020,#2370);
#1453=LINE('',#11021,#2371);
#1454=LINE('',#11024,#2372);
#1455=LINE('',#11025,#2373);
#1456=LINE('',#11027,#2374);
#1457=LINE('',#11031,#2375);
#1458=LINE('',#11033,#2376);
#1459=LINE('',#11035,#2377);
#1460=LINE('',#11036,#2378);
#1461=LINE('',#11040,#2379);
#1462=LINE('',#11042,#2380);
#1463=LINE('',#11044,#2381);
#1464=LINE('',#11045,#2382);
#1465=LINE('',#11049,#2383);
#1466=LINE('',#11051,#2384);
#1467=LINE('',#11053,#2385);
#1468=LINE('',#11054,#2386);
#1469=LINE('',#11058,#2387);
#1470=LINE('',#11060,#2388);
#1471=LINE('',#11062,#2389);
#1472=LINE('',#11063,#2390);
#1473=LINE('',#11067,#2391);
#1474=LINE('',#11069,#2392);
#1475=LINE('',#11071,#2393);
#1476=LINE('',#11072,#2394);
#1477=LINE('',#11076,#2395);
#1478=LINE('',#11078,#2396);
#1479=LINE('',#11080,#2397);
#1480=LINE('',#11081,#2398);
#1481=LINE('',#11085,#2399);
#1482=LINE('',#11087,#2400);
#1483=LINE('',#11089,#2401);
#1484=LINE('',#11090,#2402);
#1485=LINE('',#11094,#2403);
#1486=LINE('',#11096,#2404);
#1487=LINE('',#11098,#2405);
#1488=LINE('',#11099,#2406);
#1489=LINE('',#11103,#2407);
#1490=LINE('',#11105,#2408);
#1491=LINE('',#11107,#2409);
#1492=LINE('',#11108,#2410);
#1493=LINE('',#11112,#2411);
#1494=LINE('',#11114,#2412);
#1495=LINE('',#11116,#2413);
#1496=LINE('',#11117,#2414);
#1497=LINE('',#11121,#2415);
#1498=LINE('',#11123,#2416);
#1499=LINE('',#11125,#2417);
#1500=LINE('',#11126,#2418);
#1501=LINE('',#11130,#2419);
#1502=LINE('',#11132,#2420);
#1503=LINE('',#11134,#2421);
#1504=LINE('',#11135,#2422);
#1505=LINE('',#11139,#2423);
#1506=LINE('',#11141,#2424);
#1507=LINE('',#11143,#2425);
#1508=LINE('',#11144,#2426);
#1509=LINE('',#11148,#2427);
#1510=LINE('',#11150,#2428);
#1511=LINE('',#11152,#2429);
#1512=LINE('',#11153,#2430);
#1513=LINE('',#11157,#2431);
#1514=LINE('',#11159,#2432);
#1515=LINE('',#11161,#2433);
#1516=LINE('',#11162,#2434);
#1517=LINE('',#11166,#2435);
#1518=LINE('',#11168,#2436);
#1519=LINE('',#11170,#2437);
#1520=LINE('',#11171,#2438);
#1521=LINE('',#11175,#2439);
#1522=LINE('',#11177,#2440);
#1523=LINE('',#11179,#2441);
#1524=LINE('',#11180,#2442);
#1525=LINE('',#11184,#2443);
#1526=LINE('',#11186,#2444);
#1527=LINE('',#11188,#2445);
#1528=LINE('',#11189,#2446);
#1529=LINE('',#11192,#2447);
#1530=LINE('',#11194,#2448);
#1531=LINE('',#11195,#2449);
#1532=LINE('',#11198,#2450);
#1533=LINE('',#11200,#2451);
#1534=LINE('',#11201,#2452);
#1535=LINE('',#11207,#2453);
#1536=LINE('',#11211,#2454);
#1537=LINE('',#11213,#2455);
#1538=LINE('',#11214,#2456);
#1539=LINE('',#11282,#2457);
#1540=LINE('',#11286,#2458);
#1541=LINE('',#11352,#2459);
#1542=LINE('',#11355,#2460);
#1543=LINE('',#11356,#2461);
#1544=LINE('',#11361,#2462);
#1545=LINE('',#11366,#2463);
#1546=LINE('',#11369,#2464);
#1547=LINE('',#11373,#2465);
#1548=LINE('',#11375,#2466);
#1549=LINE('',#11379,#2467);
#1550=LINE('',#11381,#2468);
#1551=LINE('',#11382,#2469);
#1552=LINE('',#11385,#2470);
#1553=LINE('',#11387,#2471);
#1554=LINE('',#11388,#2472);
#1555=LINE('',#11456,#2473);
#1556=LINE('',#11460,#2474);
#1557=LINE('',#11530,#2475);
#1558=LINE('',#11533,#2476);
#1559=LINE('',#11534,#2477);
#1560=LINE('',#11538,#2478);
#1561=LINE('',#11549,#2479);
#1562=LINE('',#11551,#2480);
#1563=LINE('',#11556,#2481);
#1564=LINE('',#11559,#2482);
#1565=LINE('',#11562,#2483);
#1566=LINE('',#11564,#2484);
#1567=LINE('',#11565,#2485);
#1568=LINE('',#11568,#2486);
#1569=LINE('',#11570,#2487);
#1570=LINE('',#11571,#2488);
#1571=LINE('',#11639,#2489);
#1572=LINE('',#11643,#2490);
#1573=LINE('',#11709,#2491);
#1574=LINE('',#11712,#2492);
#1575=LINE('',#11713,#2493);
#1576=LINE('',#11718,#2494);
#1577=LINE('',#11722,#2495);
#1578=LINE('',#11724,#2496);
#1579=LINE('',#11725,#2497);
#1580=LINE('',#11731,#2498);
#1581=LINE('',#11735,#2499);
#1582=LINE('',#11737,#2500);
#1583=LINE('',#11738,#2501);
#1584=LINE('',#11806,#2502);
#1585=LINE('',#11873,#2503);
#1586=LINE('',#11876,#2504);
#1587=LINE('',#11879,#2505);
#1588=LINE('',#11880,#2506);
#1589=LINE('',#11885,#2507);
#1590=LINE('',#11890,#2508);
#1591=LINE('',#11900,#2509);
#1592=LINE('',#11901,#2510);
#1593=LINE('',#11905,#2511);
#1594=LINE('',#11907,#2512);
#1595=LINE('',#11909,#2513);
#1596=LINE('',#11910,#2514);
#1597=LINE('',#11915,#2515);
#1598=LINE('',#11919,#2516);
#1599=LINE('',#11921,#2517);
#1600=LINE('',#11922,#2518);
#1601=LINE('',#11926,#2519);
#1602=LINE('',#11928,#2520);
#1603=LINE('',#11930,#2521);
#1604=LINE('',#11931,#2522);
#1605=LINE('',#11935,#2523);
#1606=LINE('',#11937,#2524);
#1607=LINE('',#11939,#2525);
#1608=LINE('',#11940,#2526);
#1609=LINE('',#11944,#2527);
#1610=LINE('',#11945,#2528);
#1611=LINE('',#11946,#2529);
#1612=LINE('',#11951,#2530);
#1613=LINE('',#11952,#2531);
#1614=LINE('',#11955,#2532);
#1615=LINE('',#11956,#2533);
#1616=LINE('',#11960,#2534);
#1617=LINE('',#11963,#2535);
#1618=LINE('',#11965,#2536);
#1619=LINE('',#11966,#2537);
#1620=LINE('',#11969,#2538);
#1621=LINE('',#11970,#2539);
#1622=LINE('',#11973,#2540);
#1623=LINE('',#11974,#2541);
#1624=LINE('',#11977,#2542);
#1625=LINE('',#11978,#2543);
#1626=LINE('',#11981,#2544);
#1627=LINE('',#11982,#2545);
#1628=LINE('',#11985,#2546);
#1629=LINE('',#11987,#2547);
#1630=LINE('',#11991,#2548);
#1631=LINE('',#11994,#2549);
#1632=LINE('',#11997,#2550);
#1633=LINE('',#11998,#2551);
#1634=LINE('',#12001,#2552);
#1635=LINE('',#12002,#2553);
#1636=LINE('',#12005,#2554);
#1637=LINE('',#12006,#2555);
#1638=LINE('',#12009,#2556);
#1639=LINE('',#12010,#2557);
#1640=LINE('',#12013,#2558);
#1641=LINE('',#12014,#2559);
#1642=LINE('',#12017,#2560);
#1643=LINE('',#12019,#2561);
#1644=LINE('',#12020,#2562);
#1645=LINE('',#12025,#2563);
#1646=LINE('',#12026,#2564);
#1647=LINE('',#12029,#2565);
#1648=LINE('',#12030,#2566);
#1649=LINE('',#12034,#2567);
#1650=LINE('',#12037,#2568);
#1651=LINE('',#12039,#2569);
#1652=LINE('',#12041,#2570);
#1653=LINE('',#12043,#2571);
#1654=LINE('',#12045,#2572);
#1655=LINE('',#12047,#2573);
#1656=LINE('',#12049,#2574);
#1657=LINE('',#12051,#2575);
#1658=LINE('',#12053,#2576);
#1659=LINE('',#12055,#2577);
#1660=LINE('',#12056,#2578);
#1661=LINE('',#12067,#2579);
#1662=LINE('',#12069,#2580);
#1663=LINE('',#12071,#2581);
#1664=LINE('',#12073,#2582);
#1665=LINE('',#12075,#2583);
#1666=LINE('',#12076,#2584);
#1667=LINE('',#12077,#2585);
#1668=LINE('',#12081,#2586);
#1669=LINE('',#12085,#2587);
#1670=LINE('',#12089,#2588);
#1671=LINE('',#12091,#2589);
#1672=LINE('',#12092,#2590);
#1673=LINE('',#12095,#2591);
#1674=LINE('',#12097,#2592);
#1675=LINE('',#12098,#2593);
#1676=LINE('',#12102,#2594);
#1677=LINE('',#12103,#2595);
#1678=LINE('',#12104,#2596);
#1679=LINE('',#12107,#2597);
#1680=LINE('',#12108,#2598);
#1681=LINE('',#12111,#2599);
#1682=LINE('',#12112,#2600);
#1683=LINE('',#12114,#2601);
#1684=LINE('',#12118,#2602);
#1685=LINE('',#12119,#2603);
#1686=LINE('',#12120,#2604);
#1687=LINE('',#12123,#2605);
#1688=LINE('',#12124,#2606);
#1689=LINE('',#12127,#2607);
#1690=LINE('',#12128,#2608);
#1691=LINE('',#12130,#2609);
#1692=LINE('',#12134,#2610);
#1693=LINE('',#12135,#2611);
#1694=LINE('',#12136,#2612);
#1695=LINE('',#12139,#2613);
#1696=LINE('',#12140,#2614);
#1697=LINE('',#12143,#2615);
#1698=LINE('',#12144,#2616);
#1699=LINE('',#12146,#2617);
#1700=LINE('',#12150,#2618);
#1701=LINE('',#12151,#2619);
#1702=LINE('',#12152,#2620);
#1703=LINE('',#12155,#2621);
#1704=LINE('',#12156,#2622);
#1705=LINE('',#12159,#2623);
#1706=LINE('',#12160,#2624);
#1707=LINE('',#12162,#2625);
#1708=LINE('',#12166,#2626);
#1709=LINE('',#12167,#2627);
#1710=LINE('',#12168,#2628);
#1711=LINE('',#12171,#2629);
#1712=LINE('',#12172,#2630);
#1713=LINE('',#12175,#2631);
#1714=LINE('',#12176,#2632);
#1715=LINE('',#12178,#2633);
#1716=LINE('',#12182,#2634);
#1717=LINE('',#12183,#2635);
#1718=LINE('',#12184,#2636);
#1719=LINE('',#12187,#2637);
#1720=LINE('',#12188,#2638);
#1721=LINE('',#12191,#2639);
#1722=LINE('',#12192,#2640);
#1723=LINE('',#12194,#2641);
#1724=LINE('',#12198,#2642);
#1725=LINE('',#12199,#2643);
#1726=LINE('',#12200,#2644);
#1727=LINE('',#12203,#2645);
#1728=LINE('',#12204,#2646);
#1729=LINE('',#12207,#2647);
#1730=LINE('',#12208,#2648);
#1731=LINE('',#12210,#2649);
#1732=LINE('',#12214,#2650);
#1733=LINE('',#12215,#2651);
#1734=LINE('',#12216,#2652);
#1735=LINE('',#12219,#2653);
#1736=LINE('',#12220,#2654);
#1737=LINE('',#12223,#2655);
#1738=LINE('',#12224,#2656);
#1739=LINE('',#12226,#2657);
#1740=LINE('',#12230,#2658);
#1741=LINE('',#12231,#2659);
#1742=LINE('',#12232,#2660);
#1743=LINE('',#12235,#2661);
#1744=LINE('',#12236,#2662);
#1745=LINE('',#12239,#2663);
#1746=LINE('',#12240,#2664);
#1747=LINE('',#12242,#2665);
#1748=LINE('',#12246,#2666);
#1749=LINE('',#12247,#2667);
#1750=LINE('',#12248,#2668);
#1751=LINE('',#12251,#2669);
#1752=LINE('',#12252,#2670);
#1753=LINE('',#12255,#2671);
#1754=LINE('',#12256,#2672);
#1755=LINE('',#12258,#2673);
#1756=LINE('',#12262,#2674);
#1757=LINE('',#12263,#2675);
#1758=LINE('',#12264,#2676);
#1759=LINE('',#12267,#2677);
#1760=LINE('',#12268,#2678);
#1761=LINE('',#12271,#2679);
#1762=LINE('',#12272,#2680);
#1763=LINE('',#12274,#2681);
#1764=LINE('',#12278,#2682);
#1765=LINE('',#12279,#2683);
#1766=LINE('',#12280,#2684);
#1767=LINE('',#12283,#2685);
#1768=LINE('',#12284,#2686);
#1769=LINE('',#12287,#2687);
#1770=LINE('',#12288,#2688);
#1771=LINE('',#12290,#2689);
#1772=LINE('',#12294,#2690);
#1773=LINE('',#12295,#2691);
#1774=LINE('',#12296,#2692);
#1775=LINE('',#12299,#2693);
#1776=LINE('',#12300,#2694);
#1777=LINE('',#12303,#2695);
#1778=LINE('',#12304,#2696);
#1779=LINE('',#12306,#2697);
#1780=LINE('',#12310,#2698);
#1781=LINE('',#12311,#2699);
#1782=LINE('',#12312,#2700);
#1783=LINE('',#12315,#2701);
#1784=LINE('',#12316,#2702);
#1785=LINE('',#12319,#2703);
#1786=LINE('',#12320,#2704);
#1787=LINE('',#12322,#2705);
#1788=LINE('',#12326,#2706);
#1789=LINE('',#12327,#2707);
#1790=LINE('',#12328,#2708);
#1791=LINE('',#12331,#2709);
#1792=LINE('',#12332,#2710);
#1793=LINE('',#12335,#2711);
#1794=LINE('',#12336,#2712);
#1795=LINE('',#12338,#2713);
#1796=LINE('',#12342,#2714);
#1797=LINE('',#12343,#2715);
#1798=LINE('',#12344,#2716);
#1799=LINE('',#12347,#2717);
#1800=LINE('',#12348,#2718);
#1801=LINE('',#12351,#2719);
#1802=LINE('',#12352,#2720);
#1803=LINE('',#12354,#2721);
#1804=LINE('',#12358,#2722);
#1805=LINE('',#12359,#2723);
#1806=LINE('',#12360,#2724);
#1807=LINE('',#12363,#2725);
#1808=LINE('',#12364,#2726);
#1809=LINE('',#12367,#2727);
#1810=LINE('',#12368,#2728);
#1811=LINE('',#12370,#2729);
#1812=LINE('',#12374,#2730);
#1813=LINE('',#12375,#2731);
#1814=LINE('',#12376,#2732);
#1815=LINE('',#12379,#2733);
#1816=LINE('',#12380,#2734);
#1817=LINE('',#12383,#2735);
#1818=LINE('',#12384,#2736);
#1819=LINE('',#12386,#2737);
#1820=LINE('',#12389,#2738);
#1821=LINE('',#12391,#2739);
#1822=LINE('',#12392,#2740);
#1823=LINE('',#12395,#2741);
#1824=LINE('',#12396,#2742);
#1825=LINE('',#12399,#2743);
#1826=LINE('',#12400,#2744);
#1827=LINE('',#12404,#2745);
#1828=LINE('',#12407,#2746);
#1829=LINE('',#12408,#2747);
#1830=LINE('',#12411,#2748);
#1831=LINE('',#12412,#2749);
#1832=LINE('',#12415,#2750);
#1833=LINE('',#12416,#2751);
#1834=LINE('',#12420,#2752);
#1835=LINE('',#12423,#2753);
#1836=LINE('',#12424,#2754);
#1837=LINE('',#12427,#2755);
#1838=LINE('',#12428,#2756);
#1839=LINE('',#12431,#2757);
#1840=LINE('',#12432,#2758);
#1841=LINE('',#12436,#2759);
#1842=LINE('',#12437,#2760);
#1843=LINE('',#12440,#2761);
#1844=LINE('',#12441,#2762);
#1845=LINE('',#12444,#2763);
#1846=LINE('',#12445,#2764);
#1847=LINE('',#12448,#2765);
#1848=LINE('',#12449,#2766);
#1849=LINE('',#12454,#2767);
#1850=LINE('',#12456,#2768);
#1851=LINE('',#12457,#2769);
#1852=LINE('',#12460,#2770);
#1853=LINE('',#12461,#2771);
#1854=LINE('',#12462,#2772);
#1855=LINE('',#12465,#2773);
#1856=LINE('',#12466,#2774);
#1857=LINE('',#12470,#2775);
#1858=LINE('',#12473,#2776);
#1859=LINE('',#12474,#2777);
#1860=LINE('',#12477,#2778);
#1861=LINE('',#12478,#2779);
#1862=LINE('',#12481,#2780);
#1863=LINE('',#12482,#2781);
#1864=LINE('',#12486,#2782);
#1865=LINE('',#12489,#2783);
#1866=LINE('',#12490,#2784);
#1867=LINE('',#12493,#2785);
#1868=LINE('',#12494,#2786);
#1869=LINE('',#12497,#2787);
#1870=LINE('',#12498,#2788);
#1871=LINE('',#12502,#2789);
#1872=LINE('',#12505,#2790);
#1873=LINE('',#12506,#2791);
#1874=LINE('',#12509,#2792);
#1875=LINE('',#12510,#2793);
#1876=LINE('',#12513,#2794);
#1877=LINE('',#12514,#2795);
#1878=LINE('',#12519,#2796);
#1879=LINE('',#12521,#2797);
#1880=LINE('',#12522,#2798);
#1881=LINE('',#12527,#2799);
#1882=LINE('',#12529,#2800);
#1883=LINE('',#12530,#2801);
#1884=LINE('',#12533,#2802);
#1885=LINE('',#12535,#2803);
#1886=LINE('',#12536,#2804);
#1887=LINE('',#12539,#2805);
#1888=LINE('',#12542,#2806);
#1889=LINE('',#12545,#2807);
#1890=LINE('',#12547,#2808);
#1891=LINE('',#12549,#2809);
#1892=LINE('',#12556,#2810);
#1893=LINE('',#12562,#2811);
#1894=LINE('',#12564,#2812);
#1895=LINE('',#12567,#2813);
#1896=LINE('',#12573,#2814);
#1897=LINE('',#12576,#2815);
#1898=LINE('',#12578,#2816);
#1899=LINE('',#12580,#2817);
#1900=LINE('',#12582,#2818);
#1901=LINE('',#12584,#2819);
#1902=LINE('',#12597,#2820);
#1903=LINE('',#12598,#2821);
#1904=LINE('',#12601,#2822);
#1905=LINE('',#12603,#2823);
#1906=LINE('',#12604,#2824);
#1907=LINE('',#12607,#2825);
#1908=LINE('',#12608,#2826);
#1909=LINE('',#12612,#2827);
#1910=LINE('',#12615,#2828);
#1911=LINE('',#12616,#2829);
#1912=LINE('',#12620,#2830);
#1913=LINE('',#12623,#2831);
#1914=LINE('',#12624,#2832);
#1915=LINE('',#12625,#2833);
#1916=LINE('',#12628,#2834);
#1917=LINE('',#12629,#2835);
#1918=LINE('',#12632,#2836);
#1919=LINE('',#12633,#2837);
#1920=LINE('',#12634,#2838);
#1921=LINE('',#12637,#2839);
#1922=LINE('',#12638,#2840);
#1923=LINE('',#12642,#2841);
#1924=LINE('',#12646,#2842);
#1925=LINE('',#12650,#2843);
#1926=LINE('',#12652,#2844);
#1927=LINE('',#12653,#2845);
#1928=LINE('',#12654,#2846);
#1929=LINE('',#12657,#2847);
#1930=LINE('',#12659,#2848);
#1931=LINE('',#12660,#2849);
#1932=LINE('',#12663,#2850);
#1933=LINE('',#12664,#2851);
#1934=LINE('',#12665,#2852);
#1935=LINE('',#12668,#2853);
#1936=LINE('',#12669,#2854);
#1937=LINE('',#12672,#2855);
#1938=LINE('',#12673,#2856);
#1939=LINE('',#12676,#2857);
#1940=LINE('',#12677,#2858);
#1941=LINE('',#12680,#2859);
#1942=LINE('',#12681,#2860);
#1943=LINE('',#12683,#2861);
#1944=LINE('',#12695,#2862);
#1945=LINE('',#12696,#2863);
#1946=LINE('',#12698,#2864);
#1947=LINE('',#12699,#2865);
#1948=LINE('',#12704,#2866);
#1949=LINE('',#12705,#2867);
#1950=LINE('',#12708,#2868);
#1951=LINE('',#12712,#2869);
#1952=LINE('',#12713,#2870);
#1953=LINE('',#12716,#2871);
#1954=LINE('',#12717,#2872);
#1955=LINE('',#12720,#2873);
#1956=LINE('',#12721,#2874);
#1957=LINE('',#12726,#2875);
#1958=LINE('',#12727,#2876);
#1959=LINE('',#12729,#2877);
#1960=LINE('',#12731,#2878);
#1961=LINE('',#12766,#2879);
#1962=LINE('',#12767,#2880);
#1963=LINE('',#12771,#2881);
#1964=LINE('',#12774,#2882);
#1965=LINE('',#12775,#2883);
#1966=LINE('',#12779,#2884);
#1967=LINE('',#12793,#2885);
#1968=LINE('',#12794,#2886);
#1969=LINE('',#12795,#2887);
#1970=LINE('',#12820,#2888);
#1971=LINE('',#12824,#2889);
#1972=LINE('',#12825,#2890);
#1973=LINE('',#12828,#2891);
#1974=LINE('',#12829,#2892);
#1975=LINE('',#12832,#2893);
#1976=LINE('',#12833,#2894);
#1977=LINE('',#12837,#2895);
#1978=LINE('',#12840,#2896);
#1979=LINE('',#12846,#2897);
#1980=LINE('',#12847,#2898);
#1981=LINE('',#12849,#2899);
#1982=LINE('',#12850,#2900);
#1983=LINE('',#12853,#2901);
#1984=LINE('',#12855,#2902);
#1985=LINE('',#12856,#2903);
#1986=LINE('',#12859,#2904);
#1987=LINE('',#12861,#2905);
#1988=LINE('',#12862,#2906);
#1989=LINE('',#12867,#2907);
#1990=LINE('',#12868,#2908);
#1991=LINE('',#12872,#2909);
#1992=LINE('',#12874,#2910);
#1993=LINE('',#12875,#2911);
#1994=LINE('',#12882,#2912);
#1995=LINE('',#12883,#2913);
#1996=LINE('',#12884,#2914);
#1997=LINE('',#12887,#2915);
#1998=LINE('',#12888,#2916);
#1999=LINE('',#12892,#2917);
#2000=LINE('',#12894,#2918);
#2001=LINE('',#12895,#2919);
#2002=LINE('',#12899,#2920);
#2003=LINE('',#12900,#2921);
#2004=LINE('',#12904,#2922);
#2005=LINE('',#12908,#2923);
#2006=LINE('',#12910,#2924);
#2007=LINE('',#12912,#2925);
#2008=LINE('',#12913,#2926);
#2009=LINE('',#12916,#2927);
#2010=LINE('',#12918,#2928);
#2011=LINE('',#12920,#2929);
#2012=LINE('',#12922,#2930);
#2013=LINE('',#12924,#2931);
#2014=LINE('',#12926,#2932);
#2015=LINE('',#12928,#2933);
#2016=LINE('',#12930,#2934);
#2017=LINE('',#12931,#2935);
#2018=LINE('',#12934,#2936);
#2019=LINE('',#12936,#2937);
#2020=LINE('',#12937,#2938);
#2021=LINE('',#12940,#2939);
#2022=LINE('',#12941,#2940);
#2023=LINE('',#12944,#2941);
#2024=LINE('',#12945,#2942);
#2025=LINE('',#12948,#2943);
#2026=LINE('',#12949,#2944);
#2027=LINE('',#12952,#2945);
#2028=LINE('',#12953,#2946);
#2029=LINE('',#12956,#2947);
#2030=LINE('',#12957,#2948);
#2031=LINE('',#12960,#2949);
#2032=LINE('',#12961,#2950);
#2033=LINE('',#12964,#2951);
#2034=LINE('',#12965,#2952);
#2035=LINE('',#12968,#2953);
#2036=LINE('',#12969,#2954);
#2037=LINE('',#12973,#2955);
#2038=LINE('',#12976,#2956);
#2039=LINE('',#12977,#2957);
#2040=LINE('',#12982,#2958);
#2041=LINE('',#12988,#2959);
#2042=LINE('',#12989,#2960);
#2043=LINE('',#12997,#2961);
#2044=LINE('',#12999,#2962);
#2045=LINE('',#13001,#2963);
#2046=LINE('',#13005,#2964);
#2047=LINE('',#13007,#2965);
#2048=LINE('',#13009,#2966);
#2049=LINE('',#13011,#2967);
#2050=LINE('',#13013,#2968);
#2051=LINE('',#13015,#2969);
#2052=LINE('',#13023,#2970);
#2053=LINE('',#13024,#2971);
#2054=LINE('',#13027,#2972);
#2055=LINE('',#13029,#2973);
#2056=LINE('',#13030,#2974);
#2057=LINE('',#13033,#2975);
#2058=LINE('',#13034,#2976);
#2059=LINE('',#13036,#2977);
#2060=LINE('',#13038,#2978);
#2061=LINE('',#13040,#2979);
#2062=VECTOR('',#8255,10.);
#2063=VECTOR('',#8256,10.);
#2064=VECTOR('',#8257,10.);
#2065=VECTOR('',#8258,10.);
#2066=VECTOR('',#8261,10.);
#2067=VECTOR('',#8262,10.);
#2068=VECTOR('',#8263,10.);
#2069=VECTOR('',#8264,10.);
#2070=VECTOR('',#8265,10.);
#2071=VECTOR('',#8266,10.);
#2072=VECTOR('',#8267,10.);
#2073=VECTOR('',#8270,10.);
#2074=VECTOR('',#8273,10.);
#2075=VECTOR('',#8274,10.);
#2076=VECTOR('',#8279,10.);
#2077=VECTOR('',#8280,10.);
#2078=VECTOR('',#8281,10.);
#2079=VECTOR('',#8282,10.);
#2080=VECTOR('',#8283,10.);
#2081=VECTOR('',#8284,10.);
#2082=VECTOR('',#8285,10.);
#2083=VECTOR('',#8286,10.);
#2084=VECTOR('',#8289,10.);
#2085=VECTOR('',#8292,10.);
#2086=VECTOR('',#8295,0.2);
#2087=VECTOR('',#8296,0.96);
#2088=VECTOR('',#8297,10.);
#2089=VECTOR('',#8300,10.);
#2090=VECTOR('',#8301,0.96);
#2091=VECTOR('',#8302,0.2);
#2092=VECTOR('',#8307,0.42);
#2093=VECTOR('',#8310,0.42);
#2094=VECTOR('',#8313,1.20571813985698);
#2095=VECTOR('',#8314,0.42);
#2096=VECTOR('',#8315,1.20571813985698);
#2097=VECTOR('',#8320,0.42);
#2098=VECTOR('',#8323,0.42);
#2099=VECTOR('',#8326,1.20571813985698);
#2100=VECTOR('',#8327,0.42);
#2101=VECTOR('',#8328,1.20571813985698);
#2102=VECTOR('',#8333,0.42);
#2103=VECTOR('',#8336,0.42);
#2104=VECTOR('',#8339,1.20571813985698);
#2105=VECTOR('',#8340,0.42);
#2106=VECTOR('',#8341,1.20571813985698);
#2107=VECTOR('',#8346,0.42);
#2108=VECTOR('',#8349,0.42);
#2109=VECTOR('',#8352,1.20571813985698);
#2110=VECTOR('',#8353,0.42);
#2111=VECTOR('',#8354,1.20571813985698);
#2112=VECTOR('',#8359,0.42);
#2113=VECTOR('',#8362,0.42);
#2114=VECTOR('',#8365,1.20571813985698);
#2115=VECTOR('',#8366,0.42);
#2116=VECTOR('',#8367,1.20571813985698);
#2117=VECTOR('',#8372,0.42);
#2118=VECTOR('',#8375,0.42);
#2119=VECTOR('',#8378,1.20571813985698);
#2120=VECTOR('',#8379,0.42);
#2121=VECTOR('',#8380,1.20571813985698);
#2122=VECTOR('',#8385,0.42);
#2123=VECTOR('',#8388,0.42);
#2124=VECTOR('',#8391,1.20571813985698);
#2125=VECTOR('',#8392,0.42);
#2126=VECTOR('',#8393,1.20571813985698);
#2127=VECTOR('',#8398,0.42);
#2128=VECTOR('',#8401,0.42);
#2129=VECTOR('',#8404,1.20571813985698);
#2130=VECTOR('',#8405,0.42);
#2131=VECTOR('',#8406,1.20571813985698);
#2132=VECTOR('',#8409,0.42);
#2133=VECTOR('',#8416,0.42);
#2134=VECTOR('',#8423,0.42);
#2135=VECTOR('',#8430,0.42);
#2136=VECTOR('',#8437,0.42);
#2137=VECTOR('',#8444,0.42);
#2138=VECTOR('',#8451,0.42);
#2139=VECTOR('',#8458,0.42);
#2140=VECTOR('',#8465,2.8);
#2141=VECTOR('',#8466,1.2);
#2142=VECTOR('',#8467,2.8);
#2143=VECTOR('',#8468,1.2);
#2144=VECTOR('',#8471,0.42);
#2145=VECTOR('',#8472,6.86198967159099);
#2146=VECTOR('',#8473,0.42);
#2147=VECTOR('',#8474,6.86198967159099);
#2148=VECTOR('',#8477,0.3831226974761);
#2149=VECTOR('',#8478,7.12123533096099);
#2150=VECTOR('',#8479,1.653860208395);
#2151=VECTOR('',#8482,0.42);
#2152=VECTOR('',#8483,7.12123533096099);
#2153=VECTOR('',#8486,0.3831226974761);
#2154=VECTOR('',#8487,1.653860208395);
#2155=VECTOR('',#8490,0.42);
#2156=VECTOR('',#8491,6.86198967159099);
#2157=VECTOR('',#8492,0.42);
#2158=VECTOR('',#8493,6.86198967159099);
#2159=VECTOR('',#8496,0.3831226974761);
#2160=VECTOR('',#8497,7.12123533096099);
#2161=VECTOR('',#8498,1.653860208395);
#2162=VECTOR('',#8501,0.42);
#2163=VECTOR('',#8502,7.12123533096099);
#2164=VECTOR('',#8505,0.3831226974761);
#2165=VECTOR('',#8506,1.653860208395);
#2166=VECTOR('',#8509,0.42);
#2167=VECTOR('',#8510,6.86198967159099);
#2168=VECTOR('',#8511,0.42);
#2169=VECTOR('',#8512,6.86198967159099);
#2170=VECTOR('',#8515,0.3831226974761);
#2171=VECTOR('',#8516,7.12123533096099);
#2172=VECTOR('',#8517,1.653860208395);
#2173=VECTOR('',#8520,0.42);
#2174=VECTOR('',#8521,7.12123533096099);
#2175=VECTOR('',#8524,0.3831226974761);
#2176=VECTOR('',#8525,1.653860208395);
#2177=VECTOR('',#8528,0.42);
#2178=VECTOR('',#8529,6.86198967159099);
#2179=VECTOR('',#8530,0.42);
#2180=VECTOR('',#8531,6.86198967159099);
#2181=VECTOR('',#8534,0.3831226974761);
#2182=VECTOR('',#8535,7.12123533096099);
#2183=VECTOR('',#8536,1.653860208395);
#2184=VECTOR('',#8539,0.42);
#2185=VECTOR('',#8540,7.12123533096099);
#2186=VECTOR('',#8543,0.3831226974761);
#2187=VECTOR('',#8544,1.653860208395);
#2188=VECTOR('',#8547,0.42);
#2189=VECTOR('',#8548,6.86198967159099);
#2190=VECTOR('',#8549,0.42);
#2191=VECTOR('',#8550,6.86198967159099);
#2192=VECTOR('',#8553,0.3831226974761);
#2193=VECTOR('',#8554,7.12123533096099);
#2194=VECTOR('',#8555,1.653860208395);
#2195=VECTOR('',#8558,0.42);
#2196=VECTOR('',#8559,7.12123533096099);
#2197=VECTOR('',#8562,0.3831226974761);
#2198=VECTOR('',#8563,1.653860208395);
#2199=VECTOR('',#8566,0.42);
#2200=VECTOR('',#8567,6.86198967159099);
#2201=VECTOR('',#8568,0.42);
#2202=VECTOR('',#8569,6.86198967159099);
#2203=VECTOR('',#8572,0.3831226974761);
#2204=VECTOR('',#8573,7.12123533096099);
#2205=VECTOR('',#8574,1.653860208395);
#2206=VECTOR('',#8577,0.42);
#2207=VECTOR('',#8578,7.12123533096099);
#2208=VECTOR('',#8581,0.3831226974761);
#2209=VECTOR('',#8582,1.653860208395);
#2210=VECTOR('',#8585,0.42);
#2211=VECTOR('',#8586,6.86198967159099);
#2212=VECTOR('',#8587,0.42);
#2213=VECTOR('',#8588,6.86198967159099);
#2214=VECTOR('',#8591,0.3831226974761);
#2215=VECTOR('',#8592,7.12123533096099);
#2216=VECTOR('',#8593,1.653860208395);
#2217=VECTOR('',#8596,0.42);
#2218=VECTOR('',#8597,7.12123533096099);
#2219=VECTOR('',#8600,0.3831226974761);
#2220=VECTOR('',#8601,1.653860208395);
#2221=VECTOR('',#8604,0.42);
#2222=VECTOR('',#8605,6.86198967159099);
#2223=VECTOR('',#8606,0.42);
#2224=VECTOR('',#8607,6.86198967159099);
#2225=VECTOR('',#8610,0.3831226974761);
#2226=VECTOR('',#8611,7.12123533096099);
#2227=VECTOR('',#8612,1.653860208395);
#2228=VECTOR('',#8615,0.42);
#2229=VECTOR('',#8616,7.12123533096099);
#2230=VECTOR('',#8619,0.3831226974761);
#2231=VECTOR('',#8620,1.653860208395);
#2232=VECTOR('',#8623,11.9);
#2233=VECTOR('',#8624,9.4);
#2234=VECTOR('',#8625,11.9);
#2235=VECTOR('',#8626,9.4);
#2236=VECTOR('',#8629,1.5);
#2237=VECTOR('',#8630,2.8);
#2238=VECTOR('',#8631,1.5);
#2239=VECTOR('',#8634,2.8);
#2240=VECTOR('',#8635,1.5);
#2241=VECTOR('',#8636,2.8);
#2242=VECTOR('',#8637,1.5);
#2243=VECTOR('',#8640,1.2);
#2244=VECTOR('',#8641,1.2);
#2245=VECTOR('',#8642,2.8);
#2246=VECTOR('',#8645,1.4);
#2247=VECTOR('',#8646,1.12);
#2248=VECTOR('',#8647,1.4);
#2249=VECTOR('',#8648,1.12);
#2250=VECTOR('',#8651,1.4);
#2251=VECTOR('',#8652,1.12);
#2252=VECTOR('',#8653,1.4);
#2253=VECTOR('',#8654,1.12);
#2254=VECTOR('',#8657,1.4);
#2255=VECTOR('',#8658,1.15);
#2256=VECTOR('',#8659,1.15);
#2257=VECTOR('',#8662,1.12);
#2258=VECTOR('',#8663,1.15);
#2259=VECTOR('',#8666,1.69);
#2260=VECTOR('',#8667,7.9);
#2261=VECTOR('',#8668,4.29);
#2262=VECTOR('',#8669,8.25);
#2263=VECTOR('',#8672,2.8);
#2264=VECTOR('',#8673,7.9);
#2265=VECTOR('',#8676,2.8);
#2266=VECTOR('',#8677,7.9);
#2267=VECTOR('',#8678,7.9);
#2268=VECTOR('',#8681,1.69);
#2269=VECTOR('',#8682,1.15);
#2270=VECTOR('',#8683,8.25);
#2271=VECTOR('',#8684,4.29);
#2272=VECTOR('',#8687,1.12);
#2273=VECTOR('',#8688,1.15);
#2274=VECTOR('',#8691,1.4);
#2275=VECTOR('',#8692,1.15);
#2276=VECTOR('',#8695,0.5);
#2277=VECTOR('',#8696,2.831306822878);
#2278=VECTOR('',#8699,2.831306822878);
#2279=VECTOR('',#8702,0.5);
#2280=VECTOR('',#8703,2.831306822878);
#2281=VECTOR('',#8706,2.831306822878);
#2282=VECTOR('',#8709,0.5);
#2283=VECTOR('',#8710,2.831306822878);
#2284=VECTOR('',#8713,2.831306822878);
#2285=VECTOR('',#8716,0.5);
#2286=VECTOR('',#8717,2.831306822878);
#2287=VECTOR('',#8720,2.831306822878);
#2288=VECTOR('',#8725,2.);
#2289=VECTOR('',#8728,2.);
#2290=VECTOR('',#8731,1.01904986352103);
#2291=VECTOR('',#8732,1.01904986352103);
#2292=VECTOR('',#8733,2.);
#2293=VECTOR('',#8736,0.200000000000007);
#2294=VECTOR('',#8737,0.200000000000007);
#2295=VECTOR('',#8738,2.);
#2296=VECTOR('',#8741,1.01904986352103);
#2297=VECTOR('',#8742,1.01904986352103);
#2298=VECTOR('',#8743,2.);
#2299=VECTOR('',#8750,2.);
#2300=VECTOR('',#8753,1.265);
#2301=VECTOR('',#8754,9.4);
#2302=VECTOR('',#8755,0.065);
#2303=VECTOR('',#8758,2.8);
#2304=VECTOR('',#8759,9.65);
#2305=VECTOR('',#8760,2.8);
#2306=VECTOR('',#8761,9.65);
#2307=VECTOR('',#8764,2.765);
#2308=VECTOR('',#8765,2.765);
#2309=VECTOR('',#8766,9.4);
#2310=VECTOR('',#8769,0.433012701892181);
#2311=VECTOR('',#8770,2.765);
#2312=VECTOR('',#8771,0.433012701892181);
#2313=VECTOR('',#8774,12.4);
#2314=VECTOR('',#8775,0.433012701892181);
#2315=VECTOR('',#8778,2.765);
#2316=VECTOR('',#8779,0.433012701892181);
#2317=VECTOR('',#8780,2.765);
#2318=VECTOR('',#8783,9.4);
#2319=VECTOR('',#8784,2.765);
#2320=VECTOR('',#8787,2.8);
#2321=VECTOR('',#8788,9.65);
#2322=VECTOR('',#8789,2.8);
#2323=VECTOR('',#8790,9.65);
#2324=VECTOR('',#8793,0.86);
#2325=VECTOR('',#8794,0.86);
#2326=VECTOR('',#8795,0.86);
#2327=VECTOR('',#8796,0.86);
#2328=VECTOR('',#8797,0.065);
#2329=VECTOR('',#8798,6.3);
#2330=VECTOR('',#8801,1.265);
#2331=VECTOR('',#8802,9.4);
#2332=VECTOR('',#8807,2.);
#2333=VECTOR('',#8810,2.);
#2334=VECTOR('',#8813,1.01926503892397);
#2335=VECTOR('',#8814,1.01926503892397);
#2336=VECTOR('',#8815,2.);
#2337=VECTOR('',#8818,0.199999999999993);
#2338=VECTOR('',#8819,0.199999999999993);
#2339=VECTOR('',#8820,2.);
#2340=VECTOR('',#8823,1.01926503892397);
#2341=VECTOR('',#8824,1.01926503892397);
#2342=VECTOR('',#8825,2.);
#2343=VECTOR('',#8832,2.);
#2344=VECTOR('',#8835,2.645751311065);
#2345=VECTOR('',#8840,1.9);
#2346=VECTOR('',#8841,1.9);
#2347=VECTOR('',#8846,2.645751311065);
#2348=VECTOR('',#8849,2.645751311065);
#2349=VECTOR('',#8854,1.9);
#2350=VECTOR('',#8855,1.9);
#2351=VECTOR('',#8860,2.645751311065);
#2352=VECTOR('',#8863,0.353553390593276);
#2353=VECTOR('',#8864,4.56);
#2354=VECTOR('',#8865,0.353553390593276);
#2355=VECTOR('',#8868,1.15);
#2356=VECTOR('',#8869,0.433012701892181);
#2357=VECTOR('',#8872,1.12);
#2358=VECTOR('',#8873,0.433012701892181);
#2359=VECTOR('',#8876,1.69);
#2360=VECTOR('',#8877,0.433012701892181);
#2361=VECTOR('',#8880,2.8);
#2362=VECTOR('',#8881,0.433012701892181);
#2363=VECTOR('',#8884,1.265);
#2364=VECTOR('',#8885,0.433012701892181);
#2365=VECTOR('',#8888,0.433012701892181);
#2366=VECTOR('',#8889,1.265);
#2367=VECTOR('',#8890,0.433012701892181);
#2368=VECTOR('',#8893,2.8);
#2369=VECTOR('',#8894,0.433012701892181);
#2370=VECTOR('',#8897,1.69);
#2371=VECTOR('',#8898,0.433012701892181);
#2372=VECTOR('',#8901,1.12);
#2373=VECTOR('',#8902,0.433012701892181);
#2374=VECTOR('',#8905,1.15);
#2375=VECTOR('',#8908,10.);
#2376=VECTOR('',#8909,10.);
#2377=VECTOR('',#8910,10.);
#2378=VECTOR('',#8911,10.);
#2379=VECTOR('',#8914,10.);
#2380=VECTOR('',#8915,10.);
#2381=VECTOR('',#8916,10.);
#2382=VECTOR('',#8917,10.);
#2383=VECTOR('',#8920,10.);
#2384=VECTOR('',#8921,10.);
#2385=VECTOR('',#8922,10.);
#2386=VECTOR('',#8923,10.);
#2387=VECTOR('',#8926,10.);
#2388=VECTOR('',#8927,10.);
#2389=VECTOR('',#8928,10.);
#2390=VECTOR('',#8929,10.);
#2391=VECTOR('',#8932,10.);
#2392=VECTOR('',#8933,10.);
#2393=VECTOR('',#8934,10.);
#2394=VECTOR('',#8935,10.);
#2395=VECTOR('',#8938,10.);
#2396=VECTOR('',#8939,10.);
#2397=VECTOR('',#8940,10.);
#2398=VECTOR('',#8941,10.);
#2399=VECTOR('',#8944,10.);
#2400=VECTOR('',#8945,10.);
#2401=VECTOR('',#8946,10.);
#2402=VECTOR('',#8947,10.);
#2403=VECTOR('',#8950,10.);
#2404=VECTOR('',#8951,10.);
#2405=VECTOR('',#8952,10.);
#2406=VECTOR('',#8953,10.);
#2407=VECTOR('',#8956,10.);
#2408=VECTOR('',#8957,10.);
#2409=VECTOR('',#8958,10.);
#2410=VECTOR('',#8959,10.);
#2411=VECTOR('',#8962,10.);
#2412=VECTOR('',#8963,10.);
#2413=VECTOR('',#8964,10.);
#2414=VECTOR('',#8965,10.);
#2415=VECTOR('',#8968,10.);
#2416=VECTOR('',#8969,10.);
#2417=VECTOR('',#8970,10.);
#2418=VECTOR('',#8971,10.);
#2419=VECTOR('',#8974,10.);
#2420=VECTOR('',#8975,10.);
#2421=VECTOR('',#8976,10.);
#2422=VECTOR('',#8977,10.);
#2423=VECTOR('',#8980,10.);
#2424=VECTOR('',#8981,10.);
#2425=VECTOR('',#8982,10.);
#2426=VECTOR('',#8983,10.);
#2427=VECTOR('',#8986,10.);
#2428=VECTOR('',#8987,10.);
#2429=VECTOR('',#8988,10.);
#2430=VECTOR('',#8989,10.);
#2431=VECTOR('',#8992,10.);
#2432=VECTOR('',#8993,10.);
#2433=VECTOR('',#8994,10.);
#2434=VECTOR('',#8995,10.);
#2435=VECTOR('',#8998,10.);
#2436=VECTOR('',#8999,10.);
#2437=VECTOR('',#9000,10.);
#2438=VECTOR('',#9001,10.);
#2439=VECTOR('',#9004,10.);
#2440=VECTOR('',#9005,10.);
#2441=VECTOR('',#9006,10.);
#2442=VECTOR('',#9007,10.);
#2443=VECTOR('',#9010,10.);
#2444=VECTOR('',#9011,10.);
#2445=VECTOR('',#9012,10.);
#2446=VECTOR('',#9013,10.);
#2447=VECTOR('',#9016,0.233976276488007);
#2448=VECTOR('',#9017,0.04999999999999);
#2449=VECTOR('',#9018,3.05987825145);
#2450=VECTOR('',#9021,0.233976276488007);
#2451=VECTOR('',#9022,3.05987825145);
#2452=VECTOR('',#9023,0.05);
#2453=VECTOR('',#9028,10.);
#2454=VECTOR('',#9031,0.233976276488007);
#2455=VECTOR('',#9032,0.5);
#2456=VECTOR('',#9033,0.233976276488007);
#2457=VECTOR('',#9036,2.65144071104);
#2458=VECTOR('',#9039,2.65144071104);
#2459=VECTOR('',#9040,0.05);
#2460=VECTOR('',#9043,0.233976276488007);
#2461=VECTOR('',#9044,3.05987825145);
#2462=VECTOR('',#9049,10.);
#2463=VECTOR('',#9054,0.0009618943233409);
#2464=VECTOR('',#9057,0.05);
#2465=VECTOR('',#9060,0.0009618943233409);
#2466=VECTOR('',#9061,0.05);
#2467=VECTOR('',#9066,2.9);
#2468=VECTOR('',#9067,0.233976276488007);
#2469=VECTOR('',#9068,3.128571428571);
#2470=VECTOR('',#9071,0.233976276488007);
#2471=VECTOR('',#9072,3.05987825145);
#2472=VECTOR('',#9073,0.05);
#2473=VECTOR('',#9076,4.50144071104);
#2474=VECTOR('',#9079,4.50144071104);
#2475=VECTOR('',#9084,10.);
#2476=VECTOR('',#9087,0.5);
#2477=VECTOR('',#9088,0.233976276488007);
#2478=VECTOR('',#9091,10.);
#2479=VECTOR('',#9108,0.0009618943233409);
#2480=VECTOR('',#9109,0.05);
#2481=VECTOR('',#9114,0.0009618943233409);
#2482=VECTOR('',#9117,0.05);
#2483=VECTOR('',#9120,2.9);
#2484=VECTOR('',#9121,3.128571428571);
#2485=VECTOR('',#9122,0.233976276488007);
#2486=VECTOR('',#9125,0.233976276488007);
#2487=VECTOR('',#9126,3.05987825145);
#2488=VECTOR('',#9127,0.05);
#2489=VECTOR('',#9130,2.65144071104);
#2490=VECTOR('',#9133,2.65144071104);
#2491=VECTOR('',#9134,0.05);
#2492=VECTOR('',#9137,0.233976276488007);
#2493=VECTOR('',#9138,3.05987825145);
#2494=VECTOR('',#9143,10.);
#2495=VECTOR('',#9148,0.233976276488007);
#2496=VECTOR('',#9149,3.05987825145);
#2497=VECTOR('',#9150,0.05);
#2498=VECTOR('',#9155,10.);
#2499=VECTOR('',#9158,0.233976276488007);
#2500=VECTOR('',#9159,0.5);
#2501=VECTOR('',#9160,0.233976276488007);
#2502=VECTOR('',#9163,0.05);
#2503=VECTOR('',#9164,4.50144071104);
#2504=VECTOR('',#9167,4.50144071104);
#2505=VECTOR('',#9170,0.233976276488007);
#2506=VECTOR('',#9171,3.05987825145);
#2507=VECTOR('',#9176,10.);
#2508=VECTOR('',#9181,10.);
#2509=VECTOR('',#9196,0.233976276488007);
#2510=VECTOR('',#9197,0.5);
#2511=VECTOR('',#9200,0.7970972607895);
#2512=VECTOR('',#9201,0.2);
#2513=VECTOR('',#9202,0.7970972607895);
#2514=VECTOR('',#9203,0.2);
#2515=VECTOR('',#9208,0.2);
#2516=VECTOR('',#9213,0.155);
#2517=VECTOR('',#9214,2.);
#2518=VECTOR('',#9215,0.7);
#2519=VECTOR('',#9218,1.2);
#2520=VECTOR('',#9219,0.96);
#2521=VECTOR('',#9220,0.1);
#2522=VECTOR('',#9221,1.2);
#2523=VECTOR('',#9224,0.96);
#2524=VECTOR('',#9225,1.2);
#2525=VECTOR('',#9226,1.2);
#2526=VECTOR('',#9227,0.1);
#2527=VECTOR('',#9230,10.);
#2528=VECTOR('',#9231,2.85489054077888);
#2529=VECTOR('',#9232,2.85489054077888);
#2530=VECTOR('',#9237,0.2);
#2531=VECTOR('',#9238,2.85489054077888);
#2532=VECTOR('',#9241,2.);
#2533=VECTOR('',#9242,2.85489054077888);
#2534=VECTOR('',#9247,0.2);
#2535=VECTOR('',#9250,0.15);
#2536=VECTOR('',#9251,0.353553390593276);
#2537=VECTOR('',#9252,0.4);
#2538=VECTOR('',#9255,0.25);
#2539=VECTOR('',#9256,0.46);
#2540=VECTOR('',#9259,2.8);
#2541=VECTOR('',#9260,0.46);
#2542=VECTOR('',#9263,0.4);
#2543=VECTOR('',#9264,0.25);
#2544=VECTOR('',#9267,0.353553390593276);
#2545=VECTOR('',#9268,0.15);
#2546=VECTOR('',#9271,0.35);
#2547=VECTOR('',#9272,2.665);
#2548=VECTOR('',#9275,12.4);
#2549=VECTOR('',#9278,2.665);
#2550=VECTOR('',#9281,0.353553390593276);
#2551=VECTOR('',#9282,0.6);
#2552=VECTOR('',#9285,0.25);
#2553=VECTOR('',#9286,0.26);
#2554=VECTOR('',#9289,2.8);
#2555=VECTOR('',#9290,0.26);
#2556=VECTOR('',#9293,0.6);
#2557=VECTOR('',#9294,0.25);
#2558=VECTOR('',#9297,0.353553390593276);
#2559=VECTOR('',#9298,0.35);
#2560=VECTOR('',#9301,2.90351511102793);
#2561=VECTOR('',#9302,2.90351511102793);
#2562=VECTOR('',#9303,2.);
#2563=VECTOR('',#9308,2.90351511102793);
#2564=VECTOR('',#9309,0.2);
#2565=VECTOR('',#9312,10.);
#2566=VECTOR('',#9313,10.);
#2567=VECTOR('',#9318,0.2);
#2568=VECTOR('',#9321,1.795);
#2569=VECTOR('',#9322,0.6);
#2570=VECTOR('',#9323,2.35);
#2571=VECTOR('',#9324,4.52);
#2572=VECTOR('',#9325,0.81);
#2573=VECTOR('',#9326,5.06);
#2574=VECTOR('',#9327,0.81);
#2575=VECTOR('',#9328,4.62);
#2576=VECTOR('',#9329,2.35);
#2577=VECTOR('',#9330,0.7);
#2578=VECTOR('',#9331,1.795);
#2579=VECTOR('',#9342,10.);
#2580=VECTOR('',#9343,2.5);
#2581=VECTOR('',#9344,14.);
#2582=VECTOR('',#9345,2.5);
#2583=VECTOR('',#9346,10.);
#2584=VECTOR('',#9347,0.05);
#2585=VECTOR('',#9348,0.05);
#2586=VECTOR('',#9351,0.2);
#2587=VECTOR('',#9354,0.2);
#2588=VECTOR('',#9359,0.7970972607895);
#2589=VECTOR('',#9360,0.2);
#2590=VECTOR('',#9361,0.7970972607895);
#2591=VECTOR('',#9364,0.7);
#2592=VECTOR('',#9365,2.);
#2593=VECTOR('',#9366,0.155);
#2594=VECTOR('',#9369,0.35);
#2595=VECTOR('',#9370,2.399);
#2596=VECTOR('',#9371,2.399);
#2597=VECTOR('',#9374,0.46);
#2598=VECTOR('',#9375,2.399);
#2599=VECTOR('',#9378,0.35);
#2600=VECTOR('',#9379,2.399);
#2601=VECTOR('',#9382,0.46);
#2602=VECTOR('',#9385,0.35);
#2603=VECTOR('',#9386,2.399);
#2604=VECTOR('',#9387,2.399);
#2605=VECTOR('',#9390,0.46);
#2606=VECTOR('',#9391,2.399);
#2607=VECTOR('',#9394,0.35);
#2608=VECTOR('',#9395,2.399);
#2609=VECTOR('',#9398,0.46);
#2610=VECTOR('',#9401,0.35);
#2611=VECTOR('',#9402,2.399);
#2612=VECTOR('',#9403,2.399);
#2613=VECTOR('',#9406,0.46);
#2614=VECTOR('',#9407,2.399);
#2615=VECTOR('',#9410,0.35);
#2616=VECTOR('',#9411,2.399);
#2617=VECTOR('',#9414,0.46);
#2618=VECTOR('',#9417,0.35);
#2619=VECTOR('',#9418,2.399);
#2620=VECTOR('',#9419,2.399);
#2621=VECTOR('',#9422,0.46);
#2622=VECTOR('',#9423,2.399);
#2623=VECTOR('',#9426,0.35);
#2624=VECTOR('',#9427,2.399);
#2625=VECTOR('',#9430,0.46);
#2626=VECTOR('',#9433,0.35);
#2627=VECTOR('',#9434,2.399);
#2628=VECTOR('',#9435,2.399);
#2629=VECTOR('',#9438,0.46);
#2630=VECTOR('',#9439,2.399);
#2631=VECTOR('',#9442,0.35);
#2632=VECTOR('',#9443,2.399);
#2633=VECTOR('',#9446,0.46);
#2634=VECTOR('',#9449,0.35);
#2635=VECTOR('',#9450,2.399);
#2636=VECTOR('',#9451,2.399);
#2637=VECTOR('',#9454,0.46);
#2638=VECTOR('',#9455,2.399);
#2639=VECTOR('',#9458,0.35);
#2640=VECTOR('',#9459,2.399);
#2641=VECTOR('',#9462,0.46);
#2642=VECTOR('',#9465,0.46);
#2643=VECTOR('',#9466,2.399);
#2644=VECTOR('',#9467,2.399);
#2645=VECTOR('',#9470,0.35);
#2646=VECTOR('',#9471,2.399);
#2647=VECTOR('',#9474,0.46);
#2648=VECTOR('',#9475,2.399);
#2649=VECTOR('',#9478,0.35);
#2650=VECTOR('',#9481,0.5);
#2651=VECTOR('',#9482,2.399);
#2652=VECTOR('',#9483,2.399);
#2653=VECTOR('',#9486,0.5);
#2654=VECTOR('',#9487,2.399);
#2655=VECTOR('',#9490,0.5);
#2656=VECTOR('',#9491,2.399);
#2657=VECTOR('',#9494,0.5);
#2658=VECTOR('',#9497,0.5);
#2659=VECTOR('',#9498,2.399);
#2660=VECTOR('',#9499,2.399);
#2661=VECTOR('',#9502,0.5);
#2662=VECTOR('',#9503,2.399);
#2663=VECTOR('',#9506,0.5);
#2664=VECTOR('',#9507,2.399);
#2665=VECTOR('',#9510,0.5);
#2666=VECTOR('',#9513,0.5);
#2667=VECTOR('',#9514,2.399);
#2668=VECTOR('',#9515,2.399);
#2669=VECTOR('',#9518,0.5);
#2670=VECTOR('',#9519,2.399);
#2671=VECTOR('',#9522,0.5);
#2672=VECTOR('',#9523,2.399);
#2673=VECTOR('',#9526,0.5);
#2674=VECTOR('',#9529,0.5);
#2675=VECTOR('',#9530,2.399);
#2676=VECTOR('',#9531,2.399);
#2677=VECTOR('',#9534,0.5);
#2678=VECTOR('',#9535,2.399);
#2679=VECTOR('',#9538,0.5);
#2680=VECTOR('',#9539,2.399);
#2681=VECTOR('',#9542,0.5);
#2682=VECTOR('',#9545,0.46);
#2683=VECTOR('',#9546,2.399);
#2684=VECTOR('',#9547,2.399);
#2685=VECTOR('',#9550,0.35);
#2686=VECTOR('',#9551,2.399);
#2687=VECTOR('',#9554,0.46);
#2688=VECTOR('',#9555,2.399);
#2689=VECTOR('',#9558,0.35);
#2690=VECTOR('',#9561,0.46);
#2691=VECTOR('',#9562,2.399);
#2692=VECTOR('',#9563,2.399);
#2693=VECTOR('',#9566,0.35);
#2694=VECTOR('',#9567,2.399);
#2695=VECTOR('',#9570,0.46);
#2696=VECTOR('',#9571,2.399);
#2697=VECTOR('',#9574,0.35);
#2698=VECTOR('',#9577,0.46);
#2699=VECTOR('',#9578,2.399);
#2700=VECTOR('',#9579,2.399);
#2701=VECTOR('',#9582,0.35);
#2702=VECTOR('',#9583,2.399);
#2703=VECTOR('',#9586,0.46);
#2704=VECTOR('',#9587,2.399);
#2705=VECTOR('',#9590,0.35);
#2706=VECTOR('',#9593,0.46);
#2707=VECTOR('',#9594,2.399);
#2708=VECTOR('',#9595,2.399);
#2709=VECTOR('',#9598,0.35);
#2710=VECTOR('',#9599,2.399);
#2711=VECTOR('',#9602,0.46);
#2712=VECTOR('',#9603,2.399);
#2713=VECTOR('',#9606,0.35);
#2714=VECTOR('',#9609,0.46);
#2715=VECTOR('',#9610,2.399);
#2716=VECTOR('',#9611,2.399);
#2717=VECTOR('',#9614,0.35);
#2718=VECTOR('',#9615,2.399);
#2719=VECTOR('',#9618,0.46);
#2720=VECTOR('',#9619,2.399);
#2721=VECTOR('',#9622,0.35);
#2722=VECTOR('',#9625,0.46);
#2723=VECTOR('',#9626,2.399);
#2724=VECTOR('',#9627,2.399);
#2725=VECTOR('',#9630,0.35);
#2726=VECTOR('',#9631,2.399);
#2727=VECTOR('',#9634,0.46);
#2728=VECTOR('',#9635,2.399);
#2729=VECTOR('',#9638,0.35);
#2730=VECTOR('',#9641,0.46);
#2731=VECTOR('',#9642,2.399);
#2732=VECTOR('',#9643,2.399);
#2733=VECTOR('',#9646,0.35);
#2734=VECTOR('',#9647,2.399);
#2735=VECTOR('',#9650,0.46);
#2736=VECTOR('',#9651,2.399);
#2737=VECTOR('',#9654,0.35);
#2738=VECTOR('',#9657,0.075);
#2739=VECTOR('',#9658,4.50144071104);
#2740=VECTOR('',#9659,0.075);
#2741=VECTOR('',#9662,0.85);
#2742=VECTOR('',#9663,0.075);
#2743=VECTOR('',#9666,0.075);
#2744=VECTOR('',#9667,4.50144071104);
#2745=VECTOR('',#9672,3.478571428571);
#2746=VECTOR('',#9675,0.04999999999994);
#2747=VECTOR('',#9676,3.25);
#2748=VECTOR('',#9679,0.5);
#2749=VECTOR('',#9680,3.25);
#2750=VECTOR('',#9683,0.05);
#2751=VECTOR('',#9684,3.478571428571);
#2752=VECTOR('',#9689,0.075);
#2753=VECTOR('',#9692,2.65144071104);
#2754=VECTOR('',#9693,0.075);
#2755=VECTOR('',#9696,0.85);
#2756=VECTOR('',#9697,0.075);
#2757=VECTOR('',#9700,0.075);
#2758=VECTOR('',#9701,2.65144071104);
#2759=VECTOR('',#9706,0.15);
#2760=VECTOR('',#9707,0.2);
#2761=VECTOR('',#9710,0.15);
#2762=VECTOR('',#9711,0.05);
#2763=VECTOR('',#9714,0.5);
#2764=VECTOR('',#9715,3.25);
#2765=VECTOR('',#9718,0.04999999999994);
#2766=VECTOR('',#9719,3.478571428571);
#2767=VECTOR('',#9726,3.478571428571);
#2768=VECTOR('',#9727,0.04999999999994);
#2769=VECTOR('',#9728,3.25);
#2770=VECTOR('',#9731,0.5);
#2771=VECTOR('',#9732,0.15);
#2772=VECTOR('',#9733,0.2);
#2773=VECTOR('',#9736,0.05);
#2774=VECTOR('',#9737,0.15);
#2775=VECTOR('',#9742,0.075);
#2776=VECTOR('',#9745,2.65144071104);
#2777=VECTOR('',#9746,0.075);
#2778=VECTOR('',#9749,0.85);
#2779=VECTOR('',#9750,0.075);
#2780=VECTOR('',#9753,0.075);
#2781=VECTOR('',#9754,2.65144071104);
#2782=VECTOR('',#9759,3.478571428571);
#2783=VECTOR('',#9762,0.05);
#2784=VECTOR('',#9763,3.25);
#2785=VECTOR('',#9766,0.5);
#2786=VECTOR('',#9767,3.25);
#2787=VECTOR('',#9770,0.04999999999994);
#2788=VECTOR('',#9771,3.478571428571);
#2789=VECTOR('',#9776,0.075);
#2790=VECTOR('',#9779,4.50144071104);
#2791=VECTOR('',#9780,0.075);
#2792=VECTOR('',#9783,0.85);
#2793=VECTOR('',#9784,0.075);
#2794=VECTOR('',#9787,0.075);
#2795=VECTOR('',#9788,4.50144071104);
#2796=VECTOR('',#9795,0.35);
#2797=VECTOR('',#9796,14.);
#2798=VECTOR('',#9797,0.35);
#2799=VECTOR('',#9802,2.5);
#2800=VECTOR('',#9803,0.15);
#2801=VECTOR('',#9804,0.2);
#2802=VECTOR('',#9807,0.75);
#2803=VECTOR('',#9808,0.15);
#2804=VECTOR('',#9809,0.75);
#2805=VECTOR('',#9812,8.14364916731);
#2806=VECTOR('',#9815,7.95);
#2807=VECTOR('',#9818,2.40635083269);
#2808=VECTOR('',#9819,0.05);
#2809=VECTOR('',#9820,2.);
#2810=VECTOR('',#9827,2.);
#2811=VECTOR('',#9834,0.4);
#2812=VECTOR('',#9835,0.05);
#2813=VECTOR('',#9838,0.04999999999976);
#2814=VECTOR('',#9845,2.);
#2815=VECTOR('',#9848,1.75);
#2816=VECTOR('',#9849,2.3);
#2817=VECTOR('',#9850,0.15);
#2818=VECTOR('',#9851,1.);
#2819=VECTOR('',#9852,1.6);
#2820=VECTOR('',#9869,10.);
#2821=VECTOR('',#9870,10.);
#2822=VECTOR('',#9873,0.2);
#2823=VECTOR('',#9874,10.);
#2824=VECTOR('',#9875,0.2);
#2825=VECTOR('',#9878,10.);
#2826=VECTOR('',#9879,0.2);
#2827=VECTOR('',#9884,0.2);
#2828=VECTOR('',#9887,10.);
#2829=VECTOR('',#9888,0.2);
#2830=VECTOR('',#9893,0.2);
#2831=VECTOR('',#9896,0.7);
#2832=VECTOR('',#9897,0.006350832689629);
#2833=VECTOR('',#9898,10.);
#2834=VECTOR('',#9901,0.155);
#2835=VECTOR('',#9902,10.);
#2836=VECTOR('',#9905,10.);
#2837=VECTOR('',#9906,0.2);
#2838=VECTOR('',#9907,0.006350832689629);
#2839=VECTOR('',#9910,10.);
#2840=VECTOR('',#9911,0.2);
#2841=VECTOR('',#9916,0.2);
#2842=VECTOR('',#9921,0.2);
#2843=VECTOR('',#9924,10.);
#2844=VECTOR('',#9925,10.);
#2845=VECTOR('',#9926,10.);
#2846=VECTOR('',#9927,0.2);
#2847=VECTOR('',#9930,10.);
#2848=VECTOR('',#9931,10.);
#2849=VECTOR('',#9932,10.);
#2850=VECTOR('',#9935,10.);
#2851=VECTOR('',#9936,0.2);
#2852=VECTOR('',#9937,10.);
#2853=VECTOR('',#9940,10.);
#2854=VECTOR('',#9941,0.2);
#2855=VECTOR('',#9944,10.);
#2856=VECTOR('',#9945,0.2);
#2857=VECTOR('',#9948,10.);
#2858=VECTOR('',#9949,0.2);
#2859=VECTOR('',#9952,10.);
#2860=VECTOR('',#9953,0.2);
#2861=VECTOR('',#9956,10.);
#2862=VECTOR('',#9969,10.);
#2863=VECTOR('',#9970,10.);
#2864=VECTOR('',#9973,10.);
#2865=VECTOR('',#9974,10.);
#2866=VECTOR('',#9979,10.);
#2867=VECTOR('',#9980,10.);
#2868=VECTOR('',#9983,10.);
#2869=VECTOR('',#9988,10.);
#2870=VECTOR('',#9989,0.25);
#2871=VECTOR('',#9992,10.);
#2872=VECTOR('',#9993,0.25);
#2873=VECTOR('',#9996,10.);
#2874=VECTOR('',#9997,0.25);
#2875=VECTOR('',#10002,0.25);
#2876=VECTOR('',#10003,10.);
#2877=VECTOR('',#10006,10.);
#2878=VECTOR('',#10007,10.);
#2879=VECTOR('',#10012,10.);
#2880=VECTOR('',#10013,0.25);
#2881=VECTOR('',#10018,0.25);
#2882=VECTOR('',#10021,10.);
#2883=VECTOR('',#10022,0.25);
#2884=VECTOR('',#10027,0.25);
#2885=VECTOR('',#10030,10.);
#2886=VECTOR('',#10031,0.25);
#2887=VECTOR('',#10032,10.);
#2888=VECTOR('',#10037,10.);
#2889=VECTOR('',#10042,10.);
#2890=VECTOR('',#10043,0.25);
#2891=VECTOR('',#10046,10.);
#2892=VECTOR('',#10047,0.25);
#2893=VECTOR('',#10050,10.);
#2894=VECTOR('',#10051,0.25);
#2895=VECTOR('',#10056,10.);
#2896=VECTOR('',#10059,10.);
#2897=VECTOR('',#10066,10.);
#2898=VECTOR('',#10067,10.);
#2899=VECTOR('',#10070,10.);
#2900=VECTOR('',#10071,10.);
#2901=VECTOR('',#10074,0.2);
#2902=VECTOR('',#10075,0.15);
#2903=VECTOR('',#10076,2.5);
#2904=VECTOR('',#10079,0.75);
#2905=VECTOR('',#10080,0.75);
#2906=VECTOR('',#10081,0.15);
#2907=VECTOR('',#10086,8.14364916731);
#2908=VECTOR('',#10087,7.95);
#2909=VECTOR('',#10090,2.);
#2910=VECTOR('',#10091,0.05);
#2911=VECTOR('',#10092,2.40635083269);
#2912=VECTOR('',#10099,10.);
#2913=VECTOR('',#10100,0.7);
#2914=VECTOR('',#10101,0.155);
#2915=VECTOR('',#10106,0.00635083268963);
#2916=VECTOR('',#10107,0.2);
#2917=VECTOR('',#10112,0.2);
#2918=VECTOR('',#10113,0.04999999999976);
#2919=VECTOR('',#10114,0.006350832689629);
#2920=VECTOR('',#10117,0.05);
#2921=VECTOR('',#10118,0.4);
#2922=VECTOR('',#10123,1.75);
#2923=VECTOR('',#10126,1.6);
#2924=VECTOR('',#10127,1.);
#2925=VECTOR('',#10128,0.15);
#2926=VECTOR('',#10129,2.3);
#2927=VECTOR('',#10132,0.05);
#2928=VECTOR('',#10133,1.15);
#2929=VECTOR('',#10134,0.325);
#2930=VECTOR('',#10135,4.4);
#2931=VECTOR('',#10136,14.75);
#2932=VECTOR('',#10137,4.4);
#2933=VECTOR('',#10138,0.325);
#2934=VECTOR('',#10139,1.15);
#2935=VECTOR('',#10140,0.05);
#2936=VECTOR('',#10143,0.9);
#2937=VECTOR('',#10144,0.9);
#2938=VECTOR('',#10145,1.15);
#2939=VECTOR('',#10148,0.9);
#2940=VECTOR('',#10149,0.325);
#2941=VECTOR('',#10152,0.9);
#2942=VECTOR('',#10153,4.4);
#2943=VECTOR('',#10156,0.9);
#2944=VECTOR('',#10157,14.75);
#2945=VECTOR('',#10160,0.9);
#2946=VECTOR('',#10161,4.4);
#2947=VECTOR('',#10164,0.9);
#2948=VECTOR('',#10165,0.325);
#2949=VECTOR('',#10168,0.9);
#2950=VECTOR('',#10169,1.15);
#2951=VECTOR('',#10172,0.25);
#2952=VECTOR('',#10173,10.);
#2953=VECTOR('',#10176,10.);
#2954=VECTOR('',#10177,10.);
#2955=VECTOR('',#10182,10.);
#2956=VECTOR('',#10185,10.);
#2957=VECTOR('',#10186,10.);
#2958=VECTOR('',#10195,10.);
#2959=VECTOR('',#10204,10.);
#2960=VECTOR('',#10205,10.);
#2961=VECTOR('',#10220,0.2);
#2962=VECTOR('',#10223,0.2);
#2963=VECTOR('',#10226,0.2);
#2964=VECTOR('',#10233,0.2);
#2965=VECTOR('',#10236,0.2);
#2966=VECTOR('',#10239,0.2);
#2967=VECTOR('',#10242,0.2);
#2968=VECTOR('',#10245,0.2);
#2969=VECTOR('',#10248,0.25);
#2970=VECTOR('',#10261,0.2);
#2971=VECTOR('',#10262,0.1);
#2972=VECTOR('',#10265,0.2);
#2973=VECTOR('',#10266,1.2);
#2974=VECTOR('',#10267,0.2);
#2975=VECTOR('',#10270,0.2);
#2976=VECTOR('',#10271,1.2);
#2977=VECTOR('',#10274,1.2);
#2978=VECTOR('',#10277,0.1);
#2979=VECTOR('',#10280,1.2);
#2980=VERTEX_POINT('',#10285);
#2981=VERTEX_POINT('',#10286);
#2982=VERTEX_POINT('',#10288);
#2983=VERTEX_POINT('',#10290);
#2984=VERTEX_POINT('',#10294);
#2985=VERTEX_POINT('',#10295);
#2986=VERTEX_POINT('',#10297);
#2987=VERTEX_POINT('',#10299);
#2988=VERTEX_POINT('',#10301);
#2989=VERTEX_POINT('',#10303);
#2990=VERTEX_POINT('',#10305);
#2991=VERTEX_POINT('',#10307);
#2992=VERTEX_POINT('',#10309);
#2993=VERTEX_POINT('',#10311);
#2994=VERTEX_POINT('',#10313);
#2995=VERTEX_POINT('',#10315);
#2996=VERTEX_POINT('',#10317);
#2997=VERTEX_POINT('',#10319);
#2998=VERTEX_POINT('',#10321);
#2999=VERTEX_POINT('',#10324);
#3000=VERTEX_POINT('',#10326);
#3001=VERTEX_POINT('',#10328);
#3002=VERTEX_POINT('',#10330);
#3003=VERTEX_POINT('',#10332);
#3004=VERTEX_POINT('',#10334);
#3005=VERTEX_POINT('',#10337);
#3006=VERTEX_POINT('',#10338);
#3007=VERTEX_POINT('',#10340);
#3008=VERTEX_POINT('',#10342);
#3009=VERTEX_POINT('',#10346);
#3010=VERTEX_POINT('',#10348);
#3011=VERTEX_POINT('',#10352);
#3012=VERTEX_POINT('',#10354);
#3013=VERTEX_POINT('',#10358);
#3014=VERTEX_POINT('',#10359);
#3015=VERTEX_POINT('',#10361);
#3016=VERTEX_POINT('',#10363);
#3017=VERTEX_POINT('',#10367);
#3018=VERTEX_POINT('',#10369);
#3019=VERTEX_POINT('',#10373);
#3020=VERTEX_POINT('',#10374);
#3021=VERTEX_POINT('',#10376);
#3022=VERTEX_POINT('',#10378);
#3023=VERTEX_POINT('',#10382);
#3024=VERTEX_POINT('',#10384);
#3025=VERTEX_POINT('',#10388);
#3026=VERTEX_POINT('',#10389);
#3027=VERTEX_POINT('',#10391);
#3028=VERTEX_POINT('',#10393);
#3029=VERTEX_POINT('',#10397);
#3030=VERTEX_POINT('',#10399);
#3031=VERTEX_POINT('',#10403);
#3032=VERTEX_POINT('',#10404);
#3033=VERTEX_POINT('',#10406);
#3034=VERTEX_POINT('',#10408);
#3035=VERTEX_POINT('',#10412);
#3036=VERTEX_POINT('',#10414);
#3037=VERTEX_POINT('',#10418);
#3038=VERTEX_POINT('',#10419);
#3039=VERTEX_POINT('',#10421);
#3040=VERTEX_POINT('',#10423);
#3041=VERTEX_POINT('',#10427);
#3042=VERTEX_POINT('',#10429);
#3043=VERTEX_POINT('',#10433);
#3044=VERTEX_POINT('',#10434);
#3045=VERTEX_POINT('',#10436);
#3046=VERTEX_POINT('',#10438);
#3047=VERTEX_POINT('',#10442);
#3048=VERTEX_POINT('',#10444);
#3049=VERTEX_POINT('',#10448);
#3050=VERTEX_POINT('',#10449);
#3051=VERTEX_POINT('',#10451);
#3052=VERTEX_POINT('',#10453);
#3053=VERTEX_POINT('',#10457);
#3054=VERTEX_POINT('',#10459);
#3055=VERTEX_POINT('',#10463);
#3056=VERTEX_POINT('',#10464);
#3057=VERTEX_POINT('',#10466);
#3058=VERTEX_POINT('',#10468);
#3059=VERTEX_POINT('',#10472);
#3060=VERTEX_POINT('',#10474);
#3061=VERTEX_POINT('',#10478);
#3062=VERTEX_POINT('',#10479);
#3063=VERTEX_POINT('',#10484);
#3064=VERTEX_POINT('',#10485);
#3065=VERTEX_POINT('',#10490);
#3066=VERTEX_POINT('',#10491);
#3067=VERTEX_POINT('',#10496);
#3068=VERTEX_POINT('',#10497);
#3069=VERTEX_POINT('',#10502);
#3070=VERTEX_POINT('',#10503);
#3071=VERTEX_POINT('',#10508);
#3072=VERTEX_POINT('',#10509);
#3073=VERTEX_POINT('',#10514);
#3074=VERTEX_POINT('',#10515);
#3075=VERTEX_POINT('',#10520);
#3076=VERTEX_POINT('',#10521);
#3077=VERTEX_POINT('',#10526);
#3078=VERTEX_POINT('',#10527);
#3079=VERTEX_POINT('',#10529);
#3080=VERTEX_POINT('',#10531);
#3081=VERTEX_POINT('',#10535);
#3082=VERTEX_POINT('',#10536);
#3083=VERTEX_POINT('',#10538);
#3084=VERTEX_POINT('',#10540);
#3085=VERTEX_POINT('',#10544);
#3086=VERTEX_POINT('',#10549);
#3087=VERTEX_POINT('',#10556);
#3088=VERTEX_POINT('',#10557);
#3089=VERTEX_POINT('',#10559);
#3090=VERTEX_POINT('',#10561);
#3091=VERTEX_POINT('',#10565);
#3092=VERTEX_POINT('',#10570);
#3093=VERTEX_POINT('',#10577);
#3094=VERTEX_POINT('',#10578);
#3095=VERTEX_POINT('',#10580);
#3096=VERTEX_POINT('',#10582);
#3097=VERTEX_POINT('',#10586);
#3098=VERTEX_POINT('',#10591);
#3099=VERTEX_POINT('',#10598);
#3100=VERTEX_POINT('',#10599);
#3101=VERTEX_POINT('',#10601);
#3102=VERTEX_POINT('',#10603);
#3103=VERTEX_POINT('',#10607);
#3104=VERTEX_POINT('',#10612);
#3105=VERTEX_POINT('',#10619);
#3106=VERTEX_POINT('',#10620);
#3107=VERTEX_POINT('',#10622);
#3108=VERTEX_POINT('',#10624);
#3109=VERTEX_POINT('',#10628);
#3110=VERTEX_POINT('',#10633);
#3111=VERTEX_POINT('',#10640);
#3112=VERTEX_POINT('',#10641);
#3113=VERTEX_POINT('',#10643);
#3114=VERTEX_POINT('',#10645);
#3115=VERTEX_POINT('',#10649);
#3116=VERTEX_POINT('',#10654);
#3117=VERTEX_POINT('',#10661);
#3118=VERTEX_POINT('',#10662);
#3119=VERTEX_POINT('',#10664);
#3120=VERTEX_POINT('',#10666);
#3121=VERTEX_POINT('',#10670);
#3122=VERTEX_POINT('',#10675);
#3123=VERTEX_POINT('',#10682);
#3124=VERTEX_POINT('',#10683);
#3125=VERTEX_POINT('',#10685);
#3126=VERTEX_POINT('',#10687);
#3127=VERTEX_POINT('',#10691);
#3128=VERTEX_POINT('',#10696);
#3129=VERTEX_POINT('',#10703);
#3130=VERTEX_POINT('',#10704);
#3131=VERTEX_POINT('',#10706);
#3132=VERTEX_POINT('',#10708);
#3133=VERTEX_POINT('',#10712);
#3134=VERTEX_POINT('',#10714);
#3135=VERTEX_POINT('',#10718);
#3136=VERTEX_POINT('',#10719);
#3137=VERTEX_POINT('',#10721);
#3138=VERTEX_POINT('',#10723);
#3139=VERTEX_POINT('',#10727);
#3140=VERTEX_POINT('',#10729);
#3141=VERTEX_POINT('',#10733);
#3142=VERTEX_POINT('',#10734);
#3143=VERTEX_POINT('',#10736);
#3144=VERTEX_POINT('',#10738);
#3145=VERTEX_POINT('',#10742);
#3146=VERTEX_POINT('',#10743);
#3147=VERTEX_POINT('',#10745);
#3148=VERTEX_POINT('',#10747);
#3149=VERTEX_POINT('',#10751);
#3150=VERTEX_POINT('',#10752);
#3151=VERTEX_POINT('',#10757);
#3152=VERTEX_POINT('',#10761);
#3153=VERTEX_POINT('',#10764);
#3154=VERTEX_POINT('',#10768);
#3155=VERTEX_POINT('',#10772);
#3156=VERTEX_POINT('',#10773);
#3157=VERTEX_POINT('',#10778);
#3158=VERTEX_POINT('',#10781);
#3159=VERTEX_POINT('',#10785);
#3160=VERTEX_POINT('',#10789);
#3161=VERTEX_POINT('',#10793);
#3162=VERTEX_POINT('',#10794);
#3163=VERTEX_POINT('',#10796);
#3164=VERTEX_POINT('',#10798);
#3165=VERTEX_POINT('',#10802);
#3166=VERTEX_POINT('',#10803);
#3167=VERTEX_POINT('',#10805);
#3168=VERTEX_POINT('',#10807);
#3169=VERTEX_POINT('',#10811);
#3170=VERTEX_POINT('',#10812);
#3171=VERTEX_POINT('',#10814);
#3172=VERTEX_POINT('',#10816);
#3173=VERTEX_POINT('',#10820);
#3174=VERTEX_POINT('',#10821);
#3175=VERTEX_POINT('',#10823);
#3176=VERTEX_POINT('',#10825);
#3177=VERTEX_POINT('',#10829);
#3178=VERTEX_POINT('',#10830);
#3179=VERTEX_POINT('',#10832);
#3180=VERTEX_POINT('',#10834);
#3181=VERTEX_POINT('',#10838);
#3182=VERTEX_POINT('',#10840);
#3183=VERTEX_POINT('',#10844);
#3184=VERTEX_POINT('',#10846);
#3185=VERTEX_POINT('',#10850);
#3186=VERTEX_POINT('',#10852);
#3187=VERTEX_POINT('',#10856);
#3188=VERTEX_POINT('',#10858);
#3189=VERTEX_POINT('',#10862);
#3190=VERTEX_POINT('',#10864);
#3191=VERTEX_POINT('',#10868);
#3192=VERTEX_POINT('',#10869);
#3193=VERTEX_POINT('',#10871);
#3194=VERTEX_POINT('',#10873);
#3195=VERTEX_POINT('',#10877);
#3196=VERTEX_POINT('',#10879);
#3197=VERTEX_POINT('',#10883);
#3198=VERTEX_POINT('',#10885);
#3199=VERTEX_POINT('',#10889);
#3200=VERTEX_POINT('',#10893);
#3201=VERTEX_POINT('',#10895);
#3202=VERTEX_POINT('',#10899);
#3203=VERTEX_POINT('',#10903);
#3204=VERTEX_POINT('',#10904);
#3205=VERTEX_POINT('',#10906);
#3206=VERTEX_POINT('',#10908);
#3207=VERTEX_POINT('',#10915);
#3208=VERTEX_POINT('',#10920);
#3209=VERTEX_POINT('',#10924);
#3210=VERTEX_POINT('',#10925);
#3211=VERTEX_POINT('',#10927);
#3212=VERTEX_POINT('',#10929);
#3213=VERTEX_POINT('',#10933);
#3214=VERTEX_POINT('',#10935);
#3215=VERTEX_POINT('',#10939);
#3216=VERTEX_POINT('',#10941);
#3217=VERTEX_POINT('',#10945);
#3218=VERTEX_POINT('',#10947);
#3219=VERTEX_POINT('',#10951);
#3220=VERTEX_POINT('',#10953);
#3221=VERTEX_POINT('',#10957);
#3222=VERTEX_POINT('',#10958);
#3223=VERTEX_POINT('',#10962);
#3224=VERTEX_POINT('',#10964);
#3225=VERTEX_POINT('',#10970);
#3226=VERTEX_POINT('',#10971);
#3227=VERTEX_POINT('',#10975);
#3228=VERTEX_POINT('',#10977);
#3229=VERTEX_POINT('',#10983);
#3230=VERTEX_POINT('',#10985);
#3231=VERTEX_POINT('',#10989);
#3232=VERTEX_POINT('',#10993);
#3233=VERTEX_POINT('',#10997);
#3234=VERTEX_POINT('',#11001);
#3235=VERTEX_POINT('',#11005);
#3236=VERTEX_POINT('',#11009);
#3237=VERTEX_POINT('',#11011);
#3238=VERTEX_POINT('',#11015);
#3239=VERTEX_POINT('',#11019);
#3240=VERTEX_POINT('',#11023);
#3241=VERTEX_POINT('',#11029);
#3242=VERTEX_POINT('',#11030);
#3243=VERTEX_POINT('',#11032);
#3244=VERTEX_POINT('',#11034);
#3245=VERTEX_POINT('',#11038);
#3246=VERTEX_POINT('',#11039);
#3247=VERTEX_POINT('',#11041);
#3248=VERTEX_POINT('',#11043);
#3249=VERTEX_POINT('',#11047);
#3250=VERTEX_POINT('',#11048);
#3251=VERTEX_POINT('',#11050);
#3252=VERTEX_POINT('',#11052);
#3253=VERTEX_POINT('',#11056);
#3254=VERTEX_POINT('',#11057);
#3255=VERTEX_POINT('',#11059);
#3256=VERTEX_POINT('',#11061);
#3257=VERTEX_POINT('',#11065);
#3258=VERTEX_POINT('',#11066);
#3259=VERTEX_POINT('',#11068);
#3260=VERTEX_POINT('',#11070);
#3261=VERTEX_POINT('',#11074);
#3262=VERTEX_POINT('',#11075);
#3263=VERTEX_POINT('',#11077);
#3264=VERTEX_POINT('',#11079);
#3265=VERTEX_POINT('',#11083);
#3266=VERTEX_POINT('',#11084);
#3267=VERTEX_POINT('',#11086);
#3268=VERTEX_POINT('',#11088);
#3269=VERTEX_POINT('',#11092);
#3270=VERTEX_POINT('',#11093);
#3271=VERTEX_POINT('',#11095);
#3272=VERTEX_POINT('',#11097);
#3273=VERTEX_POINT('',#11101);
#3274=VERTEX_POINT('',#11102);
#3275=VERTEX_POINT('',#11104);
#3276=VERTEX_POINT('',#11106);
#3277=VERTEX_POINT('',#11110);
#3278=VERTEX_POINT('',#11111);
#3279=VERTEX_POINT('',#11113);
#3280=VERTEX_POINT('',#11115);
#3281=VERTEX_POINT('',#11119);
#3282=VERTEX_POINT('',#11120);
#3283=VERTEX_POINT('',#11122);
#3284=VERTEX_POINT('',#11124);
#3285=VERTEX_POINT('',#11128);
#3286=VERTEX_POINT('',#11129);
#3287=VERTEX_POINT('',#11131);
#3288=VERTEX_POINT('',#11133);
#3289=VERTEX_POINT('',#11137);
#3290=VERTEX_POINT('',#11138);
#3291=VERTEX_POINT('',#11140);
#3292=VERTEX_POINT('',#11142);
#3293=VERTEX_POINT('',#11146);
#3294=VERTEX_POINT('',#11147);
#3295=VERTEX_POINT('',#11149);
#3296=VERTEX_POINT('',#11151);
#3297=VERTEX_POINT('',#11155);
#3298=VERTEX_POINT('',#11156);
#3299=VERTEX_POINT('',#11158);
#3300=VERTEX_POINT('',#11160);
#3301=VERTEX_POINT('',#11164);
#3302=VERTEX_POINT('',#11165);
#3303=VERTEX_POINT('',#11167);
#3304=VERTEX_POINT('',#11169);
#3305=VERTEX_POINT('',#11173);
#3306=VERTEX_POINT('',#11174);
#3307=VERTEX_POINT('',#11176);
#3308=VERTEX_POINT('',#11178);
#3309=VERTEX_POINT('',#11182);
#3310=VERTEX_POINT('',#11183);
#3311=VERTEX_POINT('',#11185);
#3312=VERTEX_POINT('',#11187);
#3313=VERTEX_POINT('',#11191);
#3314=VERTEX_POINT('',#11193);
#3315=VERTEX_POINT('',#11197);
#3316=VERTEX_POINT('',#11199);
#3317=VERTEX_POINT('',#11203);
#3318=VERTEX_POINT('',#11204);
#3319=VERTEX_POINT('',#11206);
#3320=VERTEX_POINT('',#11208);
#3321=VERTEX_POINT('',#11210);
#3322=VERTEX_POINT('',#11212);
#3323=VERTEX_POINT('',#11216);
#3324=VERTEX_POINT('',#11281);
#3325=VERTEX_POINT('',#11283);
#3326=VERTEX_POINT('',#11285);
#3327=VERTEX_POINT('',#11287);
#3328=VERTEX_POINT('',#11354);
#3329=VERTEX_POINT('',#11358);
#3330=VERTEX_POINT('',#11360);
#3331=VERTEX_POINT('',#11364);
#3332=VERTEX_POINT('',#11365);
#3333=VERTEX_POINT('',#11367);
#3334=VERTEX_POINT('',#11371);
#3335=VERTEX_POINT('',#11372);
#3336=VERTEX_POINT('',#11374);
#3337=VERTEX_POINT('',#11378);
#3338=VERTEX_POINT('',#11380);
#3339=VERTEX_POINT('',#11384);
#3340=VERTEX_POINT('',#11386);
#3341=VERTEX_POINT('',#11390);
#3342=VERTEX_POINT('',#11455);
#3343=VERTEX_POINT('',#11457);
#3344=VERTEX_POINT('',#11459);
#3345=VERTEX_POINT('',#11526);
#3346=VERTEX_POINT('',#11527);
#3347=VERTEX_POINT('',#11529);
#3348=VERTEX_POINT('',#11532);
#3349=VERTEX_POINT('',#11536);
#3350=VERTEX_POINT('',#11537);
#3351=VERTEX_POINT('',#11547);
#3352=VERTEX_POINT('',#11548);
#3353=VERTEX_POINT('',#11550);
#3354=VERTEX_POINT('',#11554);
#3355=VERTEX_POINT('',#11555);
#3356=VERTEX_POINT('',#11557);
#3357=VERTEX_POINT('',#11561);
#3358=VERTEX_POINT('',#11563);
#3359=VERTEX_POINT('',#11567);
#3360=VERTEX_POINT('',#11569);
#3361=VERTEX_POINT('',#11573);
#3362=VERTEX_POINT('',#11638);
#3363=VERTEX_POINT('',#11640);
#3364=VERTEX_POINT('',#11642);
#3365=VERTEX_POINT('',#11644);
#3366=VERTEX_POINT('',#11711);
#3367=VERTEX_POINT('',#11715);
#3368=VERTEX_POINT('',#11717);
#3369=VERTEX_POINT('',#11721);
#3370=VERTEX_POINT('',#11723);
#3371=VERTEX_POINT('',#11727);
#3372=VERTEX_POINT('',#11728);
#3373=VERTEX_POINT('',#11730);
#3374=VERTEX_POINT('',#11732);
#3375=VERTEX_POINT('',#11734);
#3376=VERTEX_POINT('',#11736);
#3377=VERTEX_POINT('',#11740);
#3378=VERTEX_POINT('',#11741);
#3379=VERTEX_POINT('',#11807);
#3380=VERTEX_POINT('',#11872);
#3381=VERTEX_POINT('',#11874);
#3382=VERTEX_POINT('',#11878);
#3383=VERTEX_POINT('',#11882);
#3384=VERTEX_POINT('',#11884);
#3385=VERTEX_POINT('',#11888);
#3386=VERTEX_POINT('',#11889);
#3387=VERTEX_POINT('',#11897);
#3388=VERTEX_POINT('',#11899);
#3389=VERTEX_POINT('',#11903);
#3390=VERTEX_POINT('',#11904);
#3391=VERTEX_POINT('',#11906);
#3392=VERTEX_POINT('',#11908);
#3393=VERTEX_POINT('',#11912);
#3394=VERTEX_POINT('',#11914);
#3395=VERTEX_POINT('',#11918);
#3396=VERTEX_POINT('',#11920);
#3397=VERTEX_POINT('',#11924);
#3398=VERTEX_POINT('',#11925);
#3399=VERTEX_POINT('',#11927);
#3400=VERTEX_POINT('',#11929);
#3401=VERTEX_POINT('',#11933);
#3402=VERTEX_POINT('',#11934);
#3403=VERTEX_POINT('',#11936);
#3404=VERTEX_POINT('',#11938);
#3405=VERTEX_POINT('',#11942);
#3406=VERTEX_POINT('',#11943);
#3407=VERTEX_POINT('',#11948);
#3408=VERTEX_POINT('',#11950);
#3409=VERTEX_POINT('',#11954);
#3410=VERTEX_POINT('',#11958);
#3411=VERTEX_POINT('',#11962);
#3412=VERTEX_POINT('',#11964);
#3413=VERTEX_POINT('',#11968);
#3414=VERTEX_POINT('',#11972);
#3415=VERTEX_POINT('',#11976);
#3416=VERTEX_POINT('',#11980);
#3417=VERTEX_POINT('',#11984);
#3418=VERTEX_POINT('',#11986);
#3419=VERTEX_POINT('',#11988);
#3420=VERTEX_POINT('',#11990);
#3421=VERTEX_POINT('',#11992);
#3422=VERTEX_POINT('',#11996);
#3423=VERTEX_POINT('',#12000);
#3424=VERTEX_POINT('',#12004);
#3425=VERTEX_POINT('',#12008);
#3426=VERTEX_POINT('',#12012);
#3427=VERTEX_POINT('',#12016);
#3428=VERTEX_POINT('',#12018);
#3429=VERTEX_POINT('',#12022);
#3430=VERTEX_POINT('',#12023);
#3431=VERTEX_POINT('',#12028);
#3432=VERTEX_POINT('',#12032);
#3433=VERTEX_POINT('',#12036);
#3434=VERTEX_POINT('',#12038);
#3435=VERTEX_POINT('',#12040);
#3436=VERTEX_POINT('',#12042);
#3437=VERTEX_POINT('',#12044);
#3438=VERTEX_POINT('',#12046);
#3439=VERTEX_POINT('',#12048);
#3440=VERTEX_POINT('',#12050);
#3441=VERTEX_POINT('',#12052);
#3442=VERTEX_POINT('',#12054);
#3443=VERTEX_POINT('',#12058);
#3444=VERTEX_POINT('',#12059);
#3445=VERTEX_POINT('',#12061);
#3446=VERTEX_POINT('',#12065);
#3447=VERTEX_POINT('',#12066);
#3448=VERTEX_POINT('',#12068);
#3449=VERTEX_POINT('',#12070);
#3450=VERTEX_POINT('',#12072);
#3451=VERTEX_POINT('',#12074);
#3452=VERTEX_POINT('',#12079);
#3453=VERTEX_POINT('',#12080);
#3454=VERTEX_POINT('',#12082);
#3455=VERTEX_POINT('',#12084);
#3456=VERTEX_POINT('',#12088);
#3457=VERTEX_POINT('',#12090);
#3458=VERTEX_POINT('',#12094);
#3459=VERTEX_POINT('',#12096);
#3460=VERTEX_POINT('',#12100);
#3461=VERTEX_POINT('',#12101);
#3462=VERTEX_POINT('',#12106);
#3463=VERTEX_POINT('',#12110);
#3464=VERTEX_POINT('',#12116);
#3465=VERTEX_POINT('',#12117);
#3466=VERTEX_POINT('',#12122);
#3467=VERTEX_POINT('',#12126);
#3468=VERTEX_POINT('',#12132);
#3469=VERTEX_POINT('',#12133);
#3470=VERTEX_POINT('',#12138);
#3471=VERTEX_POINT('',#12142);
#3472=VERTEX_POINT('',#12148);
#3473=VERTEX_POINT('',#12149);
#3474=VERTEX_POINT('',#12154);
#3475=VERTEX_POINT('',#12158);
#3476=VERTEX_POINT('',#12164);
#3477=VERTEX_POINT('',#12165);
#3478=VERTEX_POINT('',#12170);
#3479=VERTEX_POINT('',#12174);
#3480=VERTEX_POINT('',#12180);
#3481=VERTEX_POINT('',#12181);
#3482=VERTEX_POINT('',#12186);
#3483=VERTEX_POINT('',#12190);
#3484=VERTEX_POINT('',#12196);
#3485=VERTEX_POINT('',#12197);
#3486=VERTEX_POINT('',#12202);
#3487=VERTEX_POINT('',#12206);
#3488=VERTEX_POINT('',#12212);
#3489=VERTEX_POINT('',#12213);
#3490=VERTEX_POINT('',#12218);
#3491=VERTEX_POINT('',#12222);
#3492=VERTEX_POINT('',#12228);
#3493=VERTEX_POINT('',#12229);
#3494=VERTEX_POINT('',#12234);
#3495=VERTEX_POINT('',#12238);
#3496=VERTEX_POINT('',#12244);
#3497=VERTEX_POINT('',#12245);
#3498=VERTEX_POINT('',#12250);
#3499=VERTEX_POINT('',#12254);
#3500=VERTEX_POINT('',#12260);
#3501=VERTEX_POINT('',#12261);
#3502=VERTEX_POINT('',#12266);
#3503=VERTEX_POINT('',#12270);
#3504=VERTEX_POINT('',#12276);
#3505=VERTEX_POINT('',#12277);
#3506=VERTEX_POINT('',#12282);
#3507=VERTEX_POINT('',#12286);
#3508=VERTEX_POINT('',#12292);
#3509=VERTEX_POINT('',#12293);
#3510=VERTEX_POINT('',#12298);
#3511=VERTEX_POINT('',#12302);
#3512=VERTEX_POINT('',#12308);
#3513=VERTEX_POINT('',#12309);
#3514=VERTEX_POINT('',#12314);
#3515=VERTEX_POINT('',#12318);
#3516=VERTEX_POINT('',#12324);
#3517=VERTEX_POINT('',#12325);
#3518=VERTEX_POINT('',#12330);
#3519=VERTEX_POINT('',#12334);
#3520=VERTEX_POINT('',#12340);
#3521=VERTEX_POINT('',#12341);
#3522=VERTEX_POINT('',#12346);
#3523=VERTEX_POINT('',#12350);
#3524=VERTEX_POINT('',#12356);
#3525=VERTEX_POINT('',#12357);
#3526=VERTEX_POINT('',#12362);
#3527=VERTEX_POINT('',#12366);
#3528=VERTEX_POINT('',#12372);
#3529=VERTEX_POINT('',#12373);
#3530=VERTEX_POINT('',#12378);
#3531=VERTEX_POINT('',#12382);
#3532=VERTEX_POINT('',#12388);
#3533=VERTEX_POINT('',#12390);
#3534=VERTEX_POINT('',#12394);
#3535=VERTEX_POINT('',#12398);
#3536=VERTEX_POINT('',#12402);
#3537=VERTEX_POINT('',#12406);
#3538=VERTEX_POINT('',#12410);
#3539=VERTEX_POINT('',#12414);
#3540=VERTEX_POINT('',#12418);
#3541=VERTEX_POINT('',#12422);
#3542=VERTEX_POINT('',#12426);
#3543=VERTEX_POINT('',#12430);
#3544=VERTEX_POINT('',#12434);
#3545=VERTEX_POINT('',#12439);
#3546=VERTEX_POINT('',#12443);
#3547=VERTEX_POINT('',#12447);
#3548=VERTEX_POINT('',#12453);
#3549=VERTEX_POINT('',#12455);
#3550=VERTEX_POINT('',#12459);
#3551=VERTEX_POINT('',#12464);
#3552=VERTEX_POINT('',#12468);
#3553=VERTEX_POINT('',#12472);
#3554=VERTEX_POINT('',#12476);
#3555=VERTEX_POINT('',#12480);
#3556=VERTEX_POINT('',#12484);
#3557=VERTEX_POINT('',#12488);
#3558=VERTEX_POINT('',#12492);
#3559=VERTEX_POINT('',#12496);
#3560=VERTEX_POINT('',#12500);
#3561=VERTEX_POINT('',#12504);
#3562=VERTEX_POINT('',#12508);
#3563=VERTEX_POINT('',#12512);
#3564=VERTEX_POINT('',#12518);
#3565=VERTEX_POINT('',#12520);
#3566=VERTEX_POINT('',#12524);
#3567=VERTEX_POINT('',#12526);
#3568=VERTEX_POINT('',#12528);
#3569=VERTEX_POINT('',#12532);
#3570=VERTEX_POINT('',#12534);
#3571=VERTEX_POINT('',#12538);
#3572=VERTEX_POINT('',#12540);
#3573=VERTEX_POINT('',#12544);
#3574=VERTEX_POINT('',#12546);
#3575=VERTEX_POINT('',#12548);
#3576=VERTEX_POINT('',#12550);
#3577=VERTEX_POINT('',#12554);
#3578=VERTEX_POINT('',#12555);
#3579=VERTEX_POINT('',#12560);
#3580=VERTEX_POINT('',#12561);
#3581=VERTEX_POINT('',#12563);
#3582=VERTEX_POINT('',#12565);
#3583=VERTEX_POINT('',#12569);
#3584=VERTEX_POINT('',#12571);
#3585=VERTEX_POINT('',#12575);
#3586=VERTEX_POINT('',#12577);
#3587=VERTEX_POINT('',#12579);
#3588=VERTEX_POINT('',#12581);
#3589=VERTEX_POINT('',#12583);
#3590=VERTEX_POINT('',#12587);
#3591=VERTEX_POINT('',#12588);
#3592=VERTEX_POINT('',#12592);
#3593=VERTEX_POINT('',#12593);
#3594=VERTEX_POINT('',#12600);
#3595=VERTEX_POINT('',#12602);
#3596=VERTEX_POINT('',#12606);
#3597=VERTEX_POINT('',#12610);
#3598=VERTEX_POINT('',#12614);
#3599=VERTEX_POINT('',#12618);
#3600=VERTEX_POINT('',#12622);
#3601=VERTEX_POINT('',#12627);
#3602=VERTEX_POINT('',#12631);
#3603=VERTEX_POINT('',#12636);
#3604=VERTEX_POINT('',#12640);
#3605=VERTEX_POINT('',#12644);
#3606=VERTEX_POINT('',#12648);
#3607=VERTEX_POINT('',#12649);
#3608=VERTEX_POINT('',#12651);
#3609=VERTEX_POINT('',#12656);
#3610=VERTEX_POINT('',#12658);
#3611=VERTEX_POINT('',#12662);
#3612=VERTEX_POINT('',#12667);
#3613=VERTEX_POINT('',#12671);
#3614=VERTEX_POINT('',#12675);
#3615=VERTEX_POINT('',#12679);
#3616=VERTEX_POINT('',#12685);
#3617=VERTEX_POINT('',#12686);
#3618=VERTEX_POINT('',#12688);
#3619=VERTEX_POINT('',#12692);
#3620=VERTEX_POINT('',#12693);
#3621=VERTEX_POINT('',#12701);
#3622=VERTEX_POINT('',#12702);
#3623=VERTEX_POINT('',#12707);
#3624=VERTEX_POINT('',#12711);
#3625=VERTEX_POINT('',#12715);
#3626=VERTEX_POINT('',#12719);
#3627=VERTEX_POINT('',#12723);
#3628=VERTEX_POINT('',#12724);
#3629=VERTEX_POINT('',#12730);
#3630=VERTEX_POINT('',#12749);
#3631=VERTEX_POINT('',#12765);
#3632=VERTEX_POINT('',#12769);
#3633=VERTEX_POINT('',#12773);
#3634=VERTEX_POINT('',#12777);
#3635=VERTEX_POINT('',#12781);
#3636=VERTEX_POINT('',#12792);
#3637=VERTEX_POINT('',#12812);
#3638=VERTEX_POINT('',#12819);
#3639=VERTEX_POINT('',#12823);
#3640=VERTEX_POINT('',#12827);
#3641=VERTEX_POINT('',#12831);
#3642=VERTEX_POINT('',#12835);
#3643=VERTEX_POINT('',#12839);
#3644=VERTEX_POINT('',#12843);
#3645=VERTEX_POINT('',#12844);
#3646=VERTEX_POINT('',#12852);
#3647=VERTEX_POINT('',#12854);
#3648=VERTEX_POINT('',#12858);
#3649=VERTEX_POINT('',#12860);
#3650=VERTEX_POINT('',#12864);
#3651=VERTEX_POINT('',#12865);
#3652=VERTEX_POINT('',#12870);
#3653=VERTEX_POINT('',#12871);
#3654=VERTEX_POINT('',#12873);
#3655=VERTEX_POINT('',#12876);
#3656=VERTEX_POINT('',#12880);
#3657=VERTEX_POINT('',#12881);
#3658=VERTEX_POINT('',#12891);
#3659=VERTEX_POINT('',#12893);
#3660=VERTEX_POINT('',#12897);
#3661=VERTEX_POINT('',#12898);
#3662=VERTEX_POINT('',#12903);
#3663=VERTEX_POINT('',#12905);
#3664=VERTEX_POINT('',#12907);
#3665=VERTEX_POINT('',#12909);
#3666=VERTEX_POINT('',#12911);
#3667=VERTEX_POINT('',#12915);
#3668=VERTEX_POINT('',#12917);
#3669=VERTEX_POINT('',#12919);
#3670=VERTEX_POINT('',#12921);
#3671=VERTEX_POINT('',#12923);
#3672=VERTEX_POINT('',#12925);
#3673=VERTEX_POINT('',#12927);
#3674=VERTEX_POINT('',#12929);
#3675=VERTEX_POINT('',#12933);
#3676=VERTEX_POINT('',#12935);
#3677=VERTEX_POINT('',#12939);
#3678=VERTEX_POINT('',#12943);
#3679=VERTEX_POINT('',#12947);
#3680=VERTEX_POINT('',#12951);
#3681=VERTEX_POINT('',#12955);
#3682=VERTEX_POINT('',#12959);
#3683=VERTEX_POINT('',#12963);
#3684=VERTEX_POINT('',#12967);
#3685=VERTEX_POINT('',#12971);
#3686=VERTEX_POINT('',#12975);
#3687=VERTEX_POINT('',#12987);
#3688=VERTEX_POINT('',#13022);
#3689=VERTEX_POINT('',#13026);
#3690=VERTEX_POINT('',#13028);
#3691=VERTEX_POINT('',#13032);
#3692=EDGE_CURVE('',#2980,#2981,#1144,.T.);
#3693=EDGE_CURVE('',#2980,#2982,#1145,.T.);
#3694=EDGE_CURVE('',#2983,#2982,#1146,.T.);
#3695=EDGE_CURVE('',#2981,#2983,#1147,.T.);
#3696=EDGE_CURVE('',#2984,#2985,#1148,.T.);
#3697=EDGE_CURVE('',#2986,#2984,#1149,.T.);
#3698=EDGE_CURVE('',#2987,#2986,#1150,.T.);
#3699=EDGE_CURVE('',#2987,#2988,#1151,.T.);
#3700=EDGE_CURVE('',#2989,#2988,#1152,.T.);
#3701=EDGE_CURVE('',#2989,#2990,#1153,.T.);
#3702=EDGE_CURVE('',#2991,#2990,#1154,.T.);
#3703=EDGE_CURVE('',#2992,#2991,#158,.F.);
#3704=EDGE_CURVE('',#2992,#2993,#1155,.F.);
#3705=EDGE_CURVE('',#2993,#2994,#159,.F.);
#3706=EDGE_CURVE('',#2995,#2994,#1156,.T.);
#3707=EDGE_CURVE('',#2995,#2996,#1157,.T.);
#3708=EDGE_CURVE('',#2996,#2997,#160,.F.);
#3709=EDGE_CURVE('',#2998,#2997,#161,.F.);
#3710=EDGE_CURVE('',#2985,#2998,#1158,.F.);
#3711=EDGE_CURVE('',#2999,#2981,#1159,.T.);
#3712=EDGE_CURVE('',#2999,#3000,#1160,.T.);
#3713=EDGE_CURVE('',#3000,#3001,#1161,.T.);
#3714=EDGE_CURVE('',#3001,#3002,#1162,.T.);
#3715=EDGE_CURVE('',#3002,#3003,#1163,.T.);
#3716=EDGE_CURVE('',#3003,#3004,#1164,.T.);
#3717=EDGE_CURVE('',#3004,#2980,#1165,.T.);
#3718=EDGE_CURVE('',#3005,#3006,#162,.T.);
#3719=EDGE_CURVE('',#3007,#3005,#1166,.T.);
#3720=EDGE_CURVE('',#3008,#3007,#163,.T.);
#3721=EDGE_CURVE('',#3006,#3008,#1167,.T.);
#3722=EDGE_CURVE('',#3009,#3004,#1168,.T.);
#3723=EDGE_CURVE('',#3009,#3010,#1169,.T.);
#3724=EDGE_CURVE('',#2982,#3010,#1170,.T.);
#3725=EDGE_CURVE('',#3011,#2983,#1171,.T.);
#3726=EDGE_CURVE('',#3012,#3011,#1172,.T.);
#3727=EDGE_CURVE('',#3012,#2999,#1173,.T.);
#3728=EDGE_CURVE('',#3013,#3014,#164,.T.);
#3729=EDGE_CURVE('',#3013,#3015,#1174,.T.);
#3730=EDGE_CURVE('',#3015,#3016,#165,.T.);
#3731=EDGE_CURVE('',#3014,#3016,#1175,.T.);
#3732=EDGE_CURVE('',#3017,#3013,#1176,.T.);
#3733=EDGE_CURVE('',#3017,#3018,#1177,.T.);
#3734=EDGE_CURVE('',#3018,#3015,#1178,.T.);
#3735=EDGE_CURVE('',#3019,#3020,#166,.T.);
#3736=EDGE_CURVE('',#3019,#3021,#1179,.T.);
#3737=EDGE_CURVE('',#3021,#3022,#167,.T.);
#3738=EDGE_CURVE('',#3020,#3022,#1180,.T.);
#3739=EDGE_CURVE('',#3023,#3019,#1181,.T.);
#3740=EDGE_CURVE('',#3023,#3024,#1182,.T.);
#3741=EDGE_CURVE('',#3024,#3021,#1183,.T.);
#3742=EDGE_CURVE('',#3025,#3026,#168,.T.);
#3743=EDGE_CURVE('',#3025,#3027,#1184,.T.);
#3744=EDGE_CURVE('',#3027,#3028,#169,.T.);
#3745=EDGE_CURVE('',#3026,#3028,#1185,.T.);
#3746=EDGE_CURVE('',#3029,#3025,#1186,.T.);
#3747=EDGE_CURVE('',#3029,#3030,#1187,.T.);
#3748=EDGE_CURVE('',#3030,#3027,#1188,.T.);
#3749=EDGE_CURVE('',#3031,#3032,#170,.T.);
#3750=EDGE_CURVE('',#3031,#3033,#1189,.T.);
#3751=EDGE_CURVE('',#3033,#3034,#171,.T.);
#3752=EDGE_CURVE('',#3032,#3034,#1190,.T.);
#3753=EDGE_CURVE('',#3035,#3031,#1191,.T.);
#3754=EDGE_CURVE('',#3035,#3036,#1192,.T.);
#3755=EDGE_CURVE('',#3036,#3033,#1193,.T.);
#3756=EDGE_CURVE('',#3037,#3038,#172,.T.);
#3757=EDGE_CURVE('',#3037,#3039,#1194,.T.);
#3758=EDGE_CURVE('',#3039,#3040,#173,.T.);
#3759=EDGE_CURVE('',#3038,#3040,#1195,.T.);
#3760=EDGE_CURVE('',#3041,#3037,#1196,.T.);
#3761=EDGE_CURVE('',#3041,#3042,#1197,.T.);
#3762=EDGE_CURVE('',#3042,#3039,#1198,.T.);
#3763=EDGE_CURVE('',#3043,#3044,#174,.T.);
#3764=EDGE_CURVE('',#3043,#3045,#1199,.T.);
#3765=EDGE_CURVE('',#3045,#3046,#175,.T.);
#3766=EDGE_CURVE('',#3044,#3046,#1200,.T.);
#3767=EDGE_CURVE('',#3047,#3043,#1201,.T.);
#3768=EDGE_CURVE('',#3047,#3048,#1202,.T.);
#3769=EDGE_CURVE('',#3048,#3045,#1203,.T.);
#3770=EDGE_CURVE('',#3049,#3050,#176,.T.);
#3771=EDGE_CURVE('',#3049,#3051,#1204,.T.);
#3772=EDGE_CURVE('',#3051,#3052,#177,.T.);
#3773=EDGE_CURVE('',#3050,#3052,#1205,.T.);
#3774=EDGE_CURVE('',#3053,#3049,#1206,.T.);
#3775=EDGE_CURVE('',#3053,#3054,#1207,.T.);
#3776=EDGE_CURVE('',#3054,#3051,#1208,.T.);
#3777=EDGE_CURVE('',#3055,#3056,#178,.T.);
#3778=EDGE_CURVE('',#3055,#3057,#1209,.T.);
#3779=EDGE_CURVE('',#3057,#3058,#179,.T.);
#3780=EDGE_CURVE('',#3056,#3058,#1210,.T.);
#3781=EDGE_CURVE('',#3059,#3055,#1211,.T.);
#3782=EDGE_CURVE('',#3059,#3060,#1212,.T.);
#3783=EDGE_CURVE('',#3060,#3057,#1213,.T.);
#3784=EDGE_CURVE('',#3061,#3062,#1214,.T.);
#3785=EDGE_CURVE('',#3061,#3018,#180,.T.);
#3786=EDGE_CURVE('',#3062,#3017,#181,.T.);
#3787=EDGE_CURVE('',#3063,#3064,#1215,.T.);
#3788=EDGE_CURVE('',#3063,#3024,#182,.T.);
#3789=EDGE_CURVE('',#3064,#3023,#183,.T.);
#3790=EDGE_CURVE('',#3065,#3066,#1216,.T.);
#3791=EDGE_CURVE('',#3065,#3030,#184,.T.);
#3792=EDGE_CURVE('',#3066,#3029,#185,.T.);
#3793=EDGE_CURVE('',#3067,#3068,#1217,.T.);
#3794=EDGE_CURVE('',#3067,#3036,#186,.T.);
#3795=EDGE_CURVE('',#3068,#3035,#187,.T.);
#3796=EDGE_CURVE('',#3069,#3070,#1218,.T.);
#3797=EDGE_CURVE('',#3069,#3042,#188,.T.);
#3798=EDGE_CURVE('',#3070,#3041,#189,.T.);
#3799=EDGE_CURVE('',#3071,#3072,#1219,.T.);
#3800=EDGE_CURVE('',#3071,#3048,#190,.T.);
#3801=EDGE_CURVE('',#3072,#3047,#191,.T.);
#3802=EDGE_CURVE('',#3073,#3074,#1220,.T.);
#3803=EDGE_CURVE('',#3073,#3054,#192,.T.);
#3804=EDGE_CURVE('',#3074,#3053,#193,.T.);
#3805=EDGE_CURVE('',#3075,#3076,#1221,.T.);
#3806=EDGE_CURVE('',#3075,#3060,#194,.T.);
#3807=EDGE_CURVE('',#3076,#3059,#195,.T.);
#3808=EDGE_CURVE('',#3077,#3078,#1222,.T.);
#3809=EDGE_CURVE('',#3078,#3079,#1223,.T.);
#3810=EDGE_CURVE('',#3079,#3080,#1224,.T.);
#3811=EDGE_CURVE('',#3080,#3077,#1225,.T.);
#3812=EDGE_CURVE('',#3081,#3082,#1226,.T.);
#3813=EDGE_CURVE('',#3081,#3083,#1227,.T.);
#3814=EDGE_CURVE('',#3083,#3084,#1228,.T.);
#3815=EDGE_CURVE('',#3082,#3084,#1229,.T.);
#3816=EDGE_CURVE('',#3081,#3085,#1230,.T.);
#3817=EDGE_CURVE('',#3016,#3085,#1231,.T.);
#3818=EDGE_CURVE('',#3083,#3061,#1232,.T.);
#3819=EDGE_CURVE('',#3085,#3086,#1233,.T.);
#3820=EDGE_CURVE('',#3014,#3086,#1234,.T.);
#3821=EDGE_CURVE('',#3082,#3086,#1235,.T.);
#3822=EDGE_CURVE('',#3084,#3062,#1236,.T.);
#3823=EDGE_CURVE('',#3087,#3088,#1237,.T.);
#3824=EDGE_CURVE('',#3087,#3089,#1238,.T.);
#3825=EDGE_CURVE('',#3089,#3090,#1239,.T.);
#3826=EDGE_CURVE('',#3088,#3090,#1240,.T.);
#3827=EDGE_CURVE('',#3087,#3091,#1241,.T.);
#3828=EDGE_CURVE('',#3022,#3091,#1242,.T.);
#3829=EDGE_CURVE('',#3089,#3063,#1243,.T.);
#3830=EDGE_CURVE('',#3091,#3092,#1244,.T.);
#3831=EDGE_CURVE('',#3020,#3092,#1245,.T.);
#3832=EDGE_CURVE('',#3088,#3092,#1246,.T.);
#3833=EDGE_CURVE('',#3090,#3064,#1247,.T.);
#3834=EDGE_CURVE('',#3093,#3094,#1248,.T.);
#3835=EDGE_CURVE('',#3093,#3095,#1249,.T.);
#3836=EDGE_CURVE('',#3095,#3096,#1250,.T.);
#3837=EDGE_CURVE('',#3094,#3096,#1251,.T.);
#3838=EDGE_CURVE('',#3093,#3097,#1252,.T.);
#3839=EDGE_CURVE('',#3028,#3097,#1253,.T.);
#3840=EDGE_CURVE('',#3095,#3065,#1254,.T.);
#3841=EDGE_CURVE('',#3097,#3098,#1255,.T.);
#3842=EDGE_CURVE('',#3026,#3098,#1256,.T.);
#3843=EDGE_CURVE('',#3094,#3098,#1257,.T.);
#3844=EDGE_CURVE('',#3096,#3066,#1258,.T.);
#3845=EDGE_CURVE('',#3099,#3100,#1259,.T.);
#3846=EDGE_CURVE('',#3099,#3101,#1260,.T.);
#3847=EDGE_CURVE('',#3101,#3102,#1261,.T.);
#3848=EDGE_CURVE('',#3100,#3102,#1262,.T.);
#3849=EDGE_CURVE('',#3099,#3103,#1263,.T.);
#3850=EDGE_CURVE('',#3034,#3103,#1264,.T.);
#3851=EDGE_CURVE('',#3101,#3067,#1265,.T.);
#3852=EDGE_CURVE('',#3103,#3104,#1266,.T.);
#3853=EDGE_CURVE('',#3032,#3104,#1267,.T.);
#3854=EDGE_CURVE('',#3100,#3104,#1268,.T.);
#3855=EDGE_CURVE('',#3102,#3068,#1269,.T.);
#3856=EDGE_CURVE('',#3105,#3106,#1270,.T.);
#3857=EDGE_CURVE('',#3105,#3107,#1271,.T.);
#3858=EDGE_CURVE('',#3107,#3108,#1272,.T.);
#3859=EDGE_CURVE('',#3106,#3108,#1273,.T.);
#3860=EDGE_CURVE('',#3105,#3109,#1274,.T.);
#3861=EDGE_CURVE('',#3040,#3109,#1275,.T.);
#3862=EDGE_CURVE('',#3107,#3069,#1276,.T.);
#3863=EDGE_CURVE('',#3109,#3110,#1277,.T.);
#3864=EDGE_CURVE('',#3038,#3110,#1278,.T.);
#3865=EDGE_CURVE('',#3106,#3110,#1279,.T.);
#3866=EDGE_CURVE('',#3108,#3070,#1280,.T.);
#3867=EDGE_CURVE('',#3111,#3112,#1281,.T.);
#3868=EDGE_CURVE('',#3111,#3113,#1282,.T.);
#3869=EDGE_CURVE('',#3113,#3114,#1283,.T.);
#3870=EDGE_CURVE('',#3112,#3114,#1284,.T.);
#3871=EDGE_CURVE('',#3111,#3115,#1285,.T.);
#3872=EDGE_CURVE('',#3046,#3115,#1286,.T.);
#3873=EDGE_CURVE('',#3113,#3071,#1287,.T.);
#3874=EDGE_CURVE('',#3115,#3116,#1288,.T.);
#3875=EDGE_CURVE('',#3044,#3116,#1289,.T.);
#3876=EDGE_CURVE('',#3112,#3116,#1290,.T.);
#3877=EDGE_CURVE('',#3114,#3072,#1291,.T.);
#3878=EDGE_CURVE('',#3117,#3118,#1292,.T.);
#3879=EDGE_CURVE('',#3117,#3119,#1293,.T.);
#3880=EDGE_CURVE('',#3119,#3120,#1294,.T.);
#3881=EDGE_CURVE('',#3118,#3120,#1295,.T.);
#3882=EDGE_CURVE('',#3117,#3121,#1296,.T.);
#3883=EDGE_CURVE('',#3052,#3121,#1297,.T.);
#3884=EDGE_CURVE('',#3119,#3073,#1298,.T.);
#3885=EDGE_CURVE('',#3121,#3122,#1299,.T.);
#3886=EDGE_CURVE('',#3050,#3122,#1300,.T.);
#3887=EDGE_CURVE('',#3118,#3122,#1301,.T.);
#3888=EDGE_CURVE('',#3120,#3074,#1302,.T.);
#3889=EDGE_CURVE('',#3123,#3124,#1303,.T.);
#3890=EDGE_CURVE('',#3123,#3125,#1304,.T.);
#3891=EDGE_CURVE('',#3125,#3126,#1305,.T.);
#3892=EDGE_CURVE('',#3124,#3126,#1306,.T.);
#3893=EDGE_CURVE('',#3123,#3127,#1307,.T.);
#3894=EDGE_CURVE('',#3058,#3127,#1308,.T.);
#3895=EDGE_CURVE('',#3125,#3075,#1309,.T.);
#3896=EDGE_CURVE('',#3127,#3128,#1310,.T.);
#3897=EDGE_CURVE('',#3056,#3128,#1311,.T.);
#3898=EDGE_CURVE('',#3124,#3128,#1312,.T.);
#3899=EDGE_CURVE('',#3126,#3076,#1313,.T.);
#3900=EDGE_CURVE('',#3129,#3130,#1314,.T.);
#3901=EDGE_CURVE('',#3129,#3131,#1315,.T.);
#3902=EDGE_CURVE('',#3132,#3131,#1316,.T.);
#3903=EDGE_CURVE('',#3130,#3132,#1317,.T.);
#3904=EDGE_CURVE('',#3133,#3077,#1318,.T.);
#3905=EDGE_CURVE('',#3133,#3134,#1319,.T.);
#3906=EDGE_CURVE('',#3134,#3078,#1320,.T.);
#3907=EDGE_CURVE('',#3135,#3136,#1321,.T.);
#3908=EDGE_CURVE('',#3137,#3135,#1322,.T.);
#3909=EDGE_CURVE('',#3138,#3137,#1323,.T.);
#3910=EDGE_CURVE('',#3138,#3136,#1324,.T.);
#3911=EDGE_CURVE('',#3139,#3135,#1325,.T.);
#3912=EDGE_CURVE('',#3140,#3136,#1326,.T.);
#3913=EDGE_CURVE('',#3140,#3139,#1327,.T.);
#3914=EDGE_CURVE('',#3141,#3142,#1328,.T.);
#3915=EDGE_CURVE('',#3141,#3143,#1329,.T.);
#3916=EDGE_CURVE('',#3143,#3144,#1330,.T.);
#3917=EDGE_CURVE('',#3142,#3144,#1331,.T.);
#3918=EDGE_CURVE('',#3145,#3146,#1332,.T.);
#3919=EDGE_CURVE('',#3147,#3146,#1333,.T.);
#3920=EDGE_CURVE('',#3148,#3147,#1334,.T.);
#3921=EDGE_CURVE('',#3145,#3148,#1335,.T.);
#3922=EDGE_CURVE('',#3149,#3150,#1336,.T.);
#3923=EDGE_CURVE('',#3149,#3148,#1337,.T.);
#3924=EDGE_CURVE('',#3150,#3147,#1338,.T.);
#3925=EDGE_CURVE('',#3151,#3149,#1339,.T.);
#3926=EDGE_CURVE('',#3151,#3145,#1340,.T.);
#3927=EDGE_CURVE('',#3152,#3151,#1341,.T.);
#3928=EDGE_CURVE('',#3152,#3079,#1342,.T.);
#3929=EDGE_CURVE('',#3134,#3153,#1343,.T.);
#3930=EDGE_CURVE('',#3146,#3153,#1344,.T.);
#3931=EDGE_CURVE('',#3154,#3152,#1345,.T.);
#3932=EDGE_CURVE('',#3154,#3080,#1346,.T.);
#3933=EDGE_CURVE('',#3155,#3156,#1347,.T.);
#3934=EDGE_CURVE('',#3155,#3139,#1348,.T.);
#3935=EDGE_CURVE('',#3156,#3140,#1349,.T.);
#3936=EDGE_CURVE('',#3157,#3155,#1350,.T.);
#3937=EDGE_CURVE('',#3157,#3141,#1351,.T.);
#3938=EDGE_CURVE('',#3158,#3142,#1352,.T.);
#3939=EDGE_CURVE('',#3137,#3158,#1353,.T.);
#3940=EDGE_CURVE('',#3159,#3157,#1354,.T.);
#3941=EDGE_CURVE('',#3159,#3143,#1355,.T.);
#3942=EDGE_CURVE('',#3160,#3159,#1356,.T.);
#3943=EDGE_CURVE('',#3144,#3160,#1357,.T.);
#3944=EDGE_CURVE('',#3161,#3162,#1358,.T.);
#3945=EDGE_CURVE('',#3161,#3163,#1359,.T.);
#3946=EDGE_CURVE('',#3163,#3164,#196,.T.);
#3947=EDGE_CURVE('',#3162,#3164,#1360,.T.);
#3948=EDGE_CURVE('',#3165,#3166,#1361,.T.);
#3949=EDGE_CURVE('',#3165,#3167,#1362,.T.);
#3950=EDGE_CURVE('',#3168,#3167,#197,.T.);
#3951=EDGE_CURVE('',#3166,#3168,#1363,.T.);
#3952=EDGE_CURVE('',#3169,#3170,#1364,.T.);
#3953=EDGE_CURVE('',#3171,#3169,#1365,.T.);
#3954=EDGE_CURVE('',#3171,#3172,#198,.T.);
#3955=EDGE_CURVE('',#3170,#3172,#1366,.T.);
#3956=EDGE_CURVE('',#3173,#3174,#1367,.T.);
#3957=EDGE_CURVE('',#3175,#3173,#1368,.T.);
#3958=EDGE_CURVE('',#3176,#3175,#199,.T.);
#3959=EDGE_CURVE('',#3174,#3176,#1369,.T.);
#3960=EDGE_CURVE('',#3177,#3178,#200,.T.);
#3961=EDGE_CURVE('',#3178,#3179,#1370,.T.);
#3962=EDGE_CURVE('',#3180,#3179,#201,.T.);
#3963=EDGE_CURVE('',#3177,#3180,#1371,.T.);
#3964=EDGE_CURVE('',#3181,#3177,#1372,.T.);
#3965=EDGE_CURVE('',#3182,#3180,#1373,.T.);
#3966=EDGE_CURVE('',#3181,#3182,#1374,.T.);
#3967=EDGE_CURVE('',#3183,#3181,#1375,.T.);
#3968=EDGE_CURVE('',#3184,#3182,#1376,.T.);
#3969=EDGE_CURVE('',#3183,#3184,#1377,.T.);
#3970=EDGE_CURVE('',#3185,#3183,#1378,.T.);
#3971=EDGE_CURVE('',#3186,#3184,#1379,.T.);
#3972=EDGE_CURVE('',#3185,#3186,#1380,.T.);
#3973=EDGE_CURVE('',#3187,#3185,#202,.T.);
#3974=EDGE_CURVE('',#3188,#3186,#203,.T.);
#3975=EDGE_CURVE('',#3187,#3188,#1381,.T.);
#3976=EDGE_CURVE('',#3189,#3154,#1382,.T.);
#3977=EDGE_CURVE('',#3190,#3189,#1383,.T.);
#3978=EDGE_CURVE('',#3133,#3190,#1384,.T.);
#3979=EDGE_CURVE('',#3191,#3192,#1385,.T.);
#3980=EDGE_CURVE('',#3192,#3193,#1386,.T.);
#3981=EDGE_CURVE('',#3194,#3193,#1387,.T.);
#3982=EDGE_CURVE('',#3191,#3194,#1388,.T.);
#3983=EDGE_CURVE('',#3130,#3195,#1389,.T.);
#3984=EDGE_CURVE('',#3196,#3132,#1390,.T.);
#3985=EDGE_CURVE('',#3196,#3195,#1391,.T.);
#3986=EDGE_CURVE('',#3195,#3197,#1392,.T.);
#3987=EDGE_CURVE('',#3198,#3197,#1393,.T.);
#3988=EDGE_CURVE('',#3130,#3198,#1394,.T.);
#3989=EDGE_CURVE('',#3199,#3198,#1395,.T.);
#3990=EDGE_CURVE('',#3129,#3199,#1396,.T.);
#3991=EDGE_CURVE('',#3200,#3199,#1397,.T.);
#3992=EDGE_CURVE('',#3201,#3200,#1398,.T.);
#3993=EDGE_CURVE('',#3201,#3129,#1399,.T.);
#3994=EDGE_CURVE('',#3202,#3201,#1400,.T.);
#3995=EDGE_CURVE('',#3131,#3202,#1401,.T.);
#3996=EDGE_CURVE('',#3203,#3204,#1402,.T.);
#3997=EDGE_CURVE('',#3204,#3205,#1403,.T.);
#3998=EDGE_CURVE('',#3206,#3205,#1404,.T.);
#3999=EDGE_CURVE('',#3203,#3206,#1405,.T.);
#4000=EDGE_CURVE('',#3190,#3194,#1406,.T.);
#4001=EDGE_CURVE('',#3193,#3196,#1407,.T.);
#4002=EDGE_CURVE('',#3202,#3206,#1408,.T.);
#4003=EDGE_CURVE('',#3205,#3207,#1409,.T.);
#4004=EDGE_CURVE('',#3207,#3138,#1410,.T.);
#4005=EDGE_CURVE('',#3153,#3158,#1411,.T.);
#4006=EDGE_CURVE('',#3156,#3208,#1412,.T.);
#4007=EDGE_CURVE('',#3207,#3208,#1413,.T.);
#4008=EDGE_CURVE('',#3209,#3210,#204,.T.);
#4009=EDGE_CURVE('',#3210,#3211,#1414,.T.);
#4010=EDGE_CURVE('',#3212,#3211,#205,.T.);
#4011=EDGE_CURVE('',#3209,#3212,#1415,.T.);
#4012=EDGE_CURVE('',#3213,#3209,#1416,.T.);
#4013=EDGE_CURVE('',#3214,#3212,#1417,.T.);
#4014=EDGE_CURVE('',#3213,#3214,#1418,.T.);
#4015=EDGE_CURVE('',#3215,#3213,#1419,.T.);
#4016=EDGE_CURVE('',#3216,#3214,#1420,.T.);
#4017=EDGE_CURVE('',#3215,#3216,#1421,.T.);
#4018=EDGE_CURVE('',#3217,#3215,#1422,.T.);
#4019=EDGE_CURVE('',#3218,#3216,#1423,.T.);
#4020=EDGE_CURVE('',#3217,#3218,#1424,.T.);
#4021=EDGE_CURVE('',#3219,#3217,#206,.T.);
#4022=EDGE_CURVE('',#3220,#3218,#207,.T.);
#4023=EDGE_CURVE('',#3219,#3220,#1425,.T.);
#4024=EDGE_CURVE('',#3221,#3222,#1426,.T.);
#4025=EDGE_CURVE('',#3221,#3222,#208,.T.);
#4026=EDGE_CURVE('',#3221,#3223,#1427,.T.);
#4027=EDGE_CURVE('',#3222,#3224,#1428,.T.);
#4028=EDGE_CURVE('',#3223,#3224,#209,.T.);
#4029=EDGE_CURVE('',#3223,#3224,#1429,.T.);
#4030=EDGE_CURVE('',#3225,#3226,#1430,.T.);
#4031=EDGE_CURVE('',#3226,#3225,#210,.T.);
#4032=EDGE_CURVE('',#3226,#3227,#1431,.T.);
#4033=EDGE_CURVE('',#3225,#3228,#1432,.T.);
#4034=EDGE_CURVE('',#3227,#3228,#211,.T.);
#4035=EDGE_CURVE('',#3228,#3227,#1433,.T.);
#4036=EDGE_CURVE('',#3160,#3229,#1434,.T.);
#4037=EDGE_CURVE('',#3230,#3229,#1435,.T.);
#4038=EDGE_CURVE('',#3230,#3150,#1436,.T.);
#4039=EDGE_CURVE('',#3231,#3230,#1437,.T.);
#4040=EDGE_CURVE('',#3149,#3231,#1438,.T.);
#4041=EDGE_CURVE('',#3232,#3231,#1439,.T.);
#4042=EDGE_CURVE('',#3151,#3232,#1440,.T.);
#4043=EDGE_CURVE('',#3233,#3232,#1441,.T.);
#4044=EDGE_CURVE('',#3152,#3233,#1442,.T.);
#4045=EDGE_CURVE('',#3234,#3233,#1443,.T.);
#4046=EDGE_CURVE('',#3154,#3234,#1444,.T.);
#4047=EDGE_CURVE('',#3235,#3234,#1445,.T.);
#4048=EDGE_CURVE('',#3189,#3235,#1446,.T.);
#4049=EDGE_CURVE('',#3208,#3236,#1447,.T.);
#4050=EDGE_CURVE('',#3237,#3236,#1448,.T.);
#4051=EDGE_CURVE('',#3156,#3237,#1449,.T.);
#4052=EDGE_CURVE('',#3238,#3237,#1450,.T.);
#4053=EDGE_CURVE('',#3155,#3238,#1451,.T.);
#4054=EDGE_CURVE('',#3239,#3238,#1452,.T.);
#4055=EDGE_CURVE('',#3157,#3239,#1453,.T.);
#4056=EDGE_CURVE('',#3240,#3239,#1454,.T.);
#4057=EDGE_CURVE('',#3159,#3240,#1455,.T.);
#4058=EDGE_CURVE('',#3229,#3240,#1456,.T.);
#4059=EDGE_CURVE('',#3241,#3242,#1457,.T.);
#4060=EDGE_CURVE('',#3242,#3243,#1458,.T.);
#4061=EDGE_CURVE('',#3243,#3244,#1459,.T.);
#4062=EDGE_CURVE('',#3244,#3241,#1460,.T.);
#4063=EDGE_CURVE('',#3245,#3246,#1461,.T.);
#4064=EDGE_CURVE('',#3246,#3247,#1462,.T.);
#4065=EDGE_CURVE('',#3247,#3248,#1463,.T.);
#4066=EDGE_CURVE('',#3248,#3245,#1464,.T.);
#4067=EDGE_CURVE('',#3249,#3250,#1465,.T.);
#4068=EDGE_CURVE('',#3250,#3251,#1466,.T.);
#4069=EDGE_CURVE('',#3251,#3252,#1467,.T.);
#4070=EDGE_CURVE('',#3252,#3249,#1468,.T.);
#4071=EDGE_CURVE('',#3253,#3254,#1469,.T.);
#4072=EDGE_CURVE('',#3254,#3255,#1470,.T.);
#4073=EDGE_CURVE('',#3255,#3256,#1471,.T.);
#4074=EDGE_CURVE('',#3256,#3253,#1472,.T.);
#4075=EDGE_CURVE('',#3257,#3258,#1473,.T.);
#4076=EDGE_CURVE('',#3258,#3259,#1474,.T.);
#4077=EDGE_CURVE('',#3259,#3260,#1475,.T.);
#4078=EDGE_CURVE('',#3260,#3257,#1476,.T.);
#4079=EDGE_CURVE('',#3261,#3262,#1477,.T.);
#4080=EDGE_CURVE('',#3262,#3263,#1478,.T.);
#4081=EDGE_CURVE('',#3263,#3264,#1479,.T.);
#4082=EDGE_CURVE('',#3264,#3261,#1480,.T.);
#4083=EDGE_CURVE('',#3265,#3266,#1481,.T.);
#4084=EDGE_CURVE('',#3266,#3267,#1482,.T.);
#4085=EDGE_CURVE('',#3267,#3268,#1483,.T.);
#4086=EDGE_CURVE('',#3268,#3265,#1484,.T.);
#4087=EDGE_CURVE('',#3269,#3270,#1485,.T.);
#4088=EDGE_CURVE('',#3270,#3271,#1486,.T.);
#4089=EDGE_CURVE('',#3271,#3272,#1487,.T.);
#4090=EDGE_CURVE('',#3272,#3269,#1488,.T.);
#4091=EDGE_CURVE('',#3273,#3274,#1489,.T.);
#4092=EDGE_CURVE('',#3274,#3275,#1490,.T.);
#4093=EDGE_CURVE('',#3275,#3276,#1491,.T.);
#4094=EDGE_CURVE('',#3276,#3273,#1492,.T.);
#4095=EDGE_CURVE('',#3277,#3278,#1493,.T.);
#4096=EDGE_CURVE('',#3278,#3279,#1494,.T.);
#4097=EDGE_CURVE('',#3279,#3280,#1495,.T.);
#4098=EDGE_CURVE('',#3280,#3277,#1496,.T.);
#4099=EDGE_CURVE('',#3281,#3282,#1497,.T.);
#4100=EDGE_CURVE('',#3282,#3283,#1498,.T.);
#4101=EDGE_CURVE('',#3283,#3284,#1499,.T.);
#4102=EDGE_CURVE('',#3284,#3281,#1500,.T.);
#4103=EDGE_CURVE('',#3285,#3286,#1501,.T.);
#4104=EDGE_CURVE('',#3286,#3287,#1502,.T.);
#4105=EDGE_CURVE('',#3287,#3288,#1503,.T.);
#4106=EDGE_CURVE('',#3288,#3285,#1504,.T.);
#4107=EDGE_CURVE('',#3289,#3290,#1505,.T.);
#4108=EDGE_CURVE('',#3290,#3291,#1506,.T.);
#4109=EDGE_CURVE('',#3291,#3292,#1507,.T.);
#4110=EDGE_CURVE('',#3292,#3289,#1508,.T.);
#4111=EDGE_CURVE('',#3293,#3294,#1509,.T.);
#4112=EDGE_CURVE('',#3294,#3295,#1510,.T.);
#4113=EDGE_CURVE('',#3295,#3296,#1511,.T.);
#4114=EDGE_CURVE('',#3296,#3293,#1512,.T.);
#4115=EDGE_CURVE('',#3297,#3298,#1513,.T.);
#4116=EDGE_CURVE('',#3298,#3299,#1514,.T.);
#4117=EDGE_CURVE('',#3299,#3300,#1515,.T.);
#4118=EDGE_CURVE('',#3300,#3297,#1516,.T.);
#4119=EDGE_CURVE('',#3301,#3302,#1517,.T.);
#4120=EDGE_CURVE('',#3302,#3303,#1518,.T.);
#4121=EDGE_CURVE('',#3303,#3304,#1519,.T.);
#4122=EDGE_CURVE('',#3304,#3301,#1520,.T.);
#4123=EDGE_CURVE('',#3305,#3306,#1521,.T.);
#4124=EDGE_CURVE('',#3306,#3307,#1522,.T.);
#4125=EDGE_CURVE('',#3307,#3308,#1523,.T.);
#4126=EDGE_CURVE('',#3308,#3305,#1524,.T.);
#4127=EDGE_CURVE('',#3309,#3310,#1525,.T.);
#4128=EDGE_CURVE('',#3310,#3311,#1526,.T.);
#4129=EDGE_CURVE('',#3311,#3312,#1527,.T.);
#4130=EDGE_CURVE('',#3312,#3309,#1528,.T.);
#4131=EDGE_CURVE('',#3313,#3166,#1529,.T.);
#4132=EDGE_CURVE('',#3314,#3168,#1530,.T.);
#4133=EDGE_CURVE('',#3313,#3314,#1531,.T.);
#4134=EDGE_CURVE('',#3161,#3315,#1532,.T.);
#4135=EDGE_CURVE('',#3315,#3316,#1533,.T.);
#4136=EDGE_CURVE('',#3163,#3316,#1534,.T.);
#4137=EDGE_CURVE('',#3317,#3318,#37,.T.);
#4138=EDGE_CURVE('',#3319,#3317,#1535,.F.);
#4139=EDGE_CURVE('',#3320,#3319,#38,.F.);
#4140=EDGE_CURVE('',#3321,#3320,#1536,.T.);
#4141=EDGE_CURVE('',#3321,#3322,#1537,.T.);
#4142=EDGE_CURVE('',#3318,#3322,#1538,.T.);
#4143=EDGE_CURVE('',#3316,#3323,#25,.T.);
#4144=EDGE_CURVE('',#3323,#3324,#1539,.T.);
#4145=EDGE_CURVE('',#3324,#3325,#212,.T.);
#4146=EDGE_CURVE('',#3326,#3325,#1540,.T.);
#4147=EDGE_CURVE('',#3326,#3327,#26,.T.);
#4148=EDGE_CURVE('',#3164,#3327,#1541,.T.);
#4149=EDGE_CURVE('',#3328,#3162,#1542,.T.);
#4150=EDGE_CURVE('',#3328,#3327,#1543,.T.);
#4151=EDGE_CURVE('',#3329,#3328,#39,.T.);
#4152=EDGE_CURVE('',#3330,#3329,#1544,.F.);
#4153=EDGE_CURVE('',#3315,#3330,#40,.F.);
#4154=EDGE_CURVE('',#3331,#3332,#1545,.T.);
#4155=EDGE_CURVE('',#3332,#3333,#213,.T.);
#4156=EDGE_CURVE('',#3331,#3333,#1546,.T.);
#4157=EDGE_CURVE('',#3334,#3335,#1547,.T.);
#4158=EDGE_CURVE('',#3334,#3336,#1548,.T.);
#4159=EDGE_CURVE('',#3335,#3336,#214,.T.);
#4160=EDGE_CURVE('',#3337,#3334,#1549,.T.);
#4161=EDGE_CURVE('',#3337,#3338,#1550,.T.);
#4162=EDGE_CURVE('',#3338,#3336,#1551,.T.);
#4163=EDGE_CURVE('',#3165,#3339,#1552,.T.);
#4164=EDGE_CURVE('',#3339,#3340,#1553,.T.);
#4165=EDGE_CURVE('',#3340,#3167,#1554,.T.);
#4166=EDGE_CURVE('',#3340,#3341,#27,.T.);
#4167=EDGE_CURVE('',#3342,#3341,#1555,.T.);
#4168=EDGE_CURVE('',#3343,#3342,#215,.T.);
#4169=EDGE_CURVE('',#3343,#3344,#1556,.T.);
#4170=EDGE_CURVE('',#3344,#3314,#28,.T.);
#4171=EDGE_CURVE('',#3345,#3346,#41,.T.);
#4172=EDGE_CURVE('',#3347,#3345,#1557,.F.);
#4173=EDGE_CURVE('',#3338,#3347,#42,.F.);
#4174=EDGE_CURVE('',#3337,#3348,#1558,.T.);
#4175=EDGE_CURVE('',#3346,#3348,#1559,.T.);
#4176=EDGE_CURVE('',#3349,#3350,#1560,.F.);
#4177=EDGE_CURVE('',#3350,#3319,#216,.T.);
#4178=EDGE_CURVE('',#3317,#3330,#217,.T.);
#4179=EDGE_CURVE('',#3329,#3347,#218,.T.);
#4180=EDGE_CURVE('',#3345,#3349,#219,.T.);
#4181=EDGE_CURVE('',#3350,#3313,#43,.T.);
#4182=EDGE_CURVE('',#3339,#3349,#44,.T.);
#4183=EDGE_CURVE('',#3351,#3352,#1561,.T.);
#4184=EDGE_CURVE('',#3353,#3351,#1562,.T.);
#4185=EDGE_CURVE('',#3352,#3353,#220,.T.);
#4186=EDGE_CURVE('',#3354,#3355,#1563,.T.);
#4187=EDGE_CURVE('',#3355,#3356,#221,.T.);
#4188=EDGE_CURVE('',#3356,#3354,#1564,.T.);
#4189=EDGE_CURVE('',#3357,#3354,#1565,.T.);
#4190=EDGE_CURVE('',#3358,#3356,#1566,.T.);
#4191=EDGE_CURVE('',#3358,#3357,#1567,.T.);
#4192=EDGE_CURVE('',#3169,#3359,#1568,.T.);
#4193=EDGE_CURVE('',#3359,#3360,#1569,.T.);
#4194=EDGE_CURVE('',#3171,#3360,#1570,.T.);
#4195=EDGE_CURVE('',#3360,#3361,#29,.T.);
#4196=EDGE_CURVE('',#3361,#3362,#1571,.T.);
#4197=EDGE_CURVE('',#3362,#3363,#222,.T.);
#4198=EDGE_CURVE('',#3364,#3363,#1572,.T.);
#4199=EDGE_CURVE('',#3364,#3365,#30,.T.);
#4200=EDGE_CURVE('',#3172,#3365,#1573,.T.);
#4201=EDGE_CURVE('',#3366,#3170,#1574,.T.);
#4202=EDGE_CURVE('',#3366,#3365,#1575,.T.);
#4203=EDGE_CURVE('',#3367,#3366,#45,.T.);
#4204=EDGE_CURVE('',#3368,#3367,#1576,.F.);
#4205=EDGE_CURVE('',#3359,#3368,#46,.F.);
#4206=EDGE_CURVE('',#3173,#3369,#1577,.T.);
#4207=EDGE_CURVE('',#3369,#3370,#1578,.T.);
#4208=EDGE_CURVE('',#3370,#3175,#1579,.T.);
#4209=EDGE_CURVE('',#3371,#3372,#47,.T.);
#4210=EDGE_CURVE('',#3373,#3371,#1580,.F.);
#4211=EDGE_CURVE('',#3374,#3373,#48,.F.);
#4212=EDGE_CURVE('',#3375,#3374,#1581,.T.);
#4213=EDGE_CURVE('',#3375,#3376,#1582,.T.);
#4214=EDGE_CURVE('',#3372,#3376,#1583,.T.);
#4215=EDGE_CURVE('',#3377,#3378,#31,.T.);
#4216=EDGE_CURVE('',#3378,#3176,#1584,.T.);
#4217=EDGE_CURVE('',#3370,#3379,#32,.T.);
#4218=EDGE_CURVE('',#3380,#3379,#1585,.T.);
#4219=EDGE_CURVE('',#3381,#3380,#223,.T.);
#4220=EDGE_CURVE('',#3381,#3377,#1586,.T.);
#4221=EDGE_CURVE('',#3382,#3174,#1587,.T.);
#4222=EDGE_CURVE('',#3382,#3378,#1588,.T.);
#4223=EDGE_CURVE('',#3383,#3382,#49,.T.);
#4224=EDGE_CURVE('',#3384,#3383,#1589,.F.);
#4225=EDGE_CURVE('',#3369,#3384,#50,.F.);
#4226=EDGE_CURVE('',#3385,#3386,#1590,.F.);
#4227=EDGE_CURVE('',#3386,#3368,#224,.T.);
#4228=EDGE_CURVE('',#3367,#3373,#225,.T.);
#4229=EDGE_CURVE('',#3371,#3384,#226,.T.);
#4230=EDGE_CURVE('',#3383,#3385,#227,.T.);
#4231=EDGE_CURVE('',#3386,#3358,#51,.T.);
#4232=EDGE_CURVE('',#3387,#3385,#52,.T.);
#4233=EDGE_CURVE('',#3388,#3387,#1591,.T.);
#4234=EDGE_CURVE('',#3388,#3357,#1592,.T.);
#4235=EDGE_CURVE('',#3389,#3390,#1593,.T.);
#4236=EDGE_CURVE('',#3391,#3389,#1594,.T.);
#4237=EDGE_CURVE('',#3391,#3392,#1595,.T.);
#4238=EDGE_CURVE('',#3392,#3390,#1596,.T.);
#4239=EDGE_CURVE('',#3389,#3393,#228,.T.);
#4240=EDGE_CURVE('',#3394,#3393,#1597,.T.);
#4241=EDGE_CURVE('',#3391,#3394,#229,.T.);
#4242=EDGE_CURVE('',#3395,#3394,#1598,.T.);
#4243=EDGE_CURVE('',#3395,#3396,#1599,.T.);
#4244=EDGE_CURVE('',#3396,#3392,#1600,.T.);
#4245=EDGE_CURVE('',#3397,#3398,#1601,.T.);
#4246=EDGE_CURVE('',#3399,#3398,#1602,.T.);
#4247=EDGE_CURVE('',#3399,#3400,#1603,.T.);
#4248=EDGE_CURVE('',#3400,#3397,#1604,.T.);
#4249=EDGE_CURVE('',#3401,#3402,#1605,.T.);
#4250=EDGE_CURVE('',#3402,#3403,#1606,.T.);
#4251=EDGE_CURVE('',#3403,#3404,#1607,.T.);
#4252=EDGE_CURVE('',#3404,#3401,#1608,.T.);
#4253=EDGE_CURVE('',#3405,#3406,#1609,.T.);
#4254=EDGE_CURVE('',#3405,#3187,#1610,.T.);
#4255=EDGE_CURVE('',#3406,#3188,#1611,.T.);
#4256=EDGE_CURVE('',#3407,#3405,#230,.T.);
#4257=EDGE_CURVE('',#3408,#3407,#1612,.T.);
#4258=EDGE_CURVE('',#3178,#3408,#1613,.T.);
#4259=EDGE_CURVE('',#3408,#3409,#1614,.T.);
#4260=EDGE_CURVE('',#3179,#3409,#1615,.T.);
#4261=EDGE_CURVE('',#3406,#3410,#231,.T.);
#4262=EDGE_CURVE('',#3409,#3410,#1616,.T.);
#4263=EDGE_CURVE('',#3411,#3235,#1617,.T.);
#4264=EDGE_CURVE('',#3412,#3411,#1618,.T.);
#4265=EDGE_CURVE('',#3412,#3189,#1619,.T.);
#4266=EDGE_CURVE('',#3412,#3413,#1620,.T.);
#4267=EDGE_CURVE('',#3413,#3191,#1621,.T.);
#4268=EDGE_CURVE('',#3414,#3413,#1622,.T.);
#4269=EDGE_CURVE('',#3192,#3414,#1623,.T.);
#4270=EDGE_CURVE('',#3195,#3415,#1624,.T.);
#4271=EDGE_CURVE('',#3415,#3414,#1625,.T.);
#4272=EDGE_CURVE('',#3416,#3415,#1626,.T.);
#4273=EDGE_CURVE('',#3197,#3416,#1627,.T.);
#4274=EDGE_CURVE('',#3417,#3200,#1628,.T.);
#4275=EDGE_CURVE('',#3416,#3418,#1629,.T.);
#4276=EDGE_CURVE('',#3418,#3419,#232,.T.);
#4277=EDGE_CURVE('',#3419,#3420,#1630,.T.);
#4278=EDGE_CURVE('',#3420,#3421,#233,.T.);
#4279=EDGE_CURVE('',#3421,#3417,#1631,.T.);
#4280=EDGE_CURVE('',#3422,#3417,#1632,.T.);
#4281=EDGE_CURVE('',#3422,#3201,#1633,.T.);
#4282=EDGE_CURVE('',#3422,#3423,#1634,.T.);
#4283=EDGE_CURVE('',#3423,#3203,#1635,.T.);
#4284=EDGE_CURVE('',#3423,#3424,#1636,.T.);
#4285=EDGE_CURVE('',#3204,#3424,#1637,.T.);
#4286=EDGE_CURVE('',#3208,#3425,#1638,.T.);
#4287=EDGE_CURVE('',#3425,#3424,#1639,.T.);
#4288=EDGE_CURVE('',#3426,#3425,#1640,.T.);
#4289=EDGE_CURVE('',#3236,#3426,#1641,.T.);
#4290=EDGE_CURVE('',#3427,#3219,#1642,.T.);
#4291=EDGE_CURVE('',#3428,#3220,#1643,.T.);
#4292=EDGE_CURVE('',#3427,#3428,#1644,.T.);
#4293=EDGE_CURVE('',#3429,#3430,#234,.T.);
#4294=EDGE_CURVE('',#3210,#3429,#1645,.T.);
#4295=EDGE_CURVE('',#3427,#3430,#1646,.T.);
#4296=EDGE_CURVE('',#3431,#3429,#1647,.T.);
#4297=EDGE_CURVE('',#3211,#3431,#1648,.T.);
#4298=EDGE_CURVE('',#3432,#3431,#235,.T.);
#4299=EDGE_CURVE('',#3428,#3432,#1649,.T.);
#4300=EDGE_CURVE('',#3426,#3433,#1650,.T.);
#4301=EDGE_CURVE('',#3433,#3434,#1651,.T.);
#4302=EDGE_CURVE('',#3434,#3435,#1652,.T.);
#4303=EDGE_CURVE('',#3435,#3436,#1653,.T.);
#4304=EDGE_CURVE('',#3436,#3437,#1654,.T.);
#4305=EDGE_CURVE('',#3438,#3437,#1655,.T.);
#4306=EDGE_CURVE('',#3438,#3439,#1656,.T.);
#4307=EDGE_CURVE('',#3439,#3440,#1657,.T.);
#4308=EDGE_CURVE('',#3440,#3441,#1658,.T.);
#4309=EDGE_CURVE('',#3441,#3442,#1659,.T.);
#4310=EDGE_CURVE('',#3442,#3411,#1660,.T.);
#4311=EDGE_CURVE('',#3443,#3444,#236,.F.);
#4312=EDGE_CURVE('',#3445,#3443,#237,.F.);
#4313=EDGE_CURVE('',#3444,#3445,#238,.F.);
#4314=EDGE_CURVE('',#3446,#3447,#1661,.T.);
#4315=EDGE_CURVE('',#3446,#3448,#1662,.T.);
#4316=EDGE_CURVE('',#3448,#3449,#1663,.T.);
#4317=EDGE_CURVE('',#3450,#3449,#1664,.T.);
#4318=EDGE_CURVE('',#3451,#3450,#1665,.T.);
#4319=EDGE_CURVE('',#3451,#3438,#1666,.T.);
#4320=EDGE_CURVE('',#3447,#3437,#1667,.T.);
#4321=EDGE_CURVE('',#3452,#3453,#1668,.T.);
#4322=EDGE_CURVE('',#3454,#3452,#239,.T.);
#4323=EDGE_CURVE('',#3454,#3455,#1669,.T.);
#4324=EDGE_CURVE('',#3455,#3453,#240,.T.);
#4325=EDGE_CURVE('',#3454,#3456,#1670,.T.);
#4326=EDGE_CURVE('',#3457,#3456,#1671,.T.);
#4327=EDGE_CURVE('',#3455,#3457,#1672,.T.);
#4328=EDGE_CURVE('',#3458,#3457,#1673,.T.);
#4329=EDGE_CURVE('',#3459,#3458,#1674,.T.);
#4330=EDGE_CURVE('',#3459,#3453,#1675,.T.);
#4331=EDGE_CURVE('',#3460,#3461,#1676,.T.);
#4332=EDGE_CURVE('',#3461,#3243,#1677,.T.);
#4333=EDGE_CURVE('',#3460,#3242,#1678,.T.);
#4334=EDGE_CURVE('',#3461,#3462,#1679,.T.);
#4335=EDGE_CURVE('',#3462,#3244,#1680,.T.);
#4336=EDGE_CURVE('',#3462,#3463,#1681,.T.);
#4337=EDGE_CURVE('',#3463,#3241,#1682,.T.);
#4338=EDGE_CURVE('',#3463,#3460,#1683,.T.);
#4339=EDGE_CURVE('',#3464,#3465,#1684,.T.);
#4340=EDGE_CURVE('',#3465,#3247,#1685,.T.);
#4341=EDGE_CURVE('',#3464,#3246,#1686,.T.);
#4342=EDGE_CURVE('',#3465,#3466,#1687,.T.);
#4343=EDGE_CURVE('',#3466,#3248,#1688,.T.);
#4344=EDGE_CURVE('',#3466,#3467,#1689,.T.);
#4345=EDGE_CURVE('',#3467,#3245,#1690,.T.);
#4346=EDGE_CURVE('',#3467,#3464,#1691,.T.);
#4347=EDGE_CURVE('',#3468,#3469,#1692,.T.);
#4348=EDGE_CURVE('',#3469,#3251,#1693,.T.);
#4349=EDGE_CURVE('',#3468,#3250,#1694,.T.);
#4350=EDGE_CURVE('',#3469,#3470,#1695,.T.);
#4351=EDGE_CURVE('',#3470,#3252,#1696,.T.);
#4352=EDGE_CURVE('',#3470,#3471,#1697,.T.);
#4353=EDGE_CURVE('',#3471,#3249,#1698,.T.);
#4354=EDGE_CURVE('',#3471,#3468,#1699,.T.);
#4355=EDGE_CURVE('',#3472,#3473,#1700,.T.);
#4356=EDGE_CURVE('',#3473,#3255,#1701,.T.);
#4357=EDGE_CURVE('',#3472,#3254,#1702,.T.);
#4358=EDGE_CURVE('',#3473,#3474,#1703,.T.);
#4359=EDGE_CURVE('',#3474,#3256,#1704,.T.);
#4360=EDGE_CURVE('',#3474,#3475,#1705,.T.);
#4361=EDGE_CURVE('',#3475,#3253,#1706,.T.);
#4362=EDGE_CURVE('',#3475,#3472,#1707,.T.);
#4363=EDGE_CURVE('',#3476,#3477,#1708,.T.);
#4364=EDGE_CURVE('',#3477,#3259,#1709,.T.);
#4365=EDGE_CURVE('',#3476,#3258,#1710,.T.);
#4366=EDGE_CURVE('',#3477,#3478,#1711,.T.);
#4367=EDGE_CURVE('',#3478,#3260,#1712,.T.);
#4368=EDGE_CURVE('',#3478,#3479,#1713,.T.);
#4369=EDGE_CURVE('',#3479,#3257,#1714,.T.);
#4370=EDGE_CURVE('',#3479,#3476,#1715,.T.);
#4371=EDGE_CURVE('',#3480,#3481,#1716,.T.);
#4372=EDGE_CURVE('',#3481,#3263,#1717,.T.);
#4373=EDGE_CURVE('',#3480,#3262,#1718,.T.);
#4374=EDGE_CURVE('',#3481,#3482,#1719,.T.);
#4375=EDGE_CURVE('',#3482,#3264,#1720,.T.);
#4376=EDGE_CURVE('',#3482,#3483,#1721,.T.);
#4377=EDGE_CURVE('',#3483,#3261,#1722,.T.);
#4378=EDGE_CURVE('',#3483,#3480,#1723,.T.);
#4379=EDGE_CURVE('',#3484,#3485,#1724,.T.);
#4380=EDGE_CURVE('',#3485,#3267,#1725,.T.);
#4381=EDGE_CURVE('',#3484,#3266,#1726,.T.);
#4382=EDGE_CURVE('',#3485,#3486,#1727,.T.);
#4383=EDGE_CURVE('',#3486,#3268,#1728,.T.);
#4384=EDGE_CURVE('',#3486,#3487,#1729,.T.);
#4385=EDGE_CURVE('',#3487,#3265,#1730,.T.);
#4386=EDGE_CURVE('',#3487,#3484,#1731,.T.);
#4387=EDGE_CURVE('',#3488,#3489,#1732,.T.);
#4388=EDGE_CURVE('',#3489,#3271,#1733,.T.);
#4389=EDGE_CURVE('',#3488,#3270,#1734,.T.);
#4390=EDGE_CURVE('',#3489,#3490,#1735,.T.);
#4391=EDGE_CURVE('',#3490,#3272,#1736,.T.);
#4392=EDGE_CURVE('',#3490,#3491,#1737,.T.);
#4393=EDGE_CURVE('',#3491,#3269,#1738,.T.);
#4394=EDGE_CURVE('',#3491,#3488,#1739,.T.);
#4395=EDGE_CURVE('',#3492,#3493,#1740,.T.);
#4396=EDGE_CURVE('',#3493,#3275,#1741,.T.);
#4397=EDGE_CURVE('',#3492,#3274,#1742,.T.);
#4398=EDGE_CURVE('',#3493,#3494,#1743,.T.);
#4399=EDGE_CURVE('',#3494,#3276,#1744,.T.);
#4400=EDGE_CURVE('',#3494,#3495,#1745,.T.);
#4401=EDGE_CURVE('',#3495,#3273,#1746,.T.);
#4402=EDGE_CURVE('',#3495,#3492,#1747,.T.);
#4403=EDGE_CURVE('',#3496,#3497,#1748,.T.);
#4404=EDGE_CURVE('',#3497,#3279,#1749,.T.);
#4405=EDGE_CURVE('',#3496,#3278,#1750,.T.);
#4406=EDGE_CURVE('',#3497,#3498,#1751,.T.);
#4407=EDGE_CURVE('',#3498,#3280,#1752,.T.);
#4408=EDGE_CURVE('',#3498,#3499,#1753,.T.);
#4409=EDGE_CURVE('',#3499,#3277,#1754,.T.);
#4410=EDGE_CURVE('',#3499,#3496,#1755,.T.);
#4411=EDGE_CURVE('',#3500,#3501,#1756,.T.);
#4412=EDGE_CURVE('',#3501,#3283,#1757,.T.);
#4413=EDGE_CURVE('',#3500,#3282,#1758,.T.);
#4414=EDGE_CURVE('',#3501,#3502,#1759,.T.);
#4415=EDGE_CURVE('',#3502,#3284,#1760,.T.);
#4416=EDGE_CURVE('',#3502,#3503,#1761,.T.);
#4417=EDGE_CURVE('',#3503,#3281,#1762,.T.);
#4418=EDGE_CURVE('',#3503,#3500,#1763,.T.);
#4419=EDGE_CURVE('',#3504,#3505,#1764,.T.);
#4420=EDGE_CURVE('',#3505,#3287,#1765,.T.);
#4421=EDGE_CURVE('',#3504,#3286,#1766,.T.);
#4422=EDGE_CURVE('',#3505,#3506,#1767,.T.);
#4423=EDGE_CURVE('',#3506,#3288,#1768,.T.);
#4424=EDGE_CURVE('',#3506,#3507,#1769,.T.);
#4425=EDGE_CURVE('',#3507,#3285,#1770,.T.);
#4426=EDGE_CURVE('',#3507,#3504,#1771,.T.);
#4427=EDGE_CURVE('',#3508,#3509,#1772,.T.);
#4428=EDGE_CURVE('',#3509,#3291,#1773,.T.);
#4429=EDGE_CURVE('',#3508,#3290,#1774,.T.);
#4430=EDGE_CURVE('',#3509,#3510,#1775,.T.);
#4431=EDGE_CURVE('',#3510,#3292,#1776,.T.);
#4432=EDGE_CURVE('',#3510,#3511,#1777,.T.);
#4433=EDGE_CURVE('',#3511,#3289,#1778,.T.);
#4434=EDGE_CURVE('',#3511,#3508,#1779,.T.);
#4435=EDGE_CURVE('',#3512,#3513,#1780,.T.);
#4436=EDGE_CURVE('',#3513,#3295,#1781,.T.);
#4437=EDGE_CURVE('',#3512,#3294,#1782,.T.);
#4438=EDGE_CURVE('',#3513,#3514,#1783,.T.);
#4439=EDGE_CURVE('',#3514,#3296,#1784,.T.);
#4440=EDGE_CURVE('',#3514,#3515,#1785,.T.);
#4441=EDGE_CURVE('',#3515,#3293,#1786,.T.);
#4442=EDGE_CURVE('',#3515,#3512,#1787,.T.);
#4443=EDGE_CURVE('',#3516,#3517,#1788,.T.);
#4444=EDGE_CURVE('',#3517,#3299,#1789,.T.);
#4445=EDGE_CURVE('',#3516,#3298,#1790,.T.);
#4446=EDGE_CURVE('',#3517,#3518,#1791,.T.);
#4447=EDGE_CURVE('',#3518,#3300,#1792,.T.);
#4448=EDGE_CURVE('',#3518,#3519,#1793,.T.);
#4449=EDGE_CURVE('',#3519,#3297,#1794,.T.);
#4450=EDGE_CURVE('',#3519,#3516,#1795,.T.);
#4451=EDGE_CURVE('',#3520,#3521,#1796,.T.);
#4452=EDGE_CURVE('',#3521,#3303,#1797,.T.);
#4453=EDGE_CURVE('',#3520,#3302,#1798,.T.);
#4454=EDGE_CURVE('',#3521,#3522,#1799,.T.);
#4455=EDGE_CURVE('',#3522,#3304,#1800,.T.);
#4456=EDGE_CURVE('',#3522,#3523,#1801,.T.);
#4457=EDGE_CURVE('',#3523,#3301,#1802,.T.);
#4458=EDGE_CURVE('',#3523,#3520,#1803,.T.);
#4459=EDGE_CURVE('',#3524,#3525,#1804,.T.);
#4460=EDGE_CURVE('',#3525,#3307,#1805,.T.);
#4461=EDGE_CURVE('',#3524,#3306,#1806,.T.);
#4462=EDGE_CURVE('',#3525,#3526,#1807,.T.);
#4463=EDGE_CURVE('',#3526,#3308,#1808,.T.);
#4464=EDGE_CURVE('',#3526,#3527,#1809,.T.);
#4465=EDGE_CURVE('',#3527,#3305,#1810,.T.);
#4466=EDGE_CURVE('',#3527,#3524,#1811,.T.);
#4467=EDGE_CURVE('',#3528,#3529,#1812,.T.);
#4468=EDGE_CURVE('',#3529,#3311,#1813,.T.);
#4469=EDGE_CURVE('',#3528,#3310,#1814,.T.);
#4470=EDGE_CURVE('',#3529,#3530,#1815,.T.);
#4471=EDGE_CURVE('',#3530,#3312,#1816,.T.);
#4472=EDGE_CURVE('',#3530,#3531,#1817,.T.);
#4473=EDGE_CURVE('',#3531,#3309,#1818,.T.);
#4474=EDGE_CURVE('',#3531,#3528,#1819,.T.);
#4475=EDGE_CURVE('',#3341,#3532,#1820,.T.);
#4476=EDGE_CURVE('',#3532,#3533,#1821,.T.);
#4477=EDGE_CURVE('',#3342,#3533,#1822,.T.);
#4478=EDGE_CURVE('',#3534,#3533,#1823,.T.);
#4479=EDGE_CURVE('',#3534,#3343,#1824,.T.);
#4480=EDGE_CURVE('',#3535,#3344,#1825,.T.);
#4481=EDGE_CURVE('',#3535,#3534,#1826,.T.);
#4482=EDGE_CURVE('',#3536,#3535,#241,.T.);
#4483=EDGE_CURVE('',#3320,#3536,#1827,.T.);
#4484=EDGE_CURVE('',#3537,#3536,#1828,.T.);
#4485=EDGE_CURVE('',#3321,#3537,#1829,.T.);
#4486=EDGE_CURVE('',#3538,#3537,#1830,.T.);
#4487=EDGE_CURVE('',#3322,#3538,#1831,.T.);
#4488=EDGE_CURVE('',#3539,#3538,#1832,.T.);
#4489=EDGE_CURVE('',#3318,#3539,#1833,.T.);
#4490=EDGE_CURVE('',#3540,#3539,#242,.T.);
#4491=EDGE_CURVE('',#3323,#3540,#1834,.T.);
#4492=EDGE_CURVE('',#3541,#3540,#1835,.T.);
#4493=EDGE_CURVE('',#3541,#3324,#1836,.T.);
#4494=EDGE_CURVE('',#3541,#3542,#1837,.T.);
#4495=EDGE_CURVE('',#3325,#3542,#1838,.T.);
#4496=EDGE_CURVE('',#3543,#3326,#1839,.T.);
#4497=EDGE_CURVE('',#3542,#3543,#1840,.T.);
#4498=EDGE_CURVE('',#3544,#3543,#243,.T.);
#4499=EDGE_CURVE('',#3333,#3544,#1841,.T.);
#4500=EDGE_CURVE('',#3335,#3332,#1842,.T.);
#4501=EDGE_CURVE('',#3331,#3545,#1843,.T.);
#4502=EDGE_CURVE('',#3545,#3544,#1844,.T.);
#4503=EDGE_CURVE('',#3546,#3545,#1845,.T.);
#4504=EDGE_CURVE('',#3348,#3546,#1846,.T.);
#4505=EDGE_CURVE('',#3547,#3546,#1847,.T.);
#4506=EDGE_CURVE('',#3346,#3547,#1848,.T.);
#4507=EDGE_CURVE('',#3532,#3547,#244,.T.);
#4508=EDGE_CURVE('',#3387,#3548,#1849,.T.);
#4509=EDGE_CURVE('',#3549,#3548,#1850,.T.);
#4510=EDGE_CURVE('',#3388,#3549,#1851,.T.);
#4511=EDGE_CURVE('',#3550,#3549,#1852,.T.);
#4512=EDGE_CURVE('',#3351,#3550,#1853,.T.);
#4513=EDGE_CURVE('',#3355,#3352,#1854,.T.);
#4514=EDGE_CURVE('',#3551,#3550,#1855,.T.);
#4515=EDGE_CURVE('',#3353,#3551,#1856,.T.);
#4516=EDGE_CURVE('',#3552,#3551,#245,.T.);
#4517=EDGE_CURVE('',#3361,#3552,#1857,.T.);
#4518=EDGE_CURVE('',#3553,#3552,#1858,.T.);
#4519=EDGE_CURVE('',#3553,#3362,#1859,.T.);
#4520=EDGE_CURVE('',#3553,#3554,#1860,.T.);
#4521=EDGE_CURVE('',#3363,#3554,#1861,.T.);
#4522=EDGE_CURVE('',#3555,#3364,#1862,.T.);
#4523=EDGE_CURVE('',#3554,#3555,#1863,.T.);
#4524=EDGE_CURVE('',#3556,#3555,#246,.T.);
#4525=EDGE_CURVE('',#3374,#3556,#1864,.T.);
#4526=EDGE_CURVE('',#3557,#3556,#1865,.T.);
#4527=EDGE_CURVE('',#3375,#3557,#1866,.T.);
#4528=EDGE_CURVE('',#3558,#3557,#1867,.T.);
#4529=EDGE_CURVE('',#3376,#3558,#1868,.T.);
#4530=EDGE_CURVE('',#3559,#3558,#1869,.T.);
#4531=EDGE_CURVE('',#3372,#3559,#1870,.T.);
#4532=EDGE_CURVE('',#3560,#3559,#247,.T.);
#4533=EDGE_CURVE('',#3379,#3560,#1871,.T.);
#4534=EDGE_CURVE('',#3560,#3561,#1872,.T.);
#4535=EDGE_CURVE('',#3380,#3561,#1873,.T.);
#4536=EDGE_CURVE('',#3562,#3561,#1874,.T.);
#4537=EDGE_CURVE('',#3562,#3381,#1875,.T.);
#4538=EDGE_CURVE('',#3563,#3377,#1876,.T.);
#4539=EDGE_CURVE('',#3563,#3562,#1877,.T.);
#4540=EDGE_CURVE('',#3548,#3563,#248,.T.);
#4541=EDGE_CURVE('',#3448,#3564,#1878,.T.);
#4542=EDGE_CURVE('',#3565,#3564,#1879,.T.);
#4543=EDGE_CURVE('',#3449,#3565,#1880,.T.);
#4544=EDGE_CURVE('',#3450,#3566,#249,.T.);
#4545=EDGE_CURVE('',#3567,#3565,#1881,.T.);
#4546=EDGE_CURVE('',#3567,#3568,#1882,.T.);
#4547=EDGE_CURVE('',#3566,#3568,#1883,.T.);
#4548=EDGE_CURVE('',#3567,#3569,#1884,.T.);
#4549=EDGE_CURVE('',#3569,#3570,#1885,.T.);
#4550=EDGE_CURVE('',#3568,#3570,#1886,.T.);
#4551=EDGE_CURVE('',#3569,#3571,#1887,.T.);
#4552=EDGE_CURVE('',#3572,#3571,#250,.T.);
#4553=EDGE_CURVE('',#3570,#3572,#1888,.T.);
#4554=EDGE_CURVE('',#3573,#3571,#1889,.T.);
#4555=EDGE_CURVE('',#3574,#3573,#1890,.T.);
#4556=EDGE_CURVE('',#3575,#3574,#1891,.T.);
#4557=EDGE_CURVE('',#3575,#3576,#251,.T.);
#4558=EDGE_CURVE('',#3576,#3571,#252,.T.);
#4559=EDGE_CURVE('',#3577,#3578,#1892,.T.);
#4560=EDGE_CURVE('',#3577,#3396,#253,.T.);
#4561=EDGE_CURVE('',#3578,#3395,#254,.T.);
#4562=EDGE_CURVE('',#3579,#3580,#1893,.T.);
#4563=EDGE_CURVE('',#3580,#3581,#1894,.T.);
#4564=EDGE_CURVE('',#3581,#3582,#255,.T.);
#4565=EDGE_CURVE('',#3582,#3579,#1895,.T.);
#4566=EDGE_CURVE('',#3583,#3459,#256,.T.);
#4567=EDGE_CURVE('',#3584,#3458,#257,.T.);
#4568=EDGE_CURVE('',#3583,#3584,#1896,.T.);
#4569=EDGE_CURVE('',#3580,#3585,#1897,.T.);
#4570=EDGE_CURVE('',#3586,#3580,#1898,.T.);
#4571=EDGE_CURVE('',#3586,#3587,#1899,.T.);
#4572=EDGE_CURVE('',#3587,#3588,#1900,.T.);
#4573=EDGE_CURVE('',#3589,#3588,#1901,.T.);
#4574=EDGE_CURVE('',#3585,#3589,#258,.T.);
#4575=EDGE_CURVE('',#3590,#3591,#259,.T.);
#4576=EDGE_CURVE('',#3591,#3590,#260,.T.);
#4577=EDGE_CURVE('',#3592,#3593,#261,.T.);
#4578=EDGE_CURVE('',#3593,#3592,#262,.T.);
#4579=EDGE_CURVE('',#3593,#3590,#1902,.T.);
#4580=EDGE_CURVE('',#3591,#3592,#1903,.T.);
#4581=EDGE_CURVE('',#3594,#3587,#1904,.T.);
#4582=EDGE_CURVE('',#3595,#3594,#1905,.T.);
#4583=EDGE_CURVE('',#3595,#3588,#1906,.T.);
#4584=EDGE_CURVE('',#3596,#3595,#1907,.T.);
#4585=EDGE_CURVE('',#3596,#3589,#1908,.T.);
#4586=EDGE_CURVE('',#3597,#3596,#263,.T.);
#4587=EDGE_CURVE('',#3597,#3585,#1909,.T.);
#4588=EDGE_CURVE('',#3598,#3597,#1910,.T.);
#4589=EDGE_CURVE('',#3598,#3581,#1911,.T.);
#4590=EDGE_CURVE('',#3598,#3599,#264,.T.);
#4591=EDGE_CURVE('',#3599,#3582,#1912,.T.);
#4592=EDGE_CURVE('',#3390,#3600,#1913,.T.);
#4593=EDGE_CURVE('',#3577,#3579,#1914,.T.);
#4594=EDGE_CURVE('',#3599,#3600,#1915,.T.);
#4595=EDGE_CURVE('',#3393,#3601,#1916,.T.);
#4596=EDGE_CURVE('',#3601,#3600,#1917,.T.);
#4597=EDGE_CURVE('',#3602,#3601,#1918,.T.);
#4598=EDGE_CURVE('',#3602,#3574,#1919,.T.);
#4599=EDGE_CURVE('',#3573,#3578,#1920,.T.);
#4600=EDGE_CURVE('',#3602,#3603,#1921,.F.);
#4601=EDGE_CURVE('',#3575,#3603,#1922,.T.);
#4602=EDGE_CURVE('',#3603,#3604,#265,.T.);
#4603=EDGE_CURVE('',#3604,#3576,#1923,.T.);
#4604=EDGE_CURVE('',#3605,#3604,#266,.T.);
#4605=EDGE_CURVE('',#3572,#3605,#1924,.T.);
#4606=EDGE_CURVE('',#3606,#3607,#1925,.T.);
#4607=EDGE_CURVE('',#3606,#3608,#1926,.F.);
#4608=EDGE_CURVE('',#3402,#3608,#1927,.T.);
#4609=EDGE_CURVE('',#3401,#3607,#1928,.T.);
#4610=EDGE_CURVE('',#3609,#3606,#1929,.T.);
#4611=EDGE_CURVE('',#3609,#3610,#1930,.F.);
#4612=EDGE_CURVE('',#3608,#3610,#1931,.T.);
#4613=EDGE_CURVE('',#3611,#3609,#1932,.T.);
#4614=EDGE_CURVE('',#3399,#3611,#1933,.T.);
#4615=EDGE_CURVE('',#3610,#3398,#1934,.T.);
#4616=EDGE_CURVE('',#3611,#3612,#1935,.T.);
#4617=EDGE_CURVE('',#3612,#3400,#1936,.T.);
#4618=EDGE_CURVE('',#3612,#3613,#1937,.T.);
#4619=EDGE_CURVE('',#3613,#3397,#1938,.T.);
#4620=EDGE_CURVE('',#3613,#3614,#1939,.T.);
#4621=EDGE_CURVE('',#3614,#3403,#1940,.T.);
#4622=EDGE_CURVE('',#3614,#3615,#1941,.T.);
#4623=EDGE_CURVE('',#3615,#3404,#1942,.T.);
#4624=EDGE_CURVE('',#3615,#3607,#1943,.T.);
#4625=EDGE_CURVE('',#3616,#3617,#267,.F.);
#4626=EDGE_CURVE('',#3618,#3616,#268,.F.);
#4627=EDGE_CURVE('',#3617,#3618,#269,.F.);
#4628=EDGE_CURVE('',#3619,#3620,#270,.F.);
#4629=EDGE_CURVE('',#3620,#3618,#1944,.T.);
#4630=EDGE_CURVE('',#3616,#3619,#1945,.T.);
#4631=EDGE_CURVE('',#3618,#3443,#1946,.T.);
#4632=EDGE_CURVE('',#3444,#3617,#1947,.T.);
#4633=EDGE_CURVE('',#3621,#3622,#271,.T.);
#4634=EDGE_CURVE('',#3621,#3566,#1948,.F.);
#4635=EDGE_CURVE('',#3605,#3622,#1949,.F.);
#4636=EDGE_CURVE('',#3566,#3623,#1950,.T.);
#4637=EDGE_CURVE('',#3623,#3451,#272,.T.);
#4638=EDGE_CURVE('',#3623,#3624,#1951,.T.);
#4639=EDGE_CURVE('',#3624,#3439,#1952,.T.);
#4640=EDGE_CURVE('',#3624,#3625,#1953,.T.);
#4641=EDGE_CURVE('',#3625,#3440,#1954,.T.);
#4642=EDGE_CURVE('',#3625,#3626,#1955,.T.);
#4643=EDGE_CURVE('',#3626,#3441,#1956,.T.);
#4644=EDGE_CURVE('',#3627,#3628,#273,.T.);
#4645=EDGE_CURVE('',#3627,#3442,#1957,.T.);
#4646=EDGE_CURVE('',#3626,#3628,#1958,.T.);
#4647=EDGE_CURVE('',#3410,#3627,#1959,.T.);
#4648=EDGE_CURVE('',#3628,#3629,#1960,.T.);
#4649=EDGE_CURVE('',#3629,#3407,#274,.T.);
#4650=EDGE_CURVE('',#3630,#3407,#33,.T.);
#4651=EDGE_CURVE('',#3629,#3630,#34,.T.);
#4652=EDGE_CURVE('',#3630,#3631,#1961,.T.);
#4653=EDGE_CURVE('',#3631,#3418,#1962,.T.);
#4654=EDGE_CURVE('',#3631,#3632,#275,.T.);
#4655=EDGE_CURVE('',#3632,#3419,#1963,.T.);
#4656=EDGE_CURVE('',#3632,#3633,#1964,.T.);
#4657=EDGE_CURVE('',#3633,#3420,#1965,.T.);
#4658=EDGE_CURVE('',#3633,#3634,#276,.T.);
#4659=EDGE_CURVE('',#3634,#3421,#1966,.T.);
#4660=EDGE_CURVE('',#3430,#3635,#35,.T.);
#4661=EDGE_CURVE('',#3636,#3432,#1967,.T.);
#4662=EDGE_CURVE('',#3636,#3433,#1968,.T.);
#4663=EDGE_CURVE('',#3634,#3635,#1969,.T.);
#4664=EDGE_CURVE('',#3635,#3637,#36,.T.);
#4665=EDGE_CURVE('',#3430,#3637,#277,.T.);
#4666=EDGE_CURVE('',#3637,#3638,#1970,.T.);
#4667=EDGE_CURVE('',#3638,#3636,#278,.T.);
#4668=EDGE_CURVE('',#3638,#3639,#1971,.T.);
#4669=EDGE_CURVE('',#3639,#3434,#1972,.T.);
#4670=EDGE_CURVE('',#3639,#3640,#1973,.T.);
#4671=EDGE_CURVE('',#3640,#3435,#1974,.T.);
#4672=EDGE_CURVE('',#3640,#3641,#1975,.T.);
#4673=EDGE_CURVE('',#3641,#3436,#1976,.T.);
#4674=EDGE_CURVE('',#3447,#3642,#279,.T.);
#4675=EDGE_CURVE('',#3642,#3641,#1977,.F.);
#4676=EDGE_CURVE('',#3642,#3643,#1978,.T.);
#4677=EDGE_CURVE('',#3643,#3446,#280,.T.);
#4678=EDGE_CURVE('',#3644,#3645,#281,.F.);
#4679=EDGE_CURVE('',#3645,#3445,#1979,.T.);
#4680=EDGE_CURVE('',#3443,#3644,#1980,.T.);
#4681=EDGE_CURVE('',#3622,#3444,#1981,.T.);
#4682=EDGE_CURVE('',#3445,#3621,#1982,.T.);
#4683=EDGE_CURVE('',#3646,#3643,#1983,.T.);
#4684=EDGE_CURVE('',#3647,#3646,#1984,.T.);
#4685=EDGE_CURVE('',#3564,#3647,#1985,.T.);
#4686=EDGE_CURVE('',#3648,#3647,#1986,.T.);
#4687=EDGE_CURVE('',#3649,#3646,#1987,.T.);
#4688=EDGE_CURVE('',#3648,#3649,#1988,.T.);
#4689=EDGE_CURVE('',#3650,#3651,#282,.T.);
#4690=EDGE_CURVE('',#3651,#3648,#1989,.T.);
#4691=EDGE_CURVE('',#3650,#3649,#1990,.T.);
#4692=EDGE_CURVE('',#3652,#3653,#1991,.T.);
#4693=EDGE_CURVE('',#3652,#3654,#1992,.T.);
#4694=EDGE_CURVE('',#3651,#3654,#1993,.T.);
#4695=EDGE_CURVE('',#3655,#3651,#283,.T.);
#4696=EDGE_CURVE('',#3653,#3655,#284,.T.);
#4697=EDGE_CURVE('',#3656,#3657,#1994,.T.);
#4698=EDGE_CURVE('',#3456,#3656,#1995,.T.);
#4699=EDGE_CURVE('',#3452,#3657,#1996,.T.);
#4700=EDGE_CURVE('',#3657,#2995,#285,.T.);
#4701=EDGE_CURVE('',#3654,#3583,#1997,.T.);
#4702=EDGE_CURVE('',#2995,#3652,#1998,.T.);
#4703=EDGE_CURVE('',#2994,#3656,#286,.T.);
#4704=EDGE_CURVE('',#2994,#3658,#1999,.T.);
#4705=EDGE_CURVE('',#3658,#3659,#2000,.T.);
#4706=EDGE_CURVE('',#3659,#3584,#2001,.T.);
#4707=EDGE_CURVE('',#3660,#3661,#2002,.T.);
#4708=EDGE_CURVE('',#3659,#3660,#2003,.T.);
#4709=EDGE_CURVE('',#3661,#3658,#287,.T.);
#4710=EDGE_CURVE('',#3660,#3662,#2004,.T.);
#4711=EDGE_CURVE('',#3662,#3663,#288,.T.);
#4712=EDGE_CURVE('',#3663,#3664,#2005,.T.);
#4713=EDGE_CURVE('',#3664,#3665,#2006,.T.);
#4714=EDGE_CURVE('',#3666,#3665,#2007,.T.);
#4715=EDGE_CURVE('',#3660,#3666,#2008,.T.);
#4716=EDGE_CURVE('',#3666,#3667,#2009,.T.);
#4717=EDGE_CURVE('',#3668,#3667,#2010,.T.);
#4718=EDGE_CURVE('',#3669,#3668,#2011,.T.);
#4719=EDGE_CURVE('',#3670,#3669,#2012,.T.);
#4720=EDGE_CURVE('',#3671,#3670,#2013,.T.);
#4721=EDGE_CURVE('',#3672,#3671,#2014,.T.);
#4722=EDGE_CURVE('',#3673,#3672,#2015,.T.);
#4723=EDGE_CURVE('',#3674,#3673,#2016,.T.);
#4724=EDGE_CURVE('',#3586,#3674,#2017,.T.);
#4725=EDGE_CURVE('',#3668,#3675,#2018,.T.);
#4726=EDGE_CURVE('',#3667,#3676,#2019,.T.);
#4727=EDGE_CURVE('',#3675,#3676,#2020,.T.);
#4728=EDGE_CURVE('',#3669,#3677,#2021,.T.);
#4729=EDGE_CURVE('',#3677,#3675,#2022,.T.);
#4730=EDGE_CURVE('',#3670,#3678,#2023,.T.);
#4731=EDGE_CURVE('',#3678,#3677,#2024,.T.);
#4732=EDGE_CURVE('',#3671,#3679,#2025,.T.);
#4733=EDGE_CURVE('',#3679,#3678,#2026,.T.);
#4734=EDGE_CURVE('',#3672,#3680,#2027,.T.);
#4735=EDGE_CURVE('',#3680,#3679,#2028,.T.);
#4736=EDGE_CURVE('',#3673,#3681,#2029,.T.);
#4737=EDGE_CURVE('',#3681,#3680,#2030,.T.);
#4738=EDGE_CURVE('',#3674,#3682,#2031,.T.);
#4739=EDGE_CURVE('',#3682,#3681,#2032,.T.);
#4740=EDGE_CURVE('',#3683,#3682,#2033,.T.);
#4741=EDGE_CURVE('',#3594,#3683,#2034,.F.);
#4742=EDGE_CURVE('',#3684,#3683,#2035,.F.);
#4743=EDGE_CURVE('',#3617,#3684,#2036,.T.);
#4744=EDGE_CURVE('',#3684,#3685,#289,.T.);
#4745=EDGE_CURVE('',#3685,#3616,#2037,.T.);
#4746=EDGE_CURVE('',#3685,#3686,#2038,.F.);
#4747=EDGE_CURVE('',#3619,#3686,#2039,.T.);
#4748=EDGE_CURVE('',#3620,#2986,#290,.F.);
#4749=EDGE_CURVE('',#2986,#3619,#291,.F.);
#4750=EDGE_CURVE('',#3644,#3620,#2040,.T.);
#4751=EDGE_CURVE('',#3645,#2984,#292,.F.);
#4752=EDGE_CURVE('',#2984,#3644,#293,.F.);
#4753=EDGE_CURVE('',#3687,#3645,#2041,.T.);
#4754=EDGE_CURVE('',#3643,#3687,#2042,.F.);
#4755=EDGE_CURVE('',#3007,#3008,#294,.T.);
#4756=EDGE_CURVE('',#3006,#3005,#295,.T.);
#4757=EDGE_CURVE('',#2985,#3687,#296,.T.);
#4758=EDGE_CURVE('',#2998,#3650,#2043,.T.);
#4759=EDGE_CURVE('',#2997,#3655,#2044,.T.);
#4760=EDGE_CURVE('',#2996,#3653,#2045,.T.);
#4761=EDGE_CURVE('',#2993,#3661,#2046,.T.);
#4762=EDGE_CURVE('',#2992,#3662,#2047,.T.);
#4763=EDGE_CURVE('',#2991,#3663,#2048,.T.);
#4764=EDGE_CURVE('',#2990,#3664,#2049,.T.);
#4765=EDGE_CURVE('',#2989,#3665,#2050,.T.);
#4766=EDGE_CURVE('',#3676,#2988,#2051,.T.);
#4767=EDGE_CURVE('',#3686,#2987,#297,.T.);
#4768=EDGE_CURVE('',#3003,#3688,#2052,.T.);
#4769=EDGE_CURVE('',#3688,#3009,#2053,.T.);
#4770=EDGE_CURVE('',#3000,#3689,#2054,.T.);
#4771=EDGE_CURVE('',#3689,#3690,#2055,.T.);
#4772=EDGE_CURVE('',#3001,#3690,#2056,.T.);
#4773=EDGE_CURVE('',#3002,#3691,#2057,.T.);
#4774=EDGE_CURVE('',#3691,#3688,#2058,.T.);
#4775=EDGE_CURVE('',#3010,#3691,#2059,.T.);
#4776=EDGE_CURVE('',#3012,#3689,#2060,.T.);
#4777=EDGE_CURVE('',#3690,#3011,#2061,.T.);
#4778=ORIENTED_EDGE('',*,*,#3692,.F.);
#4779=ORIENTED_EDGE('',*,*,#3693,.T.);
#4780=ORIENTED_EDGE('',*,*,#3694,.F.);
#4781=ORIENTED_EDGE('',*,*,#3695,.F.);
#4782=ORIENTED_EDGE('',*,*,#3696,.F.);
#4783=ORIENTED_EDGE('',*,*,#3697,.F.);
#4784=ORIENTED_EDGE('',*,*,#3698,.F.);
#4785=ORIENTED_EDGE('',*,*,#3699,.T.);
#4786=ORIENTED_EDGE('',*,*,#3700,.F.);
#4787=ORIENTED_EDGE('',*,*,#3701,.T.);
#4788=ORIENTED_EDGE('',*,*,#3702,.F.);
#4789=ORIENTED_EDGE('',*,*,#3703,.F.);
#4790=ORIENTED_EDGE('',*,*,#3704,.T.);
#4791=ORIENTED_EDGE('',*,*,#3705,.T.);
#4792=ORIENTED_EDGE('',*,*,#3706,.F.);
#4793=ORIENTED_EDGE('',*,*,#3707,.T.);
#4794=ORIENTED_EDGE('',*,*,#3708,.T.);
#4795=ORIENTED_EDGE('',*,*,#3709,.F.);
#4796=ORIENTED_EDGE('',*,*,#3710,.F.);
#4797=ORIENTED_EDGE('',*,*,#3692,.T.);
#4798=ORIENTED_EDGE('',*,*,#3711,.F.);
#4799=ORIENTED_EDGE('',*,*,#3712,.T.);
#4800=ORIENTED_EDGE('',*,*,#3713,.T.);
#4801=ORIENTED_EDGE('',*,*,#3714,.T.);
#4802=ORIENTED_EDGE('',*,*,#3715,.T.);
#4803=ORIENTED_EDGE('',*,*,#3716,.T.);
#4804=ORIENTED_EDGE('',*,*,#3717,.T.);
#4805=ORIENTED_EDGE('',*,*,#3718,.F.);
#4806=ORIENTED_EDGE('',*,*,#3719,.F.);
#4807=ORIENTED_EDGE('',*,*,#3720,.F.);
#4808=ORIENTED_EDGE('',*,*,#3721,.F.);
#4809=ORIENTED_EDGE('',*,*,#3717,.F.);
#4810=ORIENTED_EDGE('',*,*,#3722,.F.);
#4811=ORIENTED_EDGE('',*,*,#3723,.T.);
#4812=ORIENTED_EDGE('',*,*,#3724,.F.);
#4813=ORIENTED_EDGE('',*,*,#3693,.F.);
#4814=ORIENTED_EDGE('',*,*,#3711,.T.);
#4815=ORIENTED_EDGE('',*,*,#3695,.T.);
#4816=ORIENTED_EDGE('',*,*,#3725,.F.);
#4817=ORIENTED_EDGE('',*,*,#3726,.F.);
#4818=ORIENTED_EDGE('',*,*,#3727,.T.);
#4819=ORIENTED_EDGE('',*,*,#3728,.F.);
#4820=ORIENTED_EDGE('',*,*,#3729,.T.);
#4821=ORIENTED_EDGE('',*,*,#3730,.T.);
#4822=ORIENTED_EDGE('',*,*,#3731,.F.);
#4823=ORIENTED_EDGE('',*,*,#3732,.F.);
#4824=ORIENTED_EDGE('',*,*,#3733,.T.);
#4825=ORIENTED_EDGE('',*,*,#3734,.T.);
#4826=ORIENTED_EDGE('',*,*,#3729,.F.);
#4827=ORIENTED_EDGE('',*,*,#3735,.F.);
#4828=ORIENTED_EDGE('',*,*,#3736,.T.);
#4829=ORIENTED_EDGE('',*,*,#3737,.T.);
#4830=ORIENTED_EDGE('',*,*,#3738,.F.);
#4831=ORIENTED_EDGE('',*,*,#3739,.F.);
#4832=ORIENTED_EDGE('',*,*,#3740,.T.);
#4833=ORIENTED_EDGE('',*,*,#3741,.T.);
#4834=ORIENTED_EDGE('',*,*,#3736,.F.);
#4835=ORIENTED_EDGE('',*,*,#3742,.F.);
#4836=ORIENTED_EDGE('',*,*,#3743,.T.);
#4837=ORIENTED_EDGE('',*,*,#3744,.T.);
#4838=ORIENTED_EDGE('',*,*,#3745,.F.);
#4839=ORIENTED_EDGE('',*,*,#3746,.F.);
#4840=ORIENTED_EDGE('',*,*,#3747,.T.);
#4841=ORIENTED_EDGE('',*,*,#3748,.T.);
#4842=ORIENTED_EDGE('',*,*,#3743,.F.);
#4843=ORIENTED_EDGE('',*,*,#3749,.F.);
#4844=ORIENTED_EDGE('',*,*,#3750,.T.);
#4845=ORIENTED_EDGE('',*,*,#3751,.T.);
#4846=ORIENTED_EDGE('',*,*,#3752,.F.);
#4847=ORIENTED_EDGE('',*,*,#3753,.F.);
#4848=ORIENTED_EDGE('',*,*,#3754,.T.);
#4849=ORIENTED_EDGE('',*,*,#3755,.T.);
#4850=ORIENTED_EDGE('',*,*,#3750,.F.);
#4851=ORIENTED_EDGE('',*,*,#3756,.F.);
#4852=ORIENTED_EDGE('',*,*,#3757,.T.);
#4853=ORIENTED_EDGE('',*,*,#3758,.T.);
#4854=ORIENTED_EDGE('',*,*,#3759,.F.);
#4855=ORIENTED_EDGE('',*,*,#3760,.F.);
#4856=ORIENTED_EDGE('',*,*,#3761,.T.);
#4857=ORIENTED_EDGE('',*,*,#3762,.T.);
#4858=ORIENTED_EDGE('',*,*,#3757,.F.);
#4859=ORIENTED_EDGE('',*,*,#3763,.F.);
#4860=ORIENTED_EDGE('',*,*,#3764,.T.);
#4861=ORIENTED_EDGE('',*,*,#3765,.T.);
#4862=ORIENTED_EDGE('',*,*,#3766,.F.);
#4863=ORIENTED_EDGE('',*,*,#3767,.F.);
#4864=ORIENTED_EDGE('',*,*,#3768,.T.);
#4865=ORIENTED_EDGE('',*,*,#3769,.T.);
#4866=ORIENTED_EDGE('',*,*,#3764,.F.);
#4867=ORIENTED_EDGE('',*,*,#3770,.F.);
#4868=ORIENTED_EDGE('',*,*,#3771,.T.);
#4869=ORIENTED_EDGE('',*,*,#3772,.T.);
#4870=ORIENTED_EDGE('',*,*,#3773,.F.);
#4871=ORIENTED_EDGE('',*,*,#3774,.F.);
#4872=ORIENTED_EDGE('',*,*,#3775,.T.);
#4873=ORIENTED_EDGE('',*,*,#3776,.T.);
#4874=ORIENTED_EDGE('',*,*,#3771,.F.);
#4875=ORIENTED_EDGE('',*,*,#3777,.F.);
#4876=ORIENTED_EDGE('',*,*,#3778,.T.);
#4877=ORIENTED_EDGE('',*,*,#3779,.T.);
#4878=ORIENTED_EDGE('',*,*,#3780,.F.);
#4879=ORIENTED_EDGE('',*,*,#3781,.F.);
#4880=ORIENTED_EDGE('',*,*,#3782,.T.);
#4881=ORIENTED_EDGE('',*,*,#3783,.T.);
#4882=ORIENTED_EDGE('',*,*,#3778,.F.);
#4883=ORIENTED_EDGE('',*,*,#3784,.F.);
#4884=ORIENTED_EDGE('',*,*,#3785,.T.);
#4885=ORIENTED_EDGE('',*,*,#3733,.F.);
#4886=ORIENTED_EDGE('',*,*,#3786,.F.);
#4887=ORIENTED_EDGE('',*,*,#3787,.F.);
#4888=ORIENTED_EDGE('',*,*,#3788,.T.);
#4889=ORIENTED_EDGE('',*,*,#3740,.F.);
#4890=ORIENTED_EDGE('',*,*,#3789,.F.);
#4891=ORIENTED_EDGE('',*,*,#3790,.F.);
#4892=ORIENTED_EDGE('',*,*,#3791,.T.);
#4893=ORIENTED_EDGE('',*,*,#3747,.F.);
#4894=ORIENTED_EDGE('',*,*,#3792,.F.);
#4895=ORIENTED_EDGE('',*,*,#3793,.F.);
#4896=ORIENTED_EDGE('',*,*,#3794,.T.);
#4897=ORIENTED_EDGE('',*,*,#3754,.F.);
#4898=ORIENTED_EDGE('',*,*,#3795,.F.);
#4899=ORIENTED_EDGE('',*,*,#3796,.F.);
#4900=ORIENTED_EDGE('',*,*,#3797,.T.);
#4901=ORIENTED_EDGE('',*,*,#3761,.F.);
#4902=ORIENTED_EDGE('',*,*,#3798,.F.);
#4903=ORIENTED_EDGE('',*,*,#3799,.F.);
#4904=ORIENTED_EDGE('',*,*,#3800,.T.);
#4905=ORIENTED_EDGE('',*,*,#3768,.F.);
#4906=ORIENTED_EDGE('',*,*,#3801,.F.);
#4907=ORIENTED_EDGE('',*,*,#3802,.F.);
#4908=ORIENTED_EDGE('',*,*,#3803,.T.);
#4909=ORIENTED_EDGE('',*,*,#3775,.F.);
#4910=ORIENTED_EDGE('',*,*,#3804,.F.);
#4911=ORIENTED_EDGE('',*,*,#3805,.F.);
#4912=ORIENTED_EDGE('',*,*,#3806,.T.);
#4913=ORIENTED_EDGE('',*,*,#3782,.F.);
#4914=ORIENTED_EDGE('',*,*,#3807,.F.);
#4915=ORIENTED_EDGE('',*,*,#3808,.T.);
#4916=ORIENTED_EDGE('',*,*,#3809,.T.);
#4917=ORIENTED_EDGE('',*,*,#3810,.T.);
#4918=ORIENTED_EDGE('',*,*,#3811,.T.);
#4919=ORIENTED_EDGE('',*,*,#3812,.F.);
#4920=ORIENTED_EDGE('',*,*,#3813,.T.);
#4921=ORIENTED_EDGE('',*,*,#3814,.T.);
#4922=ORIENTED_EDGE('',*,*,#3815,.F.);
#4923=ORIENTED_EDGE('',*,*,#3816,.T.);
#4924=ORIENTED_EDGE('',*,*,#3817,.F.);
#4925=ORIENTED_EDGE('',*,*,#3730,.F.);
#4926=ORIENTED_EDGE('',*,*,#3734,.F.);
#4927=ORIENTED_EDGE('',*,*,#3785,.F.);
#4928=ORIENTED_EDGE('',*,*,#3818,.F.);
#4929=ORIENTED_EDGE('',*,*,#3813,.F.);
#4930=ORIENTED_EDGE('',*,*,#3819,.T.);
#4931=ORIENTED_EDGE('',*,*,#3820,.F.);
#4932=ORIENTED_EDGE('',*,*,#3731,.T.);
#4933=ORIENTED_EDGE('',*,*,#3817,.T.);
#4934=ORIENTED_EDGE('',*,*,#3821,.F.);
#4935=ORIENTED_EDGE('',*,*,#3815,.T.);
#4936=ORIENTED_EDGE('',*,*,#3822,.T.);
#4937=ORIENTED_EDGE('',*,*,#3786,.T.);
#4938=ORIENTED_EDGE('',*,*,#3732,.T.);
#4939=ORIENTED_EDGE('',*,*,#3728,.T.);
#4940=ORIENTED_EDGE('',*,*,#3820,.T.);
#4941=ORIENTED_EDGE('',*,*,#3823,.F.);
#4942=ORIENTED_EDGE('',*,*,#3824,.T.);
#4943=ORIENTED_EDGE('',*,*,#3825,.T.);
#4944=ORIENTED_EDGE('',*,*,#3826,.F.);
#4945=ORIENTED_EDGE('',*,*,#3827,.T.);
#4946=ORIENTED_EDGE('',*,*,#3828,.F.);
#4947=ORIENTED_EDGE('',*,*,#3737,.F.);
#4948=ORIENTED_EDGE('',*,*,#3741,.F.);
#4949=ORIENTED_EDGE('',*,*,#3788,.F.);
#4950=ORIENTED_EDGE('',*,*,#3829,.F.);
#4951=ORIENTED_EDGE('',*,*,#3824,.F.);
#4952=ORIENTED_EDGE('',*,*,#3830,.T.);
#4953=ORIENTED_EDGE('',*,*,#3831,.F.);
#4954=ORIENTED_EDGE('',*,*,#3738,.T.);
#4955=ORIENTED_EDGE('',*,*,#3828,.T.);
#4956=ORIENTED_EDGE('',*,*,#3832,.F.);
#4957=ORIENTED_EDGE('',*,*,#3826,.T.);
#4958=ORIENTED_EDGE('',*,*,#3833,.T.);
#4959=ORIENTED_EDGE('',*,*,#3789,.T.);
#4960=ORIENTED_EDGE('',*,*,#3739,.T.);
#4961=ORIENTED_EDGE('',*,*,#3735,.T.);
#4962=ORIENTED_EDGE('',*,*,#3831,.T.);
#4963=ORIENTED_EDGE('',*,*,#3834,.F.);
#4964=ORIENTED_EDGE('',*,*,#3835,.T.);
#4965=ORIENTED_EDGE('',*,*,#3836,.T.);
#4966=ORIENTED_EDGE('',*,*,#3837,.F.);
#4967=ORIENTED_EDGE('',*,*,#3838,.T.);
#4968=ORIENTED_EDGE('',*,*,#3839,.F.);
#4969=ORIENTED_EDGE('',*,*,#3744,.F.);
#4970=ORIENTED_EDGE('',*,*,#3748,.F.);
#4971=ORIENTED_EDGE('',*,*,#3791,.F.);
#4972=ORIENTED_EDGE('',*,*,#3840,.F.);
#4973=ORIENTED_EDGE('',*,*,#3835,.F.);
#4974=ORIENTED_EDGE('',*,*,#3841,.T.);
#4975=ORIENTED_EDGE('',*,*,#3842,.F.);
#4976=ORIENTED_EDGE('',*,*,#3745,.T.);
#4977=ORIENTED_EDGE('',*,*,#3839,.T.);
#4978=ORIENTED_EDGE('',*,*,#3843,.F.);
#4979=ORIENTED_EDGE('',*,*,#3837,.T.);
#4980=ORIENTED_EDGE('',*,*,#3844,.T.);
#4981=ORIENTED_EDGE('',*,*,#3792,.T.);
#4982=ORIENTED_EDGE('',*,*,#3746,.T.);
#4983=ORIENTED_EDGE('',*,*,#3742,.T.);
#4984=ORIENTED_EDGE('',*,*,#3842,.T.);
#4985=ORIENTED_EDGE('',*,*,#3845,.F.);
#4986=ORIENTED_EDGE('',*,*,#3846,.T.);
#4987=ORIENTED_EDGE('',*,*,#3847,.T.);
#4988=ORIENTED_EDGE('',*,*,#3848,.F.);
#4989=ORIENTED_EDGE('',*,*,#3849,.T.);
#4990=ORIENTED_EDGE('',*,*,#3850,.F.);
#4991=ORIENTED_EDGE('',*,*,#3751,.F.);
#4992=ORIENTED_EDGE('',*,*,#3755,.F.);
#4993=ORIENTED_EDGE('',*,*,#3794,.F.);
#4994=ORIENTED_EDGE('',*,*,#3851,.F.);
#4995=ORIENTED_EDGE('',*,*,#3846,.F.);
#4996=ORIENTED_EDGE('',*,*,#3852,.T.);
#4997=ORIENTED_EDGE('',*,*,#3853,.F.);
#4998=ORIENTED_EDGE('',*,*,#3752,.T.);
#4999=ORIENTED_EDGE('',*,*,#3850,.T.);
#5000=ORIENTED_EDGE('',*,*,#3854,.F.);
#5001=ORIENTED_EDGE('',*,*,#3848,.T.);
#5002=ORIENTED_EDGE('',*,*,#3855,.T.);
#5003=ORIENTED_EDGE('',*,*,#3795,.T.);
#5004=ORIENTED_EDGE('',*,*,#3753,.T.);
#5005=ORIENTED_EDGE('',*,*,#3749,.T.);
#5006=ORIENTED_EDGE('',*,*,#3853,.T.);
#5007=ORIENTED_EDGE('',*,*,#3856,.F.);
#5008=ORIENTED_EDGE('',*,*,#3857,.T.);
#5009=ORIENTED_EDGE('',*,*,#3858,.T.);
#5010=ORIENTED_EDGE('',*,*,#3859,.F.);
#5011=ORIENTED_EDGE('',*,*,#3860,.T.);
#5012=ORIENTED_EDGE('',*,*,#3861,.F.);
#5013=ORIENTED_EDGE('',*,*,#3758,.F.);
#5014=ORIENTED_EDGE('',*,*,#3762,.F.);
#5015=ORIENTED_EDGE('',*,*,#3797,.F.);
#5016=ORIENTED_EDGE('',*,*,#3862,.F.);
#5017=ORIENTED_EDGE('',*,*,#3857,.F.);
#5018=ORIENTED_EDGE('',*,*,#3863,.T.);
#5019=ORIENTED_EDGE('',*,*,#3864,.F.);
#5020=ORIENTED_EDGE('',*,*,#3759,.T.);
#5021=ORIENTED_EDGE('',*,*,#3861,.T.);
#5022=ORIENTED_EDGE('',*,*,#3865,.F.);
#5023=ORIENTED_EDGE('',*,*,#3859,.T.);
#5024=ORIENTED_EDGE('',*,*,#3866,.T.);
#5025=ORIENTED_EDGE('',*,*,#3798,.T.);
#5026=ORIENTED_EDGE('',*,*,#3760,.T.);
#5027=ORIENTED_EDGE('',*,*,#3756,.T.);
#5028=ORIENTED_EDGE('',*,*,#3864,.T.);
#5029=ORIENTED_EDGE('',*,*,#3867,.F.);
#5030=ORIENTED_EDGE('',*,*,#3868,.T.);
#5031=ORIENTED_EDGE('',*,*,#3869,.T.);
#5032=ORIENTED_EDGE('',*,*,#3870,.F.);
#5033=ORIENTED_EDGE('',*,*,#3871,.T.);
#5034=ORIENTED_EDGE('',*,*,#3872,.F.);
#5035=ORIENTED_EDGE('',*,*,#3765,.F.);
#5036=ORIENTED_EDGE('',*,*,#3769,.F.);
#5037=ORIENTED_EDGE('',*,*,#3800,.F.);
#5038=ORIENTED_EDGE('',*,*,#3873,.F.);
#5039=ORIENTED_EDGE('',*,*,#3868,.F.);
#5040=ORIENTED_EDGE('',*,*,#3874,.T.);
#5041=ORIENTED_EDGE('',*,*,#3875,.F.);
#5042=ORIENTED_EDGE('',*,*,#3766,.T.);
#5043=ORIENTED_EDGE('',*,*,#3872,.T.);
#5044=ORIENTED_EDGE('',*,*,#3876,.F.);
#5045=ORIENTED_EDGE('',*,*,#3870,.T.);
#5046=ORIENTED_EDGE('',*,*,#3877,.T.);
#5047=ORIENTED_EDGE('',*,*,#3801,.T.);
#5048=ORIENTED_EDGE('',*,*,#3767,.T.);
#5049=ORIENTED_EDGE('',*,*,#3763,.T.);
#5050=ORIENTED_EDGE('',*,*,#3875,.T.);
#5051=ORIENTED_EDGE('',*,*,#3878,.F.);
#5052=ORIENTED_EDGE('',*,*,#3879,.T.);
#5053=ORIENTED_EDGE('',*,*,#3880,.T.);
#5054=ORIENTED_EDGE('',*,*,#3881,.F.);
#5055=ORIENTED_EDGE('',*,*,#3882,.T.);
#5056=ORIENTED_EDGE('',*,*,#3883,.F.);
#5057=ORIENTED_EDGE('',*,*,#3772,.F.);
#5058=ORIENTED_EDGE('',*,*,#3776,.F.);
#5059=ORIENTED_EDGE('',*,*,#3803,.F.);
#5060=ORIENTED_EDGE('',*,*,#3884,.F.);
#5061=ORIENTED_EDGE('',*,*,#3879,.F.);
#5062=ORIENTED_EDGE('',*,*,#3885,.T.);
#5063=ORIENTED_EDGE('',*,*,#3886,.F.);
#5064=ORIENTED_EDGE('',*,*,#3773,.T.);
#5065=ORIENTED_EDGE('',*,*,#3883,.T.);
#5066=ORIENTED_EDGE('',*,*,#3887,.F.);
#5067=ORIENTED_EDGE('',*,*,#3881,.T.);
#5068=ORIENTED_EDGE('',*,*,#3888,.T.);
#5069=ORIENTED_EDGE('',*,*,#3804,.T.);
#5070=ORIENTED_EDGE('',*,*,#3774,.T.);
#5071=ORIENTED_EDGE('',*,*,#3770,.T.);
#5072=ORIENTED_EDGE('',*,*,#3886,.T.);
#5073=ORIENTED_EDGE('',*,*,#3889,.F.);
#5074=ORIENTED_EDGE('',*,*,#3890,.T.);
#5075=ORIENTED_EDGE('',*,*,#3891,.T.);
#5076=ORIENTED_EDGE('',*,*,#3892,.F.);
#5077=ORIENTED_EDGE('',*,*,#3893,.T.);
#5078=ORIENTED_EDGE('',*,*,#3894,.F.);
#5079=ORIENTED_EDGE('',*,*,#3779,.F.);
#5080=ORIENTED_EDGE('',*,*,#3783,.F.);
#5081=ORIENTED_EDGE('',*,*,#3806,.F.);
#5082=ORIENTED_EDGE('',*,*,#3895,.F.);
#5083=ORIENTED_EDGE('',*,*,#3890,.F.);
#5084=ORIENTED_EDGE('',*,*,#3896,.T.);
#5085=ORIENTED_EDGE('',*,*,#3897,.F.);
#5086=ORIENTED_EDGE('',*,*,#3780,.T.);
#5087=ORIENTED_EDGE('',*,*,#3894,.T.);
#5088=ORIENTED_EDGE('',*,*,#3898,.F.);
#5089=ORIENTED_EDGE('',*,*,#3892,.T.);
#5090=ORIENTED_EDGE('',*,*,#3899,.T.);
#5091=ORIENTED_EDGE('',*,*,#3807,.T.);
#5092=ORIENTED_EDGE('',*,*,#3781,.T.);
#5093=ORIENTED_EDGE('',*,*,#3777,.T.);
#5094=ORIENTED_EDGE('',*,*,#3897,.T.);
#5095=ORIENTED_EDGE('',*,*,#3900,.F.);
#5096=ORIENTED_EDGE('',*,*,#3901,.T.);
#5097=ORIENTED_EDGE('',*,*,#3902,.F.);
#5098=ORIENTED_EDGE('',*,*,#3903,.F.);
#5099=ORIENTED_EDGE('',*,*,#3899,.F.);
#5100=ORIENTED_EDGE('',*,*,#3891,.F.);
#5101=ORIENTED_EDGE('',*,*,#3895,.T.);
#5102=ORIENTED_EDGE('',*,*,#3805,.T.);
#5103=ORIENTED_EDGE('',*,*,#3888,.F.);
#5104=ORIENTED_EDGE('',*,*,#3880,.F.);
#5105=ORIENTED_EDGE('',*,*,#3884,.T.);
#5106=ORIENTED_EDGE('',*,*,#3802,.T.);
#5107=ORIENTED_EDGE('',*,*,#3877,.F.);
#5108=ORIENTED_EDGE('',*,*,#3869,.F.);
#5109=ORIENTED_EDGE('',*,*,#3873,.T.);
#5110=ORIENTED_EDGE('',*,*,#3799,.T.);
#5111=ORIENTED_EDGE('',*,*,#3866,.F.);
#5112=ORIENTED_EDGE('',*,*,#3858,.F.);
#5113=ORIENTED_EDGE('',*,*,#3862,.T.);
#5114=ORIENTED_EDGE('',*,*,#3796,.T.);
#5115=ORIENTED_EDGE('',*,*,#3855,.F.);
#5116=ORIENTED_EDGE('',*,*,#3847,.F.);
#5117=ORIENTED_EDGE('',*,*,#3851,.T.);
#5118=ORIENTED_EDGE('',*,*,#3793,.T.);
#5119=ORIENTED_EDGE('',*,*,#3844,.F.);
#5120=ORIENTED_EDGE('',*,*,#3836,.F.);
#5121=ORIENTED_EDGE('',*,*,#3840,.T.);
#5122=ORIENTED_EDGE('',*,*,#3790,.T.);
#5123=ORIENTED_EDGE('',*,*,#3833,.F.);
#5124=ORIENTED_EDGE('',*,*,#3825,.F.);
#5125=ORIENTED_EDGE('',*,*,#3829,.T.);
#5126=ORIENTED_EDGE('',*,*,#3787,.T.);
#5127=ORIENTED_EDGE('',*,*,#3822,.F.);
#5128=ORIENTED_EDGE('',*,*,#3814,.F.);
#5129=ORIENTED_EDGE('',*,*,#3818,.T.);
#5130=ORIENTED_EDGE('',*,*,#3784,.T.);
#5131=ORIENTED_EDGE('',*,*,#3808,.F.);
#5132=ORIENTED_EDGE('',*,*,#3904,.F.);
#5133=ORIENTED_EDGE('',*,*,#3905,.T.);
#5134=ORIENTED_EDGE('',*,*,#3906,.T.);
#5135=ORIENTED_EDGE('',*,*,#3907,.F.);
#5136=ORIENTED_EDGE('',*,*,#3908,.F.);
#5137=ORIENTED_EDGE('',*,*,#3909,.F.);
#5138=ORIENTED_EDGE('',*,*,#3910,.T.);
#5139=ORIENTED_EDGE('',*,*,#3911,.T.);
#5140=ORIENTED_EDGE('',*,*,#3907,.T.);
#5141=ORIENTED_EDGE('',*,*,#3912,.F.);
#5142=ORIENTED_EDGE('',*,*,#3913,.T.);
#5143=ORIENTED_EDGE('',*,*,#3914,.F.);
#5144=ORIENTED_EDGE('',*,*,#3915,.T.);
#5145=ORIENTED_EDGE('',*,*,#3916,.T.);
#5146=ORIENTED_EDGE('',*,*,#3917,.F.);
#5147=ORIENTED_EDGE('',*,*,#3918,.T.);
#5148=ORIENTED_EDGE('',*,*,#3919,.F.);
#5149=ORIENTED_EDGE('',*,*,#3920,.F.);
#5150=ORIENTED_EDGE('',*,*,#3921,.F.);
#5151=ORIENTED_EDGE('',*,*,#3922,.F.);
#5152=ORIENTED_EDGE('',*,*,#3923,.T.);
#5153=ORIENTED_EDGE('',*,*,#3920,.T.);
#5154=ORIENTED_EDGE('',*,*,#3924,.F.);
#5155=ORIENTED_EDGE('',*,*,#3925,.F.);
#5156=ORIENTED_EDGE('',*,*,#3926,.T.);
#5157=ORIENTED_EDGE('',*,*,#3921,.T.);
#5158=ORIENTED_EDGE('',*,*,#3923,.F.);
#5159=ORIENTED_EDGE('',*,*,#3927,.F.);
#5160=ORIENTED_EDGE('',*,*,#3928,.T.);
#5161=ORIENTED_EDGE('',*,*,#3809,.F.);
#5162=ORIENTED_EDGE('',*,*,#3906,.F.);
#5163=ORIENTED_EDGE('',*,*,#3929,.T.);
#5164=ORIENTED_EDGE('',*,*,#3930,.F.);
#5165=ORIENTED_EDGE('',*,*,#3918,.F.);
#5166=ORIENTED_EDGE('',*,*,#3926,.F.);
#5167=ORIENTED_EDGE('',*,*,#3931,.F.);
#5168=ORIENTED_EDGE('',*,*,#3932,.T.);
#5169=ORIENTED_EDGE('',*,*,#3810,.F.);
#5170=ORIENTED_EDGE('',*,*,#3928,.F.);
#5171=ORIENTED_EDGE('',*,*,#3933,.F.);
#5172=ORIENTED_EDGE('',*,*,#3934,.T.);
#5173=ORIENTED_EDGE('',*,*,#3913,.F.);
#5174=ORIENTED_EDGE('',*,*,#3935,.F.);
#5175=ORIENTED_EDGE('',*,*,#3936,.F.);
#5176=ORIENTED_EDGE('',*,*,#3937,.T.);
#5177=ORIENTED_EDGE('',*,*,#3914,.T.);
#5178=ORIENTED_EDGE('',*,*,#3938,.F.);
#5179=ORIENTED_EDGE('',*,*,#3939,.F.);
#5180=ORIENTED_EDGE('',*,*,#3908,.T.);
#5181=ORIENTED_EDGE('',*,*,#3911,.F.);
#5182=ORIENTED_EDGE('',*,*,#3934,.F.);
#5183=ORIENTED_EDGE('',*,*,#3940,.F.);
#5184=ORIENTED_EDGE('',*,*,#3941,.T.);
#5185=ORIENTED_EDGE('',*,*,#3915,.F.);
#5186=ORIENTED_EDGE('',*,*,#3937,.F.);
#5187=ORIENTED_EDGE('',*,*,#3942,.F.);
#5188=ORIENTED_EDGE('',*,*,#3943,.F.);
#5189=ORIENTED_EDGE('',*,*,#3916,.F.);
#5190=ORIENTED_EDGE('',*,*,#3941,.F.);
#5191=ORIENTED_EDGE('',*,*,#3944,.F.);
#5192=ORIENTED_EDGE('',*,*,#3945,.T.);
#5193=ORIENTED_EDGE('',*,*,#3946,.T.);
#5194=ORIENTED_EDGE('',*,*,#3947,.F.);
#5195=ORIENTED_EDGE('',*,*,#3948,.F.);
#5196=ORIENTED_EDGE('',*,*,#3949,.T.);
#5197=ORIENTED_EDGE('',*,*,#3950,.F.);
#5198=ORIENTED_EDGE('',*,*,#3951,.F.);
#5199=ORIENTED_EDGE('',*,*,#3952,.F.);
#5200=ORIENTED_EDGE('',*,*,#3953,.F.);
#5201=ORIENTED_EDGE('',*,*,#3954,.T.);
#5202=ORIENTED_EDGE('',*,*,#3955,.F.);
#5203=ORIENTED_EDGE('',*,*,#3956,.F.);
#5204=ORIENTED_EDGE('',*,*,#3957,.F.);
#5205=ORIENTED_EDGE('',*,*,#3958,.F.);
#5206=ORIENTED_EDGE('',*,*,#3959,.F.);
#5207=ORIENTED_EDGE('',*,*,#3960,.T.);
#5208=ORIENTED_EDGE('',*,*,#3961,.T.);
#5209=ORIENTED_EDGE('',*,*,#3962,.F.);
#5210=ORIENTED_EDGE('',*,*,#3963,.F.);
#5211=ORIENTED_EDGE('',*,*,#3964,.T.);
#5212=ORIENTED_EDGE('',*,*,#3963,.T.);
#5213=ORIENTED_EDGE('',*,*,#3965,.F.);
#5214=ORIENTED_EDGE('',*,*,#3966,.F.);
#5215=ORIENTED_EDGE('',*,*,#3967,.T.);
#5216=ORIENTED_EDGE('',*,*,#3966,.T.);
#5217=ORIENTED_EDGE('',*,*,#3968,.F.);
#5218=ORIENTED_EDGE('',*,*,#3969,.F.);
#5219=ORIENTED_EDGE('',*,*,#3970,.T.);
#5220=ORIENTED_EDGE('',*,*,#3969,.T.);
#5221=ORIENTED_EDGE('',*,*,#3971,.F.);
#5222=ORIENTED_EDGE('',*,*,#3972,.F.);
#5223=ORIENTED_EDGE('',*,*,#3973,.T.);
#5224=ORIENTED_EDGE('',*,*,#3972,.T.);
#5225=ORIENTED_EDGE('',*,*,#3974,.F.);
#5226=ORIENTED_EDGE('',*,*,#3975,.F.);
#5227=ORIENTED_EDGE('',*,*,#3976,.F.);
#5228=ORIENTED_EDGE('',*,*,#3977,.F.);
#5229=ORIENTED_EDGE('',*,*,#3978,.F.);
#5230=ORIENTED_EDGE('',*,*,#3904,.T.);
#5231=ORIENTED_EDGE('',*,*,#3811,.F.);
#5232=ORIENTED_EDGE('',*,*,#3932,.F.);
#5233=ORIENTED_EDGE('',*,*,#3979,.T.);
#5234=ORIENTED_EDGE('',*,*,#3980,.T.);
#5235=ORIENTED_EDGE('',*,*,#3981,.F.);
#5236=ORIENTED_EDGE('',*,*,#3982,.F.);
#5237=ORIENTED_EDGE('',*,*,#3983,.F.);
#5238=ORIENTED_EDGE('',*,*,#3903,.T.);
#5239=ORIENTED_EDGE('',*,*,#3984,.F.);
#5240=ORIENTED_EDGE('',*,*,#3985,.T.);
#5241=ORIENTED_EDGE('',*,*,#3983,.T.);
#5242=ORIENTED_EDGE('',*,*,#3986,.T.);
#5243=ORIENTED_EDGE('',*,*,#3987,.F.);
#5244=ORIENTED_EDGE('',*,*,#3988,.F.);
#5245=ORIENTED_EDGE('',*,*,#3989,.F.);
#5246=ORIENTED_EDGE('',*,*,#3990,.F.);
#5247=ORIENTED_EDGE('',*,*,#3900,.T.);
#5248=ORIENTED_EDGE('',*,*,#3988,.T.);
#5249=ORIENTED_EDGE('',*,*,#3991,.F.);
#5250=ORIENTED_EDGE('',*,*,#3992,.F.);
#5251=ORIENTED_EDGE('',*,*,#3993,.T.);
#5252=ORIENTED_EDGE('',*,*,#3990,.T.);
#5253=ORIENTED_EDGE('',*,*,#3993,.F.);
#5254=ORIENTED_EDGE('',*,*,#3994,.F.);
#5255=ORIENTED_EDGE('',*,*,#3995,.F.);
#5256=ORIENTED_EDGE('',*,*,#3901,.F.);
#5257=ORIENTED_EDGE('',*,*,#3996,.T.);
#5258=ORIENTED_EDGE('',*,*,#3997,.T.);
#5259=ORIENTED_EDGE('',*,*,#3998,.F.);
#5260=ORIENTED_EDGE('',*,*,#3999,.F.);
#5261=ORIENTED_EDGE('',*,*,#3929,.F.);
#5262=ORIENTED_EDGE('',*,*,#3905,.F.);
#5263=ORIENTED_EDGE('',*,*,#3978,.T.);
#5264=ORIENTED_EDGE('',*,*,#4000,.T.);
#5265=ORIENTED_EDGE('',*,*,#3981,.T.);
#5266=ORIENTED_EDGE('',*,*,#4001,.T.);
#5267=ORIENTED_EDGE('',*,*,#3984,.T.);
#5268=ORIENTED_EDGE('',*,*,#3902,.T.);
#5269=ORIENTED_EDGE('',*,*,#3995,.T.);
#5270=ORIENTED_EDGE('',*,*,#4002,.T.);
#5271=ORIENTED_EDGE('',*,*,#3998,.T.);
#5272=ORIENTED_EDGE('',*,*,#4003,.T.);
#5273=ORIENTED_EDGE('',*,*,#4004,.T.);
#5274=ORIENTED_EDGE('',*,*,#3909,.T.);
#5275=ORIENTED_EDGE('',*,*,#3939,.T.);
#5276=ORIENTED_EDGE('',*,*,#4005,.F.);
#5277=ORIENTED_EDGE('',*,*,#3898,.T.);
#5278=ORIENTED_EDGE('',*,*,#3896,.F.);
#5279=ORIENTED_EDGE('',*,*,#3893,.F.);
#5280=ORIENTED_EDGE('',*,*,#3889,.T.);
#5281=ORIENTED_EDGE('',*,*,#3887,.T.);
#5282=ORIENTED_EDGE('',*,*,#3885,.F.);
#5283=ORIENTED_EDGE('',*,*,#3882,.F.);
#5284=ORIENTED_EDGE('',*,*,#3878,.T.);
#5285=ORIENTED_EDGE('',*,*,#3876,.T.);
#5286=ORIENTED_EDGE('',*,*,#3874,.F.);
#5287=ORIENTED_EDGE('',*,*,#3871,.F.);
#5288=ORIENTED_EDGE('',*,*,#3867,.T.);
#5289=ORIENTED_EDGE('',*,*,#3865,.T.);
#5290=ORIENTED_EDGE('',*,*,#3863,.F.);
#5291=ORIENTED_EDGE('',*,*,#3860,.F.);
#5292=ORIENTED_EDGE('',*,*,#3856,.T.);
#5293=ORIENTED_EDGE('',*,*,#3854,.T.);
#5294=ORIENTED_EDGE('',*,*,#3852,.F.);
#5295=ORIENTED_EDGE('',*,*,#3849,.F.);
#5296=ORIENTED_EDGE('',*,*,#3845,.T.);
#5297=ORIENTED_EDGE('',*,*,#3843,.T.);
#5298=ORIENTED_EDGE('',*,*,#3841,.F.);
#5299=ORIENTED_EDGE('',*,*,#3838,.F.);
#5300=ORIENTED_EDGE('',*,*,#3834,.T.);
#5301=ORIENTED_EDGE('',*,*,#3832,.T.);
#5302=ORIENTED_EDGE('',*,*,#3830,.F.);
#5303=ORIENTED_EDGE('',*,*,#3827,.F.);
#5304=ORIENTED_EDGE('',*,*,#3823,.T.);
#5305=ORIENTED_EDGE('',*,*,#3821,.T.);
#5306=ORIENTED_EDGE('',*,*,#3819,.F.);
#5307=ORIENTED_EDGE('',*,*,#3816,.F.);
#5308=ORIENTED_EDGE('',*,*,#3812,.T.);
#5309=ORIENTED_EDGE('',*,*,#4006,.F.);
#5310=ORIENTED_EDGE('',*,*,#3935,.T.);
#5311=ORIENTED_EDGE('',*,*,#3912,.T.);
#5312=ORIENTED_EDGE('',*,*,#3910,.F.);
#5313=ORIENTED_EDGE('',*,*,#4004,.F.);
#5314=ORIENTED_EDGE('',*,*,#4007,.T.);
#5315=ORIENTED_EDGE('',*,*,#4008,.T.);
#5316=ORIENTED_EDGE('',*,*,#4009,.T.);
#5317=ORIENTED_EDGE('',*,*,#4010,.F.);
#5318=ORIENTED_EDGE('',*,*,#4011,.F.);
#5319=ORIENTED_EDGE('',*,*,#4012,.T.);
#5320=ORIENTED_EDGE('',*,*,#4011,.T.);
#5321=ORIENTED_EDGE('',*,*,#4013,.F.);
#5322=ORIENTED_EDGE('',*,*,#4014,.F.);
#5323=ORIENTED_EDGE('',*,*,#4015,.T.);
#5324=ORIENTED_EDGE('',*,*,#4014,.T.);
#5325=ORIENTED_EDGE('',*,*,#4016,.F.);
#5326=ORIENTED_EDGE('',*,*,#4017,.F.);
#5327=ORIENTED_EDGE('',*,*,#4018,.T.);
#5328=ORIENTED_EDGE('',*,*,#4017,.T.);
#5329=ORIENTED_EDGE('',*,*,#4019,.F.);
#5330=ORIENTED_EDGE('',*,*,#4020,.F.);
#5331=ORIENTED_EDGE('',*,*,#4021,.T.);
#5332=ORIENTED_EDGE('',*,*,#4020,.T.);
#5333=ORIENTED_EDGE('',*,*,#4022,.F.);
#5334=ORIENTED_EDGE('',*,*,#4023,.F.);
#5335=ORIENTED_EDGE('',*,*,#4024,.T.);
#5336=ORIENTED_EDGE('',*,*,#4025,.F.);
#5337=ORIENTED_EDGE('',*,*,#4026,.F.);
#5338=ORIENTED_EDGE('',*,*,#4025,.T.);
#5339=ORIENTED_EDGE('',*,*,#4027,.T.);
#5340=ORIENTED_EDGE('',*,*,#4028,.F.);
#5341=ORIENTED_EDGE('',*,*,#4029,.F.);
#5342=ORIENTED_EDGE('',*,*,#4028,.T.);
#5343=ORIENTED_EDGE('',*,*,#4030,.F.);
#5344=ORIENTED_EDGE('',*,*,#4031,.F.);
#5345=ORIENTED_EDGE('',*,*,#4032,.F.);
#5346=ORIENTED_EDGE('',*,*,#4031,.T.);
#5347=ORIENTED_EDGE('',*,*,#4033,.T.);
#5348=ORIENTED_EDGE('',*,*,#4034,.F.);
#5349=ORIENTED_EDGE('',*,*,#4035,.T.);
#5350=ORIENTED_EDGE('',*,*,#4034,.T.);
#5351=ORIENTED_EDGE('',*,*,#3924,.T.);
#5352=ORIENTED_EDGE('',*,*,#3919,.T.);
#5353=ORIENTED_EDGE('',*,*,#3930,.T.);
#5354=ORIENTED_EDGE('',*,*,#4005,.T.);
#5355=ORIENTED_EDGE('',*,*,#3938,.T.);
#5356=ORIENTED_EDGE('',*,*,#3917,.T.);
#5357=ORIENTED_EDGE('',*,*,#3943,.T.);
#5358=ORIENTED_EDGE('',*,*,#4036,.T.);
#5359=ORIENTED_EDGE('',*,*,#4037,.F.);
#5360=ORIENTED_EDGE('',*,*,#4038,.T.);
#5361=ORIENTED_EDGE('',*,*,#3922,.T.);
#5362=ORIENTED_EDGE('',*,*,#4038,.F.);
#5363=ORIENTED_EDGE('',*,*,#4039,.F.);
#5364=ORIENTED_EDGE('',*,*,#4040,.F.);
#5365=ORIENTED_EDGE('',*,*,#3925,.T.);
#5366=ORIENTED_EDGE('',*,*,#4040,.T.);
#5367=ORIENTED_EDGE('',*,*,#4041,.F.);
#5368=ORIENTED_EDGE('',*,*,#4042,.F.);
#5369=ORIENTED_EDGE('',*,*,#3927,.T.);
#5370=ORIENTED_EDGE('',*,*,#4042,.T.);
#5371=ORIENTED_EDGE('',*,*,#4043,.F.);
#5372=ORIENTED_EDGE('',*,*,#4044,.F.);
#5373=ORIENTED_EDGE('',*,*,#3931,.T.);
#5374=ORIENTED_EDGE('',*,*,#4044,.T.);
#5375=ORIENTED_EDGE('',*,*,#4045,.F.);
#5376=ORIENTED_EDGE('',*,*,#4046,.F.);
#5377=ORIENTED_EDGE('',*,*,#4047,.F.);
#5378=ORIENTED_EDGE('',*,*,#4048,.F.);
#5379=ORIENTED_EDGE('',*,*,#3976,.T.);
#5380=ORIENTED_EDGE('',*,*,#4046,.T.);
#5381=ORIENTED_EDGE('',*,*,#4006,.T.);
#5382=ORIENTED_EDGE('',*,*,#4049,.T.);
#5383=ORIENTED_EDGE('',*,*,#4050,.F.);
#5384=ORIENTED_EDGE('',*,*,#4051,.F.);
#5385=ORIENTED_EDGE('',*,*,#4052,.F.);
#5386=ORIENTED_EDGE('',*,*,#4053,.F.);
#5387=ORIENTED_EDGE('',*,*,#3933,.T.);
#5388=ORIENTED_EDGE('',*,*,#4051,.T.);
#5389=ORIENTED_EDGE('',*,*,#4054,.F.);
#5390=ORIENTED_EDGE('',*,*,#4055,.F.);
#5391=ORIENTED_EDGE('',*,*,#3936,.T.);
#5392=ORIENTED_EDGE('',*,*,#4053,.T.);
#5393=ORIENTED_EDGE('',*,*,#4056,.F.);
#5394=ORIENTED_EDGE('',*,*,#4057,.F.);
#5395=ORIENTED_EDGE('',*,*,#3940,.T.);
#5396=ORIENTED_EDGE('',*,*,#4055,.T.);
#5397=ORIENTED_EDGE('',*,*,#4058,.F.);
#5398=ORIENTED_EDGE('',*,*,#4036,.F.);
#5399=ORIENTED_EDGE('',*,*,#3942,.T.);
#5400=ORIENTED_EDGE('',*,*,#4057,.T.);
#5401=ORIENTED_EDGE('',*,*,#4059,.T.);
#5402=ORIENTED_EDGE('',*,*,#4060,.T.);
#5403=ORIENTED_EDGE('',*,*,#4061,.T.);
#5404=ORIENTED_EDGE('',*,*,#4062,.T.);
#5405=ORIENTED_EDGE('',*,*,#4063,.T.);
#5406=ORIENTED_EDGE('',*,*,#4064,.T.);
#5407=ORIENTED_EDGE('',*,*,#4065,.T.);
#5408=ORIENTED_EDGE('',*,*,#4066,.T.);
#5409=ORIENTED_EDGE('',*,*,#4067,.T.);
#5410=ORIENTED_EDGE('',*,*,#4068,.T.);
#5411=ORIENTED_EDGE('',*,*,#4069,.T.);
#5412=ORIENTED_EDGE('',*,*,#4070,.T.);
#5413=ORIENTED_EDGE('',*,*,#4071,.T.);
#5414=ORIENTED_EDGE('',*,*,#4072,.T.);
#5415=ORIENTED_EDGE('',*,*,#4073,.T.);
#5416=ORIENTED_EDGE('',*,*,#4074,.T.);
#5417=ORIENTED_EDGE('',*,*,#4075,.T.);
#5418=ORIENTED_EDGE('',*,*,#4076,.T.);
#5419=ORIENTED_EDGE('',*,*,#4077,.T.);
#5420=ORIENTED_EDGE('',*,*,#4078,.T.);
#5421=ORIENTED_EDGE('',*,*,#4079,.T.);
#5422=ORIENTED_EDGE('',*,*,#4080,.T.);
#5423=ORIENTED_EDGE('',*,*,#4081,.T.);
#5424=ORIENTED_EDGE('',*,*,#4082,.T.);
#5425=ORIENTED_EDGE('',*,*,#4083,.T.);
#5426=ORIENTED_EDGE('',*,*,#4084,.T.);
#5427=ORIENTED_EDGE('',*,*,#4085,.T.);
#5428=ORIENTED_EDGE('',*,*,#4086,.T.);
#5429=ORIENTED_EDGE('',*,*,#4087,.T.);
#5430=ORIENTED_EDGE('',*,*,#4088,.T.);
#5431=ORIENTED_EDGE('',*,*,#4089,.T.);
#5432=ORIENTED_EDGE('',*,*,#4090,.T.);
#5433=ORIENTED_EDGE('',*,*,#4091,.T.);
#5434=ORIENTED_EDGE('',*,*,#4092,.T.);
#5435=ORIENTED_EDGE('',*,*,#4093,.T.);
#5436=ORIENTED_EDGE('',*,*,#4094,.T.);
#5437=ORIENTED_EDGE('',*,*,#4095,.T.);
#5438=ORIENTED_EDGE('',*,*,#4096,.T.);
#5439=ORIENTED_EDGE('',*,*,#4097,.T.);
#5440=ORIENTED_EDGE('',*,*,#4098,.T.);
#5441=ORIENTED_EDGE('',*,*,#4099,.T.);
#5442=ORIENTED_EDGE('',*,*,#4100,.T.);
#5443=ORIENTED_EDGE('',*,*,#4101,.T.);
#5444=ORIENTED_EDGE('',*,*,#4102,.T.);
#5445=ORIENTED_EDGE('',*,*,#4103,.T.);
#5446=ORIENTED_EDGE('',*,*,#4104,.T.);
#5447=ORIENTED_EDGE('',*,*,#4105,.T.);
#5448=ORIENTED_EDGE('',*,*,#4106,.T.);
#5449=ORIENTED_EDGE('',*,*,#4107,.T.);
#5450=ORIENTED_EDGE('',*,*,#4108,.T.);
#5451=ORIENTED_EDGE('',*,*,#4109,.T.);
#5452=ORIENTED_EDGE('',*,*,#4110,.T.);
#5453=ORIENTED_EDGE('',*,*,#4111,.T.);
#5454=ORIENTED_EDGE('',*,*,#4112,.T.);
#5455=ORIENTED_EDGE('',*,*,#4113,.T.);
#5456=ORIENTED_EDGE('',*,*,#4114,.T.);
#5457=ORIENTED_EDGE('',*,*,#4115,.T.);
#5458=ORIENTED_EDGE('',*,*,#4116,.T.);
#5459=ORIENTED_EDGE('',*,*,#4117,.T.);
#5460=ORIENTED_EDGE('',*,*,#4118,.T.);
#5461=ORIENTED_EDGE('',*,*,#4119,.T.);
#5462=ORIENTED_EDGE('',*,*,#4120,.T.);
#5463=ORIENTED_EDGE('',*,*,#4121,.T.);
#5464=ORIENTED_EDGE('',*,*,#4122,.T.);
#5465=ORIENTED_EDGE('',*,*,#4123,.T.);
#5466=ORIENTED_EDGE('',*,*,#4124,.T.);
#5467=ORIENTED_EDGE('',*,*,#4125,.T.);
#5468=ORIENTED_EDGE('',*,*,#4126,.T.);
#5469=ORIENTED_EDGE('',*,*,#4127,.T.);
#5470=ORIENTED_EDGE('',*,*,#4128,.T.);
#5471=ORIENTED_EDGE('',*,*,#4129,.T.);
#5472=ORIENTED_EDGE('',*,*,#4130,.T.);
#5473=ORIENTED_EDGE('',*,*,#4131,.T.);
#5474=ORIENTED_EDGE('',*,*,#3951,.T.);
#5475=ORIENTED_EDGE('',*,*,#4132,.F.);
#5476=ORIENTED_EDGE('',*,*,#4133,.F.);
#5477=ORIENTED_EDGE('',*,*,#4134,.T.);
#5478=ORIENTED_EDGE('',*,*,#4135,.T.);
#5479=ORIENTED_EDGE('',*,*,#4136,.F.);
#5480=ORIENTED_EDGE('',*,*,#3945,.F.);
#5481=ORIENTED_EDGE('',*,*,#4137,.F.);
#5482=ORIENTED_EDGE('',*,*,#4138,.F.);
#5483=ORIENTED_EDGE('',*,*,#4139,.F.);
#5484=ORIENTED_EDGE('',*,*,#4140,.F.);
#5485=ORIENTED_EDGE('',*,*,#4141,.T.);
#5486=ORIENTED_EDGE('',*,*,#4142,.F.);
#5487=ORIENTED_EDGE('',*,*,#4143,.T.);
#5488=ORIENTED_EDGE('',*,*,#4144,.T.);
#5489=ORIENTED_EDGE('',*,*,#4145,.T.);
#5490=ORIENTED_EDGE('',*,*,#4146,.F.);
#5491=ORIENTED_EDGE('',*,*,#4147,.T.);
#5492=ORIENTED_EDGE('',*,*,#4148,.F.);
#5493=ORIENTED_EDGE('',*,*,#3946,.F.);
#5494=ORIENTED_EDGE('',*,*,#4136,.T.);
#5495=ORIENTED_EDGE('',*,*,#4149,.T.);
#5496=ORIENTED_EDGE('',*,*,#3947,.T.);
#5497=ORIENTED_EDGE('',*,*,#4148,.T.);
#5498=ORIENTED_EDGE('',*,*,#4150,.F.);
#5499=ORIENTED_EDGE('',*,*,#4151,.F.);
#5500=ORIENTED_EDGE('',*,*,#4152,.F.);
#5501=ORIENTED_EDGE('',*,*,#4153,.F.);
#5502=ORIENTED_EDGE('',*,*,#4134,.F.);
#5503=ORIENTED_EDGE('',*,*,#3944,.T.);
#5504=ORIENTED_EDGE('',*,*,#4149,.F.);
#5505=ORIENTED_EDGE('',*,*,#4154,.T.);
#5506=ORIENTED_EDGE('',*,*,#4155,.T.);
#5507=ORIENTED_EDGE('',*,*,#4156,.F.);
#5508=ORIENTED_EDGE('',*,*,#4157,.F.);
#5509=ORIENTED_EDGE('',*,*,#4158,.T.);
#5510=ORIENTED_EDGE('',*,*,#4159,.F.);
#5511=ORIENTED_EDGE('',*,*,#4160,.F.);
#5512=ORIENTED_EDGE('',*,*,#4161,.T.);
#5513=ORIENTED_EDGE('',*,*,#4162,.T.);
#5514=ORIENTED_EDGE('',*,*,#4158,.F.);
#5515=ORIENTED_EDGE('',*,*,#4163,.T.);
#5516=ORIENTED_EDGE('',*,*,#4164,.T.);
#5517=ORIENTED_EDGE('',*,*,#4165,.T.);
#5518=ORIENTED_EDGE('',*,*,#3949,.F.);
#5519=ORIENTED_EDGE('',*,*,#4166,.T.);
#5520=ORIENTED_EDGE('',*,*,#4167,.F.);
#5521=ORIENTED_EDGE('',*,*,#4168,.F.);
#5522=ORIENTED_EDGE('',*,*,#4169,.T.);
#5523=ORIENTED_EDGE('',*,*,#4170,.T.);
#5524=ORIENTED_EDGE('',*,*,#4132,.T.);
#5525=ORIENTED_EDGE('',*,*,#3950,.T.);
#5526=ORIENTED_EDGE('',*,*,#4165,.F.);
#5527=ORIENTED_EDGE('',*,*,#4171,.F.);
#5528=ORIENTED_EDGE('',*,*,#4172,.F.);
#5529=ORIENTED_EDGE('',*,*,#4173,.F.);
#5530=ORIENTED_EDGE('',*,*,#4161,.F.);
#5531=ORIENTED_EDGE('',*,*,#4174,.T.);
#5532=ORIENTED_EDGE('',*,*,#4175,.F.);
#5533=ORIENTED_EDGE('',*,*,#4176,.T.);
#5534=ORIENTED_EDGE('',*,*,#4177,.T.);
#5535=ORIENTED_EDGE('',*,*,#4138,.T.);
#5536=ORIENTED_EDGE('',*,*,#4178,.T.);
#5537=ORIENTED_EDGE('',*,*,#4152,.T.);
#5538=ORIENTED_EDGE('',*,*,#4179,.T.);
#5539=ORIENTED_EDGE('',*,*,#4172,.T.);
#5540=ORIENTED_EDGE('',*,*,#4180,.T.);
#5541=ORIENTED_EDGE('',*,*,#4181,.F.);
#5542=ORIENTED_EDGE('',*,*,#4176,.F.);
#5543=ORIENTED_EDGE('',*,*,#4182,.F.);
#5544=ORIENTED_EDGE('',*,*,#4163,.F.);
#5545=ORIENTED_EDGE('',*,*,#3948,.T.);
#5546=ORIENTED_EDGE('',*,*,#4131,.F.);
#5547=ORIENTED_EDGE('',*,*,#4183,.F.);
#5548=ORIENTED_EDGE('',*,*,#4184,.F.);
#5549=ORIENTED_EDGE('',*,*,#4185,.F.);
#5550=ORIENTED_EDGE('',*,*,#4186,.T.);
#5551=ORIENTED_EDGE('',*,*,#4187,.T.);
#5552=ORIENTED_EDGE('',*,*,#4188,.T.);
#5553=ORIENTED_EDGE('',*,*,#4189,.T.);
#5554=ORIENTED_EDGE('',*,*,#4188,.F.);
#5555=ORIENTED_EDGE('',*,*,#4190,.F.);
#5556=ORIENTED_EDGE('',*,*,#4191,.T.);
#5557=ORIENTED_EDGE('',*,*,#4192,.T.);
#5558=ORIENTED_EDGE('',*,*,#4193,.T.);
#5559=ORIENTED_EDGE('',*,*,#4194,.F.);
#5560=ORIENTED_EDGE('',*,*,#3953,.T.);
#5561=ORIENTED_EDGE('',*,*,#4195,.T.);
#5562=ORIENTED_EDGE('',*,*,#4196,.T.);
#5563=ORIENTED_EDGE('',*,*,#4197,.T.);
#5564=ORIENTED_EDGE('',*,*,#4198,.F.);
#5565=ORIENTED_EDGE('',*,*,#4199,.T.);
#5566=ORIENTED_EDGE('',*,*,#4200,.F.);
#5567=ORIENTED_EDGE('',*,*,#3954,.F.);
#5568=ORIENTED_EDGE('',*,*,#4194,.T.);
#5569=ORIENTED_EDGE('',*,*,#4201,.T.);
#5570=ORIENTED_EDGE('',*,*,#3955,.T.);
#5571=ORIENTED_EDGE('',*,*,#4200,.T.);
#5572=ORIENTED_EDGE('',*,*,#4202,.F.);
#5573=ORIENTED_EDGE('',*,*,#4203,.F.);
#5574=ORIENTED_EDGE('',*,*,#4204,.F.);
#5575=ORIENTED_EDGE('',*,*,#4205,.F.);
#5576=ORIENTED_EDGE('',*,*,#4192,.F.);
#5577=ORIENTED_EDGE('',*,*,#3952,.T.);
#5578=ORIENTED_EDGE('',*,*,#4201,.F.);
#5579=ORIENTED_EDGE('',*,*,#4206,.T.);
#5580=ORIENTED_EDGE('',*,*,#4207,.T.);
#5581=ORIENTED_EDGE('',*,*,#4208,.T.);
#5582=ORIENTED_EDGE('',*,*,#3957,.T.);
#5583=ORIENTED_EDGE('',*,*,#4209,.F.);
#5584=ORIENTED_EDGE('',*,*,#4210,.F.);
#5585=ORIENTED_EDGE('',*,*,#4211,.F.);
#5586=ORIENTED_EDGE('',*,*,#4212,.F.);
#5587=ORIENTED_EDGE('',*,*,#4213,.T.);
#5588=ORIENTED_EDGE('',*,*,#4214,.F.);
#5589=ORIENTED_EDGE('',*,*,#4215,.T.);
#5590=ORIENTED_EDGE('',*,*,#4216,.T.);
#5591=ORIENTED_EDGE('',*,*,#3958,.T.);
#5592=ORIENTED_EDGE('',*,*,#4208,.F.);
#5593=ORIENTED_EDGE('',*,*,#4217,.T.);
#5594=ORIENTED_EDGE('',*,*,#4218,.F.);
#5595=ORIENTED_EDGE('',*,*,#4219,.F.);
#5596=ORIENTED_EDGE('',*,*,#4220,.T.);
#5597=ORIENTED_EDGE('',*,*,#4221,.T.);
#5598=ORIENTED_EDGE('',*,*,#3959,.T.);
#5599=ORIENTED_EDGE('',*,*,#4216,.F.);
#5600=ORIENTED_EDGE('',*,*,#4222,.F.);
#5601=ORIENTED_EDGE('',*,*,#4223,.F.);
#5602=ORIENTED_EDGE('',*,*,#4224,.F.);
#5603=ORIENTED_EDGE('',*,*,#4225,.F.);
#5604=ORIENTED_EDGE('',*,*,#4206,.F.);
#5605=ORIENTED_EDGE('',*,*,#3956,.T.);
#5606=ORIENTED_EDGE('',*,*,#4221,.F.);
#5607=ORIENTED_EDGE('',*,*,#4226,.T.);
#5608=ORIENTED_EDGE('',*,*,#4227,.T.);
#5609=ORIENTED_EDGE('',*,*,#4204,.T.);
#5610=ORIENTED_EDGE('',*,*,#4228,.T.);
#5611=ORIENTED_EDGE('',*,*,#4210,.T.);
#5612=ORIENTED_EDGE('',*,*,#4229,.T.);
#5613=ORIENTED_EDGE('',*,*,#4224,.T.);
#5614=ORIENTED_EDGE('',*,*,#4230,.T.);
#5615=ORIENTED_EDGE('',*,*,#4231,.F.);
#5616=ORIENTED_EDGE('',*,*,#4226,.F.);
#5617=ORIENTED_EDGE('',*,*,#4232,.F.);
#5618=ORIENTED_EDGE('',*,*,#4233,.F.);
#5619=ORIENTED_EDGE('',*,*,#4234,.T.);
#5620=ORIENTED_EDGE('',*,*,#4191,.F.);
#5621=ORIENTED_EDGE('',*,*,#4235,.F.);
#5622=ORIENTED_EDGE('',*,*,#4236,.F.);
#5623=ORIENTED_EDGE('',*,*,#4237,.T.);
#5624=ORIENTED_EDGE('',*,*,#4238,.T.);
#5625=ORIENTED_EDGE('',*,*,#4239,.T.);
#5626=ORIENTED_EDGE('',*,*,#4240,.F.);
#5627=ORIENTED_EDGE('',*,*,#4241,.F.);
#5628=ORIENTED_EDGE('',*,*,#4236,.T.);
#5629=ORIENTED_EDGE('',*,*,#4241,.T.);
#5630=ORIENTED_EDGE('',*,*,#4242,.F.);
#5631=ORIENTED_EDGE('',*,*,#4243,.T.);
#5632=ORIENTED_EDGE('',*,*,#4244,.T.);
#5633=ORIENTED_EDGE('',*,*,#4237,.F.);
#5634=ORIENTED_EDGE('',*,*,#4245,.T.);
#5635=ORIENTED_EDGE('',*,*,#4246,.F.);
#5636=ORIENTED_EDGE('',*,*,#4247,.T.);
#5637=ORIENTED_EDGE('',*,*,#4248,.T.);
#5638=ORIENTED_EDGE('',*,*,#4249,.T.);
#5639=ORIENTED_EDGE('',*,*,#4250,.T.);
#5640=ORIENTED_EDGE('',*,*,#4251,.T.);
#5641=ORIENTED_EDGE('',*,*,#4252,.T.);
#5642=ORIENTED_EDGE('',*,*,#4253,.F.);
#5643=ORIENTED_EDGE('',*,*,#4254,.T.);
#5644=ORIENTED_EDGE('',*,*,#3975,.T.);
#5645=ORIENTED_EDGE('',*,*,#4255,.F.);
#5646=ORIENTED_EDGE('',*,*,#4256,.F.);
#5647=ORIENTED_EDGE('',*,*,#4257,.F.);
#5648=ORIENTED_EDGE('',*,*,#4258,.F.);
#5649=ORIENTED_EDGE('',*,*,#3960,.F.);
#5650=ORIENTED_EDGE('',*,*,#3964,.F.);
#5651=ORIENTED_EDGE('',*,*,#3967,.F.);
#5652=ORIENTED_EDGE('',*,*,#3970,.F.);
#5653=ORIENTED_EDGE('',*,*,#3973,.F.);
#5654=ORIENTED_EDGE('',*,*,#4254,.F.);
#5655=ORIENTED_EDGE('',*,*,#4258,.T.);
#5656=ORIENTED_EDGE('',*,*,#4259,.T.);
#5657=ORIENTED_EDGE('',*,*,#4260,.F.);
#5658=ORIENTED_EDGE('',*,*,#3961,.F.);
#5659=ORIENTED_EDGE('',*,*,#4261,.F.);
#5660=ORIENTED_EDGE('',*,*,#4255,.T.);
#5661=ORIENTED_EDGE('',*,*,#3974,.T.);
#5662=ORIENTED_EDGE('',*,*,#3971,.T.);
#5663=ORIENTED_EDGE('',*,*,#3968,.T.);
#5664=ORIENTED_EDGE('',*,*,#3965,.T.);
#5665=ORIENTED_EDGE('',*,*,#3962,.T.);
#5666=ORIENTED_EDGE('',*,*,#4260,.T.);
#5667=ORIENTED_EDGE('',*,*,#4262,.T.);
#5668=ORIENTED_EDGE('',*,*,#4263,.F.);
#5669=ORIENTED_EDGE('',*,*,#4264,.F.);
#5670=ORIENTED_EDGE('',*,*,#4265,.T.);
#5671=ORIENTED_EDGE('',*,*,#4048,.T.);
#5672=ORIENTED_EDGE('',*,*,#4265,.F.);
#5673=ORIENTED_EDGE('',*,*,#4266,.T.);
#5674=ORIENTED_EDGE('',*,*,#4267,.T.);
#5675=ORIENTED_EDGE('',*,*,#3982,.T.);
#5676=ORIENTED_EDGE('',*,*,#4000,.F.);
#5677=ORIENTED_EDGE('',*,*,#3977,.T.);
#5678=ORIENTED_EDGE('',*,*,#4267,.F.);
#5679=ORIENTED_EDGE('',*,*,#4268,.F.);
#5680=ORIENTED_EDGE('',*,*,#4269,.F.);
#5681=ORIENTED_EDGE('',*,*,#3979,.F.);
#5682=ORIENTED_EDGE('',*,*,#4270,.F.);
#5683=ORIENTED_EDGE('',*,*,#3985,.F.);
#5684=ORIENTED_EDGE('',*,*,#4001,.F.);
#5685=ORIENTED_EDGE('',*,*,#3980,.F.);
#5686=ORIENTED_EDGE('',*,*,#4269,.T.);
#5687=ORIENTED_EDGE('',*,*,#4271,.F.);
#5688=ORIENTED_EDGE('',*,*,#4270,.T.);
#5689=ORIENTED_EDGE('',*,*,#4272,.F.);
#5690=ORIENTED_EDGE('',*,*,#4273,.F.);
#5691=ORIENTED_EDGE('',*,*,#3986,.F.);
#5692=ORIENTED_EDGE('',*,*,#4274,.T.);
#5693=ORIENTED_EDGE('',*,*,#3991,.T.);
#5694=ORIENTED_EDGE('',*,*,#3989,.T.);
#5695=ORIENTED_EDGE('',*,*,#3987,.T.);
#5696=ORIENTED_EDGE('',*,*,#4273,.T.);
#5697=ORIENTED_EDGE('',*,*,#4275,.T.);
#5698=ORIENTED_EDGE('',*,*,#4276,.T.);
#5699=ORIENTED_EDGE('',*,*,#4277,.T.);
#5700=ORIENTED_EDGE('',*,*,#4278,.T.);
#5701=ORIENTED_EDGE('',*,*,#4279,.T.);
#5702=ORIENTED_EDGE('',*,*,#4274,.F.);
#5703=ORIENTED_EDGE('',*,*,#4280,.F.);
#5704=ORIENTED_EDGE('',*,*,#4281,.T.);
#5705=ORIENTED_EDGE('',*,*,#3992,.T.);
#5706=ORIENTED_EDGE('',*,*,#4281,.F.);
#5707=ORIENTED_EDGE('',*,*,#4282,.T.);
#5708=ORIENTED_EDGE('',*,*,#4283,.T.);
#5709=ORIENTED_EDGE('',*,*,#3999,.T.);
#5710=ORIENTED_EDGE('',*,*,#4002,.F.);
#5711=ORIENTED_EDGE('',*,*,#3994,.T.);
#5712=ORIENTED_EDGE('',*,*,#4283,.F.);
#5713=ORIENTED_EDGE('',*,*,#4284,.T.);
#5714=ORIENTED_EDGE('',*,*,#4285,.F.);
#5715=ORIENTED_EDGE('',*,*,#3996,.F.);
#5716=ORIENTED_EDGE('',*,*,#4286,.F.);
#5717=ORIENTED_EDGE('',*,*,#4007,.F.);
#5718=ORIENTED_EDGE('',*,*,#4003,.F.);
#5719=ORIENTED_EDGE('',*,*,#3997,.F.);
#5720=ORIENTED_EDGE('',*,*,#4285,.T.);
#5721=ORIENTED_EDGE('',*,*,#4287,.F.);
#5722=ORIENTED_EDGE('',*,*,#4286,.T.);
#5723=ORIENTED_EDGE('',*,*,#4288,.F.);
#5724=ORIENTED_EDGE('',*,*,#4289,.F.);
#5725=ORIENTED_EDGE('',*,*,#4049,.F.);
#5726=ORIENTED_EDGE('',*,*,#4290,.T.);
#5727=ORIENTED_EDGE('',*,*,#4023,.T.);
#5728=ORIENTED_EDGE('',*,*,#4291,.F.);
#5729=ORIENTED_EDGE('',*,*,#4292,.F.);
#5730=ORIENTED_EDGE('',*,*,#4293,.F.);
#5731=ORIENTED_EDGE('',*,*,#4294,.F.);
#5732=ORIENTED_EDGE('',*,*,#4008,.F.);
#5733=ORIENTED_EDGE('',*,*,#4012,.F.);
#5734=ORIENTED_EDGE('',*,*,#4015,.F.);
#5735=ORIENTED_EDGE('',*,*,#4018,.F.);
#5736=ORIENTED_EDGE('',*,*,#4021,.F.);
#5737=ORIENTED_EDGE('',*,*,#4290,.F.);
#5738=ORIENTED_EDGE('',*,*,#4295,.T.);
#5739=ORIENTED_EDGE('',*,*,#4296,.F.);
#5740=ORIENTED_EDGE('',*,*,#4297,.F.);
#5741=ORIENTED_EDGE('',*,*,#4009,.F.);
#5742=ORIENTED_EDGE('',*,*,#4294,.T.);
#5743=ORIENTED_EDGE('',*,*,#4298,.F.);
#5744=ORIENTED_EDGE('',*,*,#4299,.F.);
#5745=ORIENTED_EDGE('',*,*,#4291,.T.);
#5746=ORIENTED_EDGE('',*,*,#4022,.T.);
#5747=ORIENTED_EDGE('',*,*,#4019,.T.);
#5748=ORIENTED_EDGE('',*,*,#4016,.T.);
#5749=ORIENTED_EDGE('',*,*,#4013,.T.);
#5750=ORIENTED_EDGE('',*,*,#4010,.T.);
#5751=ORIENTED_EDGE('',*,*,#4297,.T.);
#5752=ORIENTED_EDGE('',*,*,#4058,.T.);
#5753=ORIENTED_EDGE('',*,*,#4056,.T.);
#5754=ORIENTED_EDGE('',*,*,#4054,.T.);
#5755=ORIENTED_EDGE('',*,*,#4052,.T.);
#5756=ORIENTED_EDGE('',*,*,#4050,.T.);
#5757=ORIENTED_EDGE('',*,*,#4289,.T.);
#5758=ORIENTED_EDGE('',*,*,#4300,.T.);
#5759=ORIENTED_EDGE('',*,*,#4301,.T.);
#5760=ORIENTED_EDGE('',*,*,#4302,.T.);
#5761=ORIENTED_EDGE('',*,*,#4303,.T.);
#5762=ORIENTED_EDGE('',*,*,#4304,.T.);
#5763=ORIENTED_EDGE('',*,*,#4305,.F.);
#5764=ORIENTED_EDGE('',*,*,#4306,.T.);
#5765=ORIENTED_EDGE('',*,*,#4307,.T.);
#5766=ORIENTED_EDGE('',*,*,#4308,.T.);
#5767=ORIENTED_EDGE('',*,*,#4309,.T.);
#5768=ORIENTED_EDGE('',*,*,#4310,.T.);
#5769=ORIENTED_EDGE('',*,*,#4263,.T.);
#5770=ORIENTED_EDGE('',*,*,#4047,.T.);
#5771=ORIENTED_EDGE('',*,*,#4045,.T.);
#5772=ORIENTED_EDGE('',*,*,#4043,.T.);
#5773=ORIENTED_EDGE('',*,*,#4041,.T.);
#5774=ORIENTED_EDGE('',*,*,#4039,.T.);
#5775=ORIENTED_EDGE('',*,*,#4037,.T.);
#5776=ORIENTED_EDGE('',*,*,#4035,.F.);
#5777=ORIENTED_EDGE('',*,*,#4033,.F.);
#5778=ORIENTED_EDGE('',*,*,#4030,.T.);
#5779=ORIENTED_EDGE('',*,*,#4032,.T.);
#5780=ORIENTED_EDGE('',*,*,#4029,.T.);
#5781=ORIENTED_EDGE('',*,*,#4027,.F.);
#5782=ORIENTED_EDGE('',*,*,#4024,.F.);
#5783=ORIENTED_EDGE('',*,*,#4026,.T.);
#5784=ORIENTED_EDGE('',*,*,#4311,.F.);
#5785=ORIENTED_EDGE('',*,*,#4312,.F.);
#5786=ORIENTED_EDGE('',*,*,#4313,.F.);
#5787=ORIENTED_EDGE('',*,*,#4314,.F.);
#5788=ORIENTED_EDGE('',*,*,#4315,.T.);
#5789=ORIENTED_EDGE('',*,*,#4316,.T.);
#5790=ORIENTED_EDGE('',*,*,#4317,.F.);
#5791=ORIENTED_EDGE('',*,*,#4318,.F.);
#5792=ORIENTED_EDGE('',*,*,#4319,.T.);
#5793=ORIENTED_EDGE('',*,*,#4305,.T.);
#5794=ORIENTED_EDGE('',*,*,#4320,.F.);
#5795=ORIENTED_EDGE('',*,*,#4321,.F.);
#5796=ORIENTED_EDGE('',*,*,#4322,.F.);
#5797=ORIENTED_EDGE('',*,*,#4323,.T.);
#5798=ORIENTED_EDGE('',*,*,#4324,.T.);
#5799=ORIENTED_EDGE('',*,*,#4323,.F.);
#5800=ORIENTED_EDGE('',*,*,#4325,.T.);
#5801=ORIENTED_EDGE('',*,*,#4326,.F.);
#5802=ORIENTED_EDGE('',*,*,#4327,.F.);
#5803=ORIENTED_EDGE('',*,*,#4324,.F.);
#5804=ORIENTED_EDGE('',*,*,#4327,.T.);
#5805=ORIENTED_EDGE('',*,*,#4328,.F.);
#5806=ORIENTED_EDGE('',*,*,#4329,.F.);
#5807=ORIENTED_EDGE('',*,*,#4330,.T.);
#5808=ORIENTED_EDGE('',*,*,#4331,.T.);
#5809=ORIENTED_EDGE('',*,*,#4332,.T.);
#5810=ORIENTED_EDGE('',*,*,#4060,.F.);
#5811=ORIENTED_EDGE('',*,*,#4333,.F.);
#5812=ORIENTED_EDGE('',*,*,#4334,.T.);
#5813=ORIENTED_EDGE('',*,*,#4335,.T.);
#5814=ORIENTED_EDGE('',*,*,#4061,.F.);
#5815=ORIENTED_EDGE('',*,*,#4332,.F.);
#5816=ORIENTED_EDGE('',*,*,#4336,.T.);
#5817=ORIENTED_EDGE('',*,*,#4337,.T.);
#5818=ORIENTED_EDGE('',*,*,#4062,.F.);
#5819=ORIENTED_EDGE('',*,*,#4335,.F.);
#5820=ORIENTED_EDGE('',*,*,#4338,.T.);
#5821=ORIENTED_EDGE('',*,*,#4333,.T.);
#5822=ORIENTED_EDGE('',*,*,#4059,.F.);
#5823=ORIENTED_EDGE('',*,*,#4337,.F.);
#5824=ORIENTED_EDGE('',*,*,#4339,.T.);
#5825=ORIENTED_EDGE('',*,*,#4340,.T.);
#5826=ORIENTED_EDGE('',*,*,#4064,.F.);
#5827=ORIENTED_EDGE('',*,*,#4341,.F.);
#5828=ORIENTED_EDGE('',*,*,#4342,.T.);
#5829=ORIENTED_EDGE('',*,*,#4343,.T.);
#5830=ORIENTED_EDGE('',*,*,#4065,.F.);
#5831=ORIENTED_EDGE('',*,*,#4340,.F.);
#5832=ORIENTED_EDGE('',*,*,#4344,.T.);
#5833=ORIENTED_EDGE('',*,*,#4345,.T.);
#5834=ORIENTED_EDGE('',*,*,#4066,.F.);
#5835=ORIENTED_EDGE('',*,*,#4343,.F.);
#5836=ORIENTED_EDGE('',*,*,#4346,.T.);
#5837=ORIENTED_EDGE('',*,*,#4341,.T.);
#5838=ORIENTED_EDGE('',*,*,#4063,.F.);
#5839=ORIENTED_EDGE('',*,*,#4345,.F.);
#5840=ORIENTED_EDGE('',*,*,#4347,.T.);
#5841=ORIENTED_EDGE('',*,*,#4348,.T.);
#5842=ORIENTED_EDGE('',*,*,#4068,.F.);
#5843=ORIENTED_EDGE('',*,*,#4349,.F.);
#5844=ORIENTED_EDGE('',*,*,#4350,.T.);
#5845=ORIENTED_EDGE('',*,*,#4351,.T.);
#5846=ORIENTED_EDGE('',*,*,#4069,.F.);
#5847=ORIENTED_EDGE('',*,*,#4348,.F.);
#5848=ORIENTED_EDGE('',*,*,#4352,.T.);
#5849=ORIENTED_EDGE('',*,*,#4353,.T.);
#5850=ORIENTED_EDGE('',*,*,#4070,.F.);
#5851=ORIENTED_EDGE('',*,*,#4351,.F.);
#5852=ORIENTED_EDGE('',*,*,#4354,.T.);
#5853=ORIENTED_EDGE('',*,*,#4349,.T.);
#5854=ORIENTED_EDGE('',*,*,#4067,.F.);
#5855=ORIENTED_EDGE('',*,*,#4353,.F.);
#5856=ORIENTED_EDGE('',*,*,#4355,.T.);
#5857=ORIENTED_EDGE('',*,*,#4356,.T.);
#5858=ORIENTED_EDGE('',*,*,#4072,.F.);
#5859=ORIENTED_EDGE('',*,*,#4357,.F.);
#5860=ORIENTED_EDGE('',*,*,#4358,.T.);
#5861=ORIENTED_EDGE('',*,*,#4359,.T.);
#5862=ORIENTED_EDGE('',*,*,#4073,.F.);
#5863=ORIENTED_EDGE('',*,*,#4356,.F.);
#5864=ORIENTED_EDGE('',*,*,#4360,.T.);
#5865=ORIENTED_EDGE('',*,*,#4361,.T.);
#5866=ORIENTED_EDGE('',*,*,#4074,.F.);
#5867=ORIENTED_EDGE('',*,*,#4359,.F.);
#5868=ORIENTED_EDGE('',*,*,#4362,.T.);
#5869=ORIENTED_EDGE('',*,*,#4357,.T.);
#5870=ORIENTED_EDGE('',*,*,#4071,.F.);
#5871=ORIENTED_EDGE('',*,*,#4361,.F.);
#5872=ORIENTED_EDGE('',*,*,#4363,.T.);
#5873=ORIENTED_EDGE('',*,*,#4364,.T.);
#5874=ORIENTED_EDGE('',*,*,#4076,.F.);
#5875=ORIENTED_EDGE('',*,*,#4365,.F.);
#5876=ORIENTED_EDGE('',*,*,#4366,.T.);
#5877=ORIENTED_EDGE('',*,*,#4367,.T.);
#5878=ORIENTED_EDGE('',*,*,#4077,.F.);
#5879=ORIENTED_EDGE('',*,*,#4364,.F.);
#5880=ORIENTED_EDGE('',*,*,#4368,.T.);
#5881=ORIENTED_EDGE('',*,*,#4369,.T.);
#5882=ORIENTED_EDGE('',*,*,#4078,.F.);
#5883=ORIENTED_EDGE('',*,*,#4367,.F.);
#5884=ORIENTED_EDGE('',*,*,#4370,.T.);
#5885=ORIENTED_EDGE('',*,*,#4365,.T.);
#5886=ORIENTED_EDGE('',*,*,#4075,.F.);
#5887=ORIENTED_EDGE('',*,*,#4369,.F.);
#5888=ORIENTED_EDGE('',*,*,#4371,.T.);
#5889=ORIENTED_EDGE('',*,*,#4372,.T.);
#5890=ORIENTED_EDGE('',*,*,#4080,.F.);
#5891=ORIENTED_EDGE('',*,*,#4373,.F.);
#5892=ORIENTED_EDGE('',*,*,#4374,.T.);
#5893=ORIENTED_EDGE('',*,*,#4375,.T.);
#5894=ORIENTED_EDGE('',*,*,#4081,.F.);
#5895=ORIENTED_EDGE('',*,*,#4372,.F.);
#5896=ORIENTED_EDGE('',*,*,#4376,.T.);
#5897=ORIENTED_EDGE('',*,*,#4377,.T.);
#5898=ORIENTED_EDGE('',*,*,#4082,.F.);
#5899=ORIENTED_EDGE('',*,*,#4375,.F.);
#5900=ORIENTED_EDGE('',*,*,#4378,.T.);
#5901=ORIENTED_EDGE('',*,*,#4373,.T.);
#5902=ORIENTED_EDGE('',*,*,#4079,.F.);
#5903=ORIENTED_EDGE('',*,*,#4377,.F.);
#5904=ORIENTED_EDGE('',*,*,#4379,.T.);
#5905=ORIENTED_EDGE('',*,*,#4380,.T.);
#5906=ORIENTED_EDGE('',*,*,#4084,.F.);
#5907=ORIENTED_EDGE('',*,*,#4381,.F.);
#5908=ORIENTED_EDGE('',*,*,#4382,.T.);
#5909=ORIENTED_EDGE('',*,*,#4383,.T.);
#5910=ORIENTED_EDGE('',*,*,#4085,.F.);
#5911=ORIENTED_EDGE('',*,*,#4380,.F.);
#5912=ORIENTED_EDGE('',*,*,#4384,.T.);
#5913=ORIENTED_EDGE('',*,*,#4385,.T.);
#5914=ORIENTED_EDGE('',*,*,#4086,.F.);
#5915=ORIENTED_EDGE('',*,*,#4383,.F.);
#5916=ORIENTED_EDGE('',*,*,#4386,.T.);
#5917=ORIENTED_EDGE('',*,*,#4381,.T.);
#5918=ORIENTED_EDGE('',*,*,#4083,.F.);
#5919=ORIENTED_EDGE('',*,*,#4385,.F.);
#5920=ORIENTED_EDGE('',*,*,#4387,.T.);
#5921=ORIENTED_EDGE('',*,*,#4388,.T.);
#5922=ORIENTED_EDGE('',*,*,#4088,.F.);
#5923=ORIENTED_EDGE('',*,*,#4389,.F.);
#5924=ORIENTED_EDGE('',*,*,#4390,.T.);
#5925=ORIENTED_EDGE('',*,*,#4391,.T.);
#5926=ORIENTED_EDGE('',*,*,#4089,.F.);
#5927=ORIENTED_EDGE('',*,*,#4388,.F.);
#5928=ORIENTED_EDGE('',*,*,#4392,.T.);
#5929=ORIENTED_EDGE('',*,*,#4393,.T.);
#5930=ORIENTED_EDGE('',*,*,#4090,.F.);
#5931=ORIENTED_EDGE('',*,*,#4391,.F.);
#5932=ORIENTED_EDGE('',*,*,#4394,.T.);
#5933=ORIENTED_EDGE('',*,*,#4389,.T.);
#5934=ORIENTED_EDGE('',*,*,#4087,.F.);
#5935=ORIENTED_EDGE('',*,*,#4393,.F.);
#5936=ORIENTED_EDGE('',*,*,#4395,.T.);
#5937=ORIENTED_EDGE('',*,*,#4396,.T.);
#5938=ORIENTED_EDGE('',*,*,#4092,.F.);
#5939=ORIENTED_EDGE('',*,*,#4397,.F.);
#5940=ORIENTED_EDGE('',*,*,#4398,.T.);
#5941=ORIENTED_EDGE('',*,*,#4399,.T.);
#5942=ORIENTED_EDGE('',*,*,#4093,.F.);
#5943=ORIENTED_EDGE('',*,*,#4396,.F.);
#5944=ORIENTED_EDGE('',*,*,#4400,.T.);
#5945=ORIENTED_EDGE('',*,*,#4401,.T.);
#5946=ORIENTED_EDGE('',*,*,#4094,.F.);
#5947=ORIENTED_EDGE('',*,*,#4399,.F.);
#5948=ORIENTED_EDGE('',*,*,#4402,.T.);
#5949=ORIENTED_EDGE('',*,*,#4397,.T.);
#5950=ORIENTED_EDGE('',*,*,#4091,.F.);
#5951=ORIENTED_EDGE('',*,*,#4401,.F.);
#5952=ORIENTED_EDGE('',*,*,#4403,.T.);
#5953=ORIENTED_EDGE('',*,*,#4404,.T.);
#5954=ORIENTED_EDGE('',*,*,#4096,.F.);
#5955=ORIENTED_EDGE('',*,*,#4405,.F.);
#5956=ORIENTED_EDGE('',*,*,#4406,.T.);
#5957=ORIENTED_EDGE('',*,*,#4407,.T.);
#5958=ORIENTED_EDGE('',*,*,#4097,.F.);
#5959=ORIENTED_EDGE('',*,*,#4404,.F.);
#5960=ORIENTED_EDGE('',*,*,#4408,.T.);
#5961=ORIENTED_EDGE('',*,*,#4409,.T.);
#5962=ORIENTED_EDGE('',*,*,#4098,.F.);
#5963=ORIENTED_EDGE('',*,*,#4407,.F.);
#5964=ORIENTED_EDGE('',*,*,#4410,.T.);
#5965=ORIENTED_EDGE('',*,*,#4405,.T.);
#5966=ORIENTED_EDGE('',*,*,#4095,.F.);
#5967=ORIENTED_EDGE('',*,*,#4409,.F.);
#5968=ORIENTED_EDGE('',*,*,#4411,.T.);
#5969=ORIENTED_EDGE('',*,*,#4412,.T.);
#5970=ORIENTED_EDGE('',*,*,#4100,.F.);
#5971=ORIENTED_EDGE('',*,*,#4413,.F.);
#5972=ORIENTED_EDGE('',*,*,#4414,.T.);
#5973=ORIENTED_EDGE('',*,*,#4415,.T.);
#5974=ORIENTED_EDGE('',*,*,#4101,.F.);
#5975=ORIENTED_EDGE('',*,*,#4412,.F.);
#5976=ORIENTED_EDGE('',*,*,#4416,.T.);
#5977=ORIENTED_EDGE('',*,*,#4417,.T.);
#5978=ORIENTED_EDGE('',*,*,#4102,.F.);
#5979=ORIENTED_EDGE('',*,*,#4415,.F.);
#5980=ORIENTED_EDGE('',*,*,#4418,.T.);
#5981=ORIENTED_EDGE('',*,*,#4413,.T.);
#5982=ORIENTED_EDGE('',*,*,#4099,.F.);
#5983=ORIENTED_EDGE('',*,*,#4417,.F.);
#5984=ORIENTED_EDGE('',*,*,#4419,.T.);
#5985=ORIENTED_EDGE('',*,*,#4420,.T.);
#5986=ORIENTED_EDGE('',*,*,#4104,.F.);
#5987=ORIENTED_EDGE('',*,*,#4421,.F.);
#5988=ORIENTED_EDGE('',*,*,#4422,.T.);
#5989=ORIENTED_EDGE('',*,*,#4423,.T.);
#5990=ORIENTED_EDGE('',*,*,#4105,.F.);
#5991=ORIENTED_EDGE('',*,*,#4420,.F.);
#5992=ORIENTED_EDGE('',*,*,#4424,.T.);
#5993=ORIENTED_EDGE('',*,*,#4425,.T.);
#5994=ORIENTED_EDGE('',*,*,#4106,.F.);
#5995=ORIENTED_EDGE('',*,*,#4423,.F.);
#5996=ORIENTED_EDGE('',*,*,#4426,.T.);
#5997=ORIENTED_EDGE('',*,*,#4421,.T.);
#5998=ORIENTED_EDGE('',*,*,#4103,.F.);
#5999=ORIENTED_EDGE('',*,*,#4425,.F.);
#6000=ORIENTED_EDGE('',*,*,#4427,.T.);
#6001=ORIENTED_EDGE('',*,*,#4428,.T.);
#6002=ORIENTED_EDGE('',*,*,#4108,.F.);
#6003=ORIENTED_EDGE('',*,*,#4429,.F.);
#6004=ORIENTED_EDGE('',*,*,#4430,.T.);
#6005=ORIENTED_EDGE('',*,*,#4431,.T.);
#6006=ORIENTED_EDGE('',*,*,#4109,.F.);
#6007=ORIENTED_EDGE('',*,*,#4428,.F.);
#6008=ORIENTED_EDGE('',*,*,#4432,.T.);
#6009=ORIENTED_EDGE('',*,*,#4433,.T.);
#6010=ORIENTED_EDGE('',*,*,#4110,.F.);
#6011=ORIENTED_EDGE('',*,*,#4431,.F.);
#6012=ORIENTED_EDGE('',*,*,#4434,.T.);
#6013=ORIENTED_EDGE('',*,*,#4429,.T.);
#6014=ORIENTED_EDGE('',*,*,#4107,.F.);
#6015=ORIENTED_EDGE('',*,*,#4433,.F.);
#6016=ORIENTED_EDGE('',*,*,#4435,.T.);
#6017=ORIENTED_EDGE('',*,*,#4436,.T.);
#6018=ORIENTED_EDGE('',*,*,#4112,.F.);
#6019=ORIENTED_EDGE('',*,*,#4437,.F.);
#6020=ORIENTED_EDGE('',*,*,#4438,.T.);
#6021=ORIENTED_EDGE('',*,*,#4439,.T.);
#6022=ORIENTED_EDGE('',*,*,#4113,.F.);
#6023=ORIENTED_EDGE('',*,*,#4436,.F.);
#6024=ORIENTED_EDGE('',*,*,#4440,.T.);
#6025=ORIENTED_EDGE('',*,*,#4441,.T.);
#6026=ORIENTED_EDGE('',*,*,#4114,.F.);
#6027=ORIENTED_EDGE('',*,*,#4439,.F.);
#6028=ORIENTED_EDGE('',*,*,#4442,.T.);
#6029=ORIENTED_EDGE('',*,*,#4437,.T.);
#6030=ORIENTED_EDGE('',*,*,#4111,.F.);
#6031=ORIENTED_EDGE('',*,*,#4441,.F.);
#6032=ORIENTED_EDGE('',*,*,#4443,.T.);
#6033=ORIENTED_EDGE('',*,*,#4444,.T.);
#6034=ORIENTED_EDGE('',*,*,#4116,.F.);
#6035=ORIENTED_EDGE('',*,*,#4445,.F.);
#6036=ORIENTED_EDGE('',*,*,#4446,.T.);
#6037=ORIENTED_EDGE('',*,*,#4447,.T.);
#6038=ORIENTED_EDGE('',*,*,#4117,.F.);
#6039=ORIENTED_EDGE('',*,*,#4444,.F.);
#6040=ORIENTED_EDGE('',*,*,#4448,.T.);
#6041=ORIENTED_EDGE('',*,*,#4449,.T.);
#6042=ORIENTED_EDGE('',*,*,#4118,.F.);
#6043=ORIENTED_EDGE('',*,*,#4447,.F.);
#6044=ORIENTED_EDGE('',*,*,#4450,.T.);
#6045=ORIENTED_EDGE('',*,*,#4445,.T.);
#6046=ORIENTED_EDGE('',*,*,#4115,.F.);
#6047=ORIENTED_EDGE('',*,*,#4449,.F.);
#6048=ORIENTED_EDGE('',*,*,#4451,.T.);
#6049=ORIENTED_EDGE('',*,*,#4452,.T.);
#6050=ORIENTED_EDGE('',*,*,#4120,.F.);
#6051=ORIENTED_EDGE('',*,*,#4453,.F.);
#6052=ORIENTED_EDGE('',*,*,#4454,.T.);
#6053=ORIENTED_EDGE('',*,*,#4455,.T.);
#6054=ORIENTED_EDGE('',*,*,#4121,.F.);
#6055=ORIENTED_EDGE('',*,*,#4452,.F.);
#6056=ORIENTED_EDGE('',*,*,#4456,.T.);
#6057=ORIENTED_EDGE('',*,*,#4457,.T.);
#6058=ORIENTED_EDGE('',*,*,#4122,.F.);
#6059=ORIENTED_EDGE('',*,*,#4455,.F.);
#6060=ORIENTED_EDGE('',*,*,#4458,.T.);
#6061=ORIENTED_EDGE('',*,*,#4453,.T.);
#6062=ORIENTED_EDGE('',*,*,#4119,.F.);
#6063=ORIENTED_EDGE('',*,*,#4457,.F.);
#6064=ORIENTED_EDGE('',*,*,#4459,.T.);
#6065=ORIENTED_EDGE('',*,*,#4460,.T.);
#6066=ORIENTED_EDGE('',*,*,#4124,.F.);
#6067=ORIENTED_EDGE('',*,*,#4461,.F.);
#6068=ORIENTED_EDGE('',*,*,#4462,.T.);
#6069=ORIENTED_EDGE('',*,*,#4463,.T.);
#6070=ORIENTED_EDGE('',*,*,#4125,.F.);
#6071=ORIENTED_EDGE('',*,*,#4460,.F.);
#6072=ORIENTED_EDGE('',*,*,#4464,.T.);
#6073=ORIENTED_EDGE('',*,*,#4465,.T.);
#6074=ORIENTED_EDGE('',*,*,#4126,.F.);
#6075=ORIENTED_EDGE('',*,*,#4463,.F.);
#6076=ORIENTED_EDGE('',*,*,#4466,.T.);
#6077=ORIENTED_EDGE('',*,*,#4461,.T.);
#6078=ORIENTED_EDGE('',*,*,#4123,.F.);
#6079=ORIENTED_EDGE('',*,*,#4465,.F.);
#6080=ORIENTED_EDGE('',*,*,#4467,.T.);
#6081=ORIENTED_EDGE('',*,*,#4468,.T.);
#6082=ORIENTED_EDGE('',*,*,#4128,.F.);
#6083=ORIENTED_EDGE('',*,*,#4469,.F.);
#6084=ORIENTED_EDGE('',*,*,#4470,.T.);
#6085=ORIENTED_EDGE('',*,*,#4471,.T.);
#6086=ORIENTED_EDGE('',*,*,#4129,.F.);
#6087=ORIENTED_EDGE('',*,*,#4468,.F.);
#6088=ORIENTED_EDGE('',*,*,#4472,.T.);
#6089=ORIENTED_EDGE('',*,*,#4473,.T.);
#6090=ORIENTED_EDGE('',*,*,#4130,.F.);
#6091=ORIENTED_EDGE('',*,*,#4471,.F.);
#6092=ORIENTED_EDGE('',*,*,#4474,.T.);
#6093=ORIENTED_EDGE('',*,*,#4469,.T.);
#6094=ORIENTED_EDGE('',*,*,#4127,.F.);
#6095=ORIENTED_EDGE('',*,*,#4473,.F.);
#6096=ORIENTED_EDGE('',*,*,#4475,.T.);
#6097=ORIENTED_EDGE('',*,*,#4476,.T.);
#6098=ORIENTED_EDGE('',*,*,#4477,.F.);
#6099=ORIENTED_EDGE('',*,*,#4167,.T.);
#6100=ORIENTED_EDGE('',*,*,#4478,.F.);
#6101=ORIENTED_EDGE('',*,*,#4479,.T.);
#6102=ORIENTED_EDGE('',*,*,#4168,.T.);
#6103=ORIENTED_EDGE('',*,*,#4477,.T.);
#6104=ORIENTED_EDGE('',*,*,#4480,.T.);
#6105=ORIENTED_EDGE('',*,*,#4169,.F.);
#6106=ORIENTED_EDGE('',*,*,#4479,.F.);
#6107=ORIENTED_EDGE('',*,*,#4481,.F.);
#6108=ORIENTED_EDGE('',*,*,#4181,.T.);
#6109=ORIENTED_EDGE('',*,*,#4133,.T.);
#6110=ORIENTED_EDGE('',*,*,#4170,.F.);
#6111=ORIENTED_EDGE('',*,*,#4480,.F.);
#6112=ORIENTED_EDGE('',*,*,#4482,.F.);
#6113=ORIENTED_EDGE('',*,*,#4483,.F.);
#6114=ORIENTED_EDGE('',*,*,#4139,.T.);
#6115=ORIENTED_EDGE('',*,*,#4177,.F.);
#6116=ORIENTED_EDGE('',*,*,#4140,.T.);
#6117=ORIENTED_EDGE('',*,*,#4483,.T.);
#6118=ORIENTED_EDGE('',*,*,#4484,.F.);
#6119=ORIENTED_EDGE('',*,*,#4485,.F.);
#6120=ORIENTED_EDGE('',*,*,#4141,.F.);
#6121=ORIENTED_EDGE('',*,*,#4485,.T.);
#6122=ORIENTED_EDGE('',*,*,#4486,.F.);
#6123=ORIENTED_EDGE('',*,*,#4487,.F.);
#6124=ORIENTED_EDGE('',*,*,#4142,.T.);
#6125=ORIENTED_EDGE('',*,*,#4487,.T.);
#6126=ORIENTED_EDGE('',*,*,#4488,.F.);
#6127=ORIENTED_EDGE('',*,*,#4489,.F.);
#6128=ORIENTED_EDGE('',*,*,#4137,.T.);
#6129=ORIENTED_EDGE('',*,*,#4489,.T.);
#6130=ORIENTED_EDGE('',*,*,#4490,.F.);
#6131=ORIENTED_EDGE('',*,*,#4491,.F.);
#6132=ORIENTED_EDGE('',*,*,#4143,.F.);
#6133=ORIENTED_EDGE('',*,*,#4135,.F.);
#6134=ORIENTED_EDGE('',*,*,#4153,.T.);
#6135=ORIENTED_EDGE('',*,*,#4178,.F.);
#6136=ORIENTED_EDGE('',*,*,#4491,.T.);
#6137=ORIENTED_EDGE('',*,*,#4492,.F.);
#6138=ORIENTED_EDGE('',*,*,#4493,.T.);
#6139=ORIENTED_EDGE('',*,*,#4144,.F.);
#6140=ORIENTED_EDGE('',*,*,#4494,.T.);
#6141=ORIENTED_EDGE('',*,*,#4495,.F.);
#6142=ORIENTED_EDGE('',*,*,#4145,.F.);
#6143=ORIENTED_EDGE('',*,*,#4493,.F.);
#6144=ORIENTED_EDGE('',*,*,#4496,.T.);
#6145=ORIENTED_EDGE('',*,*,#4146,.T.);
#6146=ORIENTED_EDGE('',*,*,#4495,.T.);
#6147=ORIENTED_EDGE('',*,*,#4497,.T.);
#6148=ORIENTED_EDGE('',*,*,#4162,.F.);
#6149=ORIENTED_EDGE('',*,*,#4173,.T.);
#6150=ORIENTED_EDGE('',*,*,#4179,.F.);
#6151=ORIENTED_EDGE('',*,*,#4151,.T.);
#6152=ORIENTED_EDGE('',*,*,#4150,.T.);
#6153=ORIENTED_EDGE('',*,*,#4147,.F.);
#6154=ORIENTED_EDGE('',*,*,#4496,.F.);
#6155=ORIENTED_EDGE('',*,*,#4498,.F.);
#6156=ORIENTED_EDGE('',*,*,#4499,.F.);
#6157=ORIENTED_EDGE('',*,*,#4155,.F.);
#6158=ORIENTED_EDGE('',*,*,#4500,.F.);
#6159=ORIENTED_EDGE('',*,*,#4159,.T.);
#6160=ORIENTED_EDGE('',*,*,#4501,.F.);
#6161=ORIENTED_EDGE('',*,*,#4156,.T.);
#6162=ORIENTED_EDGE('',*,*,#4499,.T.);
#6163=ORIENTED_EDGE('',*,*,#4502,.F.);
#6164=ORIENTED_EDGE('',*,*,#4501,.T.);
#6165=ORIENTED_EDGE('',*,*,#4503,.F.);
#6166=ORIENTED_EDGE('',*,*,#4504,.F.);
#6167=ORIENTED_EDGE('',*,*,#4174,.F.);
#6168=ORIENTED_EDGE('',*,*,#4160,.T.);
#6169=ORIENTED_EDGE('',*,*,#4157,.T.);
#6170=ORIENTED_EDGE('',*,*,#4500,.T.);
#6171=ORIENTED_EDGE('',*,*,#4154,.F.);
#6172=ORIENTED_EDGE('',*,*,#4175,.T.);
#6173=ORIENTED_EDGE('',*,*,#4504,.T.);
#6174=ORIENTED_EDGE('',*,*,#4505,.F.);
#6175=ORIENTED_EDGE('',*,*,#4506,.F.);
#6176=ORIENTED_EDGE('',*,*,#4182,.T.);
#6177=ORIENTED_EDGE('',*,*,#4180,.F.);
#6178=ORIENTED_EDGE('',*,*,#4171,.T.);
#6179=ORIENTED_EDGE('',*,*,#4506,.T.);
#6180=ORIENTED_EDGE('',*,*,#4507,.F.);
#6181=ORIENTED_EDGE('',*,*,#4475,.F.);
#6182=ORIENTED_EDGE('',*,*,#4166,.F.);
#6183=ORIENTED_EDGE('',*,*,#4164,.F.);
#6184=ORIENTED_EDGE('',*,*,#4233,.T.);
#6185=ORIENTED_EDGE('',*,*,#4508,.T.);
#6186=ORIENTED_EDGE('',*,*,#4509,.F.);
#6187=ORIENTED_EDGE('',*,*,#4510,.F.);
#6188=ORIENTED_EDGE('',*,*,#4189,.F.);
#6189=ORIENTED_EDGE('',*,*,#4234,.F.);
#6190=ORIENTED_EDGE('',*,*,#4510,.T.);
#6191=ORIENTED_EDGE('',*,*,#4511,.F.);
#6192=ORIENTED_EDGE('',*,*,#4512,.F.);
#6193=ORIENTED_EDGE('',*,*,#4183,.T.);
#6194=ORIENTED_EDGE('',*,*,#4513,.F.);
#6195=ORIENTED_EDGE('',*,*,#4186,.F.);
#6196=ORIENTED_EDGE('',*,*,#4512,.T.);
#6197=ORIENTED_EDGE('',*,*,#4514,.F.);
#6198=ORIENTED_EDGE('',*,*,#4515,.F.);
#6199=ORIENTED_EDGE('',*,*,#4184,.T.);
#6200=ORIENTED_EDGE('',*,*,#4515,.T.);
#6201=ORIENTED_EDGE('',*,*,#4516,.F.);
#6202=ORIENTED_EDGE('',*,*,#4517,.F.);
#6203=ORIENTED_EDGE('',*,*,#4195,.F.);
#6204=ORIENTED_EDGE('',*,*,#4193,.F.);
#6205=ORIENTED_EDGE('',*,*,#4205,.T.);
#6206=ORIENTED_EDGE('',*,*,#4227,.F.);
#6207=ORIENTED_EDGE('',*,*,#4231,.T.);
#6208=ORIENTED_EDGE('',*,*,#4190,.T.);
#6209=ORIENTED_EDGE('',*,*,#4187,.F.);
#6210=ORIENTED_EDGE('',*,*,#4513,.T.);
#6211=ORIENTED_EDGE('',*,*,#4185,.T.);
#6212=ORIENTED_EDGE('',*,*,#4517,.T.);
#6213=ORIENTED_EDGE('',*,*,#4518,.F.);
#6214=ORIENTED_EDGE('',*,*,#4519,.T.);
#6215=ORIENTED_EDGE('',*,*,#4196,.F.);
#6216=ORIENTED_EDGE('',*,*,#4520,.T.);
#6217=ORIENTED_EDGE('',*,*,#4521,.F.);
#6218=ORIENTED_EDGE('',*,*,#4197,.F.);
#6219=ORIENTED_EDGE('',*,*,#4519,.F.);
#6220=ORIENTED_EDGE('',*,*,#4522,.T.);
#6221=ORIENTED_EDGE('',*,*,#4198,.T.);
#6222=ORIENTED_EDGE('',*,*,#4521,.T.);
#6223=ORIENTED_EDGE('',*,*,#4523,.T.);
#6224=ORIENTED_EDGE('',*,*,#4211,.T.);
#6225=ORIENTED_EDGE('',*,*,#4228,.F.);
#6226=ORIENTED_EDGE('',*,*,#4203,.T.);
#6227=ORIENTED_EDGE('',*,*,#4202,.T.);
#6228=ORIENTED_EDGE('',*,*,#4199,.F.);
#6229=ORIENTED_EDGE('',*,*,#4522,.F.);
#6230=ORIENTED_EDGE('',*,*,#4524,.F.);
#6231=ORIENTED_EDGE('',*,*,#4525,.F.);
#6232=ORIENTED_EDGE('',*,*,#4212,.T.);
#6233=ORIENTED_EDGE('',*,*,#4525,.T.);
#6234=ORIENTED_EDGE('',*,*,#4526,.F.);
#6235=ORIENTED_EDGE('',*,*,#4527,.F.);
#6236=ORIENTED_EDGE('',*,*,#4213,.F.);
#6237=ORIENTED_EDGE('',*,*,#4527,.T.);
#6238=ORIENTED_EDGE('',*,*,#4528,.F.);
#6239=ORIENTED_EDGE('',*,*,#4529,.F.);
#6240=ORIENTED_EDGE('',*,*,#4214,.T.);
#6241=ORIENTED_EDGE('',*,*,#4529,.T.);
#6242=ORIENTED_EDGE('',*,*,#4530,.F.);
#6243=ORIENTED_EDGE('',*,*,#4531,.F.);
#6244=ORIENTED_EDGE('',*,*,#4225,.T.);
#6245=ORIENTED_EDGE('',*,*,#4229,.F.);
#6246=ORIENTED_EDGE('',*,*,#4209,.T.);
#6247=ORIENTED_EDGE('',*,*,#4531,.T.);
#6248=ORIENTED_EDGE('',*,*,#4532,.F.);
#6249=ORIENTED_EDGE('',*,*,#4533,.F.);
#6250=ORIENTED_EDGE('',*,*,#4217,.F.);
#6251=ORIENTED_EDGE('',*,*,#4207,.F.);
#6252=ORIENTED_EDGE('',*,*,#4533,.T.);
#6253=ORIENTED_EDGE('',*,*,#4534,.T.);
#6254=ORIENTED_EDGE('',*,*,#4535,.F.);
#6255=ORIENTED_EDGE('',*,*,#4218,.T.);
#6256=ORIENTED_EDGE('',*,*,#4536,.F.);
#6257=ORIENTED_EDGE('',*,*,#4537,.T.);
#6258=ORIENTED_EDGE('',*,*,#4219,.T.);
#6259=ORIENTED_EDGE('',*,*,#4535,.T.);
#6260=ORIENTED_EDGE('',*,*,#4538,.T.);
#6261=ORIENTED_EDGE('',*,*,#4220,.F.);
#6262=ORIENTED_EDGE('',*,*,#4537,.F.);
#6263=ORIENTED_EDGE('',*,*,#4539,.F.);
#6264=ORIENTED_EDGE('',*,*,#4232,.T.);
#6265=ORIENTED_EDGE('',*,*,#4230,.F.);
#6266=ORIENTED_EDGE('',*,*,#4223,.T.);
#6267=ORIENTED_EDGE('',*,*,#4222,.T.);
#6268=ORIENTED_EDGE('',*,*,#4215,.F.);
#6269=ORIENTED_EDGE('',*,*,#4538,.F.);
#6270=ORIENTED_EDGE('',*,*,#4540,.F.);
#6271=ORIENTED_EDGE('',*,*,#4508,.F.);
#6272=ORIENTED_EDGE('',*,*,#4316,.F.);
#6273=ORIENTED_EDGE('',*,*,#4541,.T.);
#6274=ORIENTED_EDGE('',*,*,#4542,.F.);
#6275=ORIENTED_EDGE('',*,*,#4543,.F.);
#6276=ORIENTED_EDGE('',*,*,#4544,.F.);
#6277=ORIENTED_EDGE('',*,*,#4317,.T.);
#6278=ORIENTED_EDGE('',*,*,#4543,.T.);
#6279=ORIENTED_EDGE('',*,*,#4545,.F.);
#6280=ORIENTED_EDGE('',*,*,#4546,.T.);
#6281=ORIENTED_EDGE('',*,*,#4547,.F.);
#6282=ORIENTED_EDGE('',*,*,#4548,.T.);
#6283=ORIENTED_EDGE('',*,*,#4549,.T.);
#6284=ORIENTED_EDGE('',*,*,#4550,.F.);
#6285=ORIENTED_EDGE('',*,*,#4546,.F.);
#6286=ORIENTED_EDGE('',*,*,#4551,.T.);
#6287=ORIENTED_EDGE('',*,*,#4552,.F.);
#6288=ORIENTED_EDGE('',*,*,#4553,.F.);
#6289=ORIENTED_EDGE('',*,*,#4549,.F.);
#6290=ORIENTED_EDGE('',*,*,#4554,.F.);
#6291=ORIENTED_EDGE('',*,*,#4555,.F.);
#6292=ORIENTED_EDGE('',*,*,#4556,.F.);
#6293=ORIENTED_EDGE('',*,*,#4557,.T.);
#6294=ORIENTED_EDGE('',*,*,#4558,.T.);
#6295=ORIENTED_EDGE('',*,*,#4559,.F.);
#6296=ORIENTED_EDGE('',*,*,#4560,.T.);
#6297=ORIENTED_EDGE('',*,*,#4243,.F.);
#6298=ORIENTED_EDGE('',*,*,#4561,.F.);
#6299=ORIENTED_EDGE('',*,*,#4562,.T.);
#6300=ORIENTED_EDGE('',*,*,#4563,.T.);
#6301=ORIENTED_EDGE('',*,*,#4564,.T.);
#6302=ORIENTED_EDGE('',*,*,#4565,.T.);
#6303=ORIENTED_EDGE('',*,*,#4566,.T.);
#6304=ORIENTED_EDGE('',*,*,#4329,.T.);
#6305=ORIENTED_EDGE('',*,*,#4567,.F.);
#6306=ORIENTED_EDGE('',*,*,#4568,.F.);
#6307=ORIENTED_EDGE('',*,*,#4569,.F.);
#6308=ORIENTED_EDGE('',*,*,#4570,.F.);
#6309=ORIENTED_EDGE('',*,*,#4571,.T.);
#6310=ORIENTED_EDGE('',*,*,#4572,.T.);
#6311=ORIENTED_EDGE('',*,*,#4573,.F.);
#6312=ORIENTED_EDGE('',*,*,#4574,.F.);
#6313=ORIENTED_EDGE('',*,*,#4575,.T.);
#6314=ORIENTED_EDGE('',*,*,#4576,.T.);
#6315=ORIENTED_EDGE('',*,*,#4577,.T.);
#6316=ORIENTED_EDGE('',*,*,#4578,.T.);
#6317=ORIENTED_EDGE('',*,*,#4578,.F.);
#6318=ORIENTED_EDGE('',*,*,#4579,.T.);
#6319=ORIENTED_EDGE('',*,*,#4576,.F.);
#6320=ORIENTED_EDGE('',*,*,#4580,.T.);
#6321=ORIENTED_EDGE('',*,*,#4572,.F.);
#6322=ORIENTED_EDGE('',*,*,#4581,.F.);
#6323=ORIENTED_EDGE('',*,*,#4582,.F.);
#6324=ORIENTED_EDGE('',*,*,#4583,.T.);
#6325=ORIENTED_EDGE('',*,*,#4584,.F.);
#6326=ORIENTED_EDGE('',*,*,#4585,.T.);
#6327=ORIENTED_EDGE('',*,*,#4573,.T.);
#6328=ORIENTED_EDGE('',*,*,#4583,.F.);
#6329=ORIENTED_EDGE('',*,*,#4586,.F.);
#6330=ORIENTED_EDGE('',*,*,#4587,.T.);
#6331=ORIENTED_EDGE('',*,*,#4574,.T.);
#6332=ORIENTED_EDGE('',*,*,#4585,.F.);
#6333=ORIENTED_EDGE('',*,*,#4569,.T.);
#6334=ORIENTED_EDGE('',*,*,#4587,.F.);
#6335=ORIENTED_EDGE('',*,*,#4588,.F.);
#6336=ORIENTED_EDGE('',*,*,#4589,.T.);
#6337=ORIENTED_EDGE('',*,*,#4563,.F.);
#6338=ORIENTED_EDGE('',*,*,#4590,.T.);
#6339=ORIENTED_EDGE('',*,*,#4591,.T.);
#6340=ORIENTED_EDGE('',*,*,#4564,.F.);
#6341=ORIENTED_EDGE('',*,*,#4589,.F.);
#6342=ORIENTED_EDGE('',*,*,#4592,.F.);
#6343=ORIENTED_EDGE('',*,*,#4238,.F.);
#6344=ORIENTED_EDGE('',*,*,#4244,.F.);
#6345=ORIENTED_EDGE('',*,*,#4560,.F.);
#6346=ORIENTED_EDGE('',*,*,#4593,.T.);
#6347=ORIENTED_EDGE('',*,*,#4565,.F.);
#6348=ORIENTED_EDGE('',*,*,#4591,.F.);
#6349=ORIENTED_EDGE('',*,*,#4594,.T.);
#6350=ORIENTED_EDGE('',*,*,#4595,.F.);
#6351=ORIENTED_EDGE('',*,*,#4239,.F.);
#6352=ORIENTED_EDGE('',*,*,#4235,.T.);
#6353=ORIENTED_EDGE('',*,*,#4592,.T.);
#6354=ORIENTED_EDGE('',*,*,#4596,.F.);
#6355=ORIENTED_EDGE('',*,*,#4595,.T.);
#6356=ORIENTED_EDGE('',*,*,#4597,.F.);
#6357=ORIENTED_EDGE('',*,*,#4598,.T.);
#6358=ORIENTED_EDGE('',*,*,#4555,.T.);
#6359=ORIENTED_EDGE('',*,*,#4599,.T.);
#6360=ORIENTED_EDGE('',*,*,#4561,.T.);
#6361=ORIENTED_EDGE('',*,*,#4242,.T.);
#6362=ORIENTED_EDGE('',*,*,#4240,.T.);
#6363=ORIENTED_EDGE('',*,*,#4600,.T.);
#6364=ORIENTED_EDGE('',*,*,#4601,.F.);
#6365=ORIENTED_EDGE('',*,*,#4556,.T.);
#6366=ORIENTED_EDGE('',*,*,#4598,.F.);
#6367=ORIENTED_EDGE('',*,*,#4602,.T.);
#6368=ORIENTED_EDGE('',*,*,#4603,.T.);
#6369=ORIENTED_EDGE('',*,*,#4557,.F.);
#6370=ORIENTED_EDGE('',*,*,#4601,.T.);
#6371=ORIENTED_EDGE('',*,*,#4604,.F.);
#6372=ORIENTED_EDGE('',*,*,#4605,.F.);
#6373=ORIENTED_EDGE('',*,*,#4552,.T.);
#6374=ORIENTED_EDGE('',*,*,#4558,.F.);
#6375=ORIENTED_EDGE('',*,*,#4603,.F.);
#6376=ORIENTED_EDGE('',*,*,#4606,.F.);
#6377=ORIENTED_EDGE('',*,*,#4607,.T.);
#6378=ORIENTED_EDGE('',*,*,#4608,.F.);
#6379=ORIENTED_EDGE('',*,*,#4249,.F.);
#6380=ORIENTED_EDGE('',*,*,#4609,.T.);
#6381=ORIENTED_EDGE('',*,*,#4610,.F.);
#6382=ORIENTED_EDGE('',*,*,#4611,.T.);
#6383=ORIENTED_EDGE('',*,*,#4612,.F.);
#6384=ORIENTED_EDGE('',*,*,#4607,.F.);
#6385=ORIENTED_EDGE('',*,*,#4613,.F.);
#6386=ORIENTED_EDGE('',*,*,#4614,.F.);
#6387=ORIENTED_EDGE('',*,*,#4246,.T.);
#6388=ORIENTED_EDGE('',*,*,#4615,.F.);
#6389=ORIENTED_EDGE('',*,*,#4611,.F.);
#6390=ORIENTED_EDGE('',*,*,#4614,.T.);
#6391=ORIENTED_EDGE('',*,*,#4616,.T.);
#6392=ORIENTED_EDGE('',*,*,#4617,.T.);
#6393=ORIENTED_EDGE('',*,*,#4247,.F.);
#6394=ORIENTED_EDGE('',*,*,#4618,.T.);
#6395=ORIENTED_EDGE('',*,*,#4619,.T.);
#6396=ORIENTED_EDGE('',*,*,#4248,.F.);
#6397=ORIENTED_EDGE('',*,*,#4617,.F.);
#6398=ORIENTED_EDGE('',*,*,#4608,.T.);
#6399=ORIENTED_EDGE('',*,*,#4612,.T.);
#6400=ORIENTED_EDGE('',*,*,#4615,.T.);
#6401=ORIENTED_EDGE('',*,*,#4245,.F.);
#6402=ORIENTED_EDGE('',*,*,#4619,.F.);
#6403=ORIENTED_EDGE('',*,*,#4620,.T.);
#6404=ORIENTED_EDGE('',*,*,#4621,.T.);
#6405=ORIENTED_EDGE('',*,*,#4250,.F.);
#6406=ORIENTED_EDGE('',*,*,#4622,.T.);
#6407=ORIENTED_EDGE('',*,*,#4623,.T.);
#6408=ORIENTED_EDGE('',*,*,#4251,.F.);
#6409=ORIENTED_EDGE('',*,*,#4621,.F.);
#6410=ORIENTED_EDGE('',*,*,#4624,.T.);
#6411=ORIENTED_EDGE('',*,*,#4609,.F.);
#6412=ORIENTED_EDGE('',*,*,#4252,.F.);
#6413=ORIENTED_EDGE('',*,*,#4623,.F.);
#6414=ORIENTED_EDGE('',*,*,#4625,.F.);
#6415=ORIENTED_EDGE('',*,*,#4626,.F.);
#6416=ORIENTED_EDGE('',*,*,#4627,.F.);
#6417=ORIENTED_EDGE('',*,*,#4628,.T.);
#6418=ORIENTED_EDGE('',*,*,#4629,.T.);
#6419=ORIENTED_EDGE('',*,*,#4626,.T.);
#6420=ORIENTED_EDGE('',*,*,#4630,.T.);
#6421=ORIENTED_EDGE('',*,*,#4627,.T.);
#6422=ORIENTED_EDGE('',*,*,#4631,.T.);
#6423=ORIENTED_EDGE('',*,*,#4311,.T.);
#6424=ORIENTED_EDGE('',*,*,#4632,.T.);
#6425=ORIENTED_EDGE('',*,*,#4633,.F.);
#6426=ORIENTED_EDGE('',*,*,#4634,.T.);
#6427=ORIENTED_EDGE('',*,*,#4547,.T.);
#6428=ORIENTED_EDGE('',*,*,#4550,.T.);
#6429=ORIENTED_EDGE('',*,*,#4553,.T.);
#6430=ORIENTED_EDGE('',*,*,#4605,.T.);
#6431=ORIENTED_EDGE('',*,*,#4635,.T.);
#6432=ORIENTED_EDGE('',*,*,#4544,.T.);
#6433=ORIENTED_EDGE('',*,*,#4636,.T.);
#6434=ORIENTED_EDGE('',*,*,#4637,.T.);
#6435=ORIENTED_EDGE('',*,*,#4318,.T.);
#6436=ORIENTED_EDGE('',*,*,#4637,.F.);
#6437=ORIENTED_EDGE('',*,*,#4638,.T.);
#6438=ORIENTED_EDGE('',*,*,#4639,.T.);
#6439=ORIENTED_EDGE('',*,*,#4306,.F.);
#6440=ORIENTED_EDGE('',*,*,#4319,.F.);
#6441=ORIENTED_EDGE('',*,*,#4639,.F.);
#6442=ORIENTED_EDGE('',*,*,#4640,.T.);
#6443=ORIENTED_EDGE('',*,*,#4641,.T.);
#6444=ORIENTED_EDGE('',*,*,#4307,.F.);
#6445=ORIENTED_EDGE('',*,*,#4641,.F.);
#6446=ORIENTED_EDGE('',*,*,#4642,.T.);
#6447=ORIENTED_EDGE('',*,*,#4643,.T.);
#6448=ORIENTED_EDGE('',*,*,#4308,.F.);
#6449=ORIENTED_EDGE('',*,*,#4644,.F.);
#6450=ORIENTED_EDGE('',*,*,#4645,.T.);
#6451=ORIENTED_EDGE('',*,*,#4309,.F.);
#6452=ORIENTED_EDGE('',*,*,#4643,.F.);
#6453=ORIENTED_EDGE('',*,*,#4646,.T.);
#6454=ORIENTED_EDGE('',*,*,#4256,.T.);
#6455=ORIENTED_EDGE('',*,*,#4253,.T.);
#6456=ORIENTED_EDGE('',*,*,#4261,.T.);
#6457=ORIENTED_EDGE('',*,*,#4647,.T.);
#6458=ORIENTED_EDGE('',*,*,#4644,.T.);
#6459=ORIENTED_EDGE('',*,*,#4648,.T.);
#6460=ORIENTED_EDGE('',*,*,#4649,.T.);
#6461=ORIENTED_EDGE('',*,*,#4650,.T.);
#6462=ORIENTED_EDGE('',*,*,#4649,.F.);
#6463=ORIENTED_EDGE('',*,*,#4651,.T.);
#6464=ORIENTED_EDGE('',*,*,#4650,.F.);
#6465=ORIENTED_EDGE('',*,*,#4652,.T.);
#6466=ORIENTED_EDGE('',*,*,#4653,.T.);
#6467=ORIENTED_EDGE('',*,*,#4275,.F.);
#6468=ORIENTED_EDGE('',*,*,#4272,.T.);
#6469=ORIENTED_EDGE('',*,*,#4271,.T.);
#6470=ORIENTED_EDGE('',*,*,#4268,.T.);
#6471=ORIENTED_EDGE('',*,*,#4266,.F.);
#6472=ORIENTED_EDGE('',*,*,#4264,.T.);
#6473=ORIENTED_EDGE('',*,*,#4310,.F.);
#6474=ORIENTED_EDGE('',*,*,#4645,.F.);
#6475=ORIENTED_EDGE('',*,*,#4647,.F.);
#6476=ORIENTED_EDGE('',*,*,#4262,.F.);
#6477=ORIENTED_EDGE('',*,*,#4259,.F.);
#6478=ORIENTED_EDGE('',*,*,#4257,.T.);
#6479=ORIENTED_EDGE('',*,*,#4653,.F.);
#6480=ORIENTED_EDGE('',*,*,#4654,.T.);
#6481=ORIENTED_EDGE('',*,*,#4655,.T.);
#6482=ORIENTED_EDGE('',*,*,#4276,.F.);
#6483=ORIENTED_EDGE('',*,*,#4655,.F.);
#6484=ORIENTED_EDGE('',*,*,#4656,.T.);
#6485=ORIENTED_EDGE('',*,*,#4657,.T.);
#6486=ORIENTED_EDGE('',*,*,#4277,.F.);
#6487=ORIENTED_EDGE('',*,*,#4657,.F.);
#6488=ORIENTED_EDGE('',*,*,#4658,.T.);
#6489=ORIENTED_EDGE('',*,*,#4659,.T.);
#6490=ORIENTED_EDGE('',*,*,#4278,.F.);
#6491=ORIENTED_EDGE('',*,*,#4660,.F.);
#6492=ORIENTED_EDGE('',*,*,#4295,.F.);
#6493=ORIENTED_EDGE('',*,*,#4292,.T.);
#6494=ORIENTED_EDGE('',*,*,#4299,.T.);
#6495=ORIENTED_EDGE('',*,*,#4661,.F.);
#6496=ORIENTED_EDGE('',*,*,#4662,.T.);
#6497=ORIENTED_EDGE('',*,*,#4300,.F.);
#6498=ORIENTED_EDGE('',*,*,#4288,.T.);
#6499=ORIENTED_EDGE('',*,*,#4287,.T.);
#6500=ORIENTED_EDGE('',*,*,#4284,.F.);
#6501=ORIENTED_EDGE('',*,*,#4282,.F.);
#6502=ORIENTED_EDGE('',*,*,#4280,.T.);
#6503=ORIENTED_EDGE('',*,*,#4279,.F.);
#6504=ORIENTED_EDGE('',*,*,#4659,.F.);
#6505=ORIENTED_EDGE('',*,*,#4663,.T.);
#6506=ORIENTED_EDGE('',*,*,#4660,.T.);
#6507=ORIENTED_EDGE('',*,*,#4664,.T.);
#6508=ORIENTED_EDGE('',*,*,#4665,.F.);
#6509=ORIENTED_EDGE('',*,*,#4665,.T.);
#6510=ORIENTED_EDGE('',*,*,#4666,.T.);
#6511=ORIENTED_EDGE('',*,*,#4667,.T.);
#6512=ORIENTED_EDGE('',*,*,#4661,.T.);
#6513=ORIENTED_EDGE('',*,*,#4298,.T.);
#6514=ORIENTED_EDGE('',*,*,#4296,.T.);
#6515=ORIENTED_EDGE('',*,*,#4293,.T.);
#6516=ORIENTED_EDGE('',*,*,#4667,.F.);
#6517=ORIENTED_EDGE('',*,*,#4668,.T.);
#6518=ORIENTED_EDGE('',*,*,#4669,.T.);
#6519=ORIENTED_EDGE('',*,*,#4301,.F.);
#6520=ORIENTED_EDGE('',*,*,#4662,.F.);
#6521=ORIENTED_EDGE('',*,*,#4669,.F.);
#6522=ORIENTED_EDGE('',*,*,#4670,.T.);
#6523=ORIENTED_EDGE('',*,*,#4671,.T.);
#6524=ORIENTED_EDGE('',*,*,#4302,.F.);
#6525=ORIENTED_EDGE('',*,*,#4671,.F.);
#6526=ORIENTED_EDGE('',*,*,#4672,.T.);
#6527=ORIENTED_EDGE('',*,*,#4673,.T.);
#6528=ORIENTED_EDGE('',*,*,#4303,.F.);
#6529=ORIENTED_EDGE('',*,*,#4674,.F.);
#6530=ORIENTED_EDGE('',*,*,#4320,.T.);
#6531=ORIENTED_EDGE('',*,*,#4304,.F.);
#6532=ORIENTED_EDGE('',*,*,#4673,.F.);
#6533=ORIENTED_EDGE('',*,*,#4675,.F.);
#6534=ORIENTED_EDGE('',*,*,#4674,.T.);
#6535=ORIENTED_EDGE('',*,*,#4676,.T.);
#6536=ORIENTED_EDGE('',*,*,#4677,.T.);
#6537=ORIENTED_EDGE('',*,*,#4314,.T.);
#6538=ORIENTED_EDGE('',*,*,#4678,.T.);
#6539=ORIENTED_EDGE('',*,*,#4679,.T.);
#6540=ORIENTED_EDGE('',*,*,#4312,.T.);
#6541=ORIENTED_EDGE('',*,*,#4680,.T.);
#6542=ORIENTED_EDGE('',*,*,#4633,.T.);
#6543=ORIENTED_EDGE('',*,*,#4681,.T.);
#6544=ORIENTED_EDGE('',*,*,#4313,.T.);
#6545=ORIENTED_EDGE('',*,*,#4682,.T.);
#6546=ORIENTED_EDGE('',*,*,#4677,.F.);
#6547=ORIENTED_EDGE('',*,*,#4683,.F.);
#6548=ORIENTED_EDGE('',*,*,#4684,.F.);
#6549=ORIENTED_EDGE('',*,*,#4685,.F.);
#6550=ORIENTED_EDGE('',*,*,#4541,.F.);
#6551=ORIENTED_EDGE('',*,*,#4315,.F.);
#6552=ORIENTED_EDGE('',*,*,#4686,.T.);
#6553=ORIENTED_EDGE('',*,*,#4684,.T.);
#6554=ORIENTED_EDGE('',*,*,#4687,.F.);
#6555=ORIENTED_EDGE('',*,*,#4688,.F.);
#6556=ORIENTED_EDGE('',*,*,#4689,.T.);
#6557=ORIENTED_EDGE('',*,*,#4690,.T.);
#6558=ORIENTED_EDGE('',*,*,#4688,.T.);
#6559=ORIENTED_EDGE('',*,*,#4691,.F.);
#6560=ORIENTED_EDGE('',*,*,#4692,.F.);
#6561=ORIENTED_EDGE('',*,*,#4693,.T.);
#6562=ORIENTED_EDGE('',*,*,#4694,.F.);
#6563=ORIENTED_EDGE('',*,*,#4695,.F.);
#6564=ORIENTED_EDGE('',*,*,#4696,.F.);
#6565=ORIENTED_EDGE('',*,*,#4697,.F.);
#6566=ORIENTED_EDGE('',*,*,#4698,.F.);
#6567=ORIENTED_EDGE('',*,*,#4325,.F.);
#6568=ORIENTED_EDGE('',*,*,#4322,.T.);
#6569=ORIENTED_EDGE('',*,*,#4699,.T.);
#6570=ORIENTED_EDGE('',*,*,#4700,.F.);
#6571=ORIENTED_EDGE('',*,*,#4699,.F.);
#6572=ORIENTED_EDGE('',*,*,#4321,.T.);
#6573=ORIENTED_EDGE('',*,*,#4330,.F.);
#6574=ORIENTED_EDGE('',*,*,#4566,.F.);
#6575=ORIENTED_EDGE('',*,*,#4701,.F.);
#6576=ORIENTED_EDGE('',*,*,#4693,.F.);
#6577=ORIENTED_EDGE('',*,*,#4702,.F.);
#6578=ORIENTED_EDGE('',*,*,#4703,.F.);
#6579=ORIENTED_EDGE('',*,*,#4704,.T.);
#6580=ORIENTED_EDGE('',*,*,#4705,.T.);
#6581=ORIENTED_EDGE('',*,*,#4706,.T.);
#6582=ORIENTED_EDGE('',*,*,#4567,.T.);
#6583=ORIENTED_EDGE('',*,*,#4328,.T.);
#6584=ORIENTED_EDGE('',*,*,#4326,.T.);
#6585=ORIENTED_EDGE('',*,*,#4698,.T.);
#6586=ORIENTED_EDGE('',*,*,#4707,.F.);
#6587=ORIENTED_EDGE('',*,*,#4708,.F.);
#6588=ORIENTED_EDGE('',*,*,#4705,.F.);
#6589=ORIENTED_EDGE('',*,*,#4709,.F.);
#6590=ORIENTED_EDGE('',*,*,#4710,.T.);
#6591=ORIENTED_EDGE('',*,*,#4711,.T.);
#6592=ORIENTED_EDGE('',*,*,#4712,.T.);
#6593=ORIENTED_EDGE('',*,*,#4713,.T.);
#6594=ORIENTED_EDGE('',*,*,#4714,.F.);
#6595=ORIENTED_EDGE('',*,*,#4715,.F.);
#6596=ORIENTED_EDGE('',*,*,#4690,.F.);
#6597=ORIENTED_EDGE('',*,*,#4694,.T.);
#6598=ORIENTED_EDGE('',*,*,#4701,.T.);
#6599=ORIENTED_EDGE('',*,*,#4568,.T.);
#6600=ORIENTED_EDGE('',*,*,#4706,.F.);
#6601=ORIENTED_EDGE('',*,*,#4708,.T.);
#6602=ORIENTED_EDGE('',*,*,#4715,.T.);
#6603=ORIENTED_EDGE('',*,*,#4716,.T.);
#6604=ORIENTED_EDGE('',*,*,#4717,.F.);
#6605=ORIENTED_EDGE('',*,*,#4718,.F.);
#6606=ORIENTED_EDGE('',*,*,#4719,.F.);
#6607=ORIENTED_EDGE('',*,*,#4720,.F.);
#6608=ORIENTED_EDGE('',*,*,#4721,.F.);
#6609=ORIENTED_EDGE('',*,*,#4722,.F.);
#6610=ORIENTED_EDGE('',*,*,#4723,.F.);
#6611=ORIENTED_EDGE('',*,*,#4724,.F.);
#6612=ORIENTED_EDGE('',*,*,#4570,.T.);
#6613=ORIENTED_EDGE('',*,*,#4562,.F.);
#6614=ORIENTED_EDGE('',*,*,#4593,.F.);
#6615=ORIENTED_EDGE('',*,*,#4559,.T.);
#6616=ORIENTED_EDGE('',*,*,#4599,.F.);
#6617=ORIENTED_EDGE('',*,*,#4554,.T.);
#6618=ORIENTED_EDGE('',*,*,#4551,.F.);
#6619=ORIENTED_EDGE('',*,*,#4548,.F.);
#6620=ORIENTED_EDGE('',*,*,#4545,.T.);
#6621=ORIENTED_EDGE('',*,*,#4542,.T.);
#6622=ORIENTED_EDGE('',*,*,#4685,.T.);
#6623=ORIENTED_EDGE('',*,*,#4686,.F.);
#6624=ORIENTED_EDGE('',*,*,#4540,.T.);
#6625=ORIENTED_EDGE('',*,*,#4539,.T.);
#6626=ORIENTED_EDGE('',*,*,#4536,.T.);
#6627=ORIENTED_EDGE('',*,*,#4534,.F.);
#6628=ORIENTED_EDGE('',*,*,#4532,.T.);
#6629=ORIENTED_EDGE('',*,*,#4530,.T.);
#6630=ORIENTED_EDGE('',*,*,#4528,.T.);
#6631=ORIENTED_EDGE('',*,*,#4526,.T.);
#6632=ORIENTED_EDGE('',*,*,#4524,.T.);
#6633=ORIENTED_EDGE('',*,*,#4523,.F.);
#6634=ORIENTED_EDGE('',*,*,#4520,.F.);
#6635=ORIENTED_EDGE('',*,*,#4518,.T.);
#6636=ORIENTED_EDGE('',*,*,#4516,.T.);
#6637=ORIENTED_EDGE('',*,*,#4514,.T.);
#6638=ORIENTED_EDGE('',*,*,#4511,.T.);
#6639=ORIENTED_EDGE('',*,*,#4509,.T.);
#6640=ORIENTED_EDGE('',*,*,#4507,.T.);
#6641=ORIENTED_EDGE('',*,*,#4505,.T.);
#6642=ORIENTED_EDGE('',*,*,#4503,.T.);
#6643=ORIENTED_EDGE('',*,*,#4502,.T.);
#6644=ORIENTED_EDGE('',*,*,#4498,.T.);
#6645=ORIENTED_EDGE('',*,*,#4497,.F.);
#6646=ORIENTED_EDGE('',*,*,#4494,.F.);
#6647=ORIENTED_EDGE('',*,*,#4492,.T.);
#6648=ORIENTED_EDGE('',*,*,#4490,.T.);
#6649=ORIENTED_EDGE('',*,*,#4488,.T.);
#6650=ORIENTED_EDGE('',*,*,#4486,.T.);
#6651=ORIENTED_EDGE('',*,*,#4484,.T.);
#6652=ORIENTED_EDGE('',*,*,#4482,.T.);
#6653=ORIENTED_EDGE('',*,*,#4481,.T.);
#6654=ORIENTED_EDGE('',*,*,#4478,.T.);
#6655=ORIENTED_EDGE('',*,*,#4476,.F.);
#6656=ORIENTED_EDGE('',*,*,#4474,.F.);
#6657=ORIENTED_EDGE('',*,*,#4472,.F.);
#6658=ORIENTED_EDGE('',*,*,#4470,.F.);
#6659=ORIENTED_EDGE('',*,*,#4467,.F.);
#6660=ORIENTED_EDGE('',*,*,#4466,.F.);
#6661=ORIENTED_EDGE('',*,*,#4464,.F.);
#6662=ORIENTED_EDGE('',*,*,#4462,.F.);
#6663=ORIENTED_EDGE('',*,*,#4459,.F.);
#6664=ORIENTED_EDGE('',*,*,#4458,.F.);
#6665=ORIENTED_EDGE('',*,*,#4456,.F.);
#6666=ORIENTED_EDGE('',*,*,#4454,.F.);
#6667=ORIENTED_EDGE('',*,*,#4451,.F.);
#6668=ORIENTED_EDGE('',*,*,#4450,.F.);
#6669=ORIENTED_EDGE('',*,*,#4448,.F.);
#6670=ORIENTED_EDGE('',*,*,#4446,.F.);
#6671=ORIENTED_EDGE('',*,*,#4443,.F.);
#6672=ORIENTED_EDGE('',*,*,#4442,.F.);
#6673=ORIENTED_EDGE('',*,*,#4440,.F.);
#6674=ORIENTED_EDGE('',*,*,#4438,.F.);
#6675=ORIENTED_EDGE('',*,*,#4435,.F.);
#6676=ORIENTED_EDGE('',*,*,#4434,.F.);
#6677=ORIENTED_EDGE('',*,*,#4432,.F.);
#6678=ORIENTED_EDGE('',*,*,#4430,.F.);
#6679=ORIENTED_EDGE('',*,*,#4427,.F.);
#6680=ORIENTED_EDGE('',*,*,#4426,.F.);
#6681=ORIENTED_EDGE('',*,*,#4424,.F.);
#6682=ORIENTED_EDGE('',*,*,#4422,.F.);
#6683=ORIENTED_EDGE('',*,*,#4419,.F.);
#6684=ORIENTED_EDGE('',*,*,#4418,.F.);
#6685=ORIENTED_EDGE('',*,*,#4416,.F.);
#6686=ORIENTED_EDGE('',*,*,#4414,.F.);
#6687=ORIENTED_EDGE('',*,*,#4411,.F.);
#6688=ORIENTED_EDGE('',*,*,#4410,.F.);
#6689=ORIENTED_EDGE('',*,*,#4408,.F.);
#6690=ORIENTED_EDGE('',*,*,#4406,.F.);
#6691=ORIENTED_EDGE('',*,*,#4403,.F.);
#6692=ORIENTED_EDGE('',*,*,#4402,.F.);
#6693=ORIENTED_EDGE('',*,*,#4400,.F.);
#6694=ORIENTED_EDGE('',*,*,#4398,.F.);
#6695=ORIENTED_EDGE('',*,*,#4395,.F.);
#6696=ORIENTED_EDGE('',*,*,#4394,.F.);
#6697=ORIENTED_EDGE('',*,*,#4392,.F.);
#6698=ORIENTED_EDGE('',*,*,#4390,.F.);
#6699=ORIENTED_EDGE('',*,*,#4387,.F.);
#6700=ORIENTED_EDGE('',*,*,#4386,.F.);
#6701=ORIENTED_EDGE('',*,*,#4384,.F.);
#6702=ORIENTED_EDGE('',*,*,#4382,.F.);
#6703=ORIENTED_EDGE('',*,*,#4379,.F.);
#6704=ORIENTED_EDGE('',*,*,#4378,.F.);
#6705=ORIENTED_EDGE('',*,*,#4376,.F.);
#6706=ORIENTED_EDGE('',*,*,#4374,.F.);
#6707=ORIENTED_EDGE('',*,*,#4371,.F.);
#6708=ORIENTED_EDGE('',*,*,#4370,.F.);
#6709=ORIENTED_EDGE('',*,*,#4368,.F.);
#6710=ORIENTED_EDGE('',*,*,#4366,.F.);
#6711=ORIENTED_EDGE('',*,*,#4363,.F.);
#6712=ORIENTED_EDGE('',*,*,#4362,.F.);
#6713=ORIENTED_EDGE('',*,*,#4360,.F.);
#6714=ORIENTED_EDGE('',*,*,#4358,.F.);
#6715=ORIENTED_EDGE('',*,*,#4355,.F.);
#6716=ORIENTED_EDGE('',*,*,#4354,.F.);
#6717=ORIENTED_EDGE('',*,*,#4352,.F.);
#6718=ORIENTED_EDGE('',*,*,#4350,.F.);
#6719=ORIENTED_EDGE('',*,*,#4347,.F.);
#6720=ORIENTED_EDGE('',*,*,#4346,.F.);
#6721=ORIENTED_EDGE('',*,*,#4344,.F.);
#6722=ORIENTED_EDGE('',*,*,#4342,.F.);
#6723=ORIENTED_EDGE('',*,*,#4339,.F.);
#6724=ORIENTED_EDGE('',*,*,#4338,.F.);
#6725=ORIENTED_EDGE('',*,*,#4336,.F.);
#6726=ORIENTED_EDGE('',*,*,#4334,.F.);
#6727=ORIENTED_EDGE('',*,*,#4331,.F.);
#6728=ORIENTED_EDGE('',*,*,#4725,.F.);
#6729=ORIENTED_EDGE('',*,*,#4717,.T.);
#6730=ORIENTED_EDGE('',*,*,#4726,.T.);
#6731=ORIENTED_EDGE('',*,*,#4727,.F.);
#6732=ORIENTED_EDGE('',*,*,#4728,.F.);
#6733=ORIENTED_EDGE('',*,*,#4718,.T.);
#6734=ORIENTED_EDGE('',*,*,#4725,.T.);
#6735=ORIENTED_EDGE('',*,*,#4729,.F.);
#6736=ORIENTED_EDGE('',*,*,#4730,.F.);
#6737=ORIENTED_EDGE('',*,*,#4719,.T.);
#6738=ORIENTED_EDGE('',*,*,#4728,.T.);
#6739=ORIENTED_EDGE('',*,*,#4731,.F.);
#6740=ORIENTED_EDGE('',*,*,#4732,.F.);
#6741=ORIENTED_EDGE('',*,*,#4720,.T.);
#6742=ORIENTED_EDGE('',*,*,#4730,.T.);
#6743=ORIENTED_EDGE('',*,*,#4733,.F.);
#6744=ORIENTED_EDGE('',*,*,#4734,.F.);
#6745=ORIENTED_EDGE('',*,*,#4721,.T.);
#6746=ORIENTED_EDGE('',*,*,#4732,.T.);
#6747=ORIENTED_EDGE('',*,*,#4735,.F.);
#6748=ORIENTED_EDGE('',*,*,#4736,.F.);
#6749=ORIENTED_EDGE('',*,*,#4722,.T.);
#6750=ORIENTED_EDGE('',*,*,#4734,.T.);
#6751=ORIENTED_EDGE('',*,*,#4737,.F.);
#6752=ORIENTED_EDGE('',*,*,#4738,.F.);
#6753=ORIENTED_EDGE('',*,*,#4723,.T.);
#6754=ORIENTED_EDGE('',*,*,#4736,.T.);
#6755=ORIENTED_EDGE('',*,*,#4739,.F.);
#6756=ORIENTED_EDGE('',*,*,#4738,.T.);
#6757=ORIENTED_EDGE('',*,*,#4740,.F.);
#6758=ORIENTED_EDGE('',*,*,#4741,.F.);
#6759=ORIENTED_EDGE('',*,*,#4581,.T.);
#6760=ORIENTED_EDGE('',*,*,#4571,.F.);
#6761=ORIENTED_EDGE('',*,*,#4724,.T.);
#6762=ORIENTED_EDGE('',*,*,#4681,.F.);
#6763=ORIENTED_EDGE('',*,*,#4635,.F.);
#6764=ORIENTED_EDGE('',*,*,#4604,.T.);
#6765=ORIENTED_EDGE('',*,*,#4602,.F.);
#6766=ORIENTED_EDGE('',*,*,#4600,.F.);
#6767=ORIENTED_EDGE('',*,*,#4597,.T.);
#6768=ORIENTED_EDGE('',*,*,#4596,.T.);
#6769=ORIENTED_EDGE('',*,*,#4594,.F.);
#6770=ORIENTED_EDGE('',*,*,#4590,.F.);
#6771=ORIENTED_EDGE('',*,*,#4588,.T.);
#6772=ORIENTED_EDGE('',*,*,#4586,.T.);
#6773=ORIENTED_EDGE('',*,*,#4584,.T.);
#6774=ORIENTED_EDGE('',*,*,#4582,.T.);
#6775=ORIENTED_EDGE('',*,*,#4741,.T.);
#6776=ORIENTED_EDGE('',*,*,#4742,.F.);
#6777=ORIENTED_EDGE('',*,*,#4743,.F.);
#6778=ORIENTED_EDGE('',*,*,#4632,.F.);
#6779=ORIENTED_EDGE('',*,*,#4624,.F.);
#6780=ORIENTED_EDGE('',*,*,#4622,.F.);
#6781=ORIENTED_EDGE('',*,*,#4620,.F.);
#6782=ORIENTED_EDGE('',*,*,#4618,.F.);
#6783=ORIENTED_EDGE('',*,*,#4616,.F.);
#6784=ORIENTED_EDGE('',*,*,#4613,.T.);
#6785=ORIENTED_EDGE('',*,*,#4610,.T.);
#6786=ORIENTED_EDGE('',*,*,#4606,.T.);
#6787=ORIENTED_EDGE('',*,*,#4579,.F.);
#6788=ORIENTED_EDGE('',*,*,#4577,.F.);
#6789=ORIENTED_EDGE('',*,*,#4580,.F.);
#6790=ORIENTED_EDGE('',*,*,#4575,.F.);
#6791=ORIENTED_EDGE('',*,*,#4744,.T.);
#6792=ORIENTED_EDGE('',*,*,#4745,.T.);
#6793=ORIENTED_EDGE('',*,*,#4625,.T.);
#6794=ORIENTED_EDGE('',*,*,#4743,.T.);
#6795=ORIENTED_EDGE('',*,*,#4745,.F.);
#6796=ORIENTED_EDGE('',*,*,#4746,.T.);
#6797=ORIENTED_EDGE('',*,*,#4747,.F.);
#6798=ORIENTED_EDGE('',*,*,#4630,.F.);
#6799=ORIENTED_EDGE('',*,*,#4748,.F.);
#6800=ORIENTED_EDGE('',*,*,#4628,.F.);
#6801=ORIENTED_EDGE('',*,*,#4749,.F.);
#6802=ORIENTED_EDGE('',*,*,#4680,.F.);
#6803=ORIENTED_EDGE('',*,*,#4631,.F.);
#6804=ORIENTED_EDGE('',*,*,#4629,.F.);
#6805=ORIENTED_EDGE('',*,*,#4750,.F.);
#6806=ORIENTED_EDGE('',*,*,#4751,.F.);
#6807=ORIENTED_EDGE('',*,*,#4678,.F.);
#6808=ORIENTED_EDGE('',*,*,#4752,.F.);
#6809=ORIENTED_EDGE('',*,*,#4682,.F.);
#6810=ORIENTED_EDGE('',*,*,#4679,.F.);
#6811=ORIENTED_EDGE('',*,*,#4753,.F.);
#6812=ORIENTED_EDGE('',*,*,#4754,.F.);
#6813=ORIENTED_EDGE('',*,*,#4676,.F.);
#6814=ORIENTED_EDGE('',*,*,#4675,.T.);
#6815=ORIENTED_EDGE('',*,*,#4672,.F.);
#6816=ORIENTED_EDGE('',*,*,#4670,.F.);
#6817=ORIENTED_EDGE('',*,*,#4668,.F.);
#6818=ORIENTED_EDGE('',*,*,#4666,.F.);
#6819=ORIENTED_EDGE('',*,*,#4664,.F.);
#6820=ORIENTED_EDGE('',*,*,#4663,.F.);
#6821=ORIENTED_EDGE('',*,*,#4658,.F.);
#6822=ORIENTED_EDGE('',*,*,#4656,.F.);
#6823=ORIENTED_EDGE('',*,*,#4654,.F.);
#6824=ORIENTED_EDGE('',*,*,#4652,.F.);
#6825=ORIENTED_EDGE('',*,*,#4651,.F.);
#6826=ORIENTED_EDGE('',*,*,#4648,.F.);
#6827=ORIENTED_EDGE('',*,*,#4646,.F.);
#6828=ORIENTED_EDGE('',*,*,#4642,.F.);
#6829=ORIENTED_EDGE('',*,*,#4640,.F.);
#6830=ORIENTED_EDGE('',*,*,#4638,.F.);
#6831=ORIENTED_EDGE('',*,*,#4636,.F.);
#6832=ORIENTED_EDGE('',*,*,#4634,.F.);
#6833=ORIENTED_EDGE('',*,*,#3720,.T.);
#6834=ORIENTED_EDGE('',*,*,#4755,.T.);
#6835=ORIENTED_EDGE('',*,*,#4755,.F.);
#6836=ORIENTED_EDGE('',*,*,#3719,.T.);
#6837=ORIENTED_EDGE('',*,*,#4756,.F.);
#6838=ORIENTED_EDGE('',*,*,#3721,.T.);
#6839=ORIENTED_EDGE('',*,*,#3718,.T.);
#6840=ORIENTED_EDGE('',*,*,#4756,.T.);
#6841=ORIENTED_EDGE('',*,*,#4757,.F.);
#6842=ORIENTED_EDGE('',*,*,#3710,.T.);
#6843=ORIENTED_EDGE('',*,*,#4758,.T.);
#6844=ORIENTED_EDGE('',*,*,#4691,.T.);
#6845=ORIENTED_EDGE('',*,*,#4687,.T.);
#6846=ORIENTED_EDGE('',*,*,#4683,.T.);
#6847=ORIENTED_EDGE('',*,*,#4754,.T.);
#6848=ORIENTED_EDGE('',*,*,#4695,.T.);
#6849=ORIENTED_EDGE('',*,*,#4689,.F.);
#6850=ORIENTED_EDGE('',*,*,#4758,.F.);
#6851=ORIENTED_EDGE('',*,*,#3709,.T.);
#6852=ORIENTED_EDGE('',*,*,#4759,.T.);
#6853=ORIENTED_EDGE('',*,*,#4696,.T.);
#6854=ORIENTED_EDGE('',*,*,#4759,.F.);
#6855=ORIENTED_EDGE('',*,*,#3708,.F.);
#6856=ORIENTED_EDGE('',*,*,#4760,.T.);
#6857=ORIENTED_EDGE('',*,*,#4692,.T.);
#6858=ORIENTED_EDGE('',*,*,#4760,.F.);
#6859=ORIENTED_EDGE('',*,*,#3707,.F.);
#6860=ORIENTED_EDGE('',*,*,#4702,.T.);
#6861=ORIENTED_EDGE('',*,*,#4700,.T.);
#6862=ORIENTED_EDGE('',*,*,#3706,.T.);
#6863=ORIENTED_EDGE('',*,*,#4703,.T.);
#6864=ORIENTED_EDGE('',*,*,#4697,.T.);
#6865=ORIENTED_EDGE('',*,*,#4761,.T.);
#6866=ORIENTED_EDGE('',*,*,#4709,.T.);
#6867=ORIENTED_EDGE('',*,*,#4704,.F.);
#6868=ORIENTED_EDGE('',*,*,#3705,.F.);
#6869=ORIENTED_EDGE('',*,*,#3704,.F.);
#6870=ORIENTED_EDGE('',*,*,#4762,.T.);
#6871=ORIENTED_EDGE('',*,*,#4710,.F.);
#6872=ORIENTED_EDGE('',*,*,#4707,.T.);
#6873=ORIENTED_EDGE('',*,*,#4761,.F.);
#6874=ORIENTED_EDGE('',*,*,#3703,.T.);
#6875=ORIENTED_EDGE('',*,*,#4763,.T.);
#6876=ORIENTED_EDGE('',*,*,#4711,.F.);
#6877=ORIENTED_EDGE('',*,*,#4762,.F.);
#6878=ORIENTED_EDGE('',*,*,#3702,.T.);
#6879=ORIENTED_EDGE('',*,*,#4764,.T.);
#6880=ORIENTED_EDGE('',*,*,#4712,.F.);
#6881=ORIENTED_EDGE('',*,*,#4763,.F.);
#6882=ORIENTED_EDGE('',*,*,#3701,.F.);
#6883=ORIENTED_EDGE('',*,*,#4765,.T.);
#6884=ORIENTED_EDGE('',*,*,#4713,.F.);
#6885=ORIENTED_EDGE('',*,*,#4764,.F.);
#6886=ORIENTED_EDGE('',*,*,#4726,.F.);
#6887=ORIENTED_EDGE('',*,*,#4716,.F.);
#6888=ORIENTED_EDGE('',*,*,#4714,.T.);
#6889=ORIENTED_EDGE('',*,*,#4765,.F.);
#6890=ORIENTED_EDGE('',*,*,#3700,.T.);
#6891=ORIENTED_EDGE('',*,*,#4766,.F.);
#6892=ORIENTED_EDGE('',*,*,#4744,.F.);
#6893=ORIENTED_EDGE('',*,*,#4742,.T.);
#6894=ORIENTED_EDGE('',*,*,#4740,.T.);
#6895=ORIENTED_EDGE('',*,*,#4739,.T.);
#6896=ORIENTED_EDGE('',*,*,#4737,.T.);
#6897=ORIENTED_EDGE('',*,*,#4735,.T.);
#6898=ORIENTED_EDGE('',*,*,#4733,.T.);
#6899=ORIENTED_EDGE('',*,*,#4731,.T.);
#6900=ORIENTED_EDGE('',*,*,#4729,.T.);
#6901=ORIENTED_EDGE('',*,*,#4727,.T.);
#6902=ORIENTED_EDGE('',*,*,#4766,.T.);
#6903=ORIENTED_EDGE('',*,*,#3699,.F.);
#6904=ORIENTED_EDGE('',*,*,#4767,.F.);
#6905=ORIENTED_EDGE('',*,*,#4746,.F.);
#6906=ORIENTED_EDGE('',*,*,#4767,.T.);
#6907=ORIENTED_EDGE('',*,*,#3698,.T.);
#6908=ORIENTED_EDGE('',*,*,#4749,.T.);
#6909=ORIENTED_EDGE('',*,*,#4747,.T.);
#6910=ORIENTED_EDGE('',*,*,#4752,.T.);
#6911=ORIENTED_EDGE('',*,*,#4750,.T.);
#6912=ORIENTED_EDGE('',*,*,#4748,.T.);
#6913=ORIENTED_EDGE('',*,*,#3697,.T.);
#6914=ORIENTED_EDGE('',*,*,#4757,.T.);
#6915=ORIENTED_EDGE('',*,*,#4753,.T.);
#6916=ORIENTED_EDGE('',*,*,#4751,.T.);
#6917=ORIENTED_EDGE('',*,*,#3696,.T.);
#6918=ORIENTED_EDGE('',*,*,#3722,.T.);
#6919=ORIENTED_EDGE('',*,*,#3716,.F.);
#6920=ORIENTED_EDGE('',*,*,#4768,.T.);
#6921=ORIENTED_EDGE('',*,*,#4769,.T.);
#6922=ORIENTED_EDGE('',*,*,#4770,.T.);
#6923=ORIENTED_EDGE('',*,*,#4771,.T.);
#6924=ORIENTED_EDGE('',*,*,#4772,.F.);
#6925=ORIENTED_EDGE('',*,*,#3713,.F.);
#6926=ORIENTED_EDGE('',*,*,#4768,.F.);
#6927=ORIENTED_EDGE('',*,*,#3715,.F.);
#6928=ORIENTED_EDGE('',*,*,#4773,.T.);
#6929=ORIENTED_EDGE('',*,*,#4774,.T.);
#6930=ORIENTED_EDGE('',*,*,#4775,.F.);
#6931=ORIENTED_EDGE('',*,*,#3723,.F.);
#6932=ORIENTED_EDGE('',*,*,#4769,.F.);
#6933=ORIENTED_EDGE('',*,*,#4774,.F.);
#6934=ORIENTED_EDGE('',*,*,#3712,.F.);
#6935=ORIENTED_EDGE('',*,*,#3727,.F.);
#6936=ORIENTED_EDGE('',*,*,#4776,.T.);
#6937=ORIENTED_EDGE('',*,*,#4770,.F.);
#6938=ORIENTED_EDGE('',*,*,#3726,.T.);
#6939=ORIENTED_EDGE('',*,*,#4777,.F.);
#6940=ORIENTED_EDGE('',*,*,#4771,.F.);
#6941=ORIENTED_EDGE('',*,*,#4776,.F.);
#6942=ORIENTED_EDGE('',*,*,#3725,.T.);
#6943=ORIENTED_EDGE('',*,*,#3694,.T.);
#6944=ORIENTED_EDGE('',*,*,#3724,.T.);
#6945=ORIENTED_EDGE('',*,*,#4775,.T.);
#6946=ORIENTED_EDGE('',*,*,#4773,.F.);
#6947=ORIENTED_EDGE('',*,*,#3714,.F.);
#6948=ORIENTED_EDGE('',*,*,#4772,.T.);
#6949=ORIENTED_EDGE('',*,*,#4777,.T.);
#6950=PLANE('',#7695);
#6951=PLANE('',#7696);
#6952=PLANE('',#7703);
#6953=PLANE('',#7704);
#6954=PLANE('',#7708);
#6955=PLANE('',#7712);
#6956=PLANE('',#7716);
#6957=PLANE('',#7720);
#6958=PLANE('',#7724);
#6959=PLANE('',#7728);
#6960=PLANE('',#7732);
#6961=PLANE('',#7736);
#6962=PLANE('',#7761);
#6963=PLANE('',#7762);
#6964=PLANE('',#7763);
#6965=PLANE('',#7764);
#6966=PLANE('',#7765);
#6967=PLANE('',#7766);
#6968=PLANE('',#7767);
#6969=PLANE('',#7768);
#6970=PLANE('',#7769);
#6971=PLANE('',#7770);
#6972=PLANE('',#7771);
#6973=PLANE('',#7772);
#6974=PLANE('',#7773);
#6975=PLANE('',#7774);
#6976=PLANE('',#7775);
#6977=PLANE('',#7776);
#6978=PLANE('',#7777);
#6979=PLANE('',#7778);
#6980=PLANE('',#7779);
#6981=PLANE('',#7780);
#6982=PLANE('',#7781);
#6983=PLANE('',#7782);
#6984=PLANE('',#7783);
#6985=PLANE('',#7784);
#6986=PLANE('',#7785);
#6987=PLANE('',#7786);
#6988=PLANE('',#7787);
#6989=PLANE('',#7788);
#6990=PLANE('',#7789);
#6991=PLANE('',#7790);
#6992=PLANE('',#7791);
#6993=PLANE('',#7792);
#6994=PLANE('',#7793);
#6995=PLANE('',#7794);
#6996=PLANE('',#7795);
#6997=PLANE('',#7796);
#6998=PLANE('',#7797);
#6999=PLANE('',#7798);
#7000=PLANE('',#7799);
#7001=PLANE('',#7800);
#7002=PLANE('',#7801);
#7003=PLANE('',#7802);
#7004=PLANE('',#7803);
#7005=PLANE('',#7804);
#7006=PLANE('',#7805);
#7007=PLANE('',#7806);
#7008=PLANE('',#7807);
#7009=PLANE('',#7808);
#7010=PLANE('',#7810);
#7011=PLANE('',#7812);
#7012=PLANE('',#7814);
#7013=PLANE('',#7819);
#7014=PLANE('',#7820);
#7015=PLANE('',#7821);
#7016=PLANE('',#7825);
#7017=PLANE('',#7826);
#7018=PLANE('',#7827);
#7019=PLANE('',#7828);
#7020=PLANE('',#7829);
#7021=PLANE('',#7830);
#7022=PLANE('',#7831);
#7023=PLANE('',#7832);
#7024=PLANE('',#7833);
#7025=PLANE('',#7834);
#7026=PLANE('',#7838);
#7027=PLANE('',#7839);
#7028=PLANE('',#7840);
#7029=PLANE('',#7844);
#7030=PLANE('',#7848);
#7031=PLANE('',#7849);
#7032=PLANE('',#7853);
#7033=PLANE('',#7854);
#7034=PLANE('',#7855);
#7035=PLANE('',#7856);
#7036=PLANE('',#7857);
#7037=PLANE('',#7858);
#7038=PLANE('',#7859);
#7039=PLANE('',#7860);
#7040=PLANE('',#7861);
#7041=PLANE('',#7862);
#7042=PLANE('',#7863);
#7043=PLANE('',#7864);
#7044=PLANE('',#7865);
#7045=PLANE('',#7866);
#7046=PLANE('',#7867);
#7047=PLANE('',#7868);
#7048=PLANE('',#7869);
#7049=PLANE('',#7870);
#7050=PLANE('',#7871);
#7051=PLANE('',#7872);
#7052=PLANE('',#7873);
#7053=PLANE('',#7874);
#7054=PLANE('',#7875);
#7055=PLANE('',#7876);
#7056=PLANE('',#7877);
#7057=PLANE('',#7878);
#7058=PLANE('',#7879);
#7059=PLANE('',#7880);
#7060=PLANE('',#7881);
#7061=PLANE('',#7882);
#7062=PLANE('',#7883);
#7063=PLANE('',#7884);
#7064=PLANE('',#7885);
#7065=PLANE('',#7890);
#7066=PLANE('',#7891);
#7067=PLANE('',#7894);
#7068=PLANE('',#7896);
#7069=PLANE('',#7898);
#7070=PLANE('',#7899);
#7071=PLANE('',#7902);
#7072=PLANE('',#7905);
#7073=PLANE('',#7910);
#7074=PLANE('',#7913);
#7075=PLANE('',#7915);
#7076=PLANE('',#7917);
#7077=PLANE('',#7918);
#7078=PLANE('',#7921);
#7079=PLANE('',#7922);
#7080=PLANE('',#7925);
#7081=PLANE('',#7926);
#7082=PLANE('',#7931);
#7083=PLANE('',#7932);
#7084=PLANE('',#7935);
#7085=PLANE('',#7940);
#7086=PLANE('',#7943);
#7087=PLANE('',#7947);
#7088=PLANE('',#7948);
#7089=PLANE('',#7949);
#7090=PLANE('',#7950);
#7091=PLANE('',#7951);
#7092=PLANE('',#7953);
#7093=PLANE('',#7954);
#7094=PLANE('',#7956);
#7095=PLANE('',#7957);
#7096=PLANE('',#7958);
#7097=PLANE('',#7959);
#7098=PLANE('',#7960);
#7099=PLANE('',#7961);
#7100=PLANE('',#7964);
#7101=PLANE('',#7965);
#7102=PLANE('',#7966);
#7103=PLANE('',#7967);
#7104=PLANE('',#7968);
#7105=PLANE('',#7969);
#7106=PLANE('',#7970);
#7107=PLANE('',#7972);
#7108=PLANE('',#7973);
#7109=PLANE('',#7975);
#7110=PLANE('',#7980);
#7111=PLANE('',#7984);
#7112=PLANE('',#7985);
#7113=PLANE('',#7986);
#7114=PLANE('',#7987);
#7115=PLANE('',#7988);
#7116=PLANE('',#7989);
#7117=PLANE('',#7990);
#7118=PLANE('',#7991);
#7119=PLANE('',#7992);
#7120=PLANE('',#7993);
#7121=PLANE('',#7994);
#7122=PLANE('',#7995);
#7123=PLANE('',#7996);
#7124=PLANE('',#7997);
#7125=PLANE('',#7998);
#7126=PLANE('',#7999);
#7127=PLANE('',#8000);
#7128=PLANE('',#8001);
#7129=PLANE('',#8002);
#7130=PLANE('',#8003);
#7131=PLANE('',#8004);
#7132=PLANE('',#8005);
#7133=PLANE('',#8006);
#7134=PLANE('',#8007);
#7135=PLANE('',#8008);
#7136=PLANE('',#8009);
#7137=PLANE('',#8010);
#7138=PLANE('',#8011);
#7139=PLANE('',#8012);
#7140=PLANE('',#8013);
#7141=PLANE('',#8014);
#7142=PLANE('',#8015);
#7143=PLANE('',#8016);
#7144=PLANE('',#8017);
#7145=PLANE('',#8018);
#7146=PLANE('',#8019);
#7147=PLANE('',#8020);
#7148=PLANE('',#8021);
#7149=PLANE('',#8022);
#7150=PLANE('',#8023);
#7151=PLANE('',#8024);
#7152=PLANE('',#8025);
#7153=PLANE('',#8026);
#7154=PLANE('',#8027);
#7155=PLANE('',#8028);
#7156=PLANE('',#8029);
#7157=PLANE('',#8030);
#7158=PLANE('',#8031);
#7159=PLANE('',#8032);
#7160=PLANE('',#8033);
#7161=PLANE('',#8034);
#7162=PLANE('',#8035);
#7163=PLANE('',#8036);
#7164=PLANE('',#8037);
#7165=PLANE('',#8038);
#7166=PLANE('',#8039);
#7167=PLANE('',#8040);
#7168=PLANE('',#8041);
#7169=PLANE('',#8042);
#7170=PLANE('',#8043);
#7171=PLANE('',#8044);
#7172=PLANE('',#8045);
#7173=PLANE('',#8046);
#7174=PLANE('',#8047);
#7175=PLANE('',#8048);
#7176=PLANE('',#8049);
#7177=PLANE('',#8050);
#7178=PLANE('',#8051);
#7179=PLANE('',#8052);
#7180=PLANE('',#8053);
#7181=PLANE('',#8054);
#7182=PLANE('',#8055);
#7183=PLANE('',#8056);
#7184=PLANE('',#8057);
#7185=PLANE('',#8058);
#7186=PLANE('',#8059);
#7187=PLANE('',#8060);
#7188=PLANE('',#8063);
#7189=PLANE('',#8064);
#7190=PLANE('',#8065);
#7191=PLANE('',#8068);
#7192=PLANE('',#8069);
#7193=PLANE('',#8070);
#7194=PLANE('',#8073);
#7195=PLANE('',#8074);
#7196=PLANE('',#8075);
#7197=PLANE('',#8078);
#7198=PLANE('',#8079);
#7199=PLANE('',#8080);
#7200=PLANE('',#8083);
#7201=PLANE('',#8084);
#7202=PLANE('',#8085);
#7203=PLANE('',#8088);
#7204=PLANE('',#8089);
#7205=PLANE('',#8090);
#7206=PLANE('',#8093);
#7207=PLANE('',#8094);
#7208=PLANE('',#8095);
#7209=PLANE('',#8098);
#7210=PLANE('',#8099);
#7211=PLANE('',#8101);
#7212=PLANE('',#8102);
#7213=PLANE('',#8104);
#7214=PLANE('',#8110);
#7215=PLANE('',#8115);
#7216=PLANE('',#8124);
#7217=PLANE('',#8125);
#7218=PLANE('',#8128);
#7219=PLANE('',#8131);
#7220=PLANE('',#8132);
#7221=PLANE('',#8133);
#7222=PLANE('',#8134);
#7223=PLANE('',#8139);
#7224=PLANE('',#8140);
#7225=PLANE('',#8141);
#7226=PLANE('',#8142);
#7227=PLANE('',#8143);
#7228=PLANE('',#8144);
#7229=PLANE('',#8145);
#7230=PLANE('',#8146);
#7231=PLANE('',#8154);
#7232=PLANE('',#8158);
#7233=PLANE('',#8159);
#7234=PLANE('',#8160);
#7235=PLANE('',#8161);
#7236=PLANE('',#8165);
#7237=PLANE('',#8168);
#7238=PLANE('',#8171);
#7239=PLANE('',#8175);
#7240=PLANE('',#8176);
#7241=PLANE('',#8177);
#7242=PLANE('',#8178);
#7243=PLANE('',#8185);
#7244=PLANE('',#8186);
#7245=PLANE('',#8187);
#7246=PLANE('',#8189);
#7247=PLANE('',#8192);
#7248=PLANE('',#8193);
#7249=PLANE('',#8195);
#7250=PLANE('',#8197);
#7251=PLANE('',#8199);
#7252=PLANE('',#8201);
#7253=PLANE('',#8202);
#7254=PLANE('',#8203);
#7255=PLANE('',#8204);
#7256=PLANE('',#8205);
#7257=PLANE('',#8206);
#7258=PLANE('',#8207);
#7259=PLANE('',#8208);
#7260=PLANE('',#8209);
#7261=PLANE('',#8210);
#7262=PLANE('',#8213);
#7263=PLANE('',#8217);
#7264=PLANE('',#8221);
#7265=PLANE('',#8227);
#7266=PLANE('',#8231);
#7267=PLANE('',#8234);
#7268=PLANE('',#8236);
#7269=PLANE('',#8237);
#7270=PLANE('',#8238);
#7271=PLANE('',#8239);
#7272=PLANE('',#8244);
#7273=PLANE('',#8245);
#7274=PLANE('',#8246);
#7275=PLANE('',#8247);
#7276=PLANE('',#8248);
#7277=PLANE('',#8249);
#7278=PLANE('',#8250);
#7279=ADVANCED_FACE('',(#298),#6950,.F.);
#7280=ADVANCED_FACE('',(#299,#116,#117),#6951,.T.);
#7281=ADVANCED_FACE('',(#300),#6952,.F.);
#7282=ADVANCED_FACE('',(#301),#6953,.T.);
#7283=ADVANCED_FACE('',(#302),#53,.F.);
#7284=ADVANCED_FACE('',(#303),#6954,.T.);
#7285=ADVANCED_FACE('',(#304),#54,.F.);
#7286=ADVANCED_FACE('',(#305),#6955,.T.);
#7287=ADVANCED_FACE('',(#306),#55,.F.);
#7288=ADVANCED_FACE('',(#307),#6956,.T.);
#7289=ADVANCED_FACE('',(#308),#56,.F.);
#7290=ADVANCED_FACE('',(#309),#6957,.T.);
#7291=ADVANCED_FACE('',(#310),#57,.F.);
#7292=ADVANCED_FACE('',(#311),#6958,.T.);
#7293=ADVANCED_FACE('',(#312),#58,.F.);
#7294=ADVANCED_FACE('',(#313),#6959,.T.);
#7295=ADVANCED_FACE('',(#314),#59,.F.);
#7296=ADVANCED_FACE('',(#315),#6960,.T.);
#7297=ADVANCED_FACE('',(#316),#60,.F.);
#7298=ADVANCED_FACE('',(#317),#6961,.T.);
#7299=ADVANCED_FACE('',(#318),#61,.T.);
#7300=ADVANCED_FACE('',(#319),#62,.T.);
#7301=ADVANCED_FACE('',(#320),#63,.T.);
#7302=ADVANCED_FACE('',(#321),#64,.T.);
#7303=ADVANCED_FACE('',(#322),#65,.T.);
#7304=ADVANCED_FACE('',(#323),#66,.T.);
#7305=ADVANCED_FACE('',(#324),#67,.T.);
#7306=ADVANCED_FACE('',(#325),#68,.T.);
#7307=ADVANCED_FACE('',(#326),#6962,.T.);
#7308=ADVANCED_FACE('',(#327),#6963,.T.);
#7309=ADVANCED_FACE('',(#328),#6964,.F.);
#7310=ADVANCED_FACE('',(#329),#6965,.T.);
#7311=ADVANCED_FACE('',(#330),#6966,.T.);
#7312=ADVANCED_FACE('',(#331),#6967,.T.);
#7313=ADVANCED_FACE('',(#332),#6968,.F.);
#7314=ADVANCED_FACE('',(#333),#6969,.T.);
#7315=ADVANCED_FACE('',(#334),#6970,.T.);
#7316=ADVANCED_FACE('',(#335),#6971,.T.);
#7317=ADVANCED_FACE('',(#336),#6972,.F.);
#7318=ADVANCED_FACE('',(#337),#6973,.T.);
#7319=ADVANCED_FACE('',(#338),#6974,.T.);
#7320=ADVANCED_FACE('',(#339),#6975,.T.);
#7321=ADVANCED_FACE('',(#340),#6976,.F.);
#7322=ADVANCED_FACE('',(#341),#6977,.T.);
#7323=ADVANCED_FACE('',(#342),#6978,.T.);
#7324=ADVANCED_FACE('',(#343),#6979,.T.);
#7325=ADVANCED_FACE('',(#344),#6980,.F.);
#7326=ADVANCED_FACE('',(#345),#6981,.T.);
#7327=ADVANCED_FACE('',(#346),#6982,.T.);
#7328=ADVANCED_FACE('',(#347),#6983,.T.);
#7329=ADVANCED_FACE('',(#348),#6984,.F.);
#7330=ADVANCED_FACE('',(#349),#6985,.T.);
#7331=ADVANCED_FACE('',(#350),#6986,.T.);
#7332=ADVANCED_FACE('',(#351),#6987,.T.);
#7333=ADVANCED_FACE('',(#352),#6988,.F.);
#7334=ADVANCED_FACE('',(#353),#6989,.T.);
#7335=ADVANCED_FACE('',(#354),#6990,.T.);
#7336=ADVANCED_FACE('',(#355),#6991,.T.);
#7337=ADVANCED_FACE('',(#356),#6992,.F.);
#7338=ADVANCED_FACE('',(#357),#6993,.T.);
#7339=ADVANCED_FACE('',(#358),#6994,.T.);
#7340=ADVANCED_FACE('',(#359,#118,#119,#120,#121,#122,#123,#124,#125),#6995,
 .F.);
#7341=ADVANCED_FACE('',(#360),#6996,.T.);
#7342=ADVANCED_FACE('',(#361),#6997,.T.);
#7343=ADVANCED_FACE('',(#362),#6998,.T.);
#7344=ADVANCED_FACE('',(#363),#6999,.F.);
#7345=ADVANCED_FACE('',(#364),#7000,.F.);
#7346=ADVANCED_FACE('',(#365),#7001,.F.);
#7347=ADVANCED_FACE('',(#366),#7002,.F.);
#7348=ADVANCED_FACE('',(#367),#7003,.F.);
#7349=ADVANCED_FACE('',(#368),#7004,.F.);
#7350=ADVANCED_FACE('',(#369),#7005,.F.);
#7351=ADVANCED_FACE('',(#370),#7006,.F.);
#7352=ADVANCED_FACE('',(#371),#7007,.F.);
#7353=ADVANCED_FACE('',(#372),#7008,.F.);
#7354=ADVANCED_FACE('',(#373),#7009,.T.);
#7355=ADVANCED_FACE('',(#374),#7010,.T.);
#7356=ADVANCED_FACE('',(#375),#7011,.T.);
#7357=ADVANCED_FACE('',(#376),#7012,.T.);
#7358=ADVANCED_FACE('',(#377),#69,.F.);
#7359=ADVANCED_FACE('',(#378),#7013,.T.);
#7360=ADVANCED_FACE('',(#379),#7014,.T.);
#7361=ADVANCED_FACE('',(#380),#7015,.T.);
#7362=ADVANCED_FACE('',(#381),#70,.T.);
#7363=ADVANCED_FACE('',(#382),#7016,.F.);
#7364=ADVANCED_FACE('',(#383),#7017,.F.);
#7365=ADVANCED_FACE('',(#384),#7018,.F.);
#7366=ADVANCED_FACE('',(#385),#7019,.T.);
#7367=ADVANCED_FACE('',(#386),#7020,.T.);
#7368=ADVANCED_FACE('',(#387),#7021,.T.);
#7369=ADVANCED_FACE('',(#388),#7022,.F.);
#7370=ADVANCED_FACE('',(#389),#7023,.F.);
#7371=ADVANCED_FACE('',(#390,#126,#127,#128,#129,#130,#131,#132,#133),#7024,
 .T.);
#7372=ADVANCED_FACE('',(#391),#7025,.F.);
#7373=ADVANCED_FACE('',(#392),#71,.T.);
#7374=ADVANCED_FACE('',(#393),#7026,.T.);
#7375=ADVANCED_FACE('',(#394),#7027,.T.);
#7376=ADVANCED_FACE('',(#395),#7028,.T.);
#7377=ADVANCED_FACE('',(#396),#72,.F.);
#7378=ADVANCED_FACE('',(#397),#7029,.F.);
#7379=ADVANCED_FACE('',(#398),#73,.T.);
#7380=ADVANCED_FACE('',(#399),#7030,.T.);
#7381=ADVANCED_FACE('',(#400),#7031,.F.);
#7382=ADVANCED_FACE('',(#401),#74,.T.);
#7383=ADVANCED_FACE('',(#402),#7032,.T.);
#7384=ADVANCED_FACE('',(#403),#7033,.T.);
#7385=ADVANCED_FACE('',(#404),#7034,.T.);
#7386=ADVANCED_FACE('',(#405),#7035,.T.);
#7387=ADVANCED_FACE('',(#406),#7036,.T.);
#7388=ADVANCED_FACE('',(#407),#7037,.T.);
#7389=ADVANCED_FACE('',(#408),#7038,.T.);
#7390=ADVANCED_FACE('',(#409),#7039,.T.);
#7391=ADVANCED_FACE('',(#410),#7040,.T.);
#7392=ADVANCED_FACE('',(#411),#7041,.T.);
#7393=ADVANCED_FACE('',(#412),#7042,.T.);
#7394=ADVANCED_FACE('',(#413),#7043,.T.);
#7395=ADVANCED_FACE('',(#414),#7044,.T.);
#7396=ADVANCED_FACE('',(#415),#7045,.T.);
#7397=ADVANCED_FACE('',(#416),#7046,.T.);
#7398=ADVANCED_FACE('',(#417),#7047,.T.);
#7399=ADVANCED_FACE('',(#418),#7048,.T.);
#7400=ADVANCED_FACE('',(#419),#7049,.T.);
#7401=ADVANCED_FACE('',(#420),#7050,.T.);
#7402=ADVANCED_FACE('',(#421),#7051,.T.);
#7403=ADVANCED_FACE('',(#422),#7052,.T.);
#7404=ADVANCED_FACE('',(#423),#7053,.T.);
#7405=ADVANCED_FACE('',(#424),#7054,.T.);
#7406=ADVANCED_FACE('',(#425),#7055,.T.);
#7407=ADVANCED_FACE('',(#426),#7056,.T.);
#7408=ADVANCED_FACE('',(#427),#7057,.T.);
#7409=ADVANCED_FACE('',(#428),#7058,.T.);
#7410=ADVANCED_FACE('',(#429),#7059,.T.);
#7411=ADVANCED_FACE('',(#430),#7060,.T.);
#7412=ADVANCED_FACE('',(#431),#7061,.T.);
#7413=ADVANCED_FACE('',(#432),#7062,.T.);
#7414=ADVANCED_FACE('',(#433),#7063,.T.);
#7415=ADVANCED_FACE('',(#434),#7064,.T.);
#7416=ADVANCED_FACE('',(#435),#75,.T.);
#7417=ADVANCED_FACE('',(#436),#7065,.T.);
#7418=ADVANCED_FACE('',(#437),#7066,.T.);
#7419=ADVANCED_FACE('',(#438),#7067,.T.);
#7420=ADVANCED_FACE('',(#439),#7068,.T.);
#7421=ADVANCED_FACE('',(#440),#7069,.T.);
#7422=ADVANCED_FACE('',(#441),#7070,.T.);
#7423=ADVANCED_FACE('',(#442),#76,.T.);
#7424=ADVANCED_FACE('',(#443),#7071,.T.);
#7425=ADVANCED_FACE('',(#444),#7072,.F.);
#7426=ADVANCED_FACE('',(#445),#7073,.T.);
#7427=ADVANCED_FACE('',(#446),#7074,.F.);
#7428=ADVANCED_FACE('',(#447),#7075,.F.);
#7429=ADVANCED_FACE('',(#448),#7076,.T.);
#7430=ADVANCED_FACE('',(#449),#7077,.T.);
#7431=ADVANCED_FACE('',(#450),#77,.T.);
#7432=ADVANCED_FACE('',(#451),#7078,.T.);
#7433=ADVANCED_FACE('',(#452),#7079,.T.);
#7434=ADVANCED_FACE('',(#453),#7080,.T.);
#7435=ADVANCED_FACE('',(#454),#7081,.T.);
#7436=ADVANCED_FACE('',(#455),#78,.T.);
#7437=ADVANCED_FACE('',(#456),#7082,.T.);
#7438=ADVANCED_FACE('',(#457),#7083,.T.);
#7439=ADVANCED_FACE('',(#458),#7084,.F.);
#7440=ADVANCED_FACE('',(#459),#7085,.T.);
#7441=ADVANCED_FACE('',(#460),#7086,.T.);
#7442=ADVANCED_FACE('',(#461),#79,.F.);
#7443=ADVANCED_FACE('',(#462),#7087,.T.);
#7444=ADVANCED_FACE('',(#463),#7088,.T.);
#7445=ADVANCED_FACE('',(#464),#7089,.T.);
#7446=ADVANCED_FACE('',(#465),#7090,.T.);
#7447=ADVANCED_FACE('',(#466),#7091,.F.);
#7448=ADVANCED_FACE('',(#467),#7092,.T.);
#7449=ADVANCED_FACE('',(#468),#7093,.T.);
#7450=ADVANCED_FACE('',(#469),#7094,.T.);
#7451=ADVANCED_FACE('',(#470),#7095,.F.);
#7452=ADVANCED_FACE('',(#471),#7096,.F.);
#7453=ADVANCED_FACE('',(#472),#7097,.F.);
#7454=ADVANCED_FACE('',(#473),#7098,.T.);
#7455=ADVANCED_FACE('',(#474),#7099,.T.);
#7456=ADVANCED_FACE('',(#475),#7100,.T.);
#7457=ADVANCED_FACE('',(#476),#7101,.F.);
#7458=ADVANCED_FACE('',(#477),#7102,.F.);
#7459=ADVANCED_FACE('',(#478),#7103,.F.);
#7460=ADVANCED_FACE('',(#479),#7104,.T.);
#7461=ADVANCED_FACE('',(#480),#7105,.T.);
#7462=ADVANCED_FACE('',(#481),#7106,.F.);
#7463=ADVANCED_FACE('',(#482),#7107,.T.);
#7464=ADVANCED_FACE('',(#483),#7108,.T.);
#7465=ADVANCED_FACE('',(#484,#134,#135),#7109,.T.);
#7466=ADVANCED_FACE('',(#485),#17,.T.);
#7467=ADVANCED_FACE('',(#486),#7110,.T.);
#7468=ADVANCED_FACE('',(#487),#80,.F.);
#7469=ADVANCED_FACE('',(#488),#7111,.F.);
#7470=ADVANCED_FACE('',(#489),#7112,.F.);
#7471=ADVANCED_FACE('',(#490),#7113,.T.);
#7472=ADVANCED_FACE('',(#491),#7114,.T.);
#7473=ADVANCED_FACE('',(#492),#7115,.T.);
#7474=ADVANCED_FACE('',(#493),#7116,.T.);
#7475=ADVANCED_FACE('',(#494),#7117,.T.);
#7476=ADVANCED_FACE('',(#495),#7118,.T.);
#7477=ADVANCED_FACE('',(#496),#7119,.T.);
#7478=ADVANCED_FACE('',(#497),#7120,.T.);
#7479=ADVANCED_FACE('',(#498),#7121,.T.);
#7480=ADVANCED_FACE('',(#499),#7122,.T.);
#7481=ADVANCED_FACE('',(#500),#7123,.T.);
#7482=ADVANCED_FACE('',(#501),#7124,.T.);
#7483=ADVANCED_FACE('',(#502),#7125,.T.);
#7484=ADVANCED_FACE('',(#503),#7126,.T.);
#7485=ADVANCED_FACE('',(#504),#7127,.T.);
#7486=ADVANCED_FACE('',(#505),#7128,.T.);
#7487=ADVANCED_FACE('',(#506),#7129,.T.);
#7488=ADVANCED_FACE('',(#507),#7130,.T.);
#7489=ADVANCED_FACE('',(#508),#7131,.T.);
#7490=ADVANCED_FACE('',(#509),#7132,.T.);
#7491=ADVANCED_FACE('',(#510),#7133,.T.);
#7492=ADVANCED_FACE('',(#511),#7134,.T.);
#7493=ADVANCED_FACE('',(#512),#7135,.T.);
#7494=ADVANCED_FACE('',(#513),#7136,.T.);
#7495=ADVANCED_FACE('',(#514),#7137,.T.);
#7496=ADVANCED_FACE('',(#515),#7138,.T.);
#7497=ADVANCED_FACE('',(#516),#7139,.T.);
#7498=ADVANCED_FACE('',(#517),#7140,.T.);
#7499=ADVANCED_FACE('',(#518),#7141,.T.);
#7500=ADVANCED_FACE('',(#519),#7142,.T.);
#7501=ADVANCED_FACE('',(#520),#7143,.T.);
#7502=ADVANCED_FACE('',(#521),#7144,.T.);
#7503=ADVANCED_FACE('',(#522),#7145,.T.);
#7504=ADVANCED_FACE('',(#523),#7146,.T.);
#7505=ADVANCED_FACE('',(#524),#7147,.T.);
#7506=ADVANCED_FACE('',(#525),#7148,.T.);
#7507=ADVANCED_FACE('',(#526),#7149,.T.);
#7508=ADVANCED_FACE('',(#527),#7150,.T.);
#7509=ADVANCED_FACE('',(#528),#7151,.T.);
#7510=ADVANCED_FACE('',(#529),#7152,.T.);
#7511=ADVANCED_FACE('',(#530),#7153,.T.);
#7512=ADVANCED_FACE('',(#531),#7154,.T.);
#7513=ADVANCED_FACE('',(#532),#7155,.T.);
#7514=ADVANCED_FACE('',(#533),#7156,.T.);
#7515=ADVANCED_FACE('',(#534),#7157,.T.);
#7516=ADVANCED_FACE('',(#535),#7158,.T.);
#7517=ADVANCED_FACE('',(#536),#7159,.T.);
#7518=ADVANCED_FACE('',(#537),#7160,.T.);
#7519=ADVANCED_FACE('',(#538),#7161,.T.);
#7520=ADVANCED_FACE('',(#539),#7162,.T.);
#7521=ADVANCED_FACE('',(#540),#7163,.T.);
#7522=ADVANCED_FACE('',(#541),#7164,.T.);
#7523=ADVANCED_FACE('',(#542),#7165,.T.);
#7524=ADVANCED_FACE('',(#543),#7166,.T.);
#7525=ADVANCED_FACE('',(#544),#7167,.T.);
#7526=ADVANCED_FACE('',(#545),#7168,.T.);
#7527=ADVANCED_FACE('',(#546),#7169,.T.);
#7528=ADVANCED_FACE('',(#547),#7170,.T.);
#7529=ADVANCED_FACE('',(#548),#7171,.T.);
#7530=ADVANCED_FACE('',(#549),#7172,.T.);
#7531=ADVANCED_FACE('',(#550),#7173,.T.);
#7532=ADVANCED_FACE('',(#551),#7174,.T.);
#7533=ADVANCED_FACE('',(#552),#7175,.T.);
#7534=ADVANCED_FACE('',(#553),#7176,.T.);
#7535=ADVANCED_FACE('',(#554),#7177,.T.);
#7536=ADVANCED_FACE('',(#555),#7178,.T.);
#7537=ADVANCED_FACE('',(#556),#7179,.T.);
#7538=ADVANCED_FACE('',(#557),#7180,.T.);
#7539=ADVANCED_FACE('',(#558),#7181,.T.);
#7540=ADVANCED_FACE('',(#559),#7182,.T.);
#7541=ADVANCED_FACE('',(#560),#7183,.T.);
#7542=ADVANCED_FACE('',(#561),#7184,.T.);
#7543=ADVANCED_FACE('',(#562),#7185,.T.);
#7544=ADVANCED_FACE('',(#563),#7186,.T.);
#7545=ADVANCED_FACE('',(#564),#7187,.T.);
#7546=ADVANCED_FACE('',(#565),#81,.F.);
#7547=ADVANCED_FACE('',(#566),#7188,.T.);
#7548=ADVANCED_FACE('',(#567),#7189,.T.);
#7549=ADVANCED_FACE('',(#568),#7190,.T.);
#7550=ADVANCED_FACE('',(#569),#82,.F.);
#7551=ADVANCED_FACE('',(#570),#7191,.T.);
#7552=ADVANCED_FACE('',(#571),#7192,.F.);
#7553=ADVANCED_FACE('',(#572),#7193,.T.);
#7554=ADVANCED_FACE('',(#573),#83,.F.);
#7555=ADVANCED_FACE('',(#574),#7194,.T.);
#7556=ADVANCED_FACE('',(#575),#7195,.T.);
#7557=ADVANCED_FACE('',(#576),#7196,.T.);
#7558=ADVANCED_FACE('',(#577),#84,.F.);
#7559=ADVANCED_FACE('',(#578),#7197,.T.);
#7560=ADVANCED_FACE('',(#579),#7198,.T.);
#7561=ADVANCED_FACE('',(#580),#7199,.T.);
#7562=ADVANCED_FACE('',(#581),#85,.F.);
#7563=ADVANCED_FACE('',(#582),#7200,.T.);
#7564=ADVANCED_FACE('',(#583),#7201,.F.);
#7565=ADVANCED_FACE('',(#584),#7202,.T.);
#7566=ADVANCED_FACE('',(#585),#86,.F.);
#7567=ADVANCED_FACE('',(#586),#7203,.T.);
#7568=ADVANCED_FACE('',(#587),#7204,.T.);
#7569=ADVANCED_FACE('',(#588),#7205,.T.);
#7570=ADVANCED_FACE('',(#589),#87,.F.);
#7571=ADVANCED_FACE('',(#590),#7206,.T.);
#7572=ADVANCED_FACE('',(#591),#7207,.T.);
#7573=ADVANCED_FACE('',(#592),#7208,.T.);
#7574=ADVANCED_FACE('',(#593),#88,.F.);
#7575=ADVANCED_FACE('',(#594),#7209,.F.);
#7576=ADVANCED_FACE('',(#595),#7210,.F.);
#7577=ADVANCED_FACE('',(#596),#7211,.T.);
#7578=ADVANCED_FACE('',(#597),#7212,.T.);
#7579=ADVANCED_FACE('',(#598),#7213,.F.);
#7580=ADVANCED_FACE('',(#599),#89,.F.);
#7581=ADVANCED_FACE('',(#600),#7214,.F.);
#7582=ADVANCED_FACE('',(#601),#90,.F.);
#7583=ADVANCED_FACE('',(#602),#7215,.T.);
#7584=ADVANCED_FACE('',(#603),#18,.T.);
#7585=ADVANCED_FACE('',(#604),#19,.T.);
#7586=ADVANCED_FACE('',(#605),#91,.T.);
#7587=ADVANCED_FACE('',(#606),#7216,.T.);
#7588=ADVANCED_FACE('',(#607),#7217,.T.);
#7589=ADVANCED_FACE('',(#608),#92,.T.);
#7590=ADVANCED_FACE('',(#609),#7218,.T.);
#7591=ADVANCED_FACE('',(#610),#93,.F.);
#7592=ADVANCED_FACE('',(#611),#7219,.F.);
#7593=ADVANCED_FACE('',(#612),#7220,.T.);
#7594=ADVANCED_FACE('',(#613),#7221,.T.);
#7595=ADVANCED_FACE('',(#614),#7222,.T.);
#7596=ADVANCED_FACE('',(#615),#94,.F.);
#7597=ADVANCED_FACE('',(#616),#95,.T.);
#7598=ADVANCED_FACE('',(#617),#7223,.T.);
#7599=ADVANCED_FACE('',(#618),#7224,.T.);
#7600=ADVANCED_FACE('',(#619),#7225,.F.);
#7601=ADVANCED_FACE('',(#620),#7226,.F.);
#7602=ADVANCED_FACE('',(#621),#7227,.F.);
#7603=ADVANCED_FACE('',(#622),#7228,.F.);
#7604=ADVANCED_FACE('',(#623),#7229,.F.);
#7605=ADVANCED_FACE('',(#624),#7230,.F.);
#7606=ADVANCED_FACE('',(#625),#20,.T.);
#7607=ADVANCED_FACE('',(#626),#96,.T.);
#7608=ADVANCED_FACE('',(#627),#97,.T.);
#7609=ADVANCED_FACE('',(#628),#7231,.T.);
#7610=ADVANCED_FACE('',(#629),#98,.T.);
#7611=ADVANCED_FACE('',(#630),#7232,.F.);
#7612=ADVANCED_FACE('',(#631),#7233,.F.);
#7613=ADVANCED_FACE('',(#632),#7234,.F.);
#7614=ADVANCED_FACE('',(#633),#7235,.F.);
#7615=ADVANCED_FACE('',(#634),#99,.T.);
#7616=ADVANCED_FACE('',(#635),#15,.F.);
#7617=ADVANCED_FACE('',(#636),#7236,.F.);
#7618=ADVANCED_FACE('',(#637),#100,.F.);
#7619=ADVANCED_FACE('',(#638),#7237,.F.);
#7620=ADVANCED_FACE('',(#639),#101,.F.);
#7621=ADVANCED_FACE('',(#640),#7238,.F.);
#7622=ADVANCED_FACE('',(#641),#16,.F.);
#7623=ADVANCED_FACE('',(#642),#102,.T.);
#7624=ADVANCED_FACE('',(#643),#7239,.F.);
#7625=ADVANCED_FACE('',(#644),#7240,.F.);
#7626=ADVANCED_FACE('',(#645),#7241,.F.);
#7627=ADVANCED_FACE('',(#646),#7242,.F.);
#7628=ADVANCED_FACE('',(#647),#103,.T.);
#7629=ADVANCED_FACE('',(#648),#104,.T.);
#7630=ADVANCED_FACE('',(#649),#105,.T.);
#7631=ADVANCED_FACE('',(#650),#7243,.F.);
#7632=ADVANCED_FACE('',(#651),#7244,.T.);
#7633=ADVANCED_FACE('',(#652),#7245,.T.);
#7634=ADVANCED_FACE('',(#653),#7246,.F.);
#7635=ADVANCED_FACE('',(#654),#7247,.F.);
#7636=ADVANCED_FACE('',(#655),#7248,.F.);
#7637=ADVANCED_FACE('',(#656),#7249,.T.);
#7638=ADVANCED_FACE('',(#657),#7250,.F.);
#7639=ADVANCED_FACE('',(#658),#7251,.T.);
#7640=ADVANCED_FACE('',(#659,#136,#137,#138,#139,#140,#141,#142,#143,#144,
#145,#146,#147,#148,#149,#150,#151,#152,#153,#154,#155),#7252,.T.);
#7641=ADVANCED_FACE('',(#660),#7253,.F.);
#7642=ADVANCED_FACE('',(#661),#7254,.F.);
#7643=ADVANCED_FACE('',(#662),#7255,.F.);
#7644=ADVANCED_FACE('',(#663),#7256,.F.);
#7645=ADVANCED_FACE('',(#664),#7257,.F.);
#7646=ADVANCED_FACE('',(#665),#7258,.F.);
#7647=ADVANCED_FACE('',(#666),#7259,.F.);
#7648=ADVANCED_FACE('',(#667),#7260,.F.);
#7649=ADVANCED_FACE('',(#668,#156,#157),#7261,.T.);
#7650=ADVANCED_FACE('',(#669),#106,.T.);
#7651=ADVANCED_FACE('',(#670),#7262,.F.);
#7652=ADVANCED_FACE('',(#671),#21,.T.);
#7653=ADVANCED_FACE('',(#672),#7263,.T.);
#7654=ADVANCED_FACE('',(#673),#22,.T.);
#7655=ADVANCED_FACE('',(#674),#7264,.T.);
#7656=ADVANCED_FACE('',(#675),#23,.T.);
#7657=ADVANCED_FACE('',(#676),#107,.T.);
#7658=ADVANCED_FACE('',(#677),#24,.T.);
#7659=ADVANCED_FACE('',(#678),#7265,.T.);
#7660=ADVANCED_FACE('',(#679),#108,.T.);
#7661=ADVANCED_FACE('',(#680),#109,.F.);
#7662=ADVANCED_FACE('',(#681),#7266,.T.);
#7663=ADVANCED_FACE('',(#682),#110,.T.);
#7664=ADVANCED_FACE('',(#683),#111,.F.);
#7665=ADVANCED_FACE('',(#684),#7267,.F.);
#7666=ADVANCED_FACE('',(#685),#112,.T.);
#7667=ADVANCED_FACE('',(#686),#7268,.F.);
#7668=ADVANCED_FACE('',(#687),#7269,.T.);
#7669=ADVANCED_FACE('',(#688),#7270,.F.);
#7670=ADVANCED_FACE('',(#689),#7271,.T.);
#7671=ADVANCED_FACE('',(#690),#113,.T.);
#7672=ADVANCED_FACE('',(#691),#114,.T.);
#7673=ADVANCED_FACE('',(#692),#115,.T.);
#7674=ADVANCED_FACE('',(#693),#7272,.T.);
#7675=ADVANCED_FACE('',(#694),#7273,.T.);
#7676=ADVANCED_FACE('',(#695),#7274,.T.);
#7677=ADVANCED_FACE('',(#696),#7275,.F.);
#7678=ADVANCED_FACE('',(#697),#7276,.T.);
#7679=ADVANCED_FACE('',(#698),#7277,.F.);
#7680=ADVANCED_FACE('',(#699),#7278,.T.);
#7681=CLOSED_SHELL('',(#7279,#7280,#7281,#7282,#7283,#7284,#7285,#7286,
#7287,#7288,#7289,#7290,#7291,#7292,#7293,#7294,#7295,#7296,#7297,#7298,
#7299,#7300,#7301,#7302,#7303,#7304,#7305,#7306,#7307,#7308,#7309,#7310,
#7311,#7312,#7313,#7314,#7315,#7316,#7317,#7318,#7319,#7320,#7321,#7322,
#7323,#7324,#7325,#7326,#7327,#7328,#7329,#7330,#7331,#7332,#7333,#7334,
#7335,#7336,#7337,#7338,#7339,#7340,#7341,#7342,#7343,#7344,#7345,#7346,
#7347,#7348,#7349,#7350,#7351,#7352,#7353,#7354,#7355,#7356,#7357,#7358,
#7359,#7360,#7361,#7362,#7363,#7364,#7365,#7366,#7367,#7368,#7369,#7370,
#7371,#7372,#7373,#7374,#7375,#7376,#7377,#7378,#7379,#7380,#7381,#7382,
#7383,#7384,#7385,#7386,#7387,#7388,#7389,#7390,#7391,#7392,#7393,#7394,
#7395,#7396,#7397,#7398,#7399,#7400,#7401,#7402,#7403,#7404,#7405,#7406,
#7407,#7408,#7409,#7410,#7411,#7412,#7413,#7414,#7415,#7416,#7417,#7418,
#7419,#7420,#7421,#7422,#7423,#7424,#7425,#7426,#7427,#7428,#7429,#7430,
#7431,#7432,#7433,#7434,#7435,#7436,#7437,#7438,#7439,#7440,#7441,#7442,
#7443,#7444,#7445,#7446,#7447,#7448,#7449,#7450,#7451,#7452,#7453,#7454,
#7455,#7456,#7457,#7458,#7459,#7460,#7461,#7462,#7463,#7464,#7465,#7466,
#7467,#7468,#7469,#7470,#7471,#7472,#7473,#7474,#7475,#7476,#7477,#7478,
#7479,#7480,#7481,#7482,#7483,#7484,#7485,#7486,#7487,#7488,#7489,#7490,
#7491,#7492,#7493,#7494,#7495,#7496,#7497,#7498,#7499,#7500,#7501,#7502,
#7503,#7504,#7505,#7506,#7507,#7508,#7509,#7510,#7511,#7512,#7513,#7514,
#7515,#7516,#7517,#7518,#7519,#7520,#7521,#7522,#7523,#7524,#7525,#7526,
#7527,#7528,#7529,#7530,#7531,#7532,#7533,#7534,#7535,#7536,#7537,#7538,
#7539,#7540,#7541,#7542,#7543,#7544,#7545,#7546,#7547,#7548,#7549,#7550,
#7551,#7552,#7553,#7554,#7555,#7556,#7557,#7558,#7559,#7560,#7561,#7562,
#7563,#7564,#7565,#7566,#7567,#7568,#7569,#7570,#7571,#7572,#7573,#7574,
#7575,#7576,#7577,#7578,#7579,#7580,#7581,#7582,#7583,#7584,#7585,#7586,
#7587,#7588,#7589,#7590,#7591,#7592,#7593,#7594,#7595,#7596,#7597,#7598,
#7599,#7600,#7601,#7602,#7603,#7604,#7605,#7606,#7607,#7608,#7609,#7610,
#7611,#7612,#7613,#7614,#7615,#7616,#7617,#7618,#7619,#7620,#7621,#7622,
#7623,#7624,#7625,#7626,#7627,#7628,#7629,#7630,#7631,#7632,#7633,#7634,
#7635,#7636,#7637,#7638,#7639,#7640,#7641,#7642,#7643,#7644,#7645,#7646,
#7647,#7648,#7649,#7650,#7651,#7652,#7653,#7654,#7655,#7656,#7657,#7658,
#7659,#7660,#7661,#7662,#7663,#7664,#7665,#7666,#7667,#7668,#7669,#7670,
#7671,#7672,#7673,#7674,#7675,#7676,#7677,#7678,#7679,#7680));
#7682=DERIVED_UNIT_ELEMENT(#7684,1.);
#7683=DERIVED_UNIT_ELEMENT(#13047,-3.);
#7684=(
MASS_UNIT()
NAMED_UNIT(*)
SI_UNIT(.KILO.,.GRAM.)
);
#7685=DERIVED_UNIT((#7682,#7683));
#7686=MEASURE_REPRESENTATION_ITEM('density measure',
POSITIVE_RATIO_MEASURE(7850.),#7685);
#7687=PROPERTY_DEFINITION_REPRESENTATION(#7692,#7689);
#7688=PROPERTY_DEFINITION_REPRESENTATION(#7693,#7690);
#7689=REPRESENTATION('material name',(#7691),#13044);
#7690=REPRESENTATION('density',(#7686),#13044);
#7691=DESCRIPTIVE_REPRESENTATION_ITEM('Steel','Steel');
#7692=PROPERTY_DEFINITION('material property','material name',#13054);
#7693=PROPERTY_DEFINITION('material property','density of part',#13054);
#7694=AXIS2_PLACEMENT_3D('',#10283,#8251,#8252);
#7695=AXIS2_PLACEMENT_3D('',#10284,#8253,#8254);
#7696=AXIS2_PLACEMENT_3D('',#10293,#8259,#8260);
#7697=AXIS2_PLACEMENT_3D('',#10310,#8268,#8269);
#7698=AXIS2_PLACEMENT_3D('',#10314,#8271,#8272);
#7699=AXIS2_PLACEMENT_3D('',#10320,#8275,#8276);
#7700=AXIS2_PLACEMENT_3D('',#10322,#8277,#8278);
#7701=AXIS2_PLACEMENT_3D('',#10339,#8287,#8288);
#7702=AXIS2_PLACEMENT_3D('',#10343,#8290,#8291);
#7703=AXIS2_PLACEMENT_3D('',#10345,#8293,#8294);
#7704=AXIS2_PLACEMENT_3D('',#10351,#8298,#8299);
#7705=AXIS2_PLACEMENT_3D('',#10357,#8303,#8304);
#7706=AXIS2_PLACEMENT_3D('',#10360,#8305,#8306);
#7707=AXIS2_PLACEMENT_3D('',#10364,#8308,#8309);
#7708=AXIS2_PLACEMENT_3D('',#10366,#8311,#8312);
#7709=AXIS2_PLACEMENT_3D('',#10372,#8316,#8317);
#7710=AXIS2_PLACEMENT_3D('',#10375,#8318,#8319);
#7711=AXIS2_PLACEMENT_3D('',#10379,#8321,#8322);
#7712=AXIS2_PLACEMENT_3D('',#10381,#8324,#8325);
#7713=AXIS2_PLACEMENT_3D('',#10387,#8329,#8330);
#7714=AXIS2_PLACEMENT_3D('',#10390,#8331,#8332);
#7715=AXIS2_PLACEMENT_3D('',#10394,#8334,#8335);
#7716=AXIS2_PLACEMENT_3D('',#10396,#8337,#8338);
#7717=AXIS2_PLACEMENT_3D('',#10402,#8342,#8343);
#7718=AXIS2_PLACEMENT_3D('',#10405,#8344,#8345);
#7719=AXIS2_PLACEMENT_3D('',#10409,#8347,#8348);
#7720=AXIS2_PLACEMENT_3D('',#10411,#8350,#8351);
#7721=AXIS2_PLACEMENT_3D('',#10417,#8355,#8356);
#7722=AXIS2_PLACEMENT_3D('',#10420,#8357,#8358);
#7723=AXIS2_PLACEMENT_3D('',#10424,#8360,#8361);
#7724=AXIS2_PLACEMENT_3D('',#10426,#8363,#8364);
#7725=AXIS2_PLACEMENT_3D('',#10432,#8368,#8369);
#7726=AXIS2_PLACEMENT_3D('',#10435,#8370,#8371);
#7727=AXIS2_PLACEMENT_3D('',#10439,#8373,#8374);
#7728=AXIS2_PLACEMENT_3D('',#10441,#8376,#8377);
#7729=AXIS2_PLACEMENT_3D('',#10447,#8381,#8382);
#7730=AXIS2_PLACEMENT_3D('',#10450,#8383,#8384);
#7731=AXIS2_PLACEMENT_3D('',#10454,#8386,#8387);
#7732=AXIS2_PLACEMENT_3D('',#10456,#8389,#8390);
#7733=AXIS2_PLACEMENT_3D('',#10462,#8394,#8395);
#7734=AXIS2_PLACEMENT_3D('',#10465,#8396,#8397);
#7735=AXIS2_PLACEMENT_3D('',#10469,#8399,#8400);
#7736=AXIS2_PLACEMENT_3D('',#10471,#8402,#8403);
#7737=AXIS2_PLACEMENT_3D('',#10477,#8407,#8408);
#7738=AXIS2_PLACEMENT_3D('',#10481,#8410,#8411);
#7739=AXIS2_PLACEMENT_3D('',#10482,#8412,#8413);
#7740=AXIS2_PLACEMENT_3D('',#10483,#8414,#8415);
#7741=AXIS2_PLACEMENT_3D('',#10487,#8417,#8418);
#7742=AXIS2_PLACEMENT_3D('',#10488,#8419,#8420);
#7743=AXIS2_PLACEMENT_3D('',#10489,#8421,#8422);
#7744=AXIS2_PLACEMENT_3D('',#10493,#8424,#8425);
#7745=AXIS2_PLACEMENT_3D('',#10494,#8426,#8427);
#7746=AXIS2_PLACEMENT_3D('',#10495,#8428,#8429);
#7747=AXIS2_PLACEMENT_3D('',#10499,#8431,#8432);
#7748=AXIS2_PLACEMENT_3D('',#10500,#8433,#8434);
#7749=AXIS2_PLACEMENT_3D('',#10501,#8435,#8436);
#7750=AXIS2_PLACEMENT_3D('',#10505,#8438,#8439);
#7751=AXIS2_PLACEMENT_3D('',#10506,#8440,#8441);
#7752=AXIS2_PLACEMENT_3D('',#10507,#8442,#8443);
#7753=AXIS2_PLACEMENT_3D('',#10511,#8445,#8446);
#7754=AXIS2_PLACEMENT_3D('',#10512,#8447,#8448);
#7755=AXIS2_PLACEMENT_3D('',#10513,#8449,#8450);
#7756=AXIS2_PLACEMENT_3D('',#10517,#8452,#8453);
#7757=AXIS2_PLACEMENT_3D('',#10518,#8454,#8455);
#7758=AXIS2_PLACEMENT_3D('',#10519,#8456,#8457);
#7759=AXIS2_PLACEMENT_3D('',#10523,#8459,#8460);
#7760=AXIS2_PLACEMENT_3D('',#10524,#8461,#8462);
#7761=AXIS2_PLACEMENT_3D('',#10525,#8463,#8464);
#7762=AXIS2_PLACEMENT_3D('',#10534,#8469,#8470);
#7763=AXIS2_PLACEMENT_3D('',#10543,#8475,#8476);
#7764=AXIS2_PLACEMENT_3D('',#10548,#8480,#8481);
#7765=AXIS2_PLACEMENT_3D('',#10552,#8484,#8485);
#7766=AXIS2_PLACEMENT_3D('',#10555,#8488,#8489);
#7767=AXIS2_PLACEMENT_3D('',#10564,#8494,#8495);
#7768=AXIS2_PLACEMENT_3D('',#10569,#8499,#8500);
#7769=AXIS2_PLACEMENT_3D('',#10573,#8503,#8504);
#7770=AXIS2_PLACEMENT_3D('',#10576,#8507,#8508);
#7771=AXIS2_PLACEMENT_3D('',#10585,#8513,#8514);
#7772=AXIS2_PLACEMENT_3D('',#10590,#8518,#8519);
#7773=AXIS2_PLACEMENT_3D('',#10594,#8522,#8523);
#7774=AXIS2_PLACEMENT_3D('',#10597,#8526,#8527);
#7775=AXIS2_PLACEMENT_3D('',#10606,#8532,#8533);
#7776=AXIS2_PLACEMENT_3D('',#10611,#8537,#8538);
#7777=AXIS2_PLACEMENT_3D('',#10615,#8541,#8542);
#7778=AXIS2_PLACEMENT_3D('',#10618,#8545,#8546);
#7779=AXIS2_PLACEMENT_3D('',#10627,#8551,#8552);
#7780=AXIS2_PLACEMENT_3D('',#10632,#8556,#8557);
#7781=AXIS2_PLACEMENT_3D('',#10636,#8560,#8561);
#7782=AXIS2_PLACEMENT_3D('',#10639,#8564,#8565);
#7783=AXIS2_PLACEMENT_3D('',#10648,#8570,#8571);
#7784=AXIS2_PLACEMENT_3D('',#10653,#8575,#8576);
#7785=AXIS2_PLACEMENT_3D('',#10657,#8579,#8580);
#7786=AXIS2_PLACEMENT_3D('',#10660,#8583,#8584);
#7787=AXIS2_PLACEMENT_3D('',#10669,#8589,#8590);
#7788=AXIS2_PLACEMENT_3D('',#10674,#8594,#8595);
#7789=AXIS2_PLACEMENT_3D('',#10678,#8598,#8599);
#7790=AXIS2_PLACEMENT_3D('',#10681,#8602,#8603);
#7791=AXIS2_PLACEMENT_3D('',#10690,#8608,#8609);
#7792=AXIS2_PLACEMENT_3D('',#10695,#8613,#8614);
#7793=AXIS2_PLACEMENT_3D('',#10699,#8617,#8618);
#7794=AXIS2_PLACEMENT_3D('',#10702,#8621,#8622);
#7795=AXIS2_PLACEMENT_3D('',#10711,#8627,#8628);
#7796=AXIS2_PLACEMENT_3D('',#10717,#8632,#8633);
#7797=AXIS2_PLACEMENT_3D('',#10726,#8638,#8639);
#7798=AXIS2_PLACEMENT_3D('',#10732,#8643,#8644);
#7799=AXIS2_PLACEMENT_3D('',#10741,#8649,#8650);
#7800=AXIS2_PLACEMENT_3D('',#10750,#8655,#8656);
#7801=AXIS2_PLACEMENT_3D('',#10756,#8660,#8661);
#7802=AXIS2_PLACEMENT_3D('',#10760,#8664,#8665);
#7803=AXIS2_PLACEMENT_3D('',#10767,#8670,#8671);
#7804=AXIS2_PLACEMENT_3D('',#10771,#8674,#8675);
#7805=AXIS2_PLACEMENT_3D('',#10777,#8679,#8680);
#7806=AXIS2_PLACEMENT_3D('',#10784,#8685,#8686);
#7807=AXIS2_PLACEMENT_3D('',#10788,#8689,#8690);
#7808=AXIS2_PLACEMENT_3D('',#10792,#8693,#8694);
#7809=AXIS2_PLACEMENT_3D('',#10799,#8697,#8698);
#7810=AXIS2_PLACEMENT_3D('',#10801,#8700,#8701);
#7811=AXIS2_PLACEMENT_3D('',#10808,#8704,#8705);
#7812=AXIS2_PLACEMENT_3D('',#10810,#8707,#8708);
#7813=AXIS2_PLACEMENT_3D('',#10817,#8711,#8712);
#7814=AXIS2_PLACEMENT_3D('',#10819,#8714,#8715);
#7815=AXIS2_PLACEMENT_3D('',#10826,#8718,#8719);
#7816=AXIS2_PLACEMENT_3D('',#10828,#8721,#8722);
#7817=AXIS2_PLACEMENT_3D('',#10831,#8723,#8724);
#7818=AXIS2_PLACEMENT_3D('',#10835,#8726,#8727);
#7819=AXIS2_PLACEMENT_3D('',#10837,#8729,#8730);
#7820=AXIS2_PLACEMENT_3D('',#10843,#8734,#8735);
#7821=AXIS2_PLACEMENT_3D('',#10849,#8739,#8740);
#7822=AXIS2_PLACEMENT_3D('',#10855,#8744,#8745);
#7823=AXIS2_PLACEMENT_3D('',#10857,#8746,#8747);
#7824=AXIS2_PLACEMENT_3D('',#10859,#8748,#8749);
#7825=AXIS2_PLACEMENT_3D('',#10861,#8751,#8752);
#7826=AXIS2_PLACEMENT_3D('',#10867,#8756,#8757);
#7827=AXIS2_PLACEMENT_3D('',#10876,#8762,#8763);
#7828=AXIS2_PLACEMENT_3D('',#10882,#8767,#8768);
#7829=AXIS2_PLACEMENT_3D('',#10888,#8772,#8773);
#7830=AXIS2_PLACEMENT_3D('',#10892,#8776,#8777);
#7831=AXIS2_PLACEMENT_3D('',#10898,#8781,#8782);
#7832=AXIS2_PLACEMENT_3D('',#10902,#8785,#8786);
#7833=AXIS2_PLACEMENT_3D('',#10911,#8791,#8792);
#7834=AXIS2_PLACEMENT_3D('',#10919,#8799,#8800);
#7835=AXIS2_PLACEMENT_3D('',#10923,#8803,#8804);
#7836=AXIS2_PLACEMENT_3D('',#10926,#8805,#8806);
#7837=AXIS2_PLACEMENT_3D('',#10930,#8808,#8809);
#7838=AXIS2_PLACEMENT_3D('',#10932,#8811,#8812);
#7839=AXIS2_PLACEMENT_3D('',#10938,#8816,#8817);
#7840=AXIS2_PLACEMENT_3D('',#10944,#8821,#8822);
#7841=AXIS2_PLACEMENT_3D('',#10950,#8826,#8827);
#7842=AXIS2_PLACEMENT_3D('',#10952,#8828,#8829);
#7843=AXIS2_PLACEMENT_3D('',#10954,#8830,#8831);
#7844=AXIS2_PLACEMENT_3D('',#10956,#8833,#8834);
#7845=AXIS2_PLACEMENT_3D('',#10960,#8836,#8837);
#7846=AXIS2_PLACEMENT_3D('',#10961,#8838,#8839);
#7847=AXIS2_PLACEMENT_3D('',#10966,#8842,#8843);
#7848=AXIS2_PLACEMENT_3D('',#10967,#8844,#8845);
#7849=AXIS2_PLACEMENT_3D('',#10969,#8847,#8848);
#7850=AXIS2_PLACEMENT_3D('',#10973,#8850,#8851);
#7851=AXIS2_PLACEMENT_3D('',#10974,#8852,#8853);
#7852=AXIS2_PLACEMENT_3D('',#10979,#8856,#8857);
#7853=AXIS2_PLACEMENT_3D('',#10980,#8858,#8859);
#7854=AXIS2_PLACEMENT_3D('',#10982,#8861,#8862);
#7855=AXIS2_PLACEMENT_3D('',#10988,#8866,#8867);
#7856=AXIS2_PLACEMENT_3D('',#10992,#8870,#8871);
#7857=AXIS2_PLACEMENT_3D('',#10996,#8874,#8875);
#7858=AXIS2_PLACEMENT_3D('',#11000,#8878,#8879);
#7859=AXIS2_PLACEMENT_3D('',#11004,#8882,#8883);
#7860=AXIS2_PLACEMENT_3D('',#11008,#8886,#8887);
#7861=AXIS2_PLACEMENT_3D('',#11014,#8891,#8892);
#7862=AXIS2_PLACEMENT_3D('',#11018,#8895,#8896);
#7863=AXIS2_PLACEMENT_3D('',#11022,#8899,#8900);
#7864=AXIS2_PLACEMENT_3D('',#11026,#8903,#8904);
#7865=AXIS2_PLACEMENT_3D('',#11028,#8906,#8907);
#7866=AXIS2_PLACEMENT_3D('',#11037,#8912,#8913);
#7867=AXIS2_PLACEMENT_3D('',#11046,#8918,#8919);
#7868=AXIS2_PLACEMENT_3D('',#11055,#8924,#8925);
#7869=AXIS2_PLACEMENT_3D('',#11064,#8930,#8931);
#7870=AXIS2_PLACEMENT_3D('',#11073,#8936,#8937);
#7871=AXIS2_PLACEMENT_3D('',#11082,#8942,#8943);
#7872=AXIS2_PLACEMENT_3D('',#11091,#8948,#8949);
#7873=AXIS2_PLACEMENT_3D('',#11100,#8954,#8955);
#7874=AXIS2_PLACEMENT_3D('',#11109,#8960,#8961);
#7875=AXIS2_PLACEMENT_3D('',#11118,#8966,#8967);
#7876=AXIS2_PLACEMENT_3D('',#11127,#8972,#8973);
#7877=AXIS2_PLACEMENT_3D('',#11136,#8978,#8979);
#7878=AXIS2_PLACEMENT_3D('',#11145,#8984,#8985);
#7879=AXIS2_PLACEMENT_3D('',#11154,#8990,#8991);
#7880=AXIS2_PLACEMENT_3D('',#11163,#8996,#8997);
#7881=AXIS2_PLACEMENT_3D('',#11172,#9002,#9003);
#7882=AXIS2_PLACEMENT_3D('',#11181,#9008,#9009);
#7883=AXIS2_PLACEMENT_3D('',#11190,#9014,#9015);
#7884=AXIS2_PLACEMENT_3D('',#11196,#9019,#9020);
#7885=AXIS2_PLACEMENT_3D('',#11202,#9024,#9025);
#7886=AXIS2_PLACEMENT_3D('',#11205,#9026,#9027);
#7887=AXIS2_PLACEMENT_3D('',#11209,#9029,#9030);
#7888=AXIS2_PLACEMENT_3D('',#11215,#9034,#9035);
#7889=AXIS2_PLACEMENT_3D('',#11284,#9037,#9038);
#7890=AXIS2_PLACEMENT_3D('',#11353,#9041,#9042);
#7891=AXIS2_PLACEMENT_3D('',#11357,#9045,#9046);
#7892=AXIS2_PLACEMENT_3D('',#11359,#9047,#9048);
#7893=AXIS2_PLACEMENT_3D('',#11362,#9050,#9051);
#7894=AXIS2_PLACEMENT_3D('',#11363,#9052,#9053);
#7895=AXIS2_PLACEMENT_3D('',#11368,#9055,#9056);
#7896=AXIS2_PLACEMENT_3D('',#11370,#9058,#9059);
#7897=AXIS2_PLACEMENT_3D('',#11376,#9062,#9063);
#7898=AXIS2_PLACEMENT_3D('',#11377,#9064,#9065);
#7899=AXIS2_PLACEMENT_3D('',#11383,#9069,#9070);
#7900=AXIS2_PLACEMENT_3D('',#11389,#9074,#9075);
#7901=AXIS2_PLACEMENT_3D('',#11458,#9077,#9078);
#7902=AXIS2_PLACEMENT_3D('',#11525,#9080,#9081);
#7903=AXIS2_PLACEMENT_3D('',#11528,#9082,#9083);
#7904=AXIS2_PLACEMENT_3D('',#11531,#9085,#9086);
#7905=AXIS2_PLACEMENT_3D('',#11535,#9089,#9090);
#7906=AXIS2_PLACEMENT_3D('',#11539,#9092,#9093);
#7907=AXIS2_PLACEMENT_3D('',#11540,#9094,#9095);
#7908=AXIS2_PLACEMENT_3D('',#11541,#9096,#9097);
#7909=AXIS2_PLACEMENT_3D('',#11542,#9098,#9099);
#7910=AXIS2_PLACEMENT_3D('',#11543,#9100,#9101);
#7911=AXIS2_PLACEMENT_3D('',#11544,#9102,#9103);
#7912=AXIS2_PLACEMENT_3D('',#11545,#9104,#9105);
#7913=AXIS2_PLACEMENT_3D('',#11546,#9106,#9107);
#7914=AXIS2_PLACEMENT_3D('',#11552,#9110,#9111);
#7915=AXIS2_PLACEMENT_3D('',#11553,#9112,#9113);
#7916=AXIS2_PLACEMENT_3D('',#11558,#9115,#9116);
#7917=AXIS2_PLACEMENT_3D('',#11560,#9118,#9119);
#7918=AXIS2_PLACEMENT_3D('',#11566,#9123,#9124);
#7919=AXIS2_PLACEMENT_3D('',#11572,#9128,#9129);
#7920=AXIS2_PLACEMENT_3D('',#11641,#9131,#9132);
#7921=AXIS2_PLACEMENT_3D('',#11710,#9135,#9136);
#7922=AXIS2_PLACEMENT_3D('',#11714,#9139,#9140);
#7923=AXIS2_PLACEMENT_3D('',#11716,#9141,#9142);
#7924=AXIS2_PLACEMENT_3D('',#11719,#9144,#9145);
#7925=AXIS2_PLACEMENT_3D('',#11720,#9146,#9147);
#7926=AXIS2_PLACEMENT_3D('',#11726,#9151,#9152);
#7927=AXIS2_PLACEMENT_3D('',#11729,#9153,#9154);
#7928=AXIS2_PLACEMENT_3D('',#11733,#9156,#9157);
#7929=AXIS2_PLACEMENT_3D('',#11739,#9161,#9162);
#7930=AXIS2_PLACEMENT_3D('',#11875,#9165,#9166);
#7931=AXIS2_PLACEMENT_3D('',#11877,#9168,#9169);
#7932=AXIS2_PLACEMENT_3D('',#11881,#9172,#9173);
#7933=AXIS2_PLACEMENT_3D('',#11883,#9174,#9175);
#7934=AXIS2_PLACEMENT_3D('',#11886,#9177,#9178);
#7935=AXIS2_PLACEMENT_3D('',#11887,#9179,#9180);
#7936=AXIS2_PLACEMENT_3D('',#11891,#9182,#9183);
#7937=AXIS2_PLACEMENT_3D('',#11892,#9184,#9185);
#7938=AXIS2_PLACEMENT_3D('',#11893,#9186,#9187);
#7939=AXIS2_PLACEMENT_3D('',#11894,#9188,#9189);
#7940=AXIS2_PLACEMENT_3D('',#11895,#9190,#9191);
#7941=AXIS2_PLACEMENT_3D('',#11896,#9192,#9193);
#7942=AXIS2_PLACEMENT_3D('',#11898,#9194,#9195);
#7943=AXIS2_PLACEMENT_3D('',#11902,#9198,#9199);
#7944=AXIS2_PLACEMENT_3D('',#11911,#9204,#9205);
#7945=AXIS2_PLACEMENT_3D('',#11913,#9206,#9207);
#7946=AXIS2_PLACEMENT_3D('',#11916,#9209,#9210);
#7947=AXIS2_PLACEMENT_3D('',#11917,#9211,#9212);
#7948=AXIS2_PLACEMENT_3D('',#11923,#9216,#9217);
#7949=AXIS2_PLACEMENT_3D('',#11932,#9222,#9223);
#7950=AXIS2_PLACEMENT_3D('',#11941,#9228,#9229);
#7951=AXIS2_PLACEMENT_3D('',#11947,#9233,#9234);
#7952=AXIS2_PLACEMENT_3D('',#11949,#9235,#9236);
#7953=AXIS2_PLACEMENT_3D('',#11953,#9239,#9240);
#7954=AXIS2_PLACEMENT_3D('',#11957,#9243,#9244);
#7955=AXIS2_PLACEMENT_3D('',#11959,#9245,#9246);
#7956=AXIS2_PLACEMENT_3D('',#11961,#9248,#9249);
#7957=AXIS2_PLACEMENT_3D('',#11967,#9253,#9254);
#7958=AXIS2_PLACEMENT_3D('',#11971,#9257,#9258);
#7959=AXIS2_PLACEMENT_3D('',#11975,#9261,#9262);
#7960=AXIS2_PLACEMENT_3D('',#11979,#9265,#9266);
#7961=AXIS2_PLACEMENT_3D('',#11983,#9269,#9270);
#7962=AXIS2_PLACEMENT_3D('',#11989,#9273,#9274);
#7963=AXIS2_PLACEMENT_3D('',#11993,#9276,#9277);
#7964=AXIS2_PLACEMENT_3D('',#11995,#9279,#9280);
#7965=AXIS2_PLACEMENT_3D('',#11999,#9283,#9284);
#7966=AXIS2_PLACEMENT_3D('',#12003,#9287,#9288);
#7967=AXIS2_PLACEMENT_3D('',#12007,#9291,#9292);
#7968=AXIS2_PLACEMENT_3D('',#12011,#9295,#9296);
#7969=AXIS2_PLACEMENT_3D('',#12015,#9299,#9300);
#7970=AXIS2_PLACEMENT_3D('',#12021,#9304,#9305);
#7971=AXIS2_PLACEMENT_3D('',#12024,#9306,#9307);
#7972=AXIS2_PLACEMENT_3D('',#12027,#9310,#9311);
#7973=AXIS2_PLACEMENT_3D('',#12031,#9314,#9315);
#7974=AXIS2_PLACEMENT_3D('',#12033,#9316,#9317);
#7975=AXIS2_PLACEMENT_3D('',#12035,#9319,#9320);
#7976=AXIS2_PLACEMENT_3D('',#12057,#9332,#9333);
#7977=AXIS2_PLACEMENT_3D('',#12060,#9334,#9335);
#7978=AXIS2_PLACEMENT_3D('',#12062,#9336,#9337);
#7979=AXIS2_PLACEMENT_3D('',#12063,#9338,#9339);
#7980=AXIS2_PLACEMENT_3D('',#12064,#9340,#9341);
#7981=AXIS2_PLACEMENT_3D('',#12078,#9349,#9350);
#7982=AXIS2_PLACEMENT_3D('',#12083,#9352,#9353);
#7983=AXIS2_PLACEMENT_3D('',#12086,#9355,#9356);
#7984=AXIS2_PLACEMENT_3D('',#12087,#9357,#9358);
#7985=AXIS2_PLACEMENT_3D('',#12093,#9362,#9363);
#7986=AXIS2_PLACEMENT_3D('',#12099,#9367,#9368);
#7987=AXIS2_PLACEMENT_3D('',#12105,#9372,#9373);
#7988=AXIS2_PLACEMENT_3D('',#12109,#9376,#9377);
#7989=AXIS2_PLACEMENT_3D('',#12113,#9380,#9381);
#7990=AXIS2_PLACEMENT_3D('',#12115,#9383,#9384);
#7991=AXIS2_PLACEMENT_3D('',#12121,#9388,#9389);
#7992=AXIS2_PLACEMENT_3D('',#12125,#9392,#9393);
#7993=AXIS2_PLACEMENT_3D('',#12129,#9396,#9397);
#7994=AXIS2_PLACEMENT_3D('',#12131,#9399,#9400);
#7995=AXIS2_PLACEMENT_3D('',#12137,#9404,#9405);
#7996=AXIS2_PLACEMENT_3D('',#12141,#9408,#9409);
#7997=AXIS2_PLACEMENT_3D('',#12145,#9412,#9413);
#7998=AXIS2_PLACEMENT_3D('',#12147,#9415,#9416);
#7999=AXIS2_PLACEMENT_3D('',#12153,#9420,#9421);
#8000=AXIS2_PLACEMENT_3D('',#12157,#9424,#9425);
#8001=AXIS2_PLACEMENT_3D('',#12161,#9428,#9429);
#8002=AXIS2_PLACEMENT_3D('',#12163,#9431,#9432);
#8003=AXIS2_PLACEMENT_3D('',#12169,#9436,#9437);
#8004=AXIS2_PLACEMENT_3D('',#12173,#9440,#9441);
#8005=AXIS2_PLACEMENT_3D('',#12177,#9444,#9445);
#8006=AXIS2_PLACEMENT_3D('',#12179,#9447,#9448);
#8007=AXIS2_PLACEMENT_3D('',#12185,#9452,#9453);
#8008=AXIS2_PLACEMENT_3D('',#12189,#9456,#9457);
#8009=AXIS2_PLACEMENT_3D('',#12193,#9460,#9461);
#8010=AXIS2_PLACEMENT_3D('',#12195,#9463,#9464);
#8011=AXIS2_PLACEMENT_3D('',#12201,#9468,#9469);
#8012=AXIS2_PLACEMENT_3D('',#12205,#9472,#9473);
#8013=AXIS2_PLACEMENT_3D('',#12209,#9476,#9477);
#8014=AXIS2_PLACEMENT_3D('',#12211,#9479,#9480);
#8015=AXIS2_PLACEMENT_3D('',#12217,#9484,#9485);
#8016=AXIS2_PLACEMENT_3D('',#12221,#9488,#9489);
#8017=AXIS2_PLACEMENT_3D('',#12225,#9492,#9493);
#8018=AXIS2_PLACEMENT_3D('',#12227,#9495,#9496);
#8019=AXIS2_PLACEMENT_3D('',#12233,#9500,#9501);
#8020=AXIS2_PLACEMENT_3D('',#12237,#9504,#9505);
#8021=AXIS2_PLACEMENT_3D('',#12241,#9508,#9509);
#8022=AXIS2_PLACEMENT_3D('',#12243,#9511,#9512);
#8023=AXIS2_PLACEMENT_3D('',#12249,#9516,#9517);
#8024=AXIS2_PLACEMENT_3D('',#12253,#9520,#9521);
#8025=AXIS2_PLACEMENT_3D('',#12257,#9524,#9525);
#8026=AXIS2_PLACEMENT_3D('',#12259,#9527,#9528);
#8027=AXIS2_PLACEMENT_3D('',#12265,#9532,#9533);
#8028=AXIS2_PLACEMENT_3D('',#12269,#9536,#9537);
#8029=AXIS2_PLACEMENT_3D('',#12273,#9540,#9541);
#8030=AXIS2_PLACEMENT_3D('',#12275,#9543,#9544);
#8031=AXIS2_PLACEMENT_3D('',#12281,#9548,#9549);
#8032=AXIS2_PLACEMENT_3D('',#12285,#9552,#9553);
#8033=AXIS2_PLACEMENT_3D('',#12289,#9556,#9557);
#8034=AXIS2_PLACEMENT_3D('',#12291,#9559,#9560);
#8035=AXIS2_PLACEMENT_3D('',#12297,#9564,#9565);
#8036=AXIS2_PLACEMENT_3D('',#12301,#9568,#9569);
#8037=AXIS2_PLACEMENT_3D('',#12305,#9572,#9573);
#8038=AXIS2_PLACEMENT_3D('',#12307,#9575,#9576);
#8039=AXIS2_PLACEMENT_3D('',#12313,#9580,#9581);
#8040=AXIS2_PLACEMENT_3D('',#12317,#9584,#9585);
#8041=AXIS2_PLACEMENT_3D('',#12321,#9588,#9589);
#8042=AXIS2_PLACEMENT_3D('',#12323,#9591,#9592);
#8043=AXIS2_PLACEMENT_3D('',#12329,#9596,#9597);
#8044=AXIS2_PLACEMENT_3D('',#12333,#9600,#9601);
#8045=AXIS2_PLACEMENT_3D('',#12337,#9604,#9605);
#8046=AXIS2_PLACEMENT_3D('',#12339,#9607,#9608);
#8047=AXIS2_PLACEMENT_3D('',#12345,#9612,#9613);
#8048=AXIS2_PLACEMENT_3D('',#12349,#9616,#9617);
#8049=AXIS2_PLACEMENT_3D('',#12353,#9620,#9621);
#8050=AXIS2_PLACEMENT_3D('',#12355,#9623,#9624);
#8051=AXIS2_PLACEMENT_3D('',#12361,#9628,#9629);
#8052=AXIS2_PLACEMENT_3D('',#12365,#9632,#9633);
#8053=AXIS2_PLACEMENT_3D('',#12369,#9636,#9637);
#8054=AXIS2_PLACEMENT_3D('',#12371,#9639,#9640);
#8055=AXIS2_PLACEMENT_3D('',#12377,#9644,#9645);
#8056=AXIS2_PLACEMENT_3D('',#12381,#9648,#9649);
#8057=AXIS2_PLACEMENT_3D('',#12385,#9652,#9653);
#8058=AXIS2_PLACEMENT_3D('',#12387,#9655,#9656);
#8059=AXIS2_PLACEMENT_3D('',#12393,#9660,#9661);
#8060=AXIS2_PLACEMENT_3D('',#12397,#9664,#9665);
#8061=AXIS2_PLACEMENT_3D('',#12401,#9668,#9669);
#8062=AXIS2_PLACEMENT_3D('',#12403,#9670,#9671);
#8063=AXIS2_PLACEMENT_3D('',#12405,#9673,#9674);
#8064=AXIS2_PLACEMENT_3D('',#12409,#9677,#9678);
#8065=AXIS2_PLACEMENT_3D('',#12413,#9681,#9682);
#8066=AXIS2_PLACEMENT_3D('',#12417,#9685,#9686);
#8067=AXIS2_PLACEMENT_3D('',#12419,#9687,#9688);
#8068=AXIS2_PLACEMENT_3D('',#12421,#9690,#9691);
#8069=AXIS2_PLACEMENT_3D('',#12425,#9694,#9695);
#8070=AXIS2_PLACEMENT_3D('',#12429,#9698,#9699);
#8071=AXIS2_PLACEMENT_3D('',#12433,#9702,#9703);
#8072=AXIS2_PLACEMENT_3D('',#12435,#9704,#9705);
#8073=AXIS2_PLACEMENT_3D('',#12438,#9708,#9709);
#8074=AXIS2_PLACEMENT_3D('',#12442,#9712,#9713);
#8075=AXIS2_PLACEMENT_3D('',#12446,#9716,#9717);
#8076=AXIS2_PLACEMENT_3D('',#12450,#9720,#9721);
#8077=AXIS2_PLACEMENT_3D('',#12451,#9722,#9723);
#8078=AXIS2_PLACEMENT_3D('',#12452,#9724,#9725);
#8079=AXIS2_PLACEMENT_3D('',#12458,#9729,#9730);
#8080=AXIS2_PLACEMENT_3D('',#12463,#9734,#9735);
#8081=AXIS2_PLACEMENT_3D('',#12467,#9738,#9739);
#8082=AXIS2_PLACEMENT_3D('',#12469,#9740,#9741);
#8083=AXIS2_PLACEMENT_3D('',#12471,#9743,#9744);
#8084=AXIS2_PLACEMENT_3D('',#12475,#9747,#9748);
#8085=AXIS2_PLACEMENT_3D('',#12479,#9751,#9752);
#8086=AXIS2_PLACEMENT_3D('',#12483,#9755,#9756);
#8087=AXIS2_PLACEMENT_3D('',#12485,#9757,#9758);
#8088=AXIS2_PLACEMENT_3D('',#12487,#9760,#9761);
#8089=AXIS2_PLACEMENT_3D('',#12491,#9764,#9765);
#8090=AXIS2_PLACEMENT_3D('',#12495,#9768,#9769);
#8091=AXIS2_PLACEMENT_3D('',#12499,#9772,#9773);
#8092=AXIS2_PLACEMENT_3D('',#12501,#9774,#9775);
#8093=AXIS2_PLACEMENT_3D('',#12503,#9777,#9778);
#8094=AXIS2_PLACEMENT_3D('',#12507,#9781,#9782);
#8095=AXIS2_PLACEMENT_3D('',#12511,#9785,#9786);
#8096=AXIS2_PLACEMENT_3D('',#12515,#9789,#9790);
#8097=AXIS2_PLACEMENT_3D('',#12516,#9791,#9792);
#8098=AXIS2_PLACEMENT_3D('',#12517,#9793,#9794);
#8099=AXIS2_PLACEMENT_3D('',#12523,#9798,#9799);
#8100=AXIS2_PLACEMENT_3D('',#12525,#9800,#9801);
#8101=AXIS2_PLACEMENT_3D('',#12531,#9805,#9806);
#8102=AXIS2_PLACEMENT_3D('',#12537,#9810,#9811);
#8103=AXIS2_PLACEMENT_3D('',#12541,#9813,#9814);
#8104=AXIS2_PLACEMENT_3D('',#12543,#9816,#9817);
#8105=AXIS2_PLACEMENT_3D('',#12551,#9821,#9822);
#8106=AXIS2_PLACEMENT_3D('',#12552,#9823,#9824);
#8107=AXIS2_PLACEMENT_3D('',#12553,#9825,#9826);
#8108=AXIS2_PLACEMENT_3D('',#12557,#9828,#9829);
#8109=AXIS2_PLACEMENT_3D('',#12558,#9830,#9831);
#8110=AXIS2_PLACEMENT_3D('',#12559,#9832,#9833);
#8111=AXIS2_PLACEMENT_3D('',#12566,#9836,#9837);
#8112=AXIS2_PLACEMENT_3D('',#12568,#9839,#9840);
#8113=AXIS2_PLACEMENT_3D('',#12570,#9841,#9842);
#8114=AXIS2_PLACEMENT_3D('',#12572,#9843,#9844);
#8115=AXIS2_PLACEMENT_3D('',#12574,#9846,#9847);
#8116=AXIS2_PLACEMENT_3D('',#12585,#9853,#9854);
#8117=AXIS2_PLACEMENT_3D('',#12586,#9855,#9856);
#8118=AXIS2_PLACEMENT_3D('',#12589,#9857,#9858);
#8119=AXIS2_PLACEMENT_3D('',#12590,#9859,#9860);
#8120=AXIS2_PLACEMENT_3D('',#12591,#9861,#9862);
#8121=AXIS2_PLACEMENT_3D('',#12594,#9863,#9864);
#8122=AXIS2_PLACEMENT_3D('',#12595,#9865,#9866);
#8123=AXIS2_PLACEMENT_3D('',#12596,#9867,#9868);
#8124=AXIS2_PLACEMENT_3D('',#12599,#9871,#9872);
#8125=AXIS2_PLACEMENT_3D('',#12605,#9876,#9877);
#8126=AXIS2_PLACEMENT_3D('',#12609,#9880,#9881);
#8127=AXIS2_PLACEMENT_3D('',#12611,#9882,#9883);
#8128=AXIS2_PLACEMENT_3D('',#12613,#9885,#9886);
#8129=AXIS2_PLACEMENT_3D('',#12617,#9889,#9890);
#8130=AXIS2_PLACEMENT_3D('',#12619,#9891,#9892);
#8131=AXIS2_PLACEMENT_3D('',#12621,#9894,#9895);
#8132=AXIS2_PLACEMENT_3D('',#12626,#9899,#9900);
#8133=AXIS2_PLACEMENT_3D('',#12630,#9903,#9904);
#8134=AXIS2_PLACEMENT_3D('',#12635,#9908,#9909);
#8135=AXIS2_PLACEMENT_3D('',#12639,#9912,#9913);
#8136=AXIS2_PLACEMENT_3D('',#12641,#9914,#9915);
#8137=AXIS2_PLACEMENT_3D('',#12643,#9917,#9918);
#8138=AXIS2_PLACEMENT_3D('',#12645,#9919,#9920);
#8139=AXIS2_PLACEMENT_3D('',#12647,#9922,#9923);
#8140=AXIS2_PLACEMENT_3D('',#12655,#9928,#9929);
#8141=AXIS2_PLACEMENT_3D('',#12661,#9933,#9934);
#8142=AXIS2_PLACEMENT_3D('',#12666,#9938,#9939);
#8143=AXIS2_PLACEMENT_3D('',#12670,#9942,#9943);
#8144=AXIS2_PLACEMENT_3D('',#12674,#9946,#9947);
#8145=AXIS2_PLACEMENT_3D('',#12678,#9950,#9951);
#8146=AXIS2_PLACEMENT_3D('',#12682,#9954,#9955);
#8147=AXIS2_PLACEMENT_3D('',#12684,#9957,#9958);
#8148=AXIS2_PLACEMENT_3D('',#12687,#9959,#9960);
#8149=AXIS2_PLACEMENT_3D('',#12689,#9961,#9962);
#8150=AXIS2_PLACEMENT_3D('',#12690,#9963,#9964);
#8151=AXIS2_PLACEMENT_3D('',#12691,#9965,#9966);
#8152=AXIS2_PLACEMENT_3D('',#12694,#9967,#9968);
#8153=AXIS2_PLACEMENT_3D('',#12697,#9971,#9972);
#8154=AXIS2_PLACEMENT_3D('',#12700,#9975,#9976);
#8155=AXIS2_PLACEMENT_3D('',#12703,#9977,#9978);
#8156=AXIS2_PLACEMENT_3D('',#12706,#9981,#9982);
#8157=AXIS2_PLACEMENT_3D('',#12709,#9984,#9985);
#8158=AXIS2_PLACEMENT_3D('',#12710,#9986,#9987);
#8159=AXIS2_PLACEMENT_3D('',#12714,#9990,#9991);
#8160=AXIS2_PLACEMENT_3D('',#12718,#9994,#9995);
#8161=AXIS2_PLACEMENT_3D('',#12722,#9998,#9999);
#8162=AXIS2_PLACEMENT_3D('',#12725,#10000,#10001);
#8163=AXIS2_PLACEMENT_3D('',#12728,#10004,#10005);
#8164=AXIS2_PLACEMENT_3D('',#12732,#10008,#10009);
#8165=AXIS2_PLACEMENT_3D('',#12764,#10010,#10011);
#8166=AXIS2_PLACEMENT_3D('',#12768,#10014,#10015);
#8167=AXIS2_PLACEMENT_3D('',#12770,#10016,#10017);
#8168=AXIS2_PLACEMENT_3D('',#12772,#10019,#10020);
#8169=AXIS2_PLACEMENT_3D('',#12776,#10023,#10024);
#8170=AXIS2_PLACEMENT_3D('',#12778,#10025,#10026);
#8171=AXIS2_PLACEMENT_3D('',#12780,#10028,#10029);
#8172=AXIS2_PLACEMENT_3D('',#12817,#10033,#10034);
#8173=AXIS2_PLACEMENT_3D('',#12818,#10035,#10036);
#8174=AXIS2_PLACEMENT_3D('',#12821,#10038,#10039);
#8175=AXIS2_PLACEMENT_3D('',#12822,#10040,#10041);
#8176=AXIS2_PLACEMENT_3D('',#12826,#10044,#10045);
#8177=AXIS2_PLACEMENT_3D('',#12830,#10048,#10049);
#8178=AXIS2_PLACEMENT_3D('',#12834,#10052,#10053);
#8179=AXIS2_PLACEMENT_3D('',#12836,#10054,#10055);
#8180=AXIS2_PLACEMENT_3D('',#12838,#10057,#10058);
#8181=AXIS2_PLACEMENT_3D('',#12841,#10060,#10061);
#8182=AXIS2_PLACEMENT_3D('',#12842,#10062,#10063);
#8183=AXIS2_PLACEMENT_3D('',#12845,#10064,#10065);
#8184=AXIS2_PLACEMENT_3D('',#12848,#10068,#10069);
#8185=AXIS2_PLACEMENT_3D('',#12851,#10072,#10073);
#8186=AXIS2_PLACEMENT_3D('',#12857,#10077,#10078);
#8187=AXIS2_PLACEMENT_3D('',#12863,#10082,#10083);
#8188=AXIS2_PLACEMENT_3D('',#12866,#10084,#10085);
#8189=AXIS2_PLACEMENT_3D('',#12869,#10088,#10089);
#8190=AXIS2_PLACEMENT_3D('',#12877,#10093,#10094);
#8191=AXIS2_PLACEMENT_3D('',#12878,#10095,#10096);
#8192=AXIS2_PLACEMENT_3D('',#12879,#10097,#10098);
#8193=AXIS2_PLACEMENT_3D('',#12885,#10102,#10103);
#8194=AXIS2_PLACEMENT_3D('',#12886,#10104,#10105);
#8195=AXIS2_PLACEMENT_3D('',#12889,#10108,#10109);
#8196=AXIS2_PLACEMENT_3D('',#12890,#10110,#10111);
#8197=AXIS2_PLACEMENT_3D('',#12896,#10115,#10116);
#8198=AXIS2_PLACEMENT_3D('',#12901,#10119,#10120);
#8199=AXIS2_PLACEMENT_3D('',#12902,#10121,#10122);
#8200=AXIS2_PLACEMENT_3D('',#12906,#10124,#10125);
#8201=AXIS2_PLACEMENT_3D('',#12914,#10130,#10131);
#8202=AXIS2_PLACEMENT_3D('',#12932,#10141,#10142);
#8203=AXIS2_PLACEMENT_3D('',#12938,#10146,#10147);
#8204=AXIS2_PLACEMENT_3D('',#12942,#10150,#10151);
#8205=AXIS2_PLACEMENT_3D('',#12946,#10154,#10155);
#8206=AXIS2_PLACEMENT_3D('',#12950,#10158,#10159);
#8207=AXIS2_PLACEMENT_3D('',#12954,#10162,#10163);
#8208=AXIS2_PLACEMENT_3D('',#12958,#10166,#10167);
#8209=AXIS2_PLACEMENT_3D('',#12962,#10170,#10171);
#8210=AXIS2_PLACEMENT_3D('',#12966,#10174,#10175);
#8211=AXIS2_PLACEMENT_3D('',#12970,#10178,#10179);
#8212=AXIS2_PLACEMENT_3D('',#12972,#10180,#10181);
#8213=AXIS2_PLACEMENT_3D('',#12974,#10183,#10184);
#8214=AXIS2_PLACEMENT_3D('',#12978,#10187,#10188);
#8215=AXIS2_PLACEMENT_3D('',#12979,#10189,#10190);
#8216=AXIS2_PLACEMENT_3D('',#12980,#10191,#10192);
#8217=AXIS2_PLACEMENT_3D('',#12981,#10193,#10194);
#8218=AXIS2_PLACEMENT_3D('',#12983,#10196,#10197);
#8219=AXIS2_PLACEMENT_3D('',#12984,#10198,#10199);
#8220=AXIS2_PLACEMENT_3D('',#12985,#10200,#10201);
#8221=AXIS2_PLACEMENT_3D('',#12986,#10202,#10203);
#8222=AXIS2_PLACEMENT_3D('',#12990,#10206,#10207);
#8223=AXIS2_PLACEMENT_3D('',#12991,#10208,#10209);
#8224=AXIS2_PLACEMENT_3D('',#12992,#10210,#10211);
#8225=AXIS2_PLACEMENT_3D('',#12993,#10212,#10213);
#8226=AXIS2_PLACEMENT_3D('',#12994,#10214,#10215);
#8227=AXIS2_PLACEMENT_3D('',#12995,#10216,#10217);
#8228=AXIS2_PLACEMENT_3D('',#12996,#10218,#10219);
#8229=AXIS2_PLACEMENT_3D('',#12998,#10221,#10222);
#8230=AXIS2_PLACEMENT_3D('',#13000,#10224,#10225);
#8231=AXIS2_PLACEMENT_3D('',#13002,#10227,#10228);
#8232=AXIS2_PLACEMENT_3D('',#13003,#10229,#10230);
#8233=AXIS2_PLACEMENT_3D('',#13004,#10231,#10232);
#8234=AXIS2_PLACEMENT_3D('',#13006,#10234,#10235);
#8235=AXIS2_PLACEMENT_3D('',#13008,#10237,#10238);
#8236=AXIS2_PLACEMENT_3D('',#13010,#10240,#10241);
#8237=AXIS2_PLACEMENT_3D('',#13012,#10243,#10244);
#8238=AXIS2_PLACEMENT_3D('',#13014,#10246,#10247);
#8239=AXIS2_PLACEMENT_3D('',#13016,#10249,#10250);
#8240=AXIS2_PLACEMENT_3D('',#13017,#10251,#10252);
#8241=AXIS2_PLACEMENT_3D('',#13018,#10253,#10254);
#8242=AXIS2_PLACEMENT_3D('',#13019,#10255,#10256);
#8243=AXIS2_PLACEMENT_3D('',#13020,#10257,#10258);
#8244=AXIS2_PLACEMENT_3D('',#13021,#10259,#10260);
#8245=AXIS2_PLACEMENT_3D('',#13025,#10263,#10264);
#8246=AXIS2_PLACEMENT_3D('',#13031,#10268,#10269);
#8247=AXIS2_PLACEMENT_3D('',#13035,#10272,#10273);
#8248=AXIS2_PLACEMENT_3D('',#13037,#10275,#10276);
#8249=AXIS2_PLACEMENT_3D('',#13039,#10278,#10279);
#8250=AXIS2_PLACEMENT_3D('',#13041,#10281,#10282);
#8251=DIRECTION('axis',(0.,0.,1.));
#8252=DIRECTION('refdir',(1.,0.,0.));
#8253=DIRECTION('center_axis',(0.978980419737605,0.,0.203954254112001));
#8254=DIRECTION('ref_axis',(0.203954254112001,0.,-0.978980419737605));
#8255=DIRECTION('',(0.,-1.,0.));
#8256=DIRECTION('',(0.203954254112001,0.,-0.978980419737605));
#8257=DIRECTION('',(0.,1.,0.));
#8258=DIRECTION('',(0.203954254112001,0.,-0.978980419737605));
#8259=DIRECTION('center_axis',(-1.,0.,0.));
#8260=DIRECTION('ref_axis',(0.,-1.,0.));
#8261=DIRECTION('',(0.,-1.,0.));
#8262=DIRECTION('',(0.,0.,1.));
#8263=DIRECTION('',(0.,1.,0.));
#8264=DIRECTION('',(0.,0.,1.));
#8265=DIRECTION('',(0.,1.,0.));
#8266=DIRECTION('',(0.,0.,1.));
#8267=DIRECTION('',(0.,1.,0.));
#8268=DIRECTION('center_axis',(-1.,0.,0.));
#8269=DIRECTION('ref_axis',(0.,0.,-1.));
#8270=DIRECTION('',(0.,-1.,0.));
#8271=DIRECTION('center_axis',(-1.,0.,0.));
#8272=DIRECTION('ref_axis',(0.,0.,-1.));
#8273=DIRECTION('',(0.,0.,-1.));
#8274=DIRECTION('',(0.,0.,1.));
#8275=DIRECTION('center_axis',(-1.,0.,0.));
#8276=DIRECTION('ref_axis',(0.,0.,-1.));
#8277=DIRECTION('center_axis',(-1.,0.,0.));
#8278=DIRECTION('ref_axis',(0.,0.,-1.));
#8279=DIRECTION('',(0.,0.,1.));
#8280=DIRECTION('',(0.,0.,-1.));
#8281=DIRECTION('',(0.,-1.,0.));
#8282=DIRECTION('',(0.,0.,-1.));
#8283=DIRECTION('',(0.,1.,0.));
#8284=DIRECTION('',(0.,0.,1.));
#8285=DIRECTION('',(0.,-1.,0.));
#8286=DIRECTION('',(0.,0.,-1.));
#8287=DIRECTION('center_axis',(-1.,0.,0.));
#8288=DIRECTION('ref_axis',(0.,0.,-1.));
#8289=DIRECTION('',(0.,1.,0.));
#8290=DIRECTION('center_axis',(-1.,0.,0.));
#8291=DIRECTION('ref_axis',(0.,0.,-1.));
#8292=DIRECTION('',(0.,-1.,0.));
#8293=DIRECTION('center_axis',(0.,-1.,0.));
#8294=DIRECTION('ref_axis',(0.,0.,-1.));
#8295=DIRECTION('',(-1.,0.,-1.7763568394E-14));
#8296=DIRECTION('',(0.,0.,-1.));
#8297=DIRECTION('',(1.,0.,0.));
#8298=DIRECTION('center_axis',(0.,-1.,0.));
#8299=DIRECTION('ref_axis',(0.,0.,-1.));
#8300=DIRECTION('',(-1.,0.,0.));
#8301=DIRECTION('',(0.,0.,-1.));
#8302=DIRECTION('',(-1.,0.,-1.7763568394E-14));
#8303=DIRECTION('center_axis',(1.,0.,0.));
#8304=DIRECTION('ref_axis',(0.,0.,-1.));
#8305=DIRECTION('center_axis',(-1.,0.,0.));
#8306=DIRECTION('ref_axis',(0.,0.98480775301223,-0.173648177666805));
#8307=DIRECTION('',(-1.,0.,0.));
#8308=DIRECTION('center_axis',(-1.,0.,0.));
#8309=DIRECTION('ref_axis',(0.,0.98480775301223,-0.173648177666805));
#8310=DIRECTION('',(-1.,0.,0.));
#8311=DIRECTION('center_axis',(0.,-0.984807753012213,0.173648177666902));
#8312=DIRECTION('ref_axis',(0.,-0.173648177666902,-0.984807753012213));
#8313=DIRECTION('',(0.,-0.173648177666902,-0.984807753012213));
#8314=DIRECTION('',(-1.,0.,0.));
#8315=DIRECTION('',(0.,-0.173648177666902,-0.984807753012213));
#8316=DIRECTION('center_axis',(1.,0.,0.));
#8317=DIRECTION('ref_axis',(0.,0.,-1.));
#8318=DIRECTION('center_axis',(-1.,0.,0.));
#8319=DIRECTION('ref_axis',(0.,0.98480775301223,-0.173648177666805));
#8320=DIRECTION('',(-1.,0.,0.));
#8321=DIRECTION('center_axis',(-1.,0.,0.));
#8322=DIRECTION('ref_axis',(0.,0.98480775301223,-0.173648177666805));
#8323=DIRECTION('',(-1.,0.,0.));
#8324=DIRECTION('center_axis',(0.,-0.984807753012213,0.173648177666902));
#8325=DIRECTION('ref_axis',(0.,-0.173648177666902,-0.984807753012213));
#8326=DIRECTION('',(0.,-0.173648177666902,-0.984807753012213));
#8327=DIRECTION('',(-1.,0.,0.));
#8328=DIRECTION('',(0.,-0.173648177666902,-0.984807753012213));
#8329=DIRECTION('center_axis',(1.,0.,0.));
#8330=DIRECTION('ref_axis',(0.,0.,-1.));
#8331=DIRECTION('center_axis',(-1.,0.,0.));
#8332=DIRECTION('ref_axis',(0.,0.98480775301223,-0.173648177666805));
#8333=DIRECTION('',(-1.,0.,0.));
#8334=DIRECTION('center_axis',(-1.,0.,0.));
#8335=DIRECTION('ref_axis',(0.,0.98480775301223,-0.173648177666805));
#8336=DIRECTION('',(-1.,0.,0.));
#8337=DIRECTION('center_axis',(0.,-0.984807753012213,0.173648177666902));
#8338=DIRECTION('ref_axis',(0.,-0.173648177666902,-0.984807753012213));
#8339=DIRECTION('',(0.,-0.173648177666902,-0.984807753012213));
#8340=DIRECTION('',(-1.,0.,0.));
#8341=DIRECTION('',(0.,-0.173648177666902,-0.984807753012213));
#8342=DIRECTION('center_axis',(1.,0.,0.));
#8343=DIRECTION('ref_axis',(0.,0.,-1.));
#8344=DIRECTION('center_axis',(-1.,0.,0.));
#8345=DIRECTION('ref_axis',(0.,0.98480775301223,-0.173648177666805));
#8346=DIRECTION('',(-1.,0.,0.));
#8347=DIRECTION('center_axis',(-1.,0.,0.));
#8348=DIRECTION('ref_axis',(0.,0.98480775301223,-0.173648177666805));
#8349=DIRECTION('',(-1.,0.,0.));
#8350=DIRECTION('center_axis',(0.,-0.984807753012213,0.173648177666902));
#8351=DIRECTION('ref_axis',(0.,-0.173648177666902,-0.984807753012213));
#8352=DIRECTION('',(0.,-0.173648177666902,-0.984807753012213));
#8353=DIRECTION('',(-1.,0.,0.));
#8354=DIRECTION('',(0.,-0.173648177666902,-0.984807753012213));
#8355=DIRECTION('center_axis',(1.,0.,0.));
#8356=DIRECTION('ref_axis',(0.,0.,-1.));
#8357=DIRECTION('center_axis',(-1.,0.,0.));
#8358=DIRECTION('ref_axis',(0.,0.98480775301223,-0.173648177666805));
#8359=DIRECTION('',(-1.,0.,0.));
#8360=DIRECTION('center_axis',(-1.,0.,0.));
#8361=DIRECTION('ref_axis',(0.,0.98480775301223,-0.173648177666805));
#8362=DIRECTION('',(-1.,0.,0.));
#8363=DIRECTION('center_axis',(0.,-0.984807753012213,0.173648177666902));
#8364=DIRECTION('ref_axis',(0.,-0.173648177666902,-0.984807753012213));
#8365=DIRECTION('',(0.,-0.173648177666902,-0.984807753012213));
#8366=DIRECTION('',(-1.,0.,0.));
#8367=DIRECTION('',(0.,-0.173648177666902,-0.984807753012213));
#8368=DIRECTION('center_axis',(1.,0.,0.));
#8369=DIRECTION('ref_axis',(0.,0.,-1.));
#8370=DIRECTION('center_axis',(-1.,0.,0.));
#8371=DIRECTION('ref_axis',(0.,0.98480775301223,-0.173648177666805));
#8372=DIRECTION('',(-1.,0.,0.));
#8373=DIRECTION('center_axis',(-1.,0.,0.));
#8374=DIRECTION('ref_axis',(0.,0.98480775301223,-0.173648177666805));
#8375=DIRECTION('',(-1.,0.,0.));
#8376=DIRECTION('center_axis',(0.,-0.984807753012213,0.173648177666902));
#8377=DIRECTION('ref_axis',(0.,-0.173648177666902,-0.984807753012213));
#8378=DIRECTION('',(0.,-0.173648177666902,-0.984807753012213));
#8379=DIRECTION('',(-1.,0.,0.));
#8380=DIRECTION('',(0.,-0.173648177666902,-0.984807753012213));
#8381=DIRECTION('center_axis',(1.,0.,0.));
#8382=DIRECTION('ref_axis',(0.,0.,-1.));
#8383=DIRECTION('center_axis',(-1.,0.,0.));
#8384=DIRECTION('ref_axis',(0.,0.98480775301223,-0.173648177666805));
#8385=DIRECTION('',(-1.,0.,0.));
#8386=DIRECTION('center_axis',(-1.,0.,0.));
#8387=DIRECTION('ref_axis',(0.,0.98480775301223,-0.173648177666805));
#8388=DIRECTION('',(-1.,0.,0.));
#8389=DIRECTION('center_axis',(0.,-0.984807753012213,0.173648177666902));
#8390=DIRECTION('ref_axis',(0.,-0.173648177666902,-0.984807753012213));
#8391=DIRECTION('',(0.,-0.173648177666902,-0.984807753012213));
#8392=DIRECTION('',(-1.,0.,0.));
#8393=DIRECTION('',(0.,-0.173648177666902,-0.984807753012213));
#8394=DIRECTION('center_axis',(1.,0.,0.));
#8395=DIRECTION('ref_axis',(0.,0.,-1.));
#8396=DIRECTION('center_axis',(-1.,0.,0.));
#8397=DIRECTION('ref_axis',(0.,0.98480775301223,-0.173648177666805));
#8398=DIRECTION('',(-1.,0.,0.));
#8399=DIRECTION('center_axis',(-1.,0.,0.));
#8400=DIRECTION('ref_axis',(0.,0.98480775301223,-0.173648177666805));
#8401=DIRECTION('',(-1.,0.,0.));
#8402=DIRECTION('center_axis',(0.,-0.984807753012213,0.173648177666902));
#8403=DIRECTION('ref_axis',(0.,-0.173648177666902,-0.984807753012213));
#8404=DIRECTION('',(0.,-0.173648177666902,-0.984807753012213));
#8405=DIRECTION('',(-1.,0.,0.));
#8406=DIRECTION('',(0.,-0.173648177666902,-0.984807753012213));
#8407=DIRECTION('center_axis',(1.,0.,0.));
#8408=DIRECTION('ref_axis',(0.,0.,-1.));
#8409=DIRECTION('',(1.,0.,0.));
#8410=DIRECTION('center_axis',(1.,0.,0.));
#8411=DIRECTION('ref_axis',(0.,-0.922857142859979,0.385142433227391));
#8412=DIRECTION('center_axis',(1.,0.,0.));
#8413=DIRECTION('ref_axis',(0.,-0.922857142859979,0.385142433227391));
#8414=DIRECTION('center_axis',(1.,0.,0.));
#8415=DIRECTION('ref_axis',(0.,0.,-1.));
#8416=DIRECTION('',(1.,0.,0.));
#8417=DIRECTION('center_axis',(1.,0.,0.));
#8418=DIRECTION('ref_axis',(0.,-0.922857142859979,0.385142433227391));
#8419=DIRECTION('center_axis',(1.,0.,0.));
#8420=DIRECTION('ref_axis',(0.,-0.922857142859979,0.385142433227391));
#8421=DIRECTION('center_axis',(1.,0.,0.));
#8422=DIRECTION('ref_axis',(0.,0.,-1.));
#8423=DIRECTION('',(1.,0.,0.));
#8424=DIRECTION('center_axis',(1.,0.,0.));
#8425=DIRECTION('ref_axis',(0.,-0.922857142859979,0.385142433227391));
#8426=DIRECTION('center_axis',(1.,0.,0.));
#8427=DIRECTION('ref_axis',(0.,-0.922857142859979,0.385142433227391));
#8428=DIRECTION('center_axis',(1.,0.,0.));
#8429=DIRECTION('ref_axis',(0.,0.,-1.));
#8430=DIRECTION('',(1.,0.,0.));
#8431=DIRECTION('center_axis',(1.,0.,0.));
#8432=DIRECTION('ref_axis',(0.,-0.922857142859979,0.385142433227391));
#8433=DIRECTION('center_axis',(1.,0.,0.));
#8434=DIRECTION('ref_axis',(0.,-0.922857142859979,0.385142433227391));
#8435=DIRECTION('center_axis',(1.,0.,0.));
#8436=DIRECTION('ref_axis',(0.,0.,-1.));
#8437=DIRECTION('',(1.,0.,0.));
#8438=DIRECTION('center_axis',(1.,0.,0.));
#8439=DIRECTION('ref_axis',(0.,-0.922857142859979,0.385142433227391));
#8440=DIRECTION('center_axis',(1.,0.,0.));
#8441=DIRECTION('ref_axis',(0.,-0.922857142859979,0.385142433227391));
#8442=DIRECTION('center_axis',(1.,0.,0.));
#8443=DIRECTION('ref_axis',(0.,0.,-1.));
#8444=DIRECTION('',(1.,0.,0.));
#8445=DIRECTION('center_axis',(1.,0.,0.));
#8446=DIRECTION('ref_axis',(0.,-0.922857142859979,0.385142433227391));
#8447=DIRECTION('center_axis',(1.,0.,0.));
#8448=DIRECTION('ref_axis',(0.,-0.922857142859979,0.385142433227391));
#8449=DIRECTION('center_axis',(1.,0.,0.));
#8450=DIRECTION('ref_axis',(0.,0.,-1.));
#8451=DIRECTION('',(1.,0.,0.));
#8452=DIRECTION('center_axis',(1.,0.,0.));
#8453=DIRECTION('ref_axis',(0.,-0.922857142859979,0.385142433227391));
#8454=DIRECTION('center_axis',(1.,0.,0.));
#8455=DIRECTION('ref_axis',(0.,-0.922857142859979,0.385142433227391));
#8456=DIRECTION('center_axis',(1.,0.,0.));
#8457=DIRECTION('ref_axis',(0.,0.,-1.));
#8458=DIRECTION('',(1.,0.,0.));
#8459=DIRECTION('center_axis',(1.,0.,0.));
#8460=DIRECTION('ref_axis',(0.,-0.922857142859979,0.385142433227391));
#8461=DIRECTION('center_axis',(1.,0.,0.));
#8462=DIRECTION('ref_axis',(0.,-0.922857142859979,0.385142433227391));
#8463=DIRECTION('center_axis',(0.,0.,1.));
#8464=DIRECTION('ref_axis',(-1.,0.,0.));
#8465=DIRECTION('',(-1.,0.,0.));
#8466=DIRECTION('',(0.,-1.,0.));
#8467=DIRECTION('',(1.,0.,0.));
#8468=DIRECTION('',(0.,1.,0.));
#8469=DIRECTION('center_axis',(0.,0.913545457642601,-0.4067366430758));
#8470=DIRECTION('ref_axis',(0.,0.4067366430758,0.913545457642601));
#8471=DIRECTION('',(1.,0.,0.));
#8472=DIRECTION('',(0.,0.4067366430758,0.913545457642601));
#8473=DIRECTION('',(1.,0.,0.));
#8474=DIRECTION('',(0.,0.4067366430758,0.913545457642601));
#8475=DIRECTION('center_axis',(1.,0.,0.));
#8476=DIRECTION('ref_axis',(0.,0.,-1.));
#8477=DIRECTION('',(0.,-1.,0.));
#8478=DIRECTION('',(0.,-0.4067366430758,-0.913545457642601));
#8479=DIRECTION('',(0.,0.,1.));
#8480=DIRECTION('center_axis',(0.,-0.913545457642601,0.4067366430758));
#8481=DIRECTION('ref_axis',(0.,-0.4067366430758,-0.913545457642601));
#8482=DIRECTION('',(1.,0.,0.));
#8483=DIRECTION('',(0.,-0.4067366430758,-0.913545457642601));
#8484=DIRECTION('center_axis',(1.,0.,0.));
#8485=DIRECTION('ref_axis',(0.,0.,-1.));
#8486=DIRECTION('',(0.,-1.,0.));
#8487=DIRECTION('',(0.,0.,1.));
#8488=DIRECTION('center_axis',(0.,0.913545457642601,-0.4067366430758));
#8489=DIRECTION('ref_axis',(0.,0.4067366430758,0.913545457642601));
#8490=DIRECTION('',(1.,0.,0.));
#8491=DIRECTION('',(0.,0.4067366430758,0.913545457642601));
#8492=DIRECTION('',(1.,0.,0.));
#8493=DIRECTION('',(0.,0.4067366430758,0.913545457642601));
#8494=DIRECTION('center_axis',(1.,0.,0.));
#8495=DIRECTION('ref_axis',(0.,0.,-1.));
#8496=DIRECTION('',(0.,-1.,0.));
#8497=DIRECTION('',(0.,-0.4067366430758,-0.913545457642601));
#8498=DIRECTION('',(0.,0.,1.));
#8499=DIRECTION('center_axis',(0.,-0.913545457642601,0.4067366430758));
#8500=DIRECTION('ref_axis',(0.,-0.4067366430758,-0.913545457642601));
#8501=DIRECTION('',(1.,0.,0.));
#8502=DIRECTION('',(0.,-0.4067366430758,-0.913545457642601));
#8503=DIRECTION('center_axis',(1.,0.,0.));
#8504=DIRECTION('ref_axis',(0.,0.,-1.));
#8505=DIRECTION('',(0.,-1.,0.));
#8506=DIRECTION('',(0.,0.,1.));
#8507=DIRECTION('center_axis',(0.,0.913545457642601,-0.4067366430758));
#8508=DIRECTION('ref_axis',(0.,0.4067366430758,0.913545457642601));
#8509=DIRECTION('',(1.,0.,0.));
#8510=DIRECTION('',(0.,0.4067366430758,0.913545457642601));
#8511=DIRECTION('',(1.,0.,0.));
#8512=DIRECTION('',(0.,0.4067366430758,0.913545457642601));
#8513=DIRECTION('center_axis',(1.,0.,0.));
#8514=DIRECTION('ref_axis',(0.,0.,-1.));
#8515=DIRECTION('',(0.,-1.,0.));
#8516=DIRECTION('',(0.,-0.4067366430758,-0.913545457642601));
#8517=DIRECTION('',(0.,0.,1.));
#8518=DIRECTION('center_axis',(0.,-0.913545457642601,0.4067366430758));
#8519=DIRECTION('ref_axis',(0.,-0.4067366430758,-0.913545457642601));
#8520=DIRECTION('',(1.,0.,0.));
#8521=DIRECTION('',(0.,-0.4067366430758,-0.913545457642601));
#8522=DIRECTION('center_axis',(1.,0.,0.));
#8523=DIRECTION('ref_axis',(0.,0.,-1.));
#8524=DIRECTION('',(0.,-1.,0.));
#8525=DIRECTION('',(0.,0.,1.));
#8526=DIRECTION('center_axis',(0.,0.913545457642601,-0.4067366430758));
#8527=DIRECTION('ref_axis',(0.,0.4067366430758,0.913545457642601));
#8528=DIRECTION('',(1.,0.,0.));
#8529=DIRECTION('',(0.,0.4067366430758,0.913545457642601));
#8530=DIRECTION('',(1.,0.,0.));
#8531=DIRECTION('',(0.,0.4067366430758,0.913545457642601));
#8532=DIRECTION('center_axis',(1.,0.,0.));
#8533=DIRECTION('ref_axis',(0.,0.,-1.));
#8534=DIRECTION('',(0.,-1.,0.));
#8535=DIRECTION('',(0.,-0.4067366430758,-0.913545457642601));
#8536=DIRECTION('',(0.,0.,1.));
#8537=DIRECTION('center_axis',(0.,-0.913545457642601,0.4067366430758));
#8538=DIRECTION('ref_axis',(0.,-0.4067366430758,-0.913545457642601));
#8539=DIRECTION('',(1.,0.,0.));
#8540=DIRECTION('',(0.,-0.4067366430758,-0.913545457642601));
#8541=DIRECTION('center_axis',(1.,0.,0.));
#8542=DIRECTION('ref_axis',(0.,0.,-1.));
#8543=DIRECTION('',(0.,-1.,0.));
#8544=DIRECTION('',(0.,0.,1.));
#8545=DIRECTION('center_axis',(0.,0.913545457642601,-0.4067366430758));
#8546=DIRECTION('ref_axis',(0.,0.4067366430758,0.913545457642601));
#8547=DIRECTION('',(1.,0.,0.));
#8548=DIRECTION('',(0.,0.4067366430758,0.913545457642601));
#8549=DIRECTION('',(1.,0.,0.));
#8550=DIRECTION('',(0.,0.4067366430758,0.913545457642601));
#8551=DIRECTION('center_axis',(1.,0.,0.));
#8552=DIRECTION('ref_axis',(0.,0.,-1.));
#8553=DIRECTION('',(0.,-1.,0.));
#8554=DIRECTION('',(0.,-0.4067366430758,-0.913545457642601));
#8555=DIRECTION('',(0.,0.,1.));
#8556=DIRECTION('center_axis',(0.,-0.913545457642601,0.4067366430758));
#8557=DIRECTION('ref_axis',(0.,-0.4067366430758,-0.913545457642601));
#8558=DIRECTION('',(1.,0.,0.));
#8559=DIRECTION('',(0.,-0.4067366430758,-0.913545457642601));
#8560=DIRECTION('center_axis',(1.,0.,0.));
#8561=DIRECTION('ref_axis',(0.,0.,-1.));
#8562=DIRECTION('',(0.,-1.,0.));
#8563=DIRECTION('',(0.,0.,1.));
#8564=DIRECTION('center_axis',(0.,0.913545457642601,-0.4067366430758));
#8565=DIRECTION('ref_axis',(0.,0.4067366430758,0.913545457642601));
#8566=DIRECTION('',(1.,0.,0.));
#8567=DIRECTION('',(0.,0.4067366430758,0.913545457642601));
#8568=DIRECTION('',(1.,0.,0.));
#8569=DIRECTION('',(0.,0.4067366430758,0.913545457642601));
#8570=DIRECTION('center_axis',(1.,0.,0.));
#8571=DIRECTION('ref_axis',(0.,0.,-1.));
#8572=DIRECTION('',(0.,-1.,0.));
#8573=DIRECTION('',(0.,-0.4067366430758,-0.913545457642601));
#8574=DIRECTION('',(0.,0.,1.));
#8575=DIRECTION('center_axis',(0.,-0.913545457642601,0.4067366430758));
#8576=DIRECTION('ref_axis',(0.,-0.4067366430758,-0.913545457642601));
#8577=DIRECTION('',(1.,0.,0.));
#8578=DIRECTION('',(0.,-0.4067366430758,-0.913545457642601));
#8579=DIRECTION('center_axis',(1.,0.,0.));
#8580=DIRECTION('ref_axis',(0.,0.,-1.));
#8581=DIRECTION('',(0.,-1.,0.));
#8582=DIRECTION('',(0.,0.,1.));
#8583=DIRECTION('center_axis',(0.,0.913545457642601,-0.4067366430758));
#8584=DIRECTION('ref_axis',(0.,0.4067366430758,0.913545457642601));
#8585=DIRECTION('',(1.,0.,0.));
#8586=DIRECTION('',(0.,0.4067366430758,0.913545457642601));
#8587=DIRECTION('',(1.,0.,0.));
#8588=DIRECTION('',(0.,0.4067366430758,0.913545457642601));
#8589=DIRECTION('center_axis',(1.,0.,0.));
#8590=DIRECTION('ref_axis',(0.,0.,-1.));
#8591=DIRECTION('',(0.,-1.,0.));
#8592=DIRECTION('',(0.,-0.4067366430758,-0.913545457642601));
#8593=DIRECTION('',(0.,0.,1.));
#8594=DIRECTION('center_axis',(0.,-0.913545457642601,0.4067366430758));
#8595=DIRECTION('ref_axis',(0.,-0.4067366430758,-0.913545457642601));
#8596=DIRECTION('',(1.,0.,0.));
#8597=DIRECTION('',(0.,-0.4067366430758,-0.913545457642601));
#8598=DIRECTION('center_axis',(1.,0.,0.));
#8599=DIRECTION('ref_axis',(0.,0.,-1.));
#8600=DIRECTION('',(0.,-1.,0.));
#8601=DIRECTION('',(0.,0.,1.));
#8602=DIRECTION('center_axis',(0.,0.913545457642601,-0.4067366430758));
#8603=DIRECTION('ref_axis',(0.,0.4067366430758,0.913545457642601));
#8604=DIRECTION('',(1.,0.,0.));
#8605=DIRECTION('',(0.,0.4067366430758,0.913545457642601));
#8606=DIRECTION('',(1.,0.,0.));
#8607=DIRECTION('',(0.,0.4067366430758,0.913545457642601));
#8608=DIRECTION('center_axis',(1.,0.,0.));
#8609=DIRECTION('ref_axis',(0.,0.,-1.));
#8610=DIRECTION('',(0.,-1.,0.));
#8611=DIRECTION('',(0.,-0.4067366430758,-0.913545457642601));
#8612=DIRECTION('',(0.,0.,1.));
#8613=DIRECTION('center_axis',(0.,-0.913545457642601,0.4067366430758));
#8614=DIRECTION('ref_axis',(0.,-0.4067366430758,-0.913545457642601));
#8615=DIRECTION('',(1.,0.,0.));
#8616=DIRECTION('',(0.,-0.4067366430758,-0.913545457642601));
#8617=DIRECTION('center_axis',(1.,0.,0.));
#8618=DIRECTION('ref_axis',(0.,0.,-1.));
#8619=DIRECTION('',(0.,-1.,0.));
#8620=DIRECTION('',(0.,0.,1.));
#8621=DIRECTION('center_axis',(0.,1.,0.));
#8622=DIRECTION('ref_axis',(-1.,0.,0.));
#8623=DIRECTION('',(1.,0.,0.));
#8624=DIRECTION('',(0.,0.,-1.));
#8625=DIRECTION('',(-1.,0.,0.));
#8626=DIRECTION('',(0.,0.,-1.));
#8627=DIRECTION('center_axis',(0.,1.,0.));
#8628=DIRECTION('ref_axis',(-1.,0.,0.));
#8629=DIRECTION('',(0.,0.,1.));
#8630=DIRECTION('',(-1.,0.,0.));
#8631=DIRECTION('',(0.,0.,1.));
#8632=DIRECTION('center_axis',(0.,1.,0.));
#8633=DIRECTION('ref_axis',(-1.,0.,0.));
#8634=DIRECTION('',(-1.,0.,0.));
#8635=DIRECTION('',(0.,0.,1.));
#8636=DIRECTION('',(1.,0.,0.));
#8637=DIRECTION('',(0.,0.,1.));
#8638=DIRECTION('center_axis',(0.,0.,1.));
#8639=DIRECTION('ref_axis',(-1.,0.,0.));
#8640=DIRECTION('',(0.,1.,0.));
#8641=DIRECTION('',(0.,1.,0.));
#8642=DIRECTION('',(1.,0.,0.));
#8643=DIRECTION('center_axis',(0.,0.,1.));
#8644=DIRECTION('ref_axis',(1.,0.,0.));
#8645=DIRECTION('',(0.,-1.,0.));
#8646=DIRECTION('',(1.,0.,0.));
#8647=DIRECTION('',(0.,-1.,0.));
#8648=DIRECTION('',(1.,0.,0.));
#8649=DIRECTION('center_axis',(0.,0.,1.));
#8650=DIRECTION('ref_axis',(1.,0.,0.));
#8651=DIRECTION('',(0.,-1.,0.));
#8652=DIRECTION('',(1.,0.,0.));
#8653=DIRECTION('',(0.,-1.,0.));
#8654=DIRECTION('',(-1.,0.,0.));
#8655=DIRECTION('center_axis',(1.,0.,0.));
#8656=DIRECTION('ref_axis',(0.,0.,-1.));
#8657=DIRECTION('',(0.,-1.,0.));
#8658=DIRECTION('',(0.,0.,-1.));
#8659=DIRECTION('',(0.,0.,-1.));
#8660=DIRECTION('center_axis',(0.,-1.,0.));
#8661=DIRECTION('ref_axis',(1.,0.,0.));
#8662=DIRECTION('',(-1.,0.,0.));
#8663=DIRECTION('',(0.,0.,-1.));
#8664=DIRECTION('center_axis',(1.,0.,0.));
#8665=DIRECTION('ref_axis',(0.,1.,0.));
#8666=DIRECTION('',(0.,-1.,0.));
#8667=DIRECTION('',(0.,0.,-1.));
#8668=DIRECTION('',(0.,-1.,0.));
#8669=DIRECTION('',(0.,0.,-1.));
#8670=DIRECTION('center_axis',(0.,-1.,0.));
#8671=DIRECTION('ref_axis',(1.,0.,0.));
#8672=DIRECTION('',(-1.,0.,0.));
#8673=DIRECTION('',(0.,0.,-1.));
#8674=DIRECTION('center_axis',(0.,-1.,0.));
#8675=DIRECTION('ref_axis',(1.,0.,0.));
#8676=DIRECTION('',(-1.,0.,0.));
#8677=DIRECTION('',(0.,0.,-1.));
#8678=DIRECTION('',(0.,0.,-1.));
#8679=DIRECTION('center_axis',(-1.,0.,0.));
#8680=DIRECTION('ref_axis',(0.,-1.,0.));
#8681=DIRECTION('',(0.,1.,0.));
#8682=DIRECTION('',(0.,0.,-1.));
#8683=DIRECTION('',(0.,0.,1.));
#8684=DIRECTION('',(0.,-1.,0.));
#8685=DIRECTION('center_axis',(0.,-1.,0.));
#8686=DIRECTION('ref_axis',(1.,0.,0.));
#8687=DIRECTION('',(-1.,0.,0.));
#8688=DIRECTION('',(0.,0.,-1.));
#8689=DIRECTION('center_axis',(-1.,0.,0.));
#8690=DIRECTION('ref_axis',(0.,0.,1.));
#8691=DIRECTION('',(0.,1.,0.));
#8692=DIRECTION('',(0.,0.,1.));
#8693=DIRECTION('center_axis',(0.,0.,-1.));
#8694=DIRECTION('ref_axis',(-1.,0.,0.));
#8695=DIRECTION('',(1.,0.,0.));
#8696=DIRECTION('',(0.,1.,0.));
#8697=DIRECTION('center_axis',(0.,0.,1.));
#8698=DIRECTION('ref_axis',(-0.588235294117625,-0.808689828521635,0.));
#8699=DIRECTION('',(0.,1.,0.));
#8700=DIRECTION('center_axis',(0.,0.,1.));
#8701=DIRECTION('ref_axis',(1.,0.,0.));
#8702=DIRECTION('',(-1.,0.,0.));
#8703=DIRECTION('',(0.,1.,0.));
#8704=DIRECTION('center_axis',(0.,0.,1.));
#8705=DIRECTION('ref_axis',(-0.588235294117625,-0.808689828521635,0.));
#8706=DIRECTION('',(0.,1.,0.));
#8707=DIRECTION('center_axis',(0.,0.,-1.));
#8708=DIRECTION('ref_axis',(-1.,0.,0.));
#8709=DIRECTION('',(1.,0.,0.));
#8710=DIRECTION('',(0.,-1.,0.));
#8711=DIRECTION('center_axis',(0.,0.,1.));
#8712=DIRECTION('ref_axis',(-0.588235294117625,-0.808689828521635,0.));
#8713=DIRECTION('',(0.,1.,0.));
#8714=DIRECTION('center_axis',(0.,0.,1.));
#8715=DIRECTION('ref_axis',(1.,0.,0.));
#8716=DIRECTION('',(-1.,0.,0.));
#8717=DIRECTION('',(0.,-1.,0.));
#8718=DIRECTION('center_axis',(0.,0.,1.));
#8719=DIRECTION('ref_axis',(-0.588235294117625,-0.808689828521635,0.));
#8720=DIRECTION('',(0.,1.,0.));
#8721=DIRECTION('center_axis',(0.,-1.,0.));
#8722=DIRECTION('ref_axis',(-1.,0.,0.));
#8723=DIRECTION('center_axis',(0.,1.,0.));
#8724=DIRECTION('ref_axis',(-0.988191575040066,0.,-0.153223402324295));
#8725=DIRECTION('',(0.,-1.,0.));
#8726=DIRECTION('center_axis',(0.,1.,0.));
#8727=DIRECTION('ref_axis',(-0.988191575040066,0.,-0.153223402324295));
#8728=DIRECTION('',(0.,-1.,0.));
#8729=DIRECTION('center_axis',(0.988191575040066,0.,0.153223402324295));
#8730=DIRECTION('ref_axis',(-0.153223402324295,0.,0.988191575040066));
#8731=DIRECTION('',(-0.153223402324295,0.,0.988191575040066));
#8732=DIRECTION('',(-0.153223402324295,0.,0.988191575040066));
#8733=DIRECTION('',(0.,-1.,0.));
#8734=DIRECTION('center_axis',(0.153223402324295,0.,-0.988191575040066));
#8735=DIRECTION('ref_axis',(0.988191575040066,0.,0.153223402324295));
#8736=DIRECTION('',(0.988191575040066,0.,0.153223402324295));
#8737=DIRECTION('',(0.988191575040066,0.,0.153223402324295));
#8738=DIRECTION('',(0.,-1.,0.));
#8739=DIRECTION('center_axis',(-0.988191575040066,0.,-0.153223402324295));
#8740=DIRECTION('ref_axis',(0.153223402324295,0.,-0.988191575040066));
#8741=DIRECTION('',(0.153223402324295,0.,-0.988191575040066));
#8742=DIRECTION('',(0.153223402324295,0.,-0.988191575040066));
#8743=DIRECTION('',(0.,-1.,0.));
#8744=DIRECTION('center_axis',(0.,-1.,0.));
#8745=DIRECTION('ref_axis',(-1.,0.,0.));
#8746=DIRECTION('center_axis',(0.,-1.,0.));
#8747=DIRECTION('ref_axis',(-0.855488769324536,0.,0.517821364526022));
#8748=DIRECTION('center_axis',(0.,-1.,0.));
#8749=DIRECTION('ref_axis',(-0.855488769324536,0.,0.517821364526022));
#8750=DIRECTION('',(0.,-1.,0.));
#8751=DIRECTION('center_axis',(1.,0.,0.));
#8752=DIRECTION('ref_axis',(0.,1.,0.));
#8753=DIRECTION('',(0.,-1.,0.));
#8754=DIRECTION('',(0.,0.,1.));
#8755=DIRECTION('',(0.,1.,0.));
#8756=DIRECTION('center_axis',(1.,0.,0.));
#8757=DIRECTION('ref_axis',(0.,1.,0.));
#8758=DIRECTION('',(0.,1.,0.));
#8759=DIRECTION('',(0.,0.,-1.));
#8760=DIRECTION('',(0.,1.,0.));
#8761=DIRECTION('',(0.,0.,-1.));
#8762=DIRECTION('center_axis',(1.,0.,0.));
#8763=DIRECTION('ref_axis',(0.,1.,0.));
#8764=DIRECTION('',(0.,-1.,0.));
#8765=DIRECTION('',(0.,1.,0.));
#8766=DIRECTION('',(0.,0.,1.));
#8767=DIRECTION('center_axis',(-0.707106781186548,0.,0.707106781186548));
#8768=DIRECTION('ref_axis',(-0.707106781186548,0.,-0.707106781186548));
#8769=DIRECTION('',(0.577350269189626,0.577350269189626,0.577350269189626));
#8770=DIRECTION('',(0.,-1.,0.));
#8771=DIRECTION('',(0.577350269189626,0.577350269189626,0.577350269189626));
#8772=DIRECTION('center_axis',(0.,-0.707106781186548,0.707106781186548));
#8773=DIRECTION('ref_axis',(0.,-0.707106781186548,-0.707106781186548));
#8774=DIRECTION('',(1.,0.,0.));
#8775=DIRECTION('',(-0.577350269189626,0.577350269189626,0.577350269189626));
#8776=DIRECTION('center_axis',(0.707106781186548,0.,0.707106781186548));
#8777=DIRECTION('ref_axis',(0.707106781186548,0.,-0.707106781186548));
#8778=DIRECTION('',(0.,1.,0.));
#8779=DIRECTION('',(-0.577350269189626,0.577350269189626,0.577350269189626));
#8780=DIRECTION('',(0.,1.,0.));
#8781=DIRECTION('center_axis',(-1.,0.,0.));
#8782=DIRECTION('ref_axis',(0.,-1.,0.));
#8783=DIRECTION('',(0.,0.,1.));
#8784=DIRECTION('',(0.,-1.,0.));
#8785=DIRECTION('center_axis',(-1.,0.,0.));
#8786=DIRECTION('ref_axis',(0.,-1.,0.));
#8787=DIRECTION('',(0.,-1.,0.));
#8788=DIRECTION('',(0.,0.,-1.));
#8789=DIRECTION('',(0.,-1.,0.));
#8790=DIRECTION('',(0.,0.,-1.));
#8791=DIRECTION('center_axis',(0.,0.,1.));
#8792=DIRECTION('ref_axis',(-1.,0.,0.));
#8793=DIRECTION('',(1.,0.,0.));
#8794=DIRECTION('',(-1.,0.,0.));
#8795=DIRECTION('',(-1.,0.,0.));
#8796=DIRECTION('',(1.,0.,0.));
#8797=DIRECTION('',(0.,-1.,0.));
#8798=DIRECTION('',(-1.,0.,0.));
#8799=DIRECTION('center_axis',(-1.,0.,0.));
#8800=DIRECTION('ref_axis',(0.,-1.,0.));
#8801=DIRECTION('',(0.,1.,0.));
#8802=DIRECTION('',(0.,0.,1.));
#8803=DIRECTION('center_axis',(0.,-1.,0.));
#8804=DIRECTION('ref_axis',(0.974864953211819,0.,0.222796595573895));
#8805=DIRECTION('center_axis',(0.,-1.,0.));
#8806=DIRECTION('ref_axis',(0.992274326346809,0.,-0.124063134222001));
#8807=DIRECTION('',(0.,-1.,0.));
#8808=DIRECTION('center_axis',(0.,-1.,0.));
#8809=DIRECTION('ref_axis',(0.992274326346809,0.,-0.124063134222001));
#8810=DIRECTION('',(0.,-1.,0.));
#8811=DIRECTION('center_axis',(0.992274326346834,0.,-0.124063134221804));
#8812=DIRECTION('ref_axis',(0.124063134221804,0.,0.992274326346834));
#8813=DIRECTION('',(0.124063134221804,0.,0.992274326346834));
#8814=DIRECTION('',(0.124063134221804,0.,0.992274326346834));
#8815=DIRECTION('',(0.,-1.,0.));
#8816=DIRECTION('center_axis',(-0.124063134221804,0.,-0.992274326346834));
#8817=DIRECTION('ref_axis',(0.992274326346834,0.,-0.124063134221804));
#8818=DIRECTION('',(0.992274326346834,0.,-0.124063134221804));
#8819=DIRECTION('',(0.992274326346834,0.,-0.124063134221804));
#8820=DIRECTION('',(0.,-1.,0.));
#8821=DIRECTION('center_axis',(-0.992274326346834,0.,0.124063134221804));
#8822=DIRECTION('ref_axis',(-0.124063134221804,0.,-0.992274326346834));
#8823=DIRECTION('',(-0.124063134221804,0.,-0.992274326346834));
#8824=DIRECTION('',(-0.124063134221804,0.,-0.992274326346834));
#8825=DIRECTION('',(0.,-1.,0.));
#8826=DIRECTION('center_axis',(0.,-1.,0.));
#8827=DIRECTION('ref_axis',(0.97486495321128,0.,0.222796595576256));
#8828=DIRECTION('center_axis',(0.,1.,0.));
#8829=DIRECTION('ref_axis',(0.83987247924568,0.,0.542783767817087));
#8830=DIRECTION('center_axis',(0.,1.,0.));
#8831=DIRECTION('ref_axis',(0.83987247924568,0.,0.542783767817087));
#8832=DIRECTION('',(0.,-1.,0.));
#8833=DIRECTION('center_axis',(0.,1.,0.));
#8834=DIRECTION('ref_axis',(1.,0.,0.));
#8835=DIRECTION('',(1.,0.,0.));
#8836=DIRECTION('center_axis',(0.,1.,0.));
#8837=DIRECTION('ref_axis',(-0.661437827766121,0.,0.750000000000024));
#8838=DIRECTION('center_axis',(0.,1.,0.));
#8839=DIRECTION('ref_axis',(1.,0.,0.));
#8840=DIRECTION('',(0.,1.,0.));
#8841=DIRECTION('',(0.,1.,0.));
#8842=DIRECTION('center_axis',(0.,1.,0.));
#8843=DIRECTION('ref_axis',(-0.661437827766121,0.,0.750000000000024));
#8844=DIRECTION('center_axis',(0.,1.,0.));
#8845=DIRECTION('ref_axis',(1.,0.,0.));
#8846=DIRECTION('',(1.,0.,0.));
#8847=DIRECTION('center_axis',(0.,1.,0.));
#8848=DIRECTION('ref_axis',(1.,0.,0.));
#8849=DIRECTION('',(-1.,0.,0.));
#8850=DIRECTION('center_axis',(0.,1.,0.));
#8851=DIRECTION('ref_axis',(-0.661437827766121,0.,0.750000000000024));
#8852=DIRECTION('center_axis',(0.,1.,0.));
#8853=DIRECTION('ref_axis',(1.,0.,0.));
#8854=DIRECTION('',(0.,1.,0.));
#8855=DIRECTION('',(0.,1.,0.));
#8856=DIRECTION('center_axis',(0.,1.,0.));
#8857=DIRECTION('ref_axis',(-0.661437827766121,0.,0.750000000000024));
#8858=DIRECTION('center_axis',(0.,1.,0.));
#8859=DIRECTION('ref_axis',(1.,0.,0.));
#8860=DIRECTION('',(-1.,0.,0.));
#8861=DIRECTION('center_axis',(0.,1.,0.));
#8862=DIRECTION('ref_axis',(-1.,0.,0.));
#8863=DIRECTION('',(-0.707106781186547,0.,0.707106781186547));
#8864=DIRECTION('',(-1.,0.,0.));
#8865=DIRECTION('',(-0.707106781186547,0.,-0.707106781186547));
#8866=DIRECTION('center_axis',(-0.707106781186548,0.,0.707106781186548));
#8867=DIRECTION('ref_axis',(-0.707106781186548,0.,-0.707106781186548));
#8868=DIRECTION('',(0.,-1.,0.));
#8869=DIRECTION('',(0.577350269189626,-0.577350269189626,0.577350269189626));
#8870=DIRECTION('center_axis',(0.,0.707106781186548,0.707106781186548));
#8871=DIRECTION('ref_axis',(0.,0.707106781186548,-0.707106781186548));
#8872=DIRECTION('',(-1.,0.,0.));
#8873=DIRECTION('',(0.577350269189626,-0.577350269189626,0.577350269189626));
#8874=DIRECTION('center_axis',(-0.707106781186548,0.,0.707106781186548));
#8875=DIRECTION('ref_axis',(-0.707106781186548,0.,-0.707106781186548));
#8876=DIRECTION('',(0.,-1.,0.));
#8877=DIRECTION('',(0.577350269189626,-0.577350269189626,0.577350269189626));
#8878=DIRECTION('center_axis',(0.,0.707106781186548,0.707106781186548));
#8879=DIRECTION('ref_axis',(0.,0.707106781186548,-0.707106781186548));
#8880=DIRECTION('',(-1.,0.,0.));
#8881=DIRECTION('',(0.577350269189626,-0.577350269189626,0.577350269189626));
#8882=DIRECTION('center_axis',(-0.707106781186548,0.,0.707106781186548));
#8883=DIRECTION('ref_axis',(-0.707106781186548,0.,-0.707106781186548));
#8884=DIRECTION('',(0.,-1.,0.));
#8885=DIRECTION('',(0.577350269189626,-0.577350269189626,0.577350269189626));
#8886=DIRECTION('center_axis',(0.707106781186548,0.,0.707106781186548));
#8887=DIRECTION('ref_axis',(0.707106781186548,0.,-0.707106781186548));
#8888=DIRECTION('',(-0.577350269189626,-0.577350269189626,0.577350269189626));
#8889=DIRECTION('',(0.,1.,0.));
#8890=DIRECTION('',(-0.577350269189626,-0.577350269189626,0.577350269189626));
#8891=DIRECTION('center_axis',(0.,0.707106781186548,0.707106781186548));
#8892=DIRECTION('ref_axis',(0.,0.707106781186548,-0.707106781186548));
#8893=DIRECTION('',(-1.,0.,0.));
#8894=DIRECTION('',(-0.577350269189626,-0.577350269189626,0.577350269189626));
#8895=DIRECTION('center_axis',(0.707106781186548,0.,0.707106781186548));
#8896=DIRECTION('ref_axis',(0.707106781186548,0.,-0.707106781186548));
#8897=DIRECTION('',(0.,1.,0.));
#8898=DIRECTION('',(-0.577350269189626,-0.577350269189626,0.577350269189626));
#8899=DIRECTION('center_axis',(0.,0.707106781186548,0.707106781186548));
#8900=DIRECTION('ref_axis',(0.,0.707106781186548,-0.707106781186548));
#8901=DIRECTION('',(-1.,0.,0.));
#8902=DIRECTION('',(-0.577350269189626,-0.577350269189626,0.577350269189626));
#8903=DIRECTION('center_axis',(0.707106781186548,0.,0.707106781186548));
#8904=DIRECTION('ref_axis',(0.707106781186548,0.,-0.707106781186548));
#8905=DIRECTION('',(0.,1.,0.));
#8906=DIRECTION('center_axis',(0.,-1.,0.));
#8907=DIRECTION('ref_axis',(0.,0.,-1.));
#8908=DIRECTION('',(0.,0.,-1.));
#8909=DIRECTION('',(1.,0.,0.));
#8910=DIRECTION('',(0.,0.,1.));
#8911=DIRECTION('',(-1.,0.,0.));
#8912=DIRECTION('center_axis',(0.,-1.,0.));
#8913=DIRECTION('ref_axis',(0.,0.,-1.));
#8914=DIRECTION('',(0.,0.,-1.));
#8915=DIRECTION('',(1.,0.,0.));
#8916=DIRECTION('',(0.,0.,1.));
#8917=DIRECTION('',(-1.,0.,0.));
#8918=DIRECTION('center_axis',(0.,-1.,0.));
#8919=DIRECTION('ref_axis',(0.,0.,-1.));
#8920=DIRECTION('',(1.,0.,0.));
#8921=DIRECTION('',(0.,0.,1.));
#8922=DIRECTION('',(-1.,0.,0.));
#8923=DIRECTION('',(0.,0.,-1.));
#8924=DIRECTION('center_axis',(0.,-1.,0.));
#8925=DIRECTION('ref_axis',(0.,0.,-1.));
#8926=DIRECTION('',(1.,0.,0.));
#8927=DIRECTION('',(0.,0.,1.));
#8928=DIRECTION('',(-1.,0.,0.));
#8929=DIRECTION('',(0.,0.,-1.));
#8930=DIRECTION('center_axis',(0.,-1.,0.));
#8931=DIRECTION('ref_axis',(0.,0.,-1.));
#8932=DIRECTION('',(1.,0.,0.));
#8933=DIRECTION('',(0.,0.,1.));
#8934=DIRECTION('',(-1.,0.,0.));
#8935=DIRECTION('',(0.,0.,-1.));
#8936=DIRECTION('center_axis',(0.,-1.,0.));
#8937=DIRECTION('ref_axis',(0.,0.,-1.));
#8938=DIRECTION('',(1.,0.,0.));
#8939=DIRECTION('',(0.,0.,1.));
#8940=DIRECTION('',(-1.,0.,0.));
#8941=DIRECTION('',(0.,0.,-1.));
#8942=DIRECTION('center_axis',(0.,-1.,0.));
#8943=DIRECTION('ref_axis',(0.,0.,-1.));
#8944=DIRECTION('',(0.,0.,1.));
#8945=DIRECTION('',(-1.,0.,0.));
#8946=DIRECTION('',(0.,0.,-1.));
#8947=DIRECTION('',(1.,0.,0.));
#8948=DIRECTION('center_axis',(0.,-1.,0.));
#8949=DIRECTION('ref_axis',(0.,0.,-1.));
#8950=DIRECTION('',(0.,0.,-1.));
#8951=DIRECTION('',(1.,0.,0.));
#8952=DIRECTION('',(0.,0.,1.));
#8953=DIRECTION('',(-1.,0.,0.));
#8954=DIRECTION('center_axis',(0.,-1.,0.));
#8955=DIRECTION('ref_axis',(0.,0.,-1.));
#8956=DIRECTION('',(0.,0.,-1.));
#8957=DIRECTION('',(1.,0.,0.));
#8958=DIRECTION('',(0.,0.,1.));
#8959=DIRECTION('',(-1.,0.,0.));
#8960=DIRECTION('center_axis',(0.,-1.,0.));
#8961=DIRECTION('ref_axis',(0.,0.,-1.));
#8962=DIRECTION('',(-1.,0.,0.));
#8963=DIRECTION('',(0.,0.,-1.));
#8964=DIRECTION('',(1.,0.,0.));
#8965=DIRECTION('',(0.,0.,1.));
#8966=DIRECTION('center_axis',(0.,-1.,0.));
#8967=DIRECTION('ref_axis',(0.,0.,-1.));
#8968=DIRECTION('',(-1.,0.,0.));
#8969=DIRECTION('',(0.,0.,-1.));
#8970=DIRECTION('',(1.,0.,0.));
#8971=DIRECTION('',(0.,0.,1.));
#8972=DIRECTION('center_axis',(0.,-1.,0.));
#8973=DIRECTION('ref_axis',(0.,0.,-1.));
#8974=DIRECTION('',(0.,0.,1.));
#8975=DIRECTION('',(-1.,0.,0.));
#8976=DIRECTION('',(0.,0.,-1.));
#8977=DIRECTION('',(1.,0.,0.));
#8978=DIRECTION('center_axis',(0.,-1.,0.));
#8979=DIRECTION('ref_axis',(0.,0.,-1.));
#8980=DIRECTION('',(0.,0.,1.));
#8981=DIRECTION('',(-1.,0.,0.));
#8982=DIRECTION('',(0.,0.,-1.));
#8983=DIRECTION('',(1.,0.,0.));
#8984=DIRECTION('center_axis',(0.,-1.,0.));
#8985=DIRECTION('ref_axis',(0.,0.,-1.));
#8986=DIRECTION('',(0.,0.,1.));
#8987=DIRECTION('',(-1.,0.,0.));
#8988=DIRECTION('',(0.,0.,-1.));
#8989=DIRECTION('',(1.,0.,0.));
#8990=DIRECTION('center_axis',(0.,-1.,0.));
#8991=DIRECTION('ref_axis',(0.,0.,-1.));
#8992=DIRECTION('',(0.,0.,1.));
#8993=DIRECTION('',(-1.,0.,0.));
#8994=DIRECTION('',(0.,0.,-1.));
#8995=DIRECTION('',(1.,0.,0.));
#8996=DIRECTION('center_axis',(0.,-1.,0.));
#8997=DIRECTION('ref_axis',(0.,0.,-1.));
#8998=DIRECTION('',(-1.,0.,0.));
#8999=DIRECTION('',(0.,0.,-1.));
#9000=DIRECTION('',(1.,0.,0.));
#9001=DIRECTION('',(0.,0.,1.));
#9002=DIRECTION('center_axis',(0.,-1.,0.));
#9003=DIRECTION('ref_axis',(0.,0.,-1.));
#9004=DIRECTION('',(-1.,0.,0.));
#9005=DIRECTION('',(0.,0.,-1.));
#9006=DIRECTION('',(1.,0.,0.));
#9007=DIRECTION('',(0.,0.,1.));
#9008=DIRECTION('center_axis',(0.,-1.,0.));
#9009=DIRECTION('ref_axis',(0.,0.,-1.));
#9010=DIRECTION('',(0.,0.,1.));
#9011=DIRECTION('',(-1.,0.,0.));
#9012=DIRECTION('',(0.,0.,-1.));
#9013=DIRECTION('',(1.,0.,0.));
#9014=DIRECTION('center_axis',(-1.,0.,0.));
#9015=DIRECTION('ref_axis',(0.,0.,1.));
#9016=DIRECTION('',(0.,0.97690001739627,0.213696878805394));
#9017=DIRECTION('',(0.,0.,1.));
#9018=DIRECTION('',(0.,1.,0.));
#9019=DIRECTION('center_axis',(-1.,0.,0.));
#9020=DIRECTION('ref_axis',(0.,0.,1.));
#9021=DIRECTION('',(-1.89800956112294E-14,-0.97690001739627,0.213696878805394));
#9022=DIRECTION('',(0.,1.,0.));
#9023=DIRECTION('',(0.,0.,1.));
#9024=DIRECTION('center_axis',(-0.97690001739627,-0.213696878805394,0.));
#9025=DIRECTION('ref_axis',(-0.213696878805394,0.97690001739627,0.));
#9026=DIRECTION('center_axis',(-0.97690001739627,-0.213696878805394,0.));
#9027=DIRECTION('ref_axis',(0.213696878805394,-0.97690001739627,0.));
#9028=DIRECTION('',(0.,0.,1.));
#9029=DIRECTION('center_axis',(0.97690001739627,0.213696878805394,0.));
#9030=DIRECTION('ref_axis',(0.213696878805394,-0.97690001739627,0.));
#9031=DIRECTION('',(0.213696878805394,-0.97690001739627,0.));
#9032=DIRECTION('',(0.,0.,-1.));
#9033=DIRECTION('',(-0.213696878805394,0.97690001739627,-1.51840764889795E-14));
#9034=DIRECTION('center_axis',(0.,0.,1.));
#9035=DIRECTION('ref_axis',(1.,0.,0.));
#9036=DIRECTION('',(0.,0.,-1.));
#9037=DIRECTION('center_axis',(0.,0.,1.));
#9038=DIRECTION('ref_axis',(-1.,0.,0.));
#9039=DIRECTION('',(0.,0.,-1.));
#9040=DIRECTION('',(0.,0.,1.));
#9041=DIRECTION('center_axis',(1.,0.,0.));
#9042=DIRECTION('ref_axis',(0.,0.,-1.));
#9043=DIRECTION('',(0.,0.97690001739627,-0.213696878805394));
#9044=DIRECTION('',(0.,1.,0.));
#9045=DIRECTION('center_axis',(0.,-0.213696878805394,-0.97690001739627));
#9046=DIRECTION('ref_axis',(0.,0.97690001739627,-0.213696878805394));
#9047=DIRECTION('center_axis',(0.,-0.213696878805394,-0.97690001739627));
#9048=DIRECTION('ref_axis',(0.,-0.97690001739627,0.213696878805394));
#9049=DIRECTION('',(-1.,0.,0.));
#9050=DIRECTION('center_axis',(0.,0.213696878805394,0.97690001739627));
#9051=DIRECTION('ref_axis',(0.,-0.97690001739627,0.213696878805394));
#9052=DIRECTION('center_axis',(0.,1.,0.));
#9053=DIRECTION('ref_axis',(-1.,0.,0.));
#9054=DIRECTION('',(0.,0.,-1.));
#9055=DIRECTION('center_axis',(0.,-1.,0.));
#9056=DIRECTION('ref_axis',(0.0384615384615414,0.,0.999260081289737));
#9057=DIRECTION('',(-1.,0.,0.));
#9058=DIRECTION('center_axis',(0.,-1.,0.));
#9059=DIRECTION('ref_axis',(1.,0.,0.));
#9060=DIRECTION('',(0.,0.,-1.));
#9061=DIRECTION('',(-1.,0.,0.));
#9062=DIRECTION('center_axis',(0.,-1.,0.));
#9063=DIRECTION('ref_axis',(0.0384615384615414,0.,0.999260081289737));
#9064=DIRECTION('center_axis',(0.,0.,-1.));
#9065=DIRECTION('ref_axis',(-1.,0.,0.));
#9066=DIRECTION('',(0.,1.,0.));
#9067=DIRECTION('',(-0.213696878805394,-0.97690001739627,2.27761147334693E-14));
#9068=DIRECTION('',(0.,1.,0.));
#9069=DIRECTION('center_axis',(1.,0.,0.));
#9070=DIRECTION('ref_axis',(0.,0.,-1.));
#9071=DIRECTION('',(0.,-0.97690001739627,-0.213696878805394));
#9072=DIRECTION('',(0.,1.,0.));
#9073=DIRECTION('',(0.,0.,1.));
#9074=DIRECTION('center_axis',(0.,0.,1.));
#9075=DIRECTION('ref_axis',(1.,0.,0.));
#9076=DIRECTION('',(0.,0.,-1.));
#9077=DIRECTION('center_axis',(0.,0.,1.));
#9078=DIRECTION('ref_axis',(-1.,0.,0.));
#9079=DIRECTION('',(0.,0.,-1.));
#9080=DIRECTION('center_axis',(0.97690001739627,-0.213696878805394,0.));
#9081=DIRECTION('ref_axis',(0.213696878805394,0.97690001739627,0.));
#9082=DIRECTION('center_axis',(0.97690001739627,-0.213696878805394,0.));
#9083=DIRECTION('ref_axis',(-0.213696878805394,-0.97690001739627,0.));
#9084=DIRECTION('',(0.,0.,-1.));
#9085=DIRECTION('center_axis',(-0.97690001739627,0.213696878805394,0.));
#9086=DIRECTION('ref_axis',(-0.213696878805394,-0.97690001739627,0.));
#9087=DIRECTION('',(0.,0.,1.));
#9088=DIRECTION('',(0.213696878805394,0.97690001739627,0.));
#9089=DIRECTION('center_axis',(0.,1.,0.));
#9090=DIRECTION('ref_axis',(1.,0.,0.));
#9091=DIRECTION('',(1.,0.,0.));
#9092=DIRECTION('center_axis',(0.,1.,0.));
#9093=DIRECTION('ref_axis',(1.,0.,0.));
#9094=DIRECTION('center_axis',(0.,1.,0.));
#9095=DIRECTION('ref_axis',(0.,0.,1.));
#9096=DIRECTION('center_axis',(0.,1.,0.));
#9097=DIRECTION('ref_axis',(-1.,0.,0.));
#9098=DIRECTION('center_axis',(0.,1.,0.));
#9099=DIRECTION('ref_axis',(0.,0.,-1.));
#9100=DIRECTION('center_axis',(0.,-0.213696878805394,0.97690001739627));
#9101=DIRECTION('ref_axis',(0.,0.97690001739627,0.213696878805394));
#9102=DIRECTION('center_axis',(0.,-0.213696878805394,0.97690001739627));
#9103=DIRECTION('ref_axis',(0.,-0.97690001739627,-0.213696878805394));
#9104=DIRECTION('center_axis',(0.,-0.213696878805394,0.97690001739627));
#9105=DIRECTION('ref_axis',(0.,-0.97690001739627,-0.213696878805394));
#9106=DIRECTION('center_axis',(0.,-1.,0.));
#9107=DIRECTION('ref_axis',(1.,0.,0.));
#9108=DIRECTION('',(0.,0.,-1.));
#9109=DIRECTION('',(-1.,0.,0.));
#9110=DIRECTION('center_axis',(0.,1.,0.));
#9111=DIRECTION('ref_axis',(-0.0384615384615414,0.,0.999260081289737));
#9112=DIRECTION('center_axis',(0.,1.,0.));
#9113=DIRECTION('ref_axis',(-1.,0.,0.));
#9114=DIRECTION('',(-1.846727645954E-12,0.,-1.));
#9115=DIRECTION('center_axis',(0.,1.,0.));
#9116=DIRECTION('ref_axis',(-0.0384615384615414,0.,0.999260081289737));
#9117=DIRECTION('',(-1.,0.,0.));
#9118=DIRECTION('center_axis',(0.,0.,-1.));
#9119=DIRECTION('ref_axis',(-1.,0.,0.));
#9120=DIRECTION('',(0.,1.,0.));
#9121=DIRECTION('',(0.,1.,0.));
#9122=DIRECTION('',(-0.213696878805394,0.97690001739627,0.));
#9123=DIRECTION('center_axis',(-1.,0.,0.));
#9124=DIRECTION('ref_axis',(0.,0.,1.));
#9125=DIRECTION('',(0.,-0.97690001739627,0.213696878805394));
#9126=DIRECTION('',(0.,1.,0.));
#9127=DIRECTION('',(0.,1.7763568394E-14,1.));
#9128=DIRECTION('center_axis',(0.,0.,1.));
#9129=DIRECTION('ref_axis',(1.,0.,0.));
#9130=DIRECTION('',(0.,0.,-1.));
#9131=DIRECTION('center_axis',(0.,0.,1.));
#9132=DIRECTION('ref_axis',(-1.,0.,0.));
#9133=DIRECTION('',(0.,0.,-1.));
#9134=DIRECTION('',(0.,0.,1.));
#9135=DIRECTION('center_axis',(1.,0.,0.));
#9136=DIRECTION('ref_axis',(0.,0.,-1.));
#9137=DIRECTION('',(1.13880573667397E-14,0.97690001739627,-0.213696878805394));
#9138=DIRECTION('',(0.,1.,0.));
#9139=DIRECTION('center_axis',(0.,-0.213696878805394,-0.97690001739627));
#9140=DIRECTION('ref_axis',(0.,0.97690001739627,-0.213696878805394));
#9141=DIRECTION('center_axis',(0.,-0.213696878805394,-0.97690001739627));
#9142=DIRECTION('ref_axis',(0.,-0.97690001739627,0.213696878805394));
#9143=DIRECTION('',(-1.,0.,0.));
#9144=DIRECTION('center_axis',(0.,0.213696878805394,0.97690001739627));
#9145=DIRECTION('ref_axis',(0.,-0.97690001739627,0.213696878805394));
#9146=DIRECTION('center_axis',(1.,0.,0.));
#9147=DIRECTION('ref_axis',(0.,0.,-1.));
#9148=DIRECTION('',(0.,-0.97690001739627,-0.213696878805394));
#9149=DIRECTION('',(0.,1.,0.));
#9150=DIRECTION('',(0.,0.,1.));
#9151=DIRECTION('center_axis',(0.97690001739627,-0.213696878805394,0.));
#9152=DIRECTION('ref_axis',(0.213696878805394,0.97690001739627,0.));
#9153=DIRECTION('center_axis',(0.97690001739627,-0.213696878805394,0.));
#9154=DIRECTION('ref_axis',(-0.213696878805394,-0.97690001739627,0.));
#9155=DIRECTION('',(0.,0.,-1.));
#9156=DIRECTION('center_axis',(-0.97690001739627,0.213696878805394,0.));
#9157=DIRECTION('ref_axis',(-0.213696878805394,-0.97690001739627,0.));
#9158=DIRECTION('',(-0.213696878805394,-0.97690001739627,0.));
#9159=DIRECTION('',(0.,0.,1.));
#9160=DIRECTION('',(0.213696878805394,0.97690001739627,0.));
#9161=DIRECTION('center_axis',(0.,0.,1.));
#9162=DIRECTION('ref_axis',(1.,0.,0.));
#9163=DIRECTION('',(0.,1.7763568394E-14,1.));
#9164=DIRECTION('',(0.,0.,-1.));
#9165=DIRECTION('center_axis',(0.,0.,1.));
#9166=DIRECTION('ref_axis',(-1.,0.,0.));
#9167=DIRECTION('',(0.,0.,-1.));
#9168=DIRECTION('center_axis',(-1.,0.,0.));
#9169=DIRECTION('ref_axis',(0.,0.,1.));
#9170=DIRECTION('',(0.,0.97690001739627,0.213696878805394));
#9171=DIRECTION('',(0.,1.,0.));
#9172=DIRECTION('center_axis',(0.,-0.213696878805394,0.97690001739627));
#9173=DIRECTION('ref_axis',(0.,0.97690001739627,0.213696878805394));
#9174=DIRECTION('center_axis',(0.,-0.213696878805394,0.97690001739627));
#9175=DIRECTION('ref_axis',(0.,-0.97690001739627,-0.213696878805394));
#9176=DIRECTION('',(1.,0.,0.));
#9177=DIRECTION('center_axis',(0.,0.213696878805394,-0.97690001739627));
#9178=DIRECTION('ref_axis',(0.,-0.97690001739627,-0.213696878805394));
#9179=DIRECTION('center_axis',(0.,1.,0.));
#9180=DIRECTION('ref_axis',(1.,0.,0.));
#9181=DIRECTION('',(0.,0.,1.));
#9182=DIRECTION('center_axis',(0.,1.,0.));
#9183=DIRECTION('ref_axis',(0.,0.,1.));
#9184=DIRECTION('center_axis',(0.,1.,0.));
#9185=DIRECTION('ref_axis',(-1.,0.,0.));
#9186=DIRECTION('center_axis',(0.,1.,0.));
#9187=DIRECTION('ref_axis',(0.,0.,-1.));
#9188=DIRECTION('center_axis',(0.,1.,0.));
#9189=DIRECTION('ref_axis',(1.,0.,0.));
#9190=DIRECTION('center_axis',(-0.97690001739627,-0.213696878805394,0.));
#9191=DIRECTION('ref_axis',(-0.213696878805394,0.97690001739627,0.));
#9192=DIRECTION('center_axis',(-0.97690001739627,-0.213696878805394,0.));
#9193=DIRECTION('ref_axis',(0.213696878805394,-0.97690001739627,0.));
#9194=DIRECTION('center_axis',(-0.97690001739627,-0.213696878805394,0.));
#9195=DIRECTION('ref_axis',(0.213696878805394,-0.97690001739627,0.));
#9196=DIRECTION('',(0.213696878805394,-0.97690001739627,0.));
#9197=DIRECTION('',(0.,0.,-1.));
#9198=DIRECTION('center_axis',(-1.,0.,0.));
#9199=DIRECTION('ref_axis',(0.,-1.,0.));
#9200=DIRECTION('',(0.,0.,-1.));
#9201=DIRECTION('',(0.,-1.,0.));
#9202=DIRECTION('',(0.,0.,-1.));
#9203=DIRECTION('',(0.,-1.,0.));
#9204=DIRECTION('center_axis',(0.,-1.,0.));
#9205=DIRECTION('ref_axis',(1.,0.,0.));
#9206=DIRECTION('center_axis',(0.,-1.,0.));
#9207=DIRECTION('ref_axis',(0.659375000000015,0.,-0.751814212006517));
#9208=DIRECTION('',(0.,-1.,0.));
#9209=DIRECTION('center_axis',(0.,-1.,0.));
#9210=DIRECTION('ref_axis',(0.659375000000015,0.,-0.751814212006517));
#9211=DIRECTION('center_axis',(0.,1.,0.));
#9212=DIRECTION('ref_axis',(-1.,0.,0.));
#9213=DIRECTION('',(-1.,0.,0.));
#9214=DIRECTION('',(0.,0.,-1.));
#9215=DIRECTION('',(-1.,0.,0.));
#9216=DIRECTION('center_axis',(1.,0.,0.));
#9217=DIRECTION('ref_axis',(0.,0.,-1.));
#9218=DIRECTION('',(0.,1.,0.));
#9219=DIRECTION('',(0.,0.,-1.));
#9220=DIRECTION('',(0.,-1.,0.));
#9221=DIRECTION('',(0.,0.,-1.));
#9222=DIRECTION('center_axis',(1.,0.,0.));
#9223=DIRECTION('ref_axis',(0.,0.,-1.));
#9224=DIRECTION('',(0.,0.,-1.));
#9225=DIRECTION('',(0.,1.,0.));
#9226=DIRECTION('',(0.,0.,1.));
#9227=DIRECTION('',(0.,-1.,0.));
#9228=DIRECTION('center_axis',(-0.855488769324536,0.,0.517821364526022));
#9229=DIRECTION('ref_axis',(-0.517821364526022,0.,-0.855488769324536));
#9230=DIRECTION('',(0.,-1.,0.));
#9231=DIRECTION('',(-0.517821364526022,0.,-0.855488769324536));
#9232=DIRECTION('',(-0.517821364526022,0.,-0.855488769324536));
#9233=DIRECTION('center_axis',(0.,-1.,0.));
#9234=DIRECTION('ref_axis',(-1.,0.,0.));
#9235=DIRECTION('center_axis',(0.,-1.,0.));
#9236=DIRECTION('ref_axis',(-0.491008470127539,0.,0.871154798105947));
#9237=DIRECTION('',(0.,0.,1.));
#9238=DIRECTION('',(0.517821364526022,0.,0.855488769324536));
#9239=DIRECTION('center_axis',(0.855488769324536,0.,-0.517821364526022));
#9240=DIRECTION('ref_axis',(0.517821364526022,0.,0.855488769324536));
#9241=DIRECTION('',(0.,-1.,0.));
#9242=DIRECTION('',(0.517821364526022,0.,0.855488769324536));
#9243=DIRECTION('center_axis',(0.,-1.,0.));
#9244=DIRECTION('ref_axis',(-1.,0.,0.));
#9245=DIRECTION('center_axis',(0.,1.,0.));
#9246=DIRECTION('ref_axis',(-0.491008470127539,0.,0.871154798105947));
#9247=DIRECTION('',(0.,0.,1.));
#9248=DIRECTION('center_axis',(0.,0.707106781186548,0.707106781186548));
#9249=DIRECTION('ref_axis',(0.,0.707106781186548,-0.707106781186548));
#9250=DIRECTION('',(-1.,0.,0.));
#9251=DIRECTION('',(0.,-0.707106781186547,0.707106781186547));
#9252=DIRECTION('',(-1.,0.,0.));
#9253=DIRECTION('center_axis',(0.,-1.,0.));
#9254=DIRECTION('ref_axis',(1.,0.,0.));
#9255=DIRECTION('',(0.,0.,1.));
#9256=DIRECTION('',(1.,0.,0.));
#9257=DIRECTION('center_axis',(0.,0.,1.));
#9258=DIRECTION('ref_axis',(-1.,0.,0.));
#9259=DIRECTION('',(0.,-1.,0.));
#9260=DIRECTION('',(-1.,0.,0.));
#9261=DIRECTION('center_axis',(0.,1.,0.));
#9262=DIRECTION('ref_axis',(-1.,0.,0.));
#9263=DIRECTION('',(1.,0.,0.));
#9264=DIRECTION('',(0.,0.,1.));
#9265=DIRECTION('center_axis',(0.,-0.707106781186548,0.707106781186548));
#9266=DIRECTION('ref_axis',(0.,-0.707106781186548,-0.707106781186548));
#9267=DIRECTION('',(0.,-0.707106781186547,-0.707106781186547));
#9268=DIRECTION('',(1.,0.,0.));
#9269=DIRECTION('center_axis',(0.,0.,1.));
#9270=DIRECTION('ref_axis',(-1.,0.,0.));
#9271=DIRECTION('',(1.,0.,0.));
#9272=DIRECTION('',(0.,1.,0.));
#9273=DIRECTION('center_axis',(0.,0.,1.));
#9274=DIRECTION('ref_axis',(1.,0.,0.));
#9275=DIRECTION('',(-1.,0.,0.));
#9276=DIRECTION('center_axis',(0.,0.,1.));
#9277=DIRECTION('ref_axis',(0.,1.,0.));
#9278=DIRECTION('',(0.,-1.,0.));
#9279=DIRECTION('center_axis',(0.,-0.707106781186548,0.707106781186548));
#9280=DIRECTION('ref_axis',(0.,-0.707106781186548,-0.707106781186548));
#9281=DIRECTION('',(0.,0.707106781186547,0.707106781186547));
#9282=DIRECTION('',(1.,0.,0.));
#9283=DIRECTION('center_axis',(0.,1.,0.));
#9284=DIRECTION('ref_axis',(-1.,0.,0.));
#9285=DIRECTION('',(0.,0.,1.));
#9286=DIRECTION('',(-1.,0.,0.));
#9287=DIRECTION('center_axis',(0.,0.,1.));
#9288=DIRECTION('ref_axis',(-1.,0.,0.));
#9289=DIRECTION('',(0.,-1.,0.));
#9290=DIRECTION('',(1.,0.,0.));
#9291=DIRECTION('center_axis',(0.,-1.,0.));
#9292=DIRECTION('ref_axis',(1.,0.,0.));
#9293=DIRECTION('',(-1.,0.,0.));
#9294=DIRECTION('',(0.,0.,1.));
#9295=DIRECTION('center_axis',(0.,0.707106781186548,0.707106781186548));
#9296=DIRECTION('ref_axis',(0.,0.707106781186548,-0.707106781186548));
#9297=DIRECTION('',(0.,0.707106781186547,-0.707106781186547));
#9298=DIRECTION('',(-1.,0.,0.));
#9299=DIRECTION('center_axis',(-0.839872479245922,0.,-0.542783767816714));
#9300=DIRECTION('ref_axis',(0.542783767816714,0.,-0.839872479245922));
#9301=DIRECTION('',(0.542783767816714,0.,-0.839872479245922));
#9302=DIRECTION('',(0.542783767816714,0.,-0.839872479245922));
#9303=DIRECTION('',(0.,-1.,0.));
#9304=DIRECTION('center_axis',(0.,-1.,0.));
#9305=DIRECTION('ref_axis',(-1.,0.,0.));
#9306=DIRECTION('center_axis',(0.,-1.,0.));
#9307=DIRECTION('ref_axis',(0.478129810921307,0.,0.878289180115726));
#9308=DIRECTION('',(-0.542783767816714,0.,0.839872479245922));
#9309=DIRECTION('',(0.,0.,1.));
#9310=DIRECTION('center_axis',(0.839872479245922,0.,0.542783767816714));
#9311=DIRECTION('ref_axis',(-0.542783767816714,0.,0.839872479245922));
#9312=DIRECTION('',(0.,1.,0.));
#9313=DIRECTION('',(-0.542783767816714,0.,0.839872479245922));
#9314=DIRECTION('center_axis',(0.,-1.,0.));
#9315=DIRECTION('ref_axis',(-1.,0.,0.));
#9316=DIRECTION('center_axis',(0.,1.,0.));
#9317=DIRECTION('ref_axis',(0.478129810921307,0.,0.878289180115726));
#9318=DIRECTION('',(0.,0.,1.));
#9319=DIRECTION('center_axis',(0.,0.,1.));
#9320=DIRECTION('ref_axis',(-1.,0.,0.));
#9321=DIRECTION('',(0.,-1.,0.));
#9322=DIRECTION('',(-1.,0.,0.));
#9323=DIRECTION('',(0.,-1.,0.));
#9324=DIRECTION('',(1.,0.,0.));
#9325=DIRECTION('',(0.,-1.,0.));
#9326=DIRECTION('',(-1.,0.,0.));
#9327=DIRECTION('',(0.,1.,0.));
#9328=DIRECTION('',(1.,0.,0.));
#9329=DIRECTION('',(0.,1.,0.));
#9330=DIRECTION('',(-1.,0.,0.));
#9331=DIRECTION('',(0.,1.,0.));
#9332=DIRECTION('center_axis',(0.408248290463864,0.408248290463859,-0.816496580927728));
#9333=DIRECTION('ref_axis',(0.577350269189629,0.577350269189624,0.577350269189624));
#9334=DIRECTION('center_axis',(0.,0.,1.));
#9335=DIRECTION('ref_axis',(0.,1.,0.));
#9336=DIRECTION('center_axis',(1.,0.,0.));
#9337=DIRECTION('ref_axis',(0.,0.,1.));
#9338=DIRECTION('center_axis',(0.,1.,0.));
#9339=DIRECTION('ref_axis',(1.,0.,0.));
#9340=DIRECTION('center_axis',(0.,-1.,0.));
#9341=DIRECTION('ref_axis',(1.,0.,0.));
#9342=DIRECTION('',(1.,0.,0.));
#9343=DIRECTION('',(0.,0.,-1.));
#9344=DIRECTION('',(1.,0.,0.));
#9345=DIRECTION('',(0.,0.,-1.));
#9346=DIRECTION('',(1.,0.,0.));
#9347=DIRECTION('',(0.,0.,-1.));
#9348=DIRECTION('',(0.,0.,-1.));
#9349=DIRECTION('center_axis',(0.,1.,0.));
#9350=DIRECTION('ref_axis',(-1.,0.,0.));
#9351=DIRECTION('',(0.,1.,0.));
#9352=DIRECTION('center_axis',(0.,1.,0.));
#9353=DIRECTION('ref_axis',(-0.659375000000015,0.,-0.751814212006517));
#9354=DIRECTION('',(0.,1.,0.));
#9355=DIRECTION('center_axis',(0.,1.,0.));
#9356=DIRECTION('ref_axis',(-0.659375000000015,0.,-0.751814212006517));
#9357=DIRECTION('center_axis',(-1.,0.,0.));
#9358=DIRECTION('ref_axis',(0.,-1.,0.));
#9359=DIRECTION('',(0.,0.,-1.));
#9360=DIRECTION('',(0.,-1.,0.));
#9361=DIRECTION('',(0.,0.,-1.));
#9362=DIRECTION('center_axis',(0.,-1.,0.));
#9363=DIRECTION('ref_axis',(1.,0.,0.));
#9364=DIRECTION('',(1.,0.,0.));
#9365=DIRECTION('',(0.,0.,-1.));
#9366=DIRECTION('',(1.,0.,0.));
#9367=DIRECTION('center_axis',(0.,0.,-1.));
#9368=DIRECTION('ref_axis',(1.,0.,0.));
#9369=DIRECTION('',(1.,0.,0.));
#9370=DIRECTION('',(0.,-1.,0.));
#9371=DIRECTION('',(0.,-1.,0.));
#9372=DIRECTION('center_axis',(1.,0.,0.));
#9373=DIRECTION('ref_axis',(0.,0.,1.));
#9374=DIRECTION('',(0.,0.,1.));
#9375=DIRECTION('',(0.,-1.,0.));
#9376=DIRECTION('center_axis',(0.,0.,1.));
#9377=DIRECTION('ref_axis',(-1.,0.,0.));
#9378=DIRECTION('',(-1.,0.,0.));
#9379=DIRECTION('',(0.,-1.,0.));
#9380=DIRECTION('center_axis',(-1.,0.,0.));
#9381=DIRECTION('ref_axis',(0.,0.,-1.));
#9382=DIRECTION('',(0.,0.,-1.));
#9383=DIRECTION('center_axis',(0.,0.,-1.));
#9384=DIRECTION('ref_axis',(1.,0.,0.));
#9385=DIRECTION('',(1.,0.,0.));
#9386=DIRECTION('',(0.,-1.,0.));
#9387=DIRECTION('',(0.,-1.,0.));
#9388=DIRECTION('center_axis',(1.,0.,0.));
#9389=DIRECTION('ref_axis',(0.,0.,1.));
#9390=DIRECTION('',(0.,0.,1.));
#9391=DIRECTION('',(0.,-1.,0.));
#9392=DIRECTION('center_axis',(0.,0.,1.));
#9393=DIRECTION('ref_axis',(-1.,0.,0.));
#9394=DIRECTION('',(-1.,0.,0.));
#9395=DIRECTION('',(0.,-1.,0.));
#9396=DIRECTION('center_axis',(-1.,0.,0.));
#9397=DIRECTION('ref_axis',(0.,0.,-1.));
#9398=DIRECTION('',(0.,0.,-1.));
#9399=DIRECTION('center_axis',(1.,0.,0.));
#9400=DIRECTION('ref_axis',(0.,0.,1.));
#9401=DIRECTION('',(0.,0.,1.));
#9402=DIRECTION('',(0.,-1.,0.));
#9403=DIRECTION('',(0.,-1.,0.));
#9404=DIRECTION('center_axis',(0.,0.,1.));
#9405=DIRECTION('ref_axis',(-1.,0.,0.));
#9406=DIRECTION('',(-1.,0.,0.));
#9407=DIRECTION('',(0.,-1.,0.));
#9408=DIRECTION('center_axis',(-1.,0.,0.));
#9409=DIRECTION('ref_axis',(0.,0.,-1.));
#9410=DIRECTION('',(0.,0.,-1.));
#9411=DIRECTION('',(0.,-1.,0.));
#9412=DIRECTION('center_axis',(0.,0.,-1.));
#9413=DIRECTION('ref_axis',(1.,0.,0.));
#9414=DIRECTION('',(1.,0.,0.));
#9415=DIRECTION('center_axis',(1.,0.,0.));
#9416=DIRECTION('ref_axis',(0.,0.,1.));
#9417=DIRECTION('',(0.,0.,1.));
#9418=DIRECTION('',(0.,-1.,0.));
#9419=DIRECTION('',(0.,-1.,0.));
#9420=DIRECTION('center_axis',(0.,0.,1.));
#9421=DIRECTION('ref_axis',(-1.,0.,0.));
#9422=DIRECTION('',(-1.,0.,0.));
#9423=DIRECTION('',(0.,-1.,0.));
#9424=DIRECTION('center_axis',(-1.,0.,0.));
#9425=DIRECTION('ref_axis',(0.,0.,-1.));
#9426=DIRECTION('',(0.,0.,-1.));
#9427=DIRECTION('',(0.,-1.,0.));
#9428=DIRECTION('center_axis',(0.,0.,-1.));
#9429=DIRECTION('ref_axis',(1.,0.,0.));
#9430=DIRECTION('',(1.,0.,0.));
#9431=DIRECTION('center_axis',(1.,0.,0.));
#9432=DIRECTION('ref_axis',(0.,0.,1.));
#9433=DIRECTION('',(0.,0.,1.));
#9434=DIRECTION('',(0.,-1.,0.));
#9435=DIRECTION('',(0.,-1.,0.));
#9436=DIRECTION('center_axis',(0.,0.,1.));
#9437=DIRECTION('ref_axis',(-1.,0.,0.));
#9438=DIRECTION('',(-1.,0.,0.));
#9439=DIRECTION('',(0.,-1.,0.));
#9440=DIRECTION('center_axis',(-1.,0.,0.));
#9441=DIRECTION('ref_axis',(0.,0.,-1.));
#9442=DIRECTION('',(0.,0.,-1.));
#9443=DIRECTION('',(0.,-1.,0.));
#9444=DIRECTION('center_axis',(0.,0.,-1.));
#9445=DIRECTION('ref_axis',(1.,0.,0.));
#9446=DIRECTION('',(1.,0.,0.));
#9447=DIRECTION('center_axis',(1.,0.,0.));
#9448=DIRECTION('ref_axis',(0.,0.,1.));
#9449=DIRECTION('',(0.,0.,1.));
#9450=DIRECTION('',(0.,-1.,0.));
#9451=DIRECTION('',(0.,-1.,0.));
#9452=DIRECTION('center_axis',(0.,0.,1.));
#9453=DIRECTION('ref_axis',(-1.,0.,0.));
#9454=DIRECTION('',(-1.,0.,0.));
#9455=DIRECTION('',(0.,-1.,0.));
#9456=DIRECTION('center_axis',(-1.,0.,0.));
#9457=DIRECTION('ref_axis',(0.,0.,-1.));
#9458=DIRECTION('',(0.,0.,-1.));
#9459=DIRECTION('',(0.,-1.,0.));
#9460=DIRECTION('center_axis',(0.,0.,-1.));
#9461=DIRECTION('ref_axis',(1.,0.,0.));
#9462=DIRECTION('',(1.,0.,0.));
#9463=DIRECTION('center_axis',(0.,0.,1.));
#9464=DIRECTION('ref_axis',(-1.,0.,0.));
#9465=DIRECTION('',(-1.,0.,0.));
#9466=DIRECTION('',(0.,-1.,0.));
#9467=DIRECTION('',(0.,-1.,0.));
#9468=DIRECTION('center_axis',(-1.,0.,0.));
#9469=DIRECTION('ref_axis',(0.,0.,-1.));
#9470=DIRECTION('',(0.,0.,-1.));
#9471=DIRECTION('',(0.,-1.,0.));
#9472=DIRECTION('center_axis',(0.,0.,-1.));
#9473=DIRECTION('ref_axis',(1.,0.,0.));
#9474=DIRECTION('',(1.,0.,0.));
#9475=DIRECTION('',(0.,-1.,0.));
#9476=DIRECTION('center_axis',(1.,0.,0.));
#9477=DIRECTION('ref_axis',(0.,0.,1.));
#9478=DIRECTION('',(0.,0.,1.));
#9479=DIRECTION('center_axis',(0.,0.,-1.));
#9480=DIRECTION('ref_axis',(1.,0.,0.));
#9481=DIRECTION('',(1.,0.,0.));
#9482=DIRECTION('',(0.,-1.,0.));
#9483=DIRECTION('',(0.,-1.,0.));
#9484=DIRECTION('center_axis',(1.,0.,0.));
#9485=DIRECTION('ref_axis',(0.,0.,1.));
#9486=DIRECTION('',(0.,0.,1.));
#9487=DIRECTION('',(0.,-1.,0.));
#9488=DIRECTION('center_axis',(0.,0.,1.));
#9489=DIRECTION('ref_axis',(-1.,0.,0.));
#9490=DIRECTION('',(-1.,0.,0.));
#9491=DIRECTION('',(0.,-1.,0.));
#9492=DIRECTION('center_axis',(-1.,0.,0.));
#9493=DIRECTION('ref_axis',(0.,0.,-1.));
#9494=DIRECTION('',(0.,0.,-1.));
#9495=DIRECTION('center_axis',(0.,0.,-1.));
#9496=DIRECTION('ref_axis',(1.,0.,0.));
#9497=DIRECTION('',(1.,0.,0.));
#9498=DIRECTION('',(0.,-1.,0.));
#9499=DIRECTION('',(0.,-1.,0.));
#9500=DIRECTION('center_axis',(1.,0.,0.));
#9501=DIRECTION('ref_axis',(0.,0.,1.));
#9502=DIRECTION('',(0.,0.,1.));
#9503=DIRECTION('',(0.,-1.,0.));
#9504=DIRECTION('center_axis',(0.,0.,1.));
#9505=DIRECTION('ref_axis',(-1.,0.,0.));
#9506=DIRECTION('',(-1.,0.,0.));
#9507=DIRECTION('',(0.,-1.,0.));
#9508=DIRECTION('center_axis',(-1.,0.,0.));
#9509=DIRECTION('ref_axis',(0.,0.,-1.));
#9510=DIRECTION('',(0.,0.,-1.));
#9511=DIRECTION('center_axis',(-1.,0.,0.));
#9512=DIRECTION('ref_axis',(0.,0.,-1.));
#9513=DIRECTION('',(0.,0.,-1.));
#9514=DIRECTION('',(0.,-1.,0.));
#9515=DIRECTION('',(0.,-1.,0.));
#9516=DIRECTION('center_axis',(0.,0.,-1.));
#9517=DIRECTION('ref_axis',(1.,0.,0.));
#9518=DIRECTION('',(1.,0.,0.));
#9519=DIRECTION('',(0.,-1.,0.));
#9520=DIRECTION('center_axis',(1.,0.,0.));
#9521=DIRECTION('ref_axis',(0.,0.,1.));
#9522=DIRECTION('',(0.,0.,1.));
#9523=DIRECTION('',(0.,-1.,0.));
#9524=DIRECTION('center_axis',(0.,0.,1.));
#9525=DIRECTION('ref_axis',(-1.,0.,0.));
#9526=DIRECTION('',(-1.,0.,0.));
#9527=DIRECTION('center_axis',(-1.,0.,0.));
#9528=DIRECTION('ref_axis',(0.,0.,-1.));
#9529=DIRECTION('',(0.,0.,-1.));
#9530=DIRECTION('',(0.,-1.,0.));
#9531=DIRECTION('',(0.,-1.,0.));
#9532=DIRECTION('center_axis',(0.,0.,-1.));
#9533=DIRECTION('ref_axis',(1.,0.,0.));
#9534=DIRECTION('',(1.,0.,0.));
#9535=DIRECTION('',(0.,-1.,0.));
#9536=DIRECTION('center_axis',(1.,0.,0.));
#9537=DIRECTION('ref_axis',(0.,0.,1.));
#9538=DIRECTION('',(0.,0.,1.));
#9539=DIRECTION('',(0.,-1.,0.));
#9540=DIRECTION('center_axis',(0.,0.,1.));
#9541=DIRECTION('ref_axis',(-1.,0.,0.));
#9542=DIRECTION('',(-1.,0.,0.));
#9543=DIRECTION('center_axis',(0.,0.,1.));
#9544=DIRECTION('ref_axis',(-1.,0.,0.));
#9545=DIRECTION('',(-1.,0.,0.));
#9546=DIRECTION('',(0.,-1.,0.));
#9547=DIRECTION('',(0.,-1.,0.));
#9548=DIRECTION('center_axis',(-1.,0.,0.));
#9549=DIRECTION('ref_axis',(0.,0.,-1.));
#9550=DIRECTION('',(0.,0.,-1.));
#9551=DIRECTION('',(0.,-1.,0.));
#9552=DIRECTION('center_axis',(0.,0.,-1.));
#9553=DIRECTION('ref_axis',(1.,0.,0.));
#9554=DIRECTION('',(1.,0.,0.));
#9555=DIRECTION('',(0.,-1.,0.));
#9556=DIRECTION('center_axis',(1.,0.,0.));
#9557=DIRECTION('ref_axis',(0.,0.,1.));
#9558=DIRECTION('',(0.,0.,1.));
#9559=DIRECTION('center_axis',(0.,0.,1.));
#9560=DIRECTION('ref_axis',(-1.,0.,0.));
#9561=DIRECTION('',(-1.,0.,0.));
#9562=DIRECTION('',(0.,-1.,0.));
#9563=DIRECTION('',(0.,-1.,0.));
#9564=DIRECTION('center_axis',(-1.,0.,0.));
#9565=DIRECTION('ref_axis',(0.,0.,-1.));
#9566=DIRECTION('',(0.,0.,-1.));
#9567=DIRECTION('',(0.,-1.,0.));
#9568=DIRECTION('center_axis',(0.,0.,-1.));
#9569=DIRECTION('ref_axis',(1.,0.,0.));
#9570=DIRECTION('',(1.,0.,0.));
#9571=DIRECTION('',(0.,-1.,0.));
#9572=DIRECTION('center_axis',(1.,0.,0.));
#9573=DIRECTION('ref_axis',(0.,0.,1.));
#9574=DIRECTION('',(0.,0.,1.));
#9575=DIRECTION('center_axis',(0.,0.,1.));
#9576=DIRECTION('ref_axis',(-1.,0.,0.));
#9577=DIRECTION('',(-1.,0.,0.));
#9578=DIRECTION('',(0.,-1.,0.));
#9579=DIRECTION('',(0.,-1.,0.));
#9580=DIRECTION('center_axis',(-1.,0.,0.));
#9581=DIRECTION('ref_axis',(0.,0.,-1.));
#9582=DIRECTION('',(0.,0.,-1.));
#9583=DIRECTION('',(0.,-1.,0.));
#9584=DIRECTION('center_axis',(0.,0.,-1.));
#9585=DIRECTION('ref_axis',(1.,0.,0.));
#9586=DIRECTION('',(1.,0.,0.));
#9587=DIRECTION('',(0.,-1.,0.));
#9588=DIRECTION('center_axis',(1.,0.,0.));
#9589=DIRECTION('ref_axis',(0.,0.,1.));
#9590=DIRECTION('',(0.,0.,1.));
#9591=DIRECTION('center_axis',(0.,0.,1.));
#9592=DIRECTION('ref_axis',(-1.,0.,0.));
#9593=DIRECTION('',(-1.,0.,0.));
#9594=DIRECTION('',(0.,-1.,0.));
#9595=DIRECTION('',(0.,-1.,0.));
#9596=DIRECTION('center_axis',(-1.,0.,0.));
#9597=DIRECTION('ref_axis',(0.,0.,-1.));
#9598=DIRECTION('',(0.,0.,-1.));
#9599=DIRECTION('',(0.,-1.,0.));
#9600=DIRECTION('center_axis',(0.,0.,-1.));
#9601=DIRECTION('ref_axis',(1.,0.,0.));
#9602=DIRECTION('',(1.,0.,0.));
#9603=DIRECTION('',(0.,-1.,0.));
#9604=DIRECTION('center_axis',(1.,0.,0.));
#9605=DIRECTION('ref_axis',(0.,0.,1.));
#9606=DIRECTION('',(0.,0.,1.));
#9607=DIRECTION('center_axis',(-1.,0.,0.));
#9608=DIRECTION('ref_axis',(0.,0.,-1.));
#9609=DIRECTION('',(0.,0.,-1.));
#9610=DIRECTION('',(0.,-1.,0.));
#9611=DIRECTION('',(0.,-1.,0.));
#9612=DIRECTION('center_axis',(0.,0.,-1.));
#9613=DIRECTION('ref_axis',(1.,0.,0.));
#9614=DIRECTION('',(1.,0.,0.));
#9615=DIRECTION('',(0.,-1.,0.));
#9616=DIRECTION('center_axis',(1.,0.,0.));
#9617=DIRECTION('ref_axis',(0.,0.,1.));
#9618=DIRECTION('',(0.,0.,1.));
#9619=DIRECTION('',(0.,-1.,0.));
#9620=DIRECTION('center_axis',(0.,0.,1.));
#9621=DIRECTION('ref_axis',(-1.,0.,0.));
#9622=DIRECTION('',(-1.,0.,0.));
#9623=DIRECTION('center_axis',(-1.,0.,0.));
#9624=DIRECTION('ref_axis',(0.,0.,-1.));
#9625=DIRECTION('',(0.,0.,-1.));
#9626=DIRECTION('',(0.,-1.,0.));
#9627=DIRECTION('',(0.,-1.,0.));
#9628=DIRECTION('center_axis',(0.,0.,-1.));
#9629=DIRECTION('ref_axis',(1.,0.,0.));
#9630=DIRECTION('',(1.,0.,0.));
#9631=DIRECTION('',(0.,-1.,0.));
#9632=DIRECTION('center_axis',(1.,0.,0.));
#9633=DIRECTION('ref_axis',(0.,0.,1.));
#9634=DIRECTION('',(0.,0.,1.));
#9635=DIRECTION('',(0.,-1.,0.));
#9636=DIRECTION('center_axis',(0.,0.,1.));
#9637=DIRECTION('ref_axis',(-1.,0.,0.));
#9638=DIRECTION('',(-1.,0.,0.));
#9639=DIRECTION('center_axis',(0.,0.,1.));
#9640=DIRECTION('ref_axis',(-1.,0.,0.));
#9641=DIRECTION('',(-1.,0.,0.));
#9642=DIRECTION('',(0.,-1.,0.));
#9643=DIRECTION('',(0.,-1.,0.));
#9644=DIRECTION('center_axis',(-1.,0.,0.));
#9645=DIRECTION('ref_axis',(0.,0.,-1.));
#9646=DIRECTION('',(0.,0.,-1.));
#9647=DIRECTION('',(0.,-1.,0.));
#9648=DIRECTION('center_axis',(0.,0.,-1.));
#9649=DIRECTION('ref_axis',(1.,0.,0.));
#9650=DIRECTION('',(1.,0.,0.));
#9651=DIRECTION('',(0.,-1.,0.));
#9652=DIRECTION('center_axis',(1.,0.,0.));
#9653=DIRECTION('ref_axis',(0.,0.,1.));
#9654=DIRECTION('',(0.,0.,1.));
#9655=DIRECTION('center_axis',(1.,0.,0.));
#9656=DIRECTION('ref_axis',(0.,1.,0.));
#9657=DIRECTION('',(0.,1.,2.368475785867E-14));
#9658=DIRECTION('',(0.,0.,1.));
#9659=DIRECTION('',(0.,1.,0.));
#9660=DIRECTION('center_axis',(0.,0.,1.));
#9661=DIRECTION('ref_axis',(1.,0.,0.));
#9662=DIRECTION('',(1.,0.,0.));
#9663=DIRECTION('',(0.,-1.,0.));
#9664=DIRECTION('center_axis',(-1.,0.,0.));
#9665=DIRECTION('ref_axis',(0.,-1.,0.));
#9666=DIRECTION('',(0.,-1.,-2.368475785867E-14));
#9667=DIRECTION('',(0.,0.,1.));
#9668=DIRECTION('center_axis',(0.,1.,0.));
#9669=DIRECTION('ref_axis',(1.,0.,0.));
#9670=DIRECTION('center_axis',(0.,-1.,0.));
#9671=DIRECTION('ref_axis',(-1.27761049603E-13,0.,-1.));
#9672=DIRECTION('',(-1.608569540401E-14,1.,0.));
#9673=DIRECTION('center_axis',(0.,0.,1.));
#9674=DIRECTION('ref_axis',(1.,0.,0.));
#9675=DIRECTION('',(1.,1.776356839402E-14,0.));
#9676=DIRECTION('',(0.,1.,0.));
#9677=DIRECTION('center_axis',(-1.,0.,0.));
#9678=DIRECTION('ref_axis',(0.,0.,1.));
#9679=DIRECTION('',(0.,0.,1.));
#9680=DIRECTION('',(0.,1.,0.));
#9681=DIRECTION('center_axis',(0.,0.,-1.));
#9682=DIRECTION('ref_axis',(-1.,0.,0.));
#9683=DIRECTION('',(-1.,-1.7763568394E-14,0.));
#9684=DIRECTION('',(0.,1.,0.));
#9685=DIRECTION('center_axis',(0.,1.,0.));
#9686=DIRECTION('ref_axis',(0.,0.,1.));
#9687=DIRECTION('center_axis',(0.,-1.,0.));
#9688=DIRECTION('ref_axis',(0.865384615384595,0.,0.501108239261397));
#9689=DIRECTION('',(0.,1.,0.));
#9690=DIRECTION('center_axis',(-1.,0.,0.));
#9691=DIRECTION('ref_axis',(0.,-1.,0.));
#9692=DIRECTION('',(0.,0.,1.));
#9693=DIRECTION('',(0.,-1.,0.));
#9694=DIRECTION('center_axis',(0.,0.,1.));
#9695=DIRECTION('ref_axis',(1.,0.,0.));
#9696=DIRECTION('',(1.,0.,0.));
#9697=DIRECTION('',(0.,1.,0.));
#9698=DIRECTION('center_axis',(1.,0.,0.));
#9699=DIRECTION('ref_axis',(0.,1.,0.));
#9700=DIRECTION('',(0.,-1.,0.));
#9701=DIRECTION('',(0.,0.,1.));
#9702=DIRECTION('center_axis',(0.,1.,0.));
#9703=DIRECTION('ref_axis',(-1.,0.,0.));
#9704=DIRECTION('center_axis',(0.,-1.,0.));
#9705=DIRECTION('ref_axis',(0.,0.,1.));
#9706=DIRECTION('',(0.,1.,0.));
#9707=DIRECTION('',(0.,1.,0.));
#9708=DIRECTION('center_axis',(0.,0.,-1.));
#9709=DIRECTION('ref_axis',(-1.,0.,0.));
#9710=DIRECTION('',(0.,1.,0.));
#9711=DIRECTION('',(-1.,1.7763568394E-14,0.));
#9712=DIRECTION('center_axis',(1.,0.,0.));
#9713=DIRECTION('ref_axis',(0.,0.,-1.));
#9714=DIRECTION('',(0.,0.,-1.));
#9715=DIRECTION('',(0.,1.,0.));
#9716=DIRECTION('center_axis',(0.,0.,1.));
#9717=DIRECTION('ref_axis',(1.,0.,0.));
#9718=DIRECTION('',(1.,-1.776356839402E-14,0.));
#9719=DIRECTION('',(1.583036690554E-14,1.,0.));
#9720=DIRECTION('center_axis',(0.,1.,0.));
#9721=DIRECTION('ref_axis',(0.,0.,-1.));
#9722=DIRECTION('center_axis',(0.,-1.,0.));
#9723=DIRECTION('ref_axis',(-0.865384615384595,0.,-0.501108239261397));
#9724=DIRECTION('center_axis',(0.,0.,1.));
#9725=DIRECTION('ref_axis',(1.,0.,0.));
#9726=DIRECTION('',(-1.634102390249E-14,1.,0.));
#9727=DIRECTION('',(1.,1.776356839402E-14,0.));
#9728=DIRECTION('',(0.,1.,0.));
#9729=DIRECTION('center_axis',(-1.,0.,0.));
#9730=DIRECTION('ref_axis',(0.,0.,1.));
#9731=DIRECTION('',(0.,0.,1.));
#9732=DIRECTION('',(0.,1.,0.));
#9733=DIRECTION('',(0.,1.,0.));
#9734=DIRECTION('center_axis',(0.,0.,-1.));
#9735=DIRECTION('ref_axis',(-1.,0.,0.));
#9736=DIRECTION('',(-1.,-1.7763568394E-14,0.));
#9737=DIRECTION('',(0.,1.,0.));
#9738=DIRECTION('center_axis',(0.,1.,0.));
#9739=DIRECTION('ref_axis',(0.,0.,1.));
#9740=DIRECTION('center_axis',(0.,-1.,0.));
#9741=DIRECTION('ref_axis',(0.865384615384595,0.,0.501108239261397));
#9742=DIRECTION('',(0.,1.,0.));
#9743=DIRECTION('center_axis',(-1.,0.,0.));
#9744=DIRECTION('ref_axis',(0.,-1.,0.));
#9745=DIRECTION('',(0.,0.,1.));
#9746=DIRECTION('',(0.,-1.,0.));
#9747=DIRECTION('center_axis',(0.,0.,1.));
#9748=DIRECTION('ref_axis',(1.,0.,0.));
#9749=DIRECTION('',(1.,0.,0.));
#9750=DIRECTION('',(0.,1.,0.));
#9751=DIRECTION('center_axis',(1.,0.,0.));
#9752=DIRECTION('ref_axis',(0.,1.,0.));
#9753=DIRECTION('',(0.,-1.,0.));
#9754=DIRECTION('',(0.,0.,1.));
#9755=DIRECTION('center_axis',(0.,1.,0.));
#9756=DIRECTION('ref_axis',(-1.,0.,0.));
#9757=DIRECTION('center_axis',(0.,-1.,0.));
#9758=DIRECTION('ref_axis',(0.,0.,1.));
#9759=DIRECTION('',(0.,1.,0.));
#9760=DIRECTION('center_axis',(0.,0.,-1.));
#9761=DIRECTION('ref_axis',(-1.,0.,0.));
#9762=DIRECTION('',(-1.,1.7763568394E-14,0.));
#9763=DIRECTION('',(0.,1.,0.));
#9764=DIRECTION('center_axis',(1.,0.,0.));
#9765=DIRECTION('ref_axis',(0.,0.,-1.));
#9766=DIRECTION('',(0.,0.,-1.));
#9767=DIRECTION('',(0.,1.,0.));
#9768=DIRECTION('center_axis',(0.,0.,1.));
#9769=DIRECTION('ref_axis',(1.,0.,0.));
#9770=DIRECTION('',(1.,-1.776356839402E-14,0.));
#9771=DIRECTION('',(1.634102390249E-14,1.,0.));
#9772=DIRECTION('center_axis',(0.,1.,0.));
#9773=DIRECTION('ref_axis',(0.,0.,-1.));
#9774=DIRECTION('center_axis',(0.,-1.,0.));
#9775=DIRECTION('ref_axis',(-0.865384615384595,0.,-0.501108239261397));
#9776=DIRECTION('',(0.,1.,0.));
#9777=DIRECTION('center_axis',(1.,0.,0.));
#9778=DIRECTION('ref_axis',(0.,1.,0.));
#9779=DIRECTION('',(0.,0.,1.));
#9780=DIRECTION('',(0.,1.,0.));
#9781=DIRECTION('center_axis',(0.,0.,1.));
#9782=DIRECTION('ref_axis',(1.,0.,0.));
#9783=DIRECTION('',(1.,0.,0.));
#9784=DIRECTION('',(0.,-1.,0.));
#9785=DIRECTION('center_axis',(-1.,0.,0.));
#9786=DIRECTION('ref_axis',(0.,-1.,0.));
#9787=DIRECTION('',(0.,-1.,0.));
#9788=DIRECTION('',(0.,0.,1.));
#9789=DIRECTION('center_axis',(0.,1.,0.));
#9790=DIRECTION('ref_axis',(1.,0.,0.));
#9791=DIRECTION('center_axis',(0.,-1.,0.));
#9792=DIRECTION('ref_axis',(-1.27761049603E-13,0.,-1.));
#9793=DIRECTION('center_axis',(0.,0.,1.));
#9794=DIRECTION('ref_axis',(-1.,0.,0.));
#9795=DIRECTION('',(0.,1.,0.));
#9796=DIRECTION('',(-1.,0.,0.));
#9797=DIRECTION('',(0.,1.,0.));
#9798=DIRECTION('center_axis',(-1.,0.,0.));
#9799=DIRECTION('ref_axis',(0.,0.,-1.));
#9800=DIRECTION('center_axis',(-1.,0.,0.));
#9801=DIRECTION('ref_axis',(0.,-0.707106781186548,0.707106781186547));
#9802=DIRECTION('',(0.,0.,-1.));
#9803=DIRECTION('',(0.,-1.,0.));
#9804=DIRECTION('',(-9.769962616701E-14,0.,-1.));
#9805=DIRECTION('center_axis',(0.,0.,-1.));
#9806=DIRECTION('ref_axis',(1.,0.,0.));
#9807=DIRECTION('',(1.,0.,0.));
#9808=DIRECTION('',(0.,-1.,0.));
#9809=DIRECTION('',(1.,0.,0.));
#9810=DIRECTION('center_axis',(-1.,0.,0.));
#9811=DIRECTION('ref_axis',(0.,0.,-1.));
#9812=DIRECTION('',(0.,0.,-1.));
#9813=DIRECTION('center_axis',(1.,0.,0.));
#9814=DIRECTION('ref_axis',(0.,-1.,-5.329070518201E-14));
#9815=DIRECTION('',(0.,0.,-1.));
#9816=DIRECTION('center_axis',(-1.,0.,0.));
#9817=DIRECTION('ref_axis',(0.,0.,-1.));
#9818=DIRECTION('',(0.,0.,1.));
#9819=DIRECTION('',(0.,-1.,0.));
#9820=DIRECTION('',(0.,0.,-1.));
#9821=DIRECTION('center_axis',(1.,0.,0.));
#9822=DIRECTION('ref_axis',(0.,0.,-1.));
#9823=DIRECTION('center_axis',(-1.,0.,0.));
#9824=DIRECTION('ref_axis',(0.,-6.044054146059E-12,-1.));
#9825=DIRECTION('center_axis',(0.,0.,1.));
#9826=DIRECTION('ref_axis',(1.,0.,0.));
#9827=DIRECTION('',(0.,0.,1.));
#9828=DIRECTION('center_axis',(0.,0.,-1.));
#9829=DIRECTION('ref_axis',(0.968245836551857,-0.249999999999989,0.));
#9830=DIRECTION('center_axis',(0.,0.,-1.));
#9831=DIRECTION('ref_axis',(0.968245836551857,-0.249999999999989,0.));
#9832=DIRECTION('center_axis',(-1.,0.,0.));
#9833=DIRECTION('ref_axis',(0.,0.,-1.));
#9834=DIRECTION('',(0.,0.,-1.));
#9835=DIRECTION('',(-1.7763568394E-14,1.,3.552713678801E-14));
#9836=DIRECTION('center_axis',(1.,0.,0.));
#9837=DIRECTION('ref_axis',(0.,0.,-1.));
#9838=DIRECTION('',(0.,-1.,7.105427357635E-14));
#9839=DIRECTION('center_axis',(0.,0.,-1.));
#9840=DIRECTION('ref_axis',(-1.,0.,0.));
#9841=DIRECTION('center_axis',(0.,0.,1.));
#9842=DIRECTION('ref_axis',(-0.968245836551857,-0.249999999999989,0.));
#9843=DIRECTION('center_axis',(0.,0.,1.));
#9844=DIRECTION('ref_axis',(-0.968245836551857,-0.249999999999989,0.));
#9845=DIRECTION('',(0.,0.,-1.));
#9846=DIRECTION('center_axis',(-1.,0.,0.));
#9847=DIRECTION('ref_axis',(0.,0.,-1.));
#9848=DIRECTION('',(0.,-1.,0.));
#9849=DIRECTION('',(0.,0.,1.));
#9850=DIRECTION('',(0.,-1.,0.));
#9851=DIRECTION('',(0.,0.,1.));
#9852=DIRECTION('',(0.,1.,0.));
#9853=DIRECTION('center_axis',(1.,0.,0.));
#9854=DIRECTION('ref_axis',(0.,0.,1.));
#9855=DIRECTION('center_axis',(5.6185634849973E-6,-0.999999999984216,3.38280128546656E-13));
#9856=DIRECTION('ref_axis',(9.38534274451819E-12,-3.38280128546656E-13,
-1.));
#9857=DIRECTION('center_axis',(1.,0.,0.));
#9858=DIRECTION('ref_axis',(0.,0.,1.));
#9859=DIRECTION('center_axis',(1.59192666657457E-5,0.999999999873288,1.02288403723565E-16));
#9860=DIRECTION('ref_axis',(0.73913043462577,-1.17664144915781E-5,-0.673562321148883));
#9861=DIRECTION('center_axis',(5.6185624778802E-6,0.999999999984216,-2.39422008788729E-14));
#9862=DIRECTION('ref_axis',(9.38225342827576E-12,2.41352831440252E-14,1.));
#9863=DIRECTION('center_axis',(1.,0.,0.));
#9864=DIRECTION('ref_axis',(0.,0.,1.));
#9865=DIRECTION('center_axis',(1.59192599899935E-5,-0.999999999873289,1.02311177772187E-16));
#9866=DIRECTION('ref_axis',(0.739130434632108,1.17664095579373E-5,0.673562321141928));
#9867=DIRECTION('center_axis',(0.,1.,0.));
#9868=DIRECTION('ref_axis',(1.,0.,0.));
#9869=DIRECTION('',(0.,1.,0.));
#9870=DIRECTION('',(0.,-1.,0.));
#9871=DIRECTION('center_axis',(0.,-1.,0.));
#9872=DIRECTION('ref_axis',(1.,0.,0.));
#9873=DIRECTION('',(-1.,0.,0.));
#9874=DIRECTION('',(0.,0.,-1.));
#9875=DIRECTION('',(-1.,0.,0.));
#9876=DIRECTION('center_axis',(0.,0.,-1.));
#9877=DIRECTION('ref_axis',(0.,1.,0.));
#9878=DIRECTION('',(0.,1.,0.));
#9879=DIRECTION('',(-1.,0.,0.));
#9880=DIRECTION('center_axis',(1.,0.,0.));
#9881=DIRECTION('ref_axis',(0.,0.,-1.));
#9882=DIRECTION('center_axis',(1.,0.,0.));
#9883=DIRECTION('ref_axis',(0.,0.,-1.));
#9884=DIRECTION('',(-1.,0.,0.));
#9885=DIRECTION('center_axis',(0.,0.,1.));
#9886=DIRECTION('ref_axis',(0.,-1.,0.));
#9887=DIRECTION('',(0.,-1.,0.));
#9888=DIRECTION('',(-1.,0.,0.));
#9889=DIRECTION('center_axis',(1.,0.,0.));
#9890=DIRECTION('ref_axis',(0.,0.,-1.));
#9891=DIRECTION('center_axis',(1.,0.,0.));
#9892=DIRECTION('ref_axis',(0.,0.,-1.));
#9893=DIRECTION('',(-1.,-1.194599974497E-12,0.));
#9894=DIRECTION('center_axis',(0.,0.,1.));
#9895=DIRECTION('ref_axis',(1.,0.,0.));
#9896=DIRECTION('',(1.,0.,0.));
#9897=DIRECTION('',(1.,0.,0.));
#9898=DIRECTION('',(0.,-1.,0.));
#9899=DIRECTION('center_axis',(0.,-1.,0.));
#9900=DIRECTION('ref_axis',(1.,0.,0.));
#9901=DIRECTION('',(1.,0.,0.));
#9902=DIRECTION('',(0.,0.,-1.));
#9903=DIRECTION('center_axis',(0.,0.,1.));
#9904=DIRECTION('ref_axis',(1.,0.,0.));
#9905=DIRECTION('',(0.,-1.,0.));
#9906=DIRECTION('',(-1.,0.,0.));
#9907=DIRECTION('',(-1.,0.,0.));
#9908=DIRECTION('center_axis',(0.,-1.,0.));
#9909=DIRECTION('ref_axis',(1.,0.,0.));
#9910=DIRECTION('',(0.,0.,-1.));
#9911=DIRECTION('',(1.,0.,0.));
#9912=DIRECTION('center_axis',(1.,0.,0.));
#9913=DIRECTION('ref_axis',(0.,0.,-1.));
#9914=DIRECTION('center_axis',(1.,0.,0.));
#9915=DIRECTION('ref_axis',(0.,0.,-1.));
#9916=DIRECTION('',(-1.,-2.016165012719E-12,3.5527136788E-14));
#9917=DIRECTION('center_axis',(1.,0.,0.));
#9918=DIRECTION('ref_axis',(0.,0.,-1.));
#9919=DIRECTION('center_axis',(1.,0.,0.));
#9920=DIRECTION('ref_axis',(0.,0.,-1.));
#9921=DIRECTION('',(1.,0.,0.));
#9922=DIRECTION('center_axis',(0.,1.,0.));
#9923=DIRECTION('ref_axis',(0.,0.,-1.));
#9924=DIRECTION('',(0.,0.,1.));
#9925=DIRECTION('',(0.203954254112001,0.,0.978980419737605));
#9926=DIRECTION('',(1.,0.,0.));
#9927=DIRECTION('',(1.,0.,-1.7763568394E-14));
#9928=DIRECTION('center_axis',(0.978980419737605,0.,-0.203954254112001));
#9929=DIRECTION('ref_axis',(-0.203954254112001,0.,-0.978980419737605));
#9930=DIRECTION('',(0.,1.,0.));
#9931=DIRECTION('',(0.203954254112001,0.,0.978980419737605));
#9932=DIRECTION('',(0.,-1.,0.));
#9933=DIRECTION('center_axis',(0.,1.,0.));
#9934=DIRECTION('ref_axis',(0.,0.,-1.));
#9935=DIRECTION('',(0.,0.,-1.));
#9936=DIRECTION('',(1.,0.,-1.7763568394E-14));
#9937=DIRECTION('',(-1.,0.,0.));
#9938=DIRECTION('center_axis',(0.,0.,1.));
#9939=DIRECTION('ref_axis',(0.,-1.,0.));
#9940=DIRECTION('',(0.,-1.,0.));
#9941=DIRECTION('',(-1.,0.,0.));
#9942=DIRECTION('center_axis',(0.,-1.,0.));
#9943=DIRECTION('ref_axis',(0.,0.,-1.));
#9944=DIRECTION('',(0.,0.,-1.));
#9945=DIRECTION('',(-1.,0.,0.));
#9946=DIRECTION('center_axis',(0.,0.,-1.));
#9947=DIRECTION('ref_axis',(0.,1.,0.));
#9948=DIRECTION('',(0.,1.,0.));
#9949=DIRECTION('',(-1.,0.,0.));
#9950=DIRECTION('center_axis',(0.,1.,0.));
#9951=DIRECTION('ref_axis',(0.,0.,1.));
#9952=DIRECTION('',(0.,0.,1.));
#9953=DIRECTION('',(-1.,0.,0.));
#9954=DIRECTION('center_axis',(0.,0.,1.));
#9955=DIRECTION('ref_axis',(0.,-1.,0.));
#9956=DIRECTION('',(0.,-1.,0.));
#9957=DIRECTION('center_axis',(0.408248290463864,-0.816496580927728,-0.408248290463859));
#9958=DIRECTION('ref_axis',(0.577350269189629,0.577350269189624,-0.577350269189624));
#9959=DIRECTION('center_axis',(0.,1.,0.));
#9960=DIRECTION('ref_axis',(0.,0.,-1.));
#9961=DIRECTION('center_axis',(1.,0.,0.));
#9962=DIRECTION('ref_axis',(0.,1.,0.));
#9963=DIRECTION('center_axis',(0.,0.,-1.));
#9964=DIRECTION('ref_axis',(1.,0.,0.));
#9965=DIRECTION('center_axis',(-1.,0.,0.));
#9966=DIRECTION('ref_axis',(0.,0.707106781186555,-0.70710678118654));
#9967=DIRECTION('center_axis',(-1.,0.,0.));
#9968=DIRECTION('ref_axis',(0.,0.,-1.));
#9969=DIRECTION('',(1.,0.,0.));
#9970=DIRECTION('',(-1.,0.,0.));
#9971=DIRECTION('center_axis',(0.,0.,-1.));
#9972=DIRECTION('ref_axis',(0.707106781186548,0.707106781186548,0.));
#9973=DIRECTION('',(0.,0.,1.));
#9974=DIRECTION('',(0.,0.,-1.));
#9975=DIRECTION('center_axis',(0.,-1.,0.));
#9976=DIRECTION('ref_axis',(1.,0.,0.));
#9977=DIRECTION('center_axis',(0.,1.,0.));
#9978=DIRECTION('ref_axis',(0.707106781186548,0.,0.707106781186547));
#9979=DIRECTION('',(1.,0.,0.));
#9980=DIRECTION('',(0.,0.,-1.));
#9981=DIRECTION('center_axis',(1.,0.,0.));
#9982=DIRECTION('ref_axis',(0.,-0.707106781186548,0.707106781186547));
#9983=DIRECTION('',(-1.,0.,0.));
#9984=DIRECTION('center_axis',(1.,0.,0.));
#9985=DIRECTION('ref_axis',(0.,-0.707106781186548,0.707106781186547));
#9986=DIRECTION('center_axis',(1.,0.,0.));
#9987=DIRECTION('ref_axis',(0.,1.,0.));
#9988=DIRECTION('',(0.,1.,0.));
#9989=DIRECTION('',(0.,0.,-1.));
#9990=DIRECTION('center_axis',(0.,-1.,0.));
#9991=DIRECTION('ref_axis',(1.,0.,0.));
#9992=DIRECTION('',(1.,0.,0.));
#9993=DIRECTION('',(0.,0.,-1.));
#9994=DIRECTION('center_axis',(1.,0.,0.));
#9995=DIRECTION('ref_axis',(0.,1.,0.));
#9996=DIRECTION('',(0.,1.,0.));
#9997=DIRECTION('',(0.,0.,-1.));
#9998=DIRECTION('center_axis',(0.,1.,0.));
#9999=DIRECTION('ref_axis',(-1.,0.,0.));
#10000=DIRECTION('center_axis',(0.,1.,0.));
#10001=DIRECTION('ref_axis',(-0.491008470127539,0.,0.871154798105947));
#10002=DIRECTION('',(0.,0.,-1.));
#10003=DIRECTION('',(-1.,0.,0.));
#10004=DIRECTION('center_axis',(0.,-1.,0.));
#10005=DIRECTION('ref_axis',(-0.491008470127539,0.,0.871154798105947));
#10006=DIRECTION('',(0.,-1.,0.));
#10007=DIRECTION('',(0.,1.,0.));
#10008=DIRECTION('center_axis',(0.,-1.,0.));
#10009=DIRECTION('ref_axis',(0.,0.,1.));
#10010=DIRECTION('center_axis',(1.,0.,0.));
#10011=DIRECTION('ref_axis',(0.,1.,0.));
#10012=DIRECTION('',(0.,1.,0.));
#10013=DIRECTION('',(0.,0.,-1.));
#10014=DIRECTION('center_axis',(0.,0.,1.));
#10015=DIRECTION('ref_axis',(-1.,0.,0.));
#10016=DIRECTION('center_axis',(0.,0.,1.));
#10017=DIRECTION('ref_axis',(-1.,0.,0.));
#10018=DIRECTION('',(0.,0.,-1.));
#10019=DIRECTION('center_axis',(0.,1.,0.));
#10020=DIRECTION('ref_axis',(-1.,0.,0.));
#10021=DIRECTION('',(-1.,0.,0.));
#10022=DIRECTION('',(0.,0.,-1.));
#10023=DIRECTION('center_axis',(0.,0.,1.));
#10024=DIRECTION('ref_axis',(-1.,0.,0.));
#10025=DIRECTION('center_axis',(0.,0.,1.));
#10026=DIRECTION('ref_axis',(-1.,0.,0.));
#10027=DIRECTION('',(0.,0.,-1.));
#10028=DIRECTION('center_axis',(-1.,0.,0.));
#10029=DIRECTION('ref_axis',(0.,-1.,0.));
#10030=DIRECTION('',(0.,1.,0.));
#10031=DIRECTION('',(0.,0.,-1.));
#10032=DIRECTION('',(0.,-1.,0.));
#10033=DIRECTION('center_axis',(0.,-1.,0.));
#10034=DIRECTION('ref_axis',(0.839872479245922,0.,0.542783767816714));
#10035=DIRECTION('center_axis',(0.,1.,0.));
#10036=DIRECTION('ref_axis',(0.478129810921307,0.,0.878289180115726));
#10037=DIRECTION('',(0.,-1.,0.));
#10038=DIRECTION('center_axis',(0.,1.,0.));
#10039=DIRECTION('ref_axis',(0.478129810921307,0.,0.878289180115726));
#10040=DIRECTION('center_axis',(0.,1.,0.));
#10041=DIRECTION('ref_axis',(-1.,0.,0.));
#10042=DIRECTION('',(-1.,0.,0.));
#10043=DIRECTION('',(0.,0.,-1.));
#10044=DIRECTION('center_axis',(-1.,0.,0.));
#10045=DIRECTION('ref_axis',(0.,-1.,0.));
#10046=DIRECTION('',(0.,-1.,0.));
#10047=DIRECTION('',(0.,0.,-1.));
#10048=DIRECTION('center_axis',(0.,-1.,0.));
#10049=DIRECTION('ref_axis',(1.,0.,0.));
#10050=DIRECTION('',(1.,0.,0.));
#10051=DIRECTION('',(0.,0.,-1.));
#10052=DIRECTION('center_axis',(-1.,0.,0.));
#10053=DIRECTION('ref_axis',(0.,-1.,0.));
#10054=DIRECTION('center_axis',(-1.,0.,0.));
#10055=DIRECTION('ref_axis',(0.,-0.707106781186548,0.707106781186547));
#10056=DIRECTION('',(0.,-1.,0.));
#10057=DIRECTION('center_axis',(1.,0.,0.));
#10058=DIRECTION('ref_axis',(0.,-0.707106781186548,0.707106781186547));
#10059=DIRECTION('',(-1.,0.,0.));
#10060=DIRECTION('center_axis',(1.,0.,0.));
#10061=DIRECTION('ref_axis',(0.,-0.707106781186548,0.707106781186547));
#10062=DIRECTION('center_axis',(-1.,0.,0.));
#10063=DIRECTION('ref_axis',(0.,0.707106781186548,0.707106781186547));
#10064=DIRECTION('center_axis',(-1.,0.,0.));
#10065=DIRECTION('ref_axis',(0.,1.,0.));
#10066=DIRECTION('',(1.,0.,0.));
#10067=DIRECTION('',(-1.,0.,0.));
#10068=DIRECTION('center_axis',(0.,1.,0.));
#10069=DIRECTION('ref_axis',(0.707106781186548,0.,0.707106781186547));
#10070=DIRECTION('',(0.,1.,0.));
#10071=DIRECTION('',(0.,-1.,0.));
#10072=DIRECTION('center_axis',(1.,0.,0.));
#10073=DIRECTION('ref_axis',(0.,0.,1.));
#10074=DIRECTION('',(-9.769962616701E-14,0.,1.));
#10075=DIRECTION('',(0.,-1.,0.));
#10076=DIRECTION('',(0.,0.,1.));
#10077=DIRECTION('center_axis',(0.,0.,-1.));
#10078=DIRECTION('ref_axis',(1.,0.,0.));
#10079=DIRECTION('',(1.,0.,0.));
#10080=DIRECTION('',(1.,0.,0.));
#10081=DIRECTION('',(0.,-1.,0.));
#10082=DIRECTION('center_axis',(1.,0.,0.));
#10083=DIRECTION('ref_axis',(0.,0.,1.));
#10084=DIRECTION('center_axis',(1.,0.,0.));
#10085=DIRECTION('ref_axis',(0.,-1.,-5.329070518201E-14));
#10086=DIRECTION('',(0.,0.,1.));
#10087=DIRECTION('',(0.,0.,1.));
#10088=DIRECTION('center_axis',(1.,0.,0.));
#10089=DIRECTION('ref_axis',(0.,0.,1.));
#10090=DIRECTION('',(0.,0.,1.));
#10091=DIRECTION('',(0.,-1.,0.));
#10092=DIRECTION('',(0.,0.,-1.));
#10093=DIRECTION('center_axis',(-1.,0.,0.));
#10094=DIRECTION('ref_axis',(0.,-6.044054146059E-12,-1.));
#10095=DIRECTION('center_axis',(1.,0.,0.));
#10096=DIRECTION('ref_axis',(0.,0.,-1.));
#10097=DIRECTION('center_axis',(0.,1.,0.));
#10098=DIRECTION('ref_axis',(-1.,0.,0.));
#10099=DIRECTION('',(0.,0.,1.));
#10100=DIRECTION('',(-1.,0.,0.));
#10101=DIRECTION('',(-1.,0.,0.));
#10102=DIRECTION('center_axis',(0.,0.,-1.));
#10103=DIRECTION('ref_axis',(-1.,0.,0.));
#10104=DIRECTION('center_axis',(0.,0.,-1.));
#10105=DIRECTION('ref_axis',(-0.707106781186548,-0.707106781186548,0.));
#10106=DIRECTION('',(1.,0.,0.));
#10107=DIRECTION('',(1.,0.,0.));
#10108=DIRECTION('center_axis',(0.,0.,-1.));
#10109=DIRECTION('ref_axis',(-1.,0.,0.));
#10110=DIRECTION('center_axis',(0.,0.,1.));
#10111=DIRECTION('ref_axis',(-0.707106781186548,-0.707106781186548,0.));
#10112=DIRECTION('',(1.,-1.194599974497E-12,0.));
#10113=DIRECTION('',(0.,-1.,7.105427357635E-14));
#10114=DIRECTION('',(1.,0.,0.));
#10115=DIRECTION('center_axis',(1.,0.,0.));
#10116=DIRECTION('ref_axis',(0.,0.,1.));
#10117=DIRECTION('',(1.7763568394E-14,1.,3.552713678801E-14));
#10118=DIRECTION('',(0.,0.,-1.));
#10119=DIRECTION('center_axis',(1.,0.,0.));
#10120=DIRECTION('ref_axis',(0.,0.,-1.));
#10121=DIRECTION('center_axis',(1.,0.,0.));
#10122=DIRECTION('ref_axis',(0.,0.,1.));
#10123=DIRECTION('',(0.,-1.,0.));
#10124=DIRECTION('center_axis',(1.,0.,0.));
#10125=DIRECTION('ref_axis',(0.,0.,1.));
#10126=DIRECTION('',(0.,1.,0.));
#10127=DIRECTION('',(0.,0.,-1.));
#10128=DIRECTION('',(0.,-1.,0.));
#10129=DIRECTION('',(0.,0.,-1.));
#10130=DIRECTION('center_axis',(0.,-1.,0.));
#10131=DIRECTION('ref_axis',(0.,0.,-1.));
#10132=DIRECTION('',(1.,0.,0.));
#10133=DIRECTION('',(0.,0.,1.));
#10134=DIRECTION('',(-1.,0.,1.0931426704E-14));
#10135=DIRECTION('',(0.,0.,1.));
#10136=DIRECTION('',(-1.,0.,0.));
#10137=DIRECTION('',(0.,0.,-1.));
#10138=DIRECTION('',(-1.,0.,1.0931426704E-14));
#10139=DIRECTION('',(0.,0.,-1.));
#10140=DIRECTION('',(-1.,0.,0.));
#10141=DIRECTION('center_axis',(1.,0.,0.));
#10142=DIRECTION('ref_axis',(0.,0.,1.));
#10143=DIRECTION('',(0.,1.,0.));
#10144=DIRECTION('',(0.,1.,0.));
#10145=DIRECTION('',(0.,0.,1.));
#10146=DIRECTION('center_axis',(0.,0.,1.));
#10147=DIRECTION('ref_axis',(-1.,0.,0.));
#10148=DIRECTION('',(0.,1.,0.));
#10149=DIRECTION('',(-1.,0.,1.0931426704E-14));
#10150=DIRECTION('center_axis',(1.,0.,0.));
#10151=DIRECTION('ref_axis',(0.,0.,1.));
#10152=DIRECTION('',(0.,1.,0.));
#10153=DIRECTION('',(0.,0.,1.));
#10154=DIRECTION('center_axis',(0.,0.,1.));
#10155=DIRECTION('ref_axis',(-1.,0.,0.));
#10156=DIRECTION('',(0.,1.,0.));
#10157=DIRECTION('',(-1.,0.,0.));
#10158=DIRECTION('center_axis',(-1.,0.,0.));
#10159=DIRECTION('ref_axis',(0.,0.,-1.));
#10160=DIRECTION('',(0.,1.,0.));
#10161=DIRECTION('',(0.,0.,-1.));
#10162=DIRECTION('center_axis',(0.,0.,1.));
#10163=DIRECTION('ref_axis',(-1.,0.,0.));
#10164=DIRECTION('',(0.,1.,0.));
#10165=DIRECTION('',(-1.,0.,1.0931426704E-14));
#10166=DIRECTION('center_axis',(-1.,0.,0.));
#10167=DIRECTION('ref_axis',(0.,0.,-1.));
#10168=DIRECTION('',(0.,1.,0.));
#10169=DIRECTION('',(0.,0.,-1.));
#10170=DIRECTION('center_axis',(0.,0.,1.));
#10171=DIRECTION('ref_axis',(-1.,0.,0.));
#10172=DIRECTION('',(-1.,0.,0.));
#10173=DIRECTION('',(0.,-1.,0.));
#10174=DIRECTION('center_axis',(1.,0.,0.));
#10175=DIRECTION('ref_axis',(0.,1.,0.));
#10176=DIRECTION('',(0.,0.,-1.));
#10177=DIRECTION('',(0.,-1.,0.));
#10178=DIRECTION('center_axis',(0.,1.,0.));
#10179=DIRECTION('ref_axis',(0.707106781186555,0.,-0.70710678118654));
#10180=DIRECTION('center_axis',(0.,1.,0.));
#10181=DIRECTION('ref_axis',(0.707106781186555,0.,-0.70710678118654));
#10182=DIRECTION('',(0.,1.,0.));
#10183=DIRECTION('center_axis',(0.,0.,1.));
#10184=DIRECTION('ref_axis',(-1.,0.,0.));
#10185=DIRECTION('',(1.,0.,0.));
#10186=DIRECTION('',(0.,-1.,0.));
#10187=DIRECTION('center_axis',(-0.408248290463859,-0.816496580927726,-0.408248290463867));
#10188=DIRECTION('ref_axis',(-0.577350269189623,0.577350269189623,-0.577350269189632));
#10189=DIRECTION('center_axis',(0.,0.,-1.));
#10190=DIRECTION('ref_axis',(0.,1.,0.));
#10191=DIRECTION('center_axis',(0.,1.,5.55111512312578E-15));
#10192=DIRECTION('ref_axis',(-1.,0.,0.));
#10193=DIRECTION('center_axis',(0.,1.,0.));
#10194=DIRECTION('ref_axis',(-1.,0.,0.));
#10195=DIRECTION('',(0.,0.,-1.));
#10196=DIRECTION('center_axis',(-0.408248290463859,-0.816496580927726,0.408248290463867));
#10197=DIRECTION('ref_axis',(-0.577350269189623,0.577350269189623,0.577350269189632));
#10198=DIRECTION('center_axis',(-5.55111512312578E-15,1.,0.));
#10199=DIRECTION('ref_axis',(0.,0.,1.));
#10200=DIRECTION('center_axis',(0.,0.,1.));
#10201=DIRECTION('ref_axis',(-1.,0.,0.));
#10202=DIRECTION('center_axis',(0.,0.,1.));
#10203=DIRECTION('ref_axis',(-1.,0.,0.));
#10204=DIRECTION('',(0.,1.,0.));
#10205=DIRECTION('',(1.,0.,0.));
#10206=DIRECTION('center_axis',(-5.61826345832712E-6,0.999999999984218,
3.31329167001177E-13));
#10207=DIRECTION('ref_axis',(-9.38688740263941E-12,3.31329167001177E-13,
-1.));
#10208=DIRECTION('center_axis',(-1.59184133191122E-5,-0.999999999873302,
-1.02305736319814E-16));
#10209=DIRECTION('ref_axis',(-0.739130434632125,1.17657837570767E-5,-0.673562321141921));
#10210=DIRECTION('center_axis',(0.,1.,0.));
#10211=DIRECTION('ref_axis',(-1.,0.,0.));
#10212=DIRECTION('center_axis',(-1.59184133336029E-5,0.999999999873302,
-1.86404519733895E-17));
#10213=DIRECTION('ref_axis',(-0.739130434632123,-1.17657837667309E-5,0.673562321141923));
#10214=DIRECTION('center_axis',(-5.61826244657605E-6,-0.999999999984218,
-1.23572649697409E-14));
#10215=DIRECTION('ref_axis',(-9.3853427445182E-12,-1.27434295000453E-14,
1.));
#10216=DIRECTION('center_axis',(0.,-1.,0.));
#10217=DIRECTION('ref_axis',(1.,0.,0.));
#10218=DIRECTION('center_axis',(0.,1.,0.));
#10219=DIRECTION('ref_axis',(-0.707106781186548,0.,0.707106781186547));
#10220=DIRECTION('',(1.,0.,-1.7763568394E-14));
#10221=DIRECTION('center_axis',(1.,0.,0.));
#10222=DIRECTION('ref_axis',(0.,0.,-1.));
#10223=DIRECTION('',(1.,-2.016165012719E-12,3.5527136788E-14));
#10224=DIRECTION('center_axis',(1.,0.,0.));
#10225=DIRECTION('ref_axis',(0.,0.,-1.));
#10226=DIRECTION('',(1.,0.,0.));
#10227=DIRECTION('center_axis',(0.,-1.,0.));
#10228=DIRECTION('ref_axis',(1.,0.,0.));
#10229=DIRECTION('center_axis',(0.,0.,-1.));
#10230=DIRECTION('ref_axis',(-0.707106781186548,-0.707106781186548,0.));
#10231=DIRECTION('center_axis',(1.,0.,0.));
#10232=DIRECTION('ref_axis',(0.,0.,-1.));
#10233=DIRECTION('',(1.,0.,0.));
#10234=DIRECTION('center_axis',(0.,0.,-1.));
#10235=DIRECTION('ref_axis',(0.,-1.,0.));
#10236=DIRECTION('',(1.,0.,0.));
#10237=DIRECTION('center_axis',(1.,0.,0.));
#10238=DIRECTION('ref_axis',(0.,0.,-1.));
#10239=DIRECTION('',(1.,0.,0.));
#10240=DIRECTION('center_axis',(0.,0.,1.));
#10241=DIRECTION('ref_axis',(0.,1.,0.));
#10242=DIRECTION('',(1.,0.,0.));
#10243=DIRECTION('center_axis',(0.,-1.,0.));
#10244=DIRECTION('ref_axis',(1.,0.,0.));
#10245=DIRECTION('',(1.,0.,0.));
#10246=DIRECTION('center_axis',(0.,0.,1.));
#10247=DIRECTION('ref_axis',(-1.,0.,0.));
#10248=DIRECTION('',(-1.,0.,0.));
#10249=DIRECTION('center_axis',(0.,-1.,0.));
#10250=DIRECTION('ref_axis',(1.,0.,0.));
#10251=DIRECTION('center_axis',(0.,1.,0.));
#10252=DIRECTION('ref_axis',(-0.707106781186555,0.,-0.70710678118654));
#10253=DIRECTION('center_axis',(0.,1.,0.));
#10254=DIRECTION('ref_axis',(-0.707106781186555,0.,-0.70710678118654));
#10255=DIRECTION('center_axis',(0.,0.,1.));
#10256=DIRECTION('ref_axis',(-0.707106781186548,0.707106781186548,0.));
#10257=DIRECTION('center_axis',(0.,1.,0.));
#10258=DIRECTION('ref_axis',(-0.707106781186548,0.,0.707106781186547));
#10259=DIRECTION('center_axis',(0.,0.,-1.));
#10260=DIRECTION('ref_axis',(0.,-1.,0.));
#10261=DIRECTION('',(1.,0.,0.));
#10262=DIRECTION('',(0.,-1.,0.));
#10263=DIRECTION('center_axis',(0.,1.,0.));
#10264=DIRECTION('ref_axis',(0.,0.,-1.));
#10265=DIRECTION('',(1.,0.,0.));
#10266=DIRECTION('',(0.,0.,-1.));
#10267=DIRECTION('',(1.,0.,0.));
#10268=DIRECTION('center_axis',(0.,-1.,0.));
#10269=DIRECTION('ref_axis',(0.,0.,1.));
#10270=DIRECTION('',(1.,0.,0.));
#10271=DIRECTION('',(0.,0.,1.));
#10272=DIRECTION('center_axis',(1.,0.,0.));
#10273=DIRECTION('ref_axis',(0.,0.,-1.));
#10274=DIRECTION('',(0.,1.,0.));
#10275=DIRECTION('center_axis',(0.,0.,-1.));
#10276=DIRECTION('ref_axis',(0.,-1.,0.));
#10277=DIRECTION('',(0.,-1.,0.));
#10278=DIRECTION('center_axis',(1.,0.,0.));
#10279=DIRECTION('ref_axis',(0.,0.,-1.));
#10280=DIRECTION('',(0.,1.,0.));
#10281=DIRECTION('center_axis',(0.,0.,1.));
#10282=DIRECTION('ref_axis',(0.,1.,0.));
#10283=CARTESIAN_POINT('',(0.,0.,0.));
#10284=CARTESIAN_POINT('Origin',(-8.0723725524672,3.4,-8.425494281764));
#10285=CARTESIAN_POINT('',(-8.075,3.4,-8.41288253360656));
#10286=CARTESIAN_POINT('',(-8.075,2.4,-8.41288253360656));
#10287=CARTESIAN_POINT('',(-8.075,8.45,-8.41288253360656));
#10288=CARTESIAN_POINT('',(-7.82768386116803,3.4,-9.6));
#10289=CARTESIAN_POINT('',(-9.81883677875672,3.4,-0.0424659955743145));
#10290=CARTESIAN_POINT('',(-7.82768386116803,2.4,-9.6));
#10291=CARTESIAN_POINT('',(-7.82768386116803,2.85,-9.6));
#10292=CARTESIAN_POINT('',(-9.81883677875672,2.4,-0.0424659955743145));
#10293=CARTESIAN_POINT('Origin',(-8.075,13.5,10.75));
#10294=CARTESIAN_POINT('',(-8.075,13.55,10.675));
#10295=CARTESIAN_POINT('',(-8.075,0.2,10.675));
#10296=CARTESIAN_POINT('',(-8.075,10.125,10.675));
#10297=CARTESIAN_POINT('',(-8.075,13.55,-10.525));
#10298=CARTESIAN_POINT('',(-8.075,13.55,10.75));
#10299=CARTESIAN_POINT('',(-8.075,1.25,-10.525));
#10300=CARTESIAN_POINT('',(-8.075,10.125,-10.525));
#10301=CARTESIAN_POINT('',(-8.075,1.25,-4.7));
#10302=CARTESIAN_POINT('',(-8.075,1.25,10.75));
#10303=CARTESIAN_POINT('',(-8.075,0.2,-4.7));
#10304=CARTESIAN_POINT('',(-8.075,6.75,-4.7));
#10305=CARTESIAN_POINT('',(-8.075,0.2,-3.7));
#10306=CARTESIAN_POINT('',(-8.075,0.2,10.75));
#10307=CARTESIAN_POINT('',(-8.075,-1.4,-3.7));
#10308=CARTESIAN_POINT('',(-8.075,6.05,-3.7));
#10309=CARTESIAN_POINT('',(-8.075,-1.4,-2.4));
#10310=CARTESIAN_POINT('Origin',(-8.075,-1.4,-3.05));
#10311=CARTESIAN_POINT('',(-8.075,0.4,-2.4));
#10312=CARTESIAN_POINT('',(-8.075,6.925,-2.4));
#10313=CARTESIAN_POINT('',(-8.075,0.400000000000149,-2.));
#10314=CARTESIAN_POINT('Origin',(-8.075,0.4,-2.2));
#10315=CARTESIAN_POINT('',(-8.075,0.4,2.22044604925031E-15));
#10316=CARTESIAN_POINT('',(-8.075,0.4,5.375));
#10317=CARTESIAN_POINT('',(-8.075,0.4,2.));
#10318=CARTESIAN_POINT('',(-8.075,0.4,10.75));
#10319=CARTESIAN_POINT('',(-8.075,0.400000000000253,2.4));
#10320=CARTESIAN_POINT('Origin',(-8.075,0.4,2.2));
#10321=CARTESIAN_POINT('',(-8.075,0.2,2.6));
#10322=CARTESIAN_POINT('Origin',(-8.075,0.4,2.6));
#10323=CARTESIAN_POINT('',(-8.075,0.2,10.75));
#10324=CARTESIAN_POINT('',(-8.075,2.4,-8.4));
#10325=CARTESIAN_POINT('',(-8.075,2.4,10.75));
#10326=CARTESIAN_POINT('',(-8.075,2.3,-8.4));
#10327=CARTESIAN_POINT('',(-8.075,8.5,-8.4));
#10328=CARTESIAN_POINT('',(-8.075,2.3,-9.6));
#10329=CARTESIAN_POINT('',(-8.075,2.3,1.175));
#10330=CARTESIAN_POINT('',(-8.075,3.5,-9.6));
#10331=CARTESIAN_POINT('',(-8.075,7.9,-9.6));
#10332=CARTESIAN_POINT('',(-8.075,3.5,-8.4));
#10333=CARTESIAN_POINT('',(-8.075,3.5,0.575000000000001));
#10334=CARTESIAN_POINT('',(-8.075,3.4,-8.4));
#10335=CARTESIAN_POINT('',(-8.075,8.5,-8.4));
#10336=CARTESIAN_POINT('',(-8.075,3.4,10.75));
#10337=CARTESIAN_POINT('',(-8.07499999999999,1.19999801019833,-2.88229490168507));
#10338=CARTESIAN_POINT('',(-8.07499999999999,1.19999801019833,-3.21770509831493));
#10339=CARTESIAN_POINT('Origin',(-8.075,1.199997612238,-3.04999999999));
#10340=CARTESIAN_POINT('',(-8.07499999999999,-0.599998010198334,-2.88229490168507));
#10341=CARTESIAN_POINT('',(-8.075,-0.600005247046,-2.88229490168751));
#10342=CARTESIAN_POINT('',(-8.07499999999999,-0.599998010198334,-3.21770509831493));
#10343=CARTESIAN_POINT('Origin',(-8.075,-0.599997612238,-3.05000000001));
#10344=CARTESIAN_POINT('',(-8.075,-0.600005247046,-3.21770509831248));
#10345=CARTESIAN_POINT('Origin',(0.,3.4,10.75));
#10346=CARTESIAN_POINT('',(-7.75,3.4,-8.4));
#10347=CARTESIAN_POINT('',(-7.75,3.4,-8.4));
#10348=CARTESIAN_POINT('',(-7.75,3.4,-9.6));
#10349=CARTESIAN_POINT('',(-7.75,3.4,-8.4));
#10350=CARTESIAN_POINT('',(-3.975,3.4,-9.6));
#10351=CARTESIAN_POINT('Origin',(0.,2.4,10.75));
#10352=CARTESIAN_POINT('',(-7.75,2.4,-9.6));
#10353=CARTESIAN_POINT('',(-3.975,2.4,-9.6));
#10354=CARTESIAN_POINT('',(-7.75,2.4,-8.4));
#10355=CARTESIAN_POINT('',(-7.75,2.4,-8.4));
#10356=CARTESIAN_POINT('',(-7.75,2.4,-8.4));
#10357=CARTESIAN_POINT('Origin',(-3.36,10.172581101573,7.49793001448));
#10358=CARTESIAN_POINT('',(-3.36,10.517263815127,7.437153152297));
#10359=CARTESIAN_POINT('',(-3.36,10.492322011748,7.355572189403));
#10360=CARTESIAN_POINT('Origin',(-3.36,10.172581101573,7.49793001448));
#10361=CARTESIAN_POINT('',(-3.78,10.517263815127,7.437153152297));
#10362=CARTESIAN_POINT('',(-3.36,10.517263815127,7.437153152297));
#10363=CARTESIAN_POINT('',(-3.78,10.492322011748,7.355572189403));
#10364=CARTESIAN_POINT('Origin',(-3.78,10.172581101573,7.49793001448));
#10365=CARTESIAN_POINT('',(-3.36,10.492322011748,7.355572189403));
#10366=CARTESIAN_POINT('Origin',(-3.36,10.726634572893,8.624553724375));
#10367=CARTESIAN_POINT('',(-3.36,10.726634572893,8.624553724375));
#10368=CARTESIAN_POINT('',(-3.36,10.726634572893,8.624553724375));
#10369=CARTESIAN_POINT('',(-3.78,10.726634572893,8.624553724375));
#10370=CARTESIAN_POINT('',(-3.36,10.726634572893,8.624553724375));
#10371=CARTESIAN_POINT('',(-3.78,10.726634572893,8.624553724375));
#10372=CARTESIAN_POINT('Origin',(-2.34,10.172581101573,7.49793001448));
#10373=CARTESIAN_POINT('',(-2.34,10.517263815127,7.437153152297));
#10374=CARTESIAN_POINT('',(-2.34,10.492322011748,7.355572189403));
#10375=CARTESIAN_POINT('Origin',(-2.34,10.172581101573,7.49793001448));
#10376=CARTESIAN_POINT('',(-2.76,10.517263815127,7.437153152297));
#10377=CARTESIAN_POINT('',(-2.34,10.517263815127,7.437153152297));
#10378=CARTESIAN_POINT('',(-2.76,10.492322011748,7.355572189403));
#10379=CARTESIAN_POINT('Origin',(-2.76,10.172581101573,7.49793001448));
#10380=CARTESIAN_POINT('',(-2.34,10.492322011748,7.355572189403));
#10381=CARTESIAN_POINT('Origin',(-2.34,10.726634572893,8.624553724375));
#10382=CARTESIAN_POINT('',(-2.34,10.726634572893,8.624553724375));
#10383=CARTESIAN_POINT('',(-2.34,10.726634572893,8.624553724375));
#10384=CARTESIAN_POINT('',(-2.76,10.726634572893,8.624553724375));
#10385=CARTESIAN_POINT('',(-2.34,10.726634572893,8.624553724375));
#10386=CARTESIAN_POINT('',(-2.76,10.726634572893,8.624553724375));
#10387=CARTESIAN_POINT('Origin',(-1.32,10.172581101573,7.49793001448));
#10388=CARTESIAN_POINT('',(-1.32,10.517263815127,7.437153152297));
#10389=CARTESIAN_POINT('',(-1.32,10.492322011748,7.355572189403));
#10390=CARTESIAN_POINT('Origin',(-1.32,10.172581101573,7.49793001448));
#10391=CARTESIAN_POINT('',(-1.74,10.517263815127,7.437153152297));
#10392=CARTESIAN_POINT('',(-1.32,10.517263815127,7.437153152297));
#10393=CARTESIAN_POINT('',(-1.74,10.492322011748,7.355572189403));
#10394=CARTESIAN_POINT('Origin',(-1.74,10.172581101573,7.49793001448));
#10395=CARTESIAN_POINT('',(-1.32,10.492322011748,7.355572189403));
#10396=CARTESIAN_POINT('Origin',(-1.32,10.726634572893,8.624553724375));
#10397=CARTESIAN_POINT('',(-1.32,10.726634572893,8.624553724375));
#10398=CARTESIAN_POINT('',(-1.32,10.726634572893,8.624553724375));
#10399=CARTESIAN_POINT('',(-1.74,10.726634572893,8.624553724375));
#10400=CARTESIAN_POINT('',(-1.32,10.726634572893,8.624553724375));
#10401=CARTESIAN_POINT('',(-1.74,10.726634572893,8.624553724375));
#10402=CARTESIAN_POINT('Origin',(-0.3,10.172581101573,7.49793001448));
#10403=CARTESIAN_POINT('',(-0.3,10.517263815127,7.437153152297));
#10404=CARTESIAN_POINT('',(-0.3,10.492322011748,7.355572189403));
#10405=CARTESIAN_POINT('Origin',(-0.3,10.172581101573,7.49793001448));
#10406=CARTESIAN_POINT('',(-0.72,10.517263815127,7.437153152297));
#10407=CARTESIAN_POINT('',(-0.3,10.517263815127,7.437153152297));
#10408=CARTESIAN_POINT('',(-0.72,10.492322011748,7.355572189403));
#10409=CARTESIAN_POINT('Origin',(-0.72,10.172581101573,7.49793001448));
#10410=CARTESIAN_POINT('',(-0.3,10.492322011748,7.355572189403));
#10411=CARTESIAN_POINT('Origin',(-0.3,10.726634572893,8.624553724375));
#10412=CARTESIAN_POINT('',(-0.3,10.726634572893,8.624553724375));
#10413=CARTESIAN_POINT('',(-0.3,10.726634572893,8.624553724375));
#10414=CARTESIAN_POINT('',(-0.72,10.726634572893,8.624553724375));
#10415=CARTESIAN_POINT('',(-0.3,10.726634572893,8.624553724375));
#10416=CARTESIAN_POINT('',(-0.72,10.726634572893,8.624553724375));
#10417=CARTESIAN_POINT('Origin',(0.72,10.172581101573,7.49793001448));
#10418=CARTESIAN_POINT('',(0.72,10.517263815127,7.437153152297));
#10419=CARTESIAN_POINT('',(0.72,10.492322011748,7.355572189403));
#10420=CARTESIAN_POINT('Origin',(0.72,10.172581101573,7.49793001448));
#10421=CARTESIAN_POINT('',(0.3,10.517263815127,7.437153152297));
#10422=CARTESIAN_POINT('',(0.72,10.517263815127,7.437153152297));
#10423=CARTESIAN_POINT('',(0.3,10.492322011748,7.355572189403));
#10424=CARTESIAN_POINT('Origin',(0.3,10.172581101573,7.49793001448));
#10425=CARTESIAN_POINT('',(0.72,10.492322011748,7.355572189403));
#10426=CARTESIAN_POINT('Origin',(0.72,10.726634572893,8.624553724375));
#10427=CARTESIAN_POINT('',(0.72,10.726634572893,8.624553724375));
#10428=CARTESIAN_POINT('',(0.72,10.726634572893,8.624553724375));
#10429=CARTESIAN_POINT('',(0.3,10.726634572893,8.624553724375));
#10430=CARTESIAN_POINT('',(0.72,10.726634572893,8.624553724375));
#10431=CARTESIAN_POINT('',(0.3,10.726634572893,8.624553724375));
#10432=CARTESIAN_POINT('Origin',(1.74,10.172581101573,7.49793001448));
#10433=CARTESIAN_POINT('',(1.74,10.517263815127,7.437153152297));
#10434=CARTESIAN_POINT('',(1.74,10.492322011748,7.355572189403));
#10435=CARTESIAN_POINT('Origin',(1.74,10.172581101573,7.49793001448));
#10436=CARTESIAN_POINT('',(1.32,10.517263815127,7.437153152297));
#10437=CARTESIAN_POINT('',(1.74,10.517263815127,7.437153152297));
#10438=CARTESIAN_POINT('',(1.32,10.492322011748,7.355572189403));
#10439=CARTESIAN_POINT('Origin',(1.32,10.172581101573,7.49793001448));
#10440=CARTESIAN_POINT('',(1.74,10.492322011748,7.355572189403));
#10441=CARTESIAN_POINT('Origin',(1.74,10.726634572893,8.624553724375));
#10442=CARTESIAN_POINT('',(1.74,10.726634572893,8.624553724375));
#10443=CARTESIAN_POINT('',(1.74,10.726634572893,8.624553724375));
#10444=CARTESIAN_POINT('',(1.32,10.726634572893,8.624553724375));
#10445=CARTESIAN_POINT('',(1.74,10.726634572893,8.624553724375));
#10446=CARTESIAN_POINT('',(1.32,10.726634572893,8.624553724375));
#10447=CARTESIAN_POINT('Origin',(2.76,10.172581101573,7.49793001448));
#10448=CARTESIAN_POINT('',(2.76,10.517263815127,7.437153152297));
#10449=CARTESIAN_POINT('',(2.76,10.492322011748,7.355572189403));
#10450=CARTESIAN_POINT('Origin',(2.76,10.172581101573,7.49793001448));
#10451=CARTESIAN_POINT('',(2.34,10.517263815127,7.437153152297));
#10452=CARTESIAN_POINT('',(2.76,10.517263815127,7.437153152297));
#10453=CARTESIAN_POINT('',(2.34,10.492322011748,7.355572189403));
#10454=CARTESIAN_POINT('Origin',(2.34,10.172581101573,7.49793001448));
#10455=CARTESIAN_POINT('',(2.76,10.492322011748,7.355572189403));
#10456=CARTESIAN_POINT('Origin',(2.76,10.726634572893,8.624553724375));
#10457=CARTESIAN_POINT('',(2.76,10.726634572893,8.624553724375));
#10458=CARTESIAN_POINT('',(2.76,10.726634572893,8.624553724375));
#10459=CARTESIAN_POINT('',(2.34,10.726634572893,8.624553724375));
#10460=CARTESIAN_POINT('',(2.76,10.726634572893,8.624553724375));
#10461=CARTESIAN_POINT('',(2.34,10.726634572893,8.624553724375));
#10462=CARTESIAN_POINT('Origin',(3.78,10.172581101573,7.49793001448));
#10463=CARTESIAN_POINT('',(3.78,10.517263815127,7.437153152297));
#10464=CARTESIAN_POINT('',(3.78,10.492322011748,7.355572189403));
#10465=CARTESIAN_POINT('Origin',(3.78,10.172581101573,7.49793001448));
#10466=CARTESIAN_POINT('',(3.36,10.517263815127,7.437153152297));
#10467=CARTESIAN_POINT('',(3.78,10.517263815127,7.437153152297));
#10468=CARTESIAN_POINT('',(3.36,10.492322011748,7.355572189403));
#10469=CARTESIAN_POINT('Origin',(3.36,10.172581101573,7.49793001448));
#10470=CARTESIAN_POINT('',(3.78,10.492322011748,7.355572189403));
#10471=CARTESIAN_POINT('Origin',(3.78,10.726634572893,8.624553724375));
#10472=CARTESIAN_POINT('',(3.78,10.726634572893,8.624553724375));
#10473=CARTESIAN_POINT('',(3.78,10.726634572893,8.624553724375));
#10474=CARTESIAN_POINT('',(3.36,10.726634572893,8.624553724375));
#10475=CARTESIAN_POINT('',(3.78,10.726634572893,8.624553724375));
#10476=CARTESIAN_POINT('',(3.36,10.726634572893,8.624553724375));
#10477=CARTESIAN_POINT('Origin',(-3.36,11.416000000002,8.503000000008));
#10478=CARTESIAN_POINT('',(-3.78,10.77,8.772599703268));
#10479=CARTESIAN_POINT('',(-3.36,10.77,8.772599703268));
#10480=CARTESIAN_POINT('',(-3.78,10.77,8.772599703268));
#10481=CARTESIAN_POINT('Origin',(-3.78,11.416000000002,8.503000000008));
#10482=CARTESIAN_POINT('Origin',(-3.36,11.416000000002,8.503000000008));
#10483=CARTESIAN_POINT('Origin',(-2.34,11.416000000002,8.503000000008));
#10484=CARTESIAN_POINT('',(-2.76,10.77,8.772599703268));
#10485=CARTESIAN_POINT('',(-2.34,10.77,8.772599703268));
#10486=CARTESIAN_POINT('',(-2.76,10.77,8.772599703268));
#10487=CARTESIAN_POINT('Origin',(-2.76,11.416000000002,8.503000000008));
#10488=CARTESIAN_POINT('Origin',(-2.34,11.416000000002,8.503000000008));
#10489=CARTESIAN_POINT('Origin',(-1.32,11.416000000002,8.503000000008));
#10490=CARTESIAN_POINT('',(-1.74,10.77,8.772599703268));
#10491=CARTESIAN_POINT('',(-1.32,10.77,8.772599703268));
#10492=CARTESIAN_POINT('',(-1.74,10.77,8.772599703268));
#10493=CARTESIAN_POINT('Origin',(-1.74,11.416000000002,8.503000000008));
#10494=CARTESIAN_POINT('Origin',(-1.32,11.416000000002,8.503000000008));
#10495=CARTESIAN_POINT('Origin',(-0.3,11.416000000002,8.503000000008));
#10496=CARTESIAN_POINT('',(-0.72,10.77,8.772599703268));
#10497=CARTESIAN_POINT('',(-0.3,10.77,8.772599703268));
#10498=CARTESIAN_POINT('',(-0.72,10.77,8.772599703268));
#10499=CARTESIAN_POINT('Origin',(-0.72,11.416000000002,8.503000000008));
#10500=CARTESIAN_POINT('Origin',(-0.3,11.416000000002,8.503000000008));
#10501=CARTESIAN_POINT('Origin',(0.72,11.416000000002,8.503000000008));
#10502=CARTESIAN_POINT('',(0.3,10.77,8.772599703268));
#10503=CARTESIAN_POINT('',(0.72,10.77,8.772599703268));
#10504=CARTESIAN_POINT('',(0.3,10.77,8.772599703268));
#10505=CARTESIAN_POINT('Origin',(0.3,11.416000000002,8.503000000008));
#10506=CARTESIAN_POINT('Origin',(0.72,11.416000000002,8.503000000008));
#10507=CARTESIAN_POINT('Origin',(1.74,11.416000000002,8.503000000008));
#10508=CARTESIAN_POINT('',(1.32,10.77,8.772599703268));
#10509=CARTESIAN_POINT('',(1.74,10.77,8.772599703268));
#10510=CARTESIAN_POINT('',(1.32,10.77,8.772599703268));
#10511=CARTESIAN_POINT('Origin',(1.32,11.416000000002,8.503000000008));
#10512=CARTESIAN_POINT('Origin',(1.74,11.416000000002,8.503000000008));
#10513=CARTESIAN_POINT('Origin',(2.76,11.416000000002,8.503000000008));
#10514=CARTESIAN_POINT('',(2.34,10.77,8.772599703268));
#10515=CARTESIAN_POINT('',(2.76,10.77,8.772599703268));
#10516=CARTESIAN_POINT('',(2.34,10.77,8.772599703268));
#10517=CARTESIAN_POINT('Origin',(2.34,11.416000000002,8.503000000008));
#10518=CARTESIAN_POINT('Origin',(2.76,11.416000000002,8.503000000008));
#10519=CARTESIAN_POINT('Origin',(3.78,11.416000000002,8.503000000008));
#10520=CARTESIAN_POINT('',(3.36,10.77,8.772599703268));
#10521=CARTESIAN_POINT('',(3.78,10.77,8.772599703268));
#10522=CARTESIAN_POINT('',(3.36,10.77,8.772599703268));
#10523=CARTESIAN_POINT('Origin',(3.36,11.416000000002,8.503000000008));
#10524=CARTESIAN_POINT('Origin',(3.78,11.416000000002,8.503000000008));
#10525=CARTESIAN_POINT('Origin',(0.,6.75,2.35));
#10526=CARTESIAN_POINT('',(5.95,5.14,2.35));
#10527=CARTESIAN_POINT('',(3.15,5.14,2.35));
#10528=CARTESIAN_POINT('',(5.95,5.14,2.35));
#10529=CARTESIAN_POINT('',(3.15,3.94,2.35));
#10530=CARTESIAN_POINT('',(3.15,5.14,2.35));
#10531=CARTESIAN_POINT('',(5.95,3.94,2.35));
#10532=CARTESIAN_POINT('',(3.15,3.94,2.35));
#10533=CARTESIAN_POINT('',(5.95,3.94,2.35));
#10534=CARTESIAN_POINT('Origin',(-3.36,7.978977356156,0.850000000000001));
#10535=CARTESIAN_POINT('',(-3.78,7.978977356156,0.850000000000001));
#10536=CARTESIAN_POINT('',(-3.36,7.978977356156,0.850000000000001));
#10537=CARTESIAN_POINT('',(-3.78,7.978977356156,0.850000000000001));
#10538=CARTESIAN_POINT('',(-3.78,10.77,7.118739494873));
#10539=CARTESIAN_POINT('',(-3.78,7.978977356156,0.850000000000001));
#10540=CARTESIAN_POINT('',(-3.36,10.77,7.118739494873));
#10541=CARTESIAN_POINT('',(-3.78,10.77,7.118739494873));
#10542=CARTESIAN_POINT('',(-3.36,7.978977356156,0.850000000000001));
#10543=CARTESIAN_POINT('Origin',(-3.78,6.75,10.75));
#10544=CARTESIAN_POINT('',(-3.78,7.59585465868,0.850000000000001));
#10545=CARTESIAN_POINT('',(-3.78,7.978977356156,0.850000000000001));
#10546=CARTESIAN_POINT('',(-3.78,10.492322011748,7.355572189403));
#10547=CARTESIAN_POINT('',(-3.78,10.77,7.118739494873));
#10548=CARTESIAN_POINT('Origin',(-3.36,10.492322011748,7.355572189403));
#10549=CARTESIAN_POINT('',(-3.36,7.59585465868,0.850000000000001));
#10550=CARTESIAN_POINT('',(-3.78,7.59585465868,0.850000000000001));
#10551=CARTESIAN_POINT('',(-3.36,10.492322011748,7.355572189403));
#10552=CARTESIAN_POINT('Origin',(-3.36,6.75,10.75));
#10553=CARTESIAN_POINT('',(-3.36,7.978977356156,0.850000000000001));
#10554=CARTESIAN_POINT('',(-3.36,10.77,7.118739494873));
#10555=CARTESIAN_POINT('Origin',(-2.34,7.978977356156,0.850000000000001));
#10556=CARTESIAN_POINT('',(-2.76,7.978977356156,0.850000000000001));
#10557=CARTESIAN_POINT('',(-2.34,7.978977356156,0.850000000000001));
#10558=CARTESIAN_POINT('',(-2.76,7.978977356156,0.850000000000001));
#10559=CARTESIAN_POINT('',(-2.76,10.77,7.118739494873));
#10560=CARTESIAN_POINT('',(-2.76,7.978977356156,0.850000000000001));
#10561=CARTESIAN_POINT('',(-2.34,10.77,7.118739494873));
#10562=CARTESIAN_POINT('',(-2.76,10.77,7.118739494873));
#10563=CARTESIAN_POINT('',(-2.34,7.978977356156,0.850000000000001));
#10564=CARTESIAN_POINT('Origin',(-2.76,6.75,10.75));
#10565=CARTESIAN_POINT('',(-2.76,7.59585465868,0.850000000000001));
#10566=CARTESIAN_POINT('',(-2.76,7.978977356156,0.850000000000001));
#10567=CARTESIAN_POINT('',(-2.76,10.492322011748,7.355572189403));
#10568=CARTESIAN_POINT('',(-2.76,10.77,7.118739494873));
#10569=CARTESIAN_POINT('Origin',(-2.34,10.492322011748,7.355572189403));
#10570=CARTESIAN_POINT('',(-2.34,7.59585465868,0.850000000000001));
#10571=CARTESIAN_POINT('',(-2.76,7.59585465868,0.850000000000001));
#10572=CARTESIAN_POINT('',(-2.34,10.492322011748,7.355572189403));
#10573=CARTESIAN_POINT('Origin',(-2.34,6.75,10.75));
#10574=CARTESIAN_POINT('',(-2.34,7.978977356156,0.850000000000001));
#10575=CARTESIAN_POINT('',(-2.34,10.77,7.118739494873));
#10576=CARTESIAN_POINT('Origin',(-1.32,7.978977356156,0.850000000000001));
#10577=CARTESIAN_POINT('',(-1.74,7.978977356156,0.850000000000001));
#10578=CARTESIAN_POINT('',(-1.32,7.978977356156,0.850000000000001));
#10579=CARTESIAN_POINT('',(-1.74,7.978977356156,0.850000000000001));
#10580=CARTESIAN_POINT('',(-1.74,10.77,7.118739494873));
#10581=CARTESIAN_POINT('',(-1.74,7.978977356156,0.850000000000001));
#10582=CARTESIAN_POINT('',(-1.32,10.77,7.118739494873));
#10583=CARTESIAN_POINT('',(-1.74,10.77,7.118739494873));
#10584=CARTESIAN_POINT('',(-1.32,7.978977356156,0.850000000000001));
#10585=CARTESIAN_POINT('Origin',(-1.74,6.75,10.75));
#10586=CARTESIAN_POINT('',(-1.74,7.59585465868,0.850000000000001));
#10587=CARTESIAN_POINT('',(-1.74,7.978977356156,0.850000000000001));
#10588=CARTESIAN_POINT('',(-1.74,10.492322011748,7.355572189403));
#10589=CARTESIAN_POINT('',(-1.74,10.77,7.118739494873));
#10590=CARTESIAN_POINT('Origin',(-1.32,10.492322011748,7.355572189403));
#10591=CARTESIAN_POINT('',(-1.32,7.59585465868,0.850000000000001));
#10592=CARTESIAN_POINT('',(-1.74,7.59585465868,0.850000000000001));
#10593=CARTESIAN_POINT('',(-1.32,10.492322011748,7.355572189403));
#10594=CARTESIAN_POINT('Origin',(-1.32,6.75,10.75));
#10595=CARTESIAN_POINT('',(-1.32,7.978977356156,0.850000000000001));
#10596=CARTESIAN_POINT('',(-1.32,10.77,7.118739494873));
#10597=CARTESIAN_POINT('Origin',(-0.3,7.978977356156,0.850000000000001));
#10598=CARTESIAN_POINT('',(-0.72,7.978977356156,0.850000000000001));
#10599=CARTESIAN_POINT('',(-0.3,7.978977356156,0.850000000000001));
#10600=CARTESIAN_POINT('',(-0.72,7.978977356156,0.850000000000001));
#10601=CARTESIAN_POINT('',(-0.72,10.77,7.118739494873));
#10602=CARTESIAN_POINT('',(-0.72,7.978977356156,0.850000000000001));
#10603=CARTESIAN_POINT('',(-0.3,10.77,7.118739494873));
#10604=CARTESIAN_POINT('',(-0.72,10.77,7.118739494873));
#10605=CARTESIAN_POINT('',(-0.3,7.978977356156,0.850000000000001));
#10606=CARTESIAN_POINT('Origin',(-0.72,6.75,10.75));
#10607=CARTESIAN_POINT('',(-0.72,7.59585465868,0.850000000000001));
#10608=CARTESIAN_POINT('',(-0.72,7.978977356156,0.850000000000001));
#10609=CARTESIAN_POINT('',(-0.72,10.492322011748,7.355572189403));
#10610=CARTESIAN_POINT('',(-0.72,10.77,7.118739494873));
#10611=CARTESIAN_POINT('Origin',(-0.3,10.492322011748,7.355572189403));
#10612=CARTESIAN_POINT('',(-0.3,7.59585465868,0.850000000000001));
#10613=CARTESIAN_POINT('',(-0.72,7.59585465868,0.850000000000001));
#10614=CARTESIAN_POINT('',(-0.3,10.492322011748,7.355572189403));
#10615=CARTESIAN_POINT('Origin',(-0.3,6.75,10.75));
#10616=CARTESIAN_POINT('',(-0.3,7.978977356156,0.850000000000001));
#10617=CARTESIAN_POINT('',(-0.3,10.77,7.118739494873));
#10618=CARTESIAN_POINT('Origin',(0.72,7.978977356156,0.850000000000001));
#10619=CARTESIAN_POINT('',(0.3,7.978977356156,0.850000000000001));
#10620=CARTESIAN_POINT('',(0.72,7.978977356156,0.850000000000001));
#10621=CARTESIAN_POINT('',(0.3,7.978977356156,0.850000000000001));
#10622=CARTESIAN_POINT('',(0.3,10.77,7.118739494873));
#10623=CARTESIAN_POINT('',(0.3,7.978977356156,0.850000000000001));
#10624=CARTESIAN_POINT('',(0.72,10.77,7.118739494873));
#10625=CARTESIAN_POINT('',(0.3,10.77,7.118739494873));
#10626=CARTESIAN_POINT('',(0.72,7.978977356156,0.850000000000001));
#10627=CARTESIAN_POINT('Origin',(0.3,6.75,10.75));
#10628=CARTESIAN_POINT('',(0.3,7.59585465868,0.850000000000001));
#10629=CARTESIAN_POINT('',(0.3,7.978977356156,0.850000000000001));
#10630=CARTESIAN_POINT('',(0.3,10.492322011748,7.355572189403));
#10631=CARTESIAN_POINT('',(0.3,10.77,7.118739494873));
#10632=CARTESIAN_POINT('Origin',(0.72,10.492322011748,7.355572189403));
#10633=CARTESIAN_POINT('',(0.72,7.59585465868,0.850000000000001));
#10634=CARTESIAN_POINT('',(0.3,7.59585465868,0.850000000000001));
#10635=CARTESIAN_POINT('',(0.72,10.492322011748,7.355572189403));
#10636=CARTESIAN_POINT('Origin',(0.72,6.75,10.75));
#10637=CARTESIAN_POINT('',(0.72,7.978977356156,0.850000000000001));
#10638=CARTESIAN_POINT('',(0.72,10.77,7.118739494873));
#10639=CARTESIAN_POINT('Origin',(1.74,7.978977356156,0.850000000000001));
#10640=CARTESIAN_POINT('',(1.32,7.978977356156,0.850000000000001));
#10641=CARTESIAN_POINT('',(1.74,7.978977356156,0.850000000000001));
#10642=CARTESIAN_POINT('',(1.32,7.978977356156,0.850000000000001));
#10643=CARTESIAN_POINT('',(1.32,10.77,7.118739494873));
#10644=CARTESIAN_POINT('',(1.32,7.978977356156,0.850000000000001));
#10645=CARTESIAN_POINT('',(1.74,10.77,7.118739494873));
#10646=CARTESIAN_POINT('',(1.32,10.77,7.118739494873));
#10647=CARTESIAN_POINT('',(1.74,7.978977356156,0.850000000000001));
#10648=CARTESIAN_POINT('Origin',(1.32,6.75,10.75));
#10649=CARTESIAN_POINT('',(1.32,7.59585465868,0.850000000000001));
#10650=CARTESIAN_POINT('',(1.32,7.978977356156,0.850000000000001));
#10651=CARTESIAN_POINT('',(1.32,10.492322011748,7.355572189403));
#10652=CARTESIAN_POINT('',(1.32,10.77,7.118739494873));
#10653=CARTESIAN_POINT('Origin',(1.74,10.492322011748,7.355572189403));
#10654=CARTESIAN_POINT('',(1.74,7.59585465868,0.850000000000001));
#10655=CARTESIAN_POINT('',(1.32,7.59585465868,0.850000000000001));
#10656=CARTESIAN_POINT('',(1.74,10.492322011748,7.355572189403));
#10657=CARTESIAN_POINT('Origin',(1.74,6.75,10.75));
#10658=CARTESIAN_POINT('',(1.74,7.978977356156,0.850000000000001));
#10659=CARTESIAN_POINT('',(1.74,10.77,7.118739494873));
#10660=CARTESIAN_POINT('Origin',(2.76,7.978977356156,0.850000000000001));
#10661=CARTESIAN_POINT('',(2.34,7.978977356156,0.850000000000001));
#10662=CARTESIAN_POINT('',(2.76,7.978977356156,0.850000000000001));
#10663=CARTESIAN_POINT('',(2.34,7.978977356156,0.850000000000001));
#10664=CARTESIAN_POINT('',(2.34,10.77,7.118739494873));
#10665=CARTESIAN_POINT('',(2.34,7.978977356156,0.850000000000001));
#10666=CARTESIAN_POINT('',(2.76,10.77,7.118739494873));
#10667=CARTESIAN_POINT('',(2.34,10.77,7.118739494873));
#10668=CARTESIAN_POINT('',(2.76,7.978977356156,0.850000000000001));
#10669=CARTESIAN_POINT('Origin',(2.34,6.75,10.75));
#10670=CARTESIAN_POINT('',(2.34,7.59585465868,0.850000000000001));
#10671=CARTESIAN_POINT('',(2.34,7.978977356156,0.850000000000001));
#10672=CARTESIAN_POINT('',(2.34,10.492322011748,7.355572189403));
#10673=CARTESIAN_POINT('',(2.34,10.77,7.118739494873));
#10674=CARTESIAN_POINT('Origin',(2.76,10.492322011748,7.355572189403));
#10675=CARTESIAN_POINT('',(2.76,7.59585465868,0.850000000000001));
#10676=CARTESIAN_POINT('',(2.34,7.59585465868,0.850000000000001));
#10677=CARTESIAN_POINT('',(2.76,10.492322011748,7.355572189403));
#10678=CARTESIAN_POINT('Origin',(2.76,6.75,10.75));
#10679=CARTESIAN_POINT('',(2.76,7.978977356156,0.850000000000001));
#10680=CARTESIAN_POINT('',(2.76,10.77,7.118739494873));
#10681=CARTESIAN_POINT('Origin',(3.78,7.978977356156,0.850000000000001));
#10682=CARTESIAN_POINT('',(3.36,7.978977356156,0.850000000000001));
#10683=CARTESIAN_POINT('',(3.78,7.978977356156,0.850000000000001));
#10684=CARTESIAN_POINT('',(3.36,7.978977356156,0.850000000000001));
#10685=CARTESIAN_POINT('',(3.36,10.77,7.118739494873));
#10686=CARTESIAN_POINT('',(3.36,7.978977356156,0.850000000000001));
#10687=CARTESIAN_POINT('',(3.78,10.77,7.118739494873));
#10688=CARTESIAN_POINT('',(3.36,10.77,7.118739494873));
#10689=CARTESIAN_POINT('',(3.78,7.978977356156,0.850000000000001));
#10690=CARTESIAN_POINT('Origin',(3.36,6.75,10.75));
#10691=CARTESIAN_POINT('',(3.36,7.59585465868,0.850000000000001));
#10692=CARTESIAN_POINT('',(3.36,7.978977356156,0.850000000000001));
#10693=CARTESIAN_POINT('',(3.36,10.492322011748,7.355572189403));
#10694=CARTESIAN_POINT('',(3.36,10.77,7.118739494873));
#10695=CARTESIAN_POINT('Origin',(3.78,10.492322011748,7.355572189403));
#10696=CARTESIAN_POINT('',(3.78,7.59585465868,0.850000000000001));
#10697=CARTESIAN_POINT('',(3.36,7.59585465868,0.850000000000001));
#10698=CARTESIAN_POINT('',(3.78,10.492322011748,7.355572189403));
#10699=CARTESIAN_POINT('Origin',(3.78,6.75,10.75));
#10700=CARTESIAN_POINT('',(3.78,7.978977356156,0.850000000000001));
#10701=CARTESIAN_POINT('',(3.78,10.77,7.118739494873));
#10702=CARTESIAN_POINT('Origin',(5.95,10.77,10.75));
#10703=CARTESIAN_POINT('',(-5.95,10.77,10.25));
#10704=CARTESIAN_POINT('',(5.95,10.77,10.25));
#10705=CARTESIAN_POINT('',(-5.95,10.77,10.25));
#10706=CARTESIAN_POINT('',(-5.95,10.77,0.850000000000001));
#10707=CARTESIAN_POINT('',(-5.95,10.77,10.25));
#10708=CARTESIAN_POINT('',(5.95,10.77,0.850000000000001));
#10709=CARTESIAN_POINT('',(5.95,10.77,0.850000000000001));
#10710=CARTESIAN_POINT('',(5.95,10.77,10.25));
#10711=CARTESIAN_POINT('Origin',(5.95,5.14,0.850000000000001));
#10712=CARTESIAN_POINT('',(5.95,5.14,0.850000000000001));
#10713=CARTESIAN_POINT('',(5.95,5.14,0.850000000000001));
#10714=CARTESIAN_POINT('',(3.15,5.14,0.850000000000001));
#10715=CARTESIAN_POINT('',(5.95,5.14,0.850000000000001));
#10716=CARTESIAN_POINT('',(3.15,5.14,0.850000000000001));
#10717=CARTESIAN_POINT('Origin',(-3.15,5.14,0.850000000000001));
#10718=CARTESIAN_POINT('',(-3.15,5.14,2.35));
#10719=CARTESIAN_POINT('',(-5.95,5.14,2.35));
#10720=CARTESIAN_POINT('',(-3.15,5.14,2.35));
#10721=CARTESIAN_POINT('',(-3.15,5.14,0.850000000000001));
#10722=CARTESIAN_POINT('',(-3.15,5.14,0.850000000000001));
#10723=CARTESIAN_POINT('',(-5.95,5.14,0.850000000000001));
#10724=CARTESIAN_POINT('',(-5.95,5.14,0.850000000000001));
#10725=CARTESIAN_POINT('',(-5.95,5.14,0.850000000000001));
#10726=CARTESIAN_POINT('Origin',(0.,6.75,2.35));
#10727=CARTESIAN_POINT('',(-3.15,3.94,2.35));
#10728=CARTESIAN_POINT('',(-3.15,3.94,2.35));
#10729=CARTESIAN_POINT('',(-5.95,3.94,2.35));
#10730=CARTESIAN_POINT('',(-5.95,3.94,2.35));
#10731=CARTESIAN_POINT('',(-5.95,3.94,2.35));
#10732=CARTESIAN_POINT('Origin',(-3.15,2.25,9.1));
#10733=CARTESIAN_POINT('',(-3.15,2.25,9.1));
#10734=CARTESIAN_POINT('',(-3.15,0.85,9.1));
#10735=CARTESIAN_POINT('',(-3.15,2.25,9.1));
#10736=CARTESIAN_POINT('',(-2.03,2.25,9.1));
#10737=CARTESIAN_POINT('',(-3.15,2.25,9.1));
#10738=CARTESIAN_POINT('',(-2.03,0.85,9.1));
#10739=CARTESIAN_POINT('',(-2.03,2.25,9.1));
#10740=CARTESIAN_POINT('',(-3.15,0.85,9.1));
#10741=CARTESIAN_POINT('Origin',(2.03,2.25,9.1));
#10742=CARTESIAN_POINT('',(3.15,2.25,9.1));
#10743=CARTESIAN_POINT('',(3.15,0.85,9.1));
#10744=CARTESIAN_POINT('',(3.15,2.25,9.1));
#10745=CARTESIAN_POINT('',(2.03,0.85,9.1));
#10746=CARTESIAN_POINT('',(2.03,0.85,9.1));
#10747=CARTESIAN_POINT('',(2.03,2.25,9.1));
#10748=CARTESIAN_POINT('',(2.03,2.25,9.1));
#10749=CARTESIAN_POINT('',(3.15,2.25,9.1));
#10750=CARTESIAN_POINT('Origin',(2.03,2.25,10.75));
#10751=CARTESIAN_POINT('',(2.03,2.25,10.25));
#10752=CARTESIAN_POINT('',(2.03,0.85,10.25));
#10753=CARTESIAN_POINT('',(2.03,2.25,10.25));
#10754=CARTESIAN_POINT('',(2.03,2.25,10.25));
#10755=CARTESIAN_POINT('',(2.03,0.85,10.25));
#10756=CARTESIAN_POINT('Origin',(-3.15,2.25,10.75));
#10757=CARTESIAN_POINT('',(3.15,2.25,10.25));
#10758=CARTESIAN_POINT('',(3.15,2.25,10.25));
#10759=CARTESIAN_POINT('',(3.15,2.25,10.25));
#10760=CARTESIAN_POINT('Origin',(3.15,2.25,10.75));
#10761=CARTESIAN_POINT('',(3.15,3.94,10.25));
#10762=CARTESIAN_POINT('',(3.15,3.94,10.25));
#10763=CARTESIAN_POINT('',(3.15,3.94,10.25));
#10764=CARTESIAN_POINT('',(3.15,0.85,0.850000000000001));
#10765=CARTESIAN_POINT('',(3.15,5.14,0.850000000000001));
#10766=CARTESIAN_POINT('',(3.15,0.85,9.1));
#10767=CARTESIAN_POINT('Origin',(3.15,3.94,10.75));
#10768=CARTESIAN_POINT('',(5.95,3.94,10.25));
#10769=CARTESIAN_POINT('',(5.95,3.94,10.25));
#10770=CARTESIAN_POINT('',(5.95,3.94,10.25));
#10771=CARTESIAN_POINT('Origin',(-5.95,3.94,10.75));
#10772=CARTESIAN_POINT('',(-3.15,3.94,10.25));
#10773=CARTESIAN_POINT('',(-5.95,3.94,10.25));
#10774=CARTESIAN_POINT('',(-3.15,3.94,10.25));
#10775=CARTESIAN_POINT('',(-3.15,3.94,10.25));
#10776=CARTESIAN_POINT('',(-5.95,3.94,10.25));
#10777=CARTESIAN_POINT('Origin',(-3.15,3.94,10.75));
#10778=CARTESIAN_POINT('',(-3.15,2.25,10.25));
#10779=CARTESIAN_POINT('',(-3.15,2.25,10.25));
#10780=CARTESIAN_POINT('',(-3.15,2.25,10.25));
#10781=CARTESIAN_POINT('',(-3.15,0.85,0.850000000000001));
#10782=CARTESIAN_POINT('',(-3.15,0.85,0.850000000000001));
#10783=CARTESIAN_POINT('',(-3.15,5.14,0.850000000000001));
#10784=CARTESIAN_POINT('Origin',(-3.15,2.25,10.75));
#10785=CARTESIAN_POINT('',(-2.03,2.25,10.25));
#10786=CARTESIAN_POINT('',(-2.03,2.25,10.25));
#10787=CARTESIAN_POINT('',(-2.03,2.25,10.25));
#10788=CARTESIAN_POINT('Origin',(-2.03,2.25,9.1));
#10789=CARTESIAN_POINT('',(-2.03,0.85,10.25));
#10790=CARTESIAN_POINT('',(-2.03,0.85,10.25));
#10791=CARTESIAN_POINT('',(-2.03,0.85,9.1));
#10792=CARTESIAN_POINT('Origin',(5.965,0.349999999999999,-1.6));
#10793=CARTESIAN_POINT('',(5.465,-2.9,-1.6));
#10794=CARTESIAN_POINT('',(5.965,-2.9,-1.6));
#10795=CARTESIAN_POINT('',(5.465,-2.9,-1.6));
#10796=CARTESIAN_POINT('',(5.465,-0.0686931771220001,-1.6));
#10797=CARTESIAN_POINT('',(5.465,-2.9,-1.6));
#10798=CARTESIAN_POINT('',(5.965,-0.0686931771220001,-1.6));
#10799=CARTESIAN_POINT('Origin',(5.715,0.275000000000001,-1.6));
#10800=CARTESIAN_POINT('',(5.965,-2.9,-1.6));
#10801=CARTESIAN_POINT('Origin',(5.465,0.349999999999999,1.6));
#10802=CARTESIAN_POINT('',(5.965,-2.9,1.6));
#10803=CARTESIAN_POINT('',(5.465,-2.9,1.6));
#10804=CARTESIAN_POINT('',(5.965,-2.9,1.6));
#10805=CARTESIAN_POINT('',(5.965,-0.0686931771220001,1.6));
#10806=CARTESIAN_POINT('',(5.965,-2.9,1.6));
#10807=CARTESIAN_POINT('',(5.465,-0.0686931771220001,1.6));
#10808=CARTESIAN_POINT('Origin',(5.715,0.275000000000001,1.6));
#10809=CARTESIAN_POINT('',(5.465,-2.9,1.6));
#10810=CARTESIAN_POINT('Origin',(-5.465,0.349999999999999,-1.6));
#10811=CARTESIAN_POINT('',(-5.965,-2.9,-1.6));
#10812=CARTESIAN_POINT('',(-5.465,-2.9,-1.6));
#10813=CARTESIAN_POINT('',(-5.965,-2.9,-1.6));
#10814=CARTESIAN_POINT('',(-5.965,-0.0686931771220001,-1.6));
#10815=CARTESIAN_POINT('',(-5.965,-0.0686931771220001,-1.6));
#10816=CARTESIAN_POINT('',(-5.465,-0.0686931771220001,-1.6));
#10817=CARTESIAN_POINT('Origin',(-5.715,0.275000000000001,-1.6));
#10818=CARTESIAN_POINT('',(-5.465,-2.9,-1.6));
#10819=CARTESIAN_POINT('Origin',(-5.965,0.349999999999999,1.6));
#10820=CARTESIAN_POINT('',(-5.465,-2.9,1.6));
#10821=CARTESIAN_POINT('',(-5.965,-2.9,1.6));
#10822=CARTESIAN_POINT('',(-5.465,-2.9,1.6));
#10823=CARTESIAN_POINT('',(-5.465,-0.0686931771220001,1.6));
#10824=CARTESIAN_POINT('',(-5.465,-0.0686931771220001,1.6));
#10825=CARTESIAN_POINT('',(-5.965,-0.0686931771220001,1.6));
#10826=CARTESIAN_POINT('Origin',(-5.715,0.275000000000001,1.6));
#10827=CARTESIAN_POINT('',(-5.965,-2.9,1.6));
#10828=CARTESIAN_POINT('Origin',(5.,7.54,8.030000000034));
#10829=CARTESIAN_POINT('',(4.851771263744,7.54,8.007016489685));
#10830=CARTESIAN_POINT('',(4.871676684601,7.54,8.107673204713));
#10831=CARTESIAN_POINT('Origin',(5.,7.54,8.030000000034));
#10832=CARTESIAN_POINT('',(4.871676684601,5.54,8.107673204713));
#10833=CARTESIAN_POINT('',(4.871676684601,7.54,8.107673204713));
#10834=CARTESIAN_POINT('',(4.851771263744,5.54,8.007016489685));
#10835=CARTESIAN_POINT('Origin',(5.,5.54,8.030000000034));
#10836=CARTESIAN_POINT('',(4.851771263744,7.54,8.007016489685));
#10837=CARTESIAN_POINT('Origin',(5.007913550971,7.54,7.000000000008));
#10838=CARTESIAN_POINT('',(5.007913550971,7.54,7.000000000008));
#10839=CARTESIAN_POINT('',(5.007913550971,7.54,7.000000000008));
#10840=CARTESIAN_POINT('',(5.007913550971,5.54,7.000000000008));
#10841=CARTESIAN_POINT('',(5.007913550971,5.54,7.000000000008));
#10842=CARTESIAN_POINT('',(5.007913550971,7.54,7.000000000008));
#10843=CARTESIAN_POINT('Origin',(4.810275235963,7.54,6.969355319543));
#10844=CARTESIAN_POINT('',(4.810275235963,7.54,6.969355319543));
#10845=CARTESIAN_POINT('',(4.810275235963,7.54,6.969355319543));
#10846=CARTESIAN_POINT('',(4.810275235963,5.54,6.969355319543));
#10847=CARTESIAN_POINT('',(4.810275235963,5.54,6.969355319543));
#10848=CARTESIAN_POINT('',(4.810275235963,7.54,6.969355319543));
#10849=CARTESIAN_POINT('Origin',(4.654132948736,7.54,7.97637180922));
#10850=CARTESIAN_POINT('',(4.654132948736,7.54,7.97637180922));
#10851=CARTESIAN_POINT('',(4.654132948736,7.54,7.97637180922));
#10852=CARTESIAN_POINT('',(4.654132948736,5.54,7.97637180922));
#10853=CARTESIAN_POINT('',(4.654132948736,5.54,7.97637180922));
#10854=CARTESIAN_POINT('',(4.654132948736,7.54,7.97637180922));
#10855=CARTESIAN_POINT('Origin',(5.,7.54,8.030000000034));
#10856=CARTESIAN_POINT('',(4.700578930736,7.54,8.211237477618));
#10857=CARTESIAN_POINT('Origin',(5.,7.54,8.030000000034));
#10858=CARTESIAN_POINT('',(4.700578930736,5.54,8.211237477618));
#10859=CARTESIAN_POINT('Origin',(5.,5.54,8.030000000034));
#10860=CARTESIAN_POINT('',(4.700578930736,7.54,8.211237477618));
#10861=CARTESIAN_POINT('Origin',(5.95,3.94,10.75));
#10862=CARTESIAN_POINT('',(5.95,5.205,10.25));
#10863=CARTESIAN_POINT('',(5.95,5.205,10.25));
#10864=CARTESIAN_POINT('',(5.95,5.205,0.850000000000001));
#10865=CARTESIAN_POINT('',(5.95,5.205,0.850000000000001));
#10866=CARTESIAN_POINT('',(5.95,5.14,0.850000000000001));
#10867=CARTESIAN_POINT('Origin',(6.81,5.205,10.5));
#10868=CARTESIAN_POINT('',(6.81,5.205,10.5));
#10869=CARTESIAN_POINT('',(6.81,8.005,10.5));
#10870=CARTESIAN_POINT('',(6.81,5.205,10.5));
#10871=CARTESIAN_POINT('',(6.81,8.005,0.850000000000001));
#10872=CARTESIAN_POINT('',(6.81,8.005,10.5));
#10873=CARTESIAN_POINT('',(6.81,5.205,0.850000000000001));
#10874=CARTESIAN_POINT('',(6.81,5.205,0.850000000000001));
#10875=CARTESIAN_POINT('',(6.81,5.205,10.5));
#10876=CARTESIAN_POINT('Origin',(5.95,3.94,10.75));
#10877=CARTESIAN_POINT('',(5.95,8.005,10.25));
#10878=CARTESIAN_POINT('',(5.95,10.77,10.25));
#10879=CARTESIAN_POINT('',(5.95,8.005,0.850000000000001));
#10880=CARTESIAN_POINT('',(5.95,8.005,0.850000000000001));
#10881=CARTESIAN_POINT('',(5.95,8.005,0.850000000000001));
#10882=CARTESIAN_POINT('Origin',(6.075,9.3875,10.375));
#10883=CARTESIAN_POINT('',(6.2,8.255,10.5));
#10884=CARTESIAN_POINT('',(5.95,8.005,10.25));
#10885=CARTESIAN_POINT('',(6.2,11.02,10.5));
#10886=CARTESIAN_POINT('',(6.2,11.02,10.5));
#10887=CARTESIAN_POINT('',(5.95,10.77,10.25));
#10888=CARTESIAN_POINT('Origin',(1.42108547152E-14,10.895,10.375));
#10889=CARTESIAN_POINT('',(-6.2,11.02,10.5));
#10890=CARTESIAN_POINT('',(-6.2,11.02,10.5));
#10891=CARTESIAN_POINT('',(-5.95,10.77,10.25));
#10892=CARTESIAN_POINT('Origin',(-6.075,9.3875,10.375));
#10893=CARTESIAN_POINT('',(-6.2,8.255,10.5));
#10894=CARTESIAN_POINT('',(-6.2,8.255,10.5));
#10895=CARTESIAN_POINT('',(-5.95,8.005,10.25));
#10896=CARTESIAN_POINT('',(-5.95,8.005,10.25));
#10897=CARTESIAN_POINT('',(-5.95,8.005,10.25));
#10898=CARTESIAN_POINT('Origin',(-5.95,10.77,10.75));
#10899=CARTESIAN_POINT('',(-5.95,8.005,0.850000000000001));
#10900=CARTESIAN_POINT('',(-5.95,8.005,0.850000000000001));
#10901=CARTESIAN_POINT('',(-5.95,10.77,0.850000000000001));
#10902=CARTESIAN_POINT('Origin',(-6.81,8.005,10.5));
#10903=CARTESIAN_POINT('',(-6.81,8.005,10.5));
#10904=CARTESIAN_POINT('',(-6.81,5.205,10.5));
#10905=CARTESIAN_POINT('',(-6.81,8.005,10.5));
#10906=CARTESIAN_POINT('',(-6.81,5.205,0.850000000000001));
#10907=CARTESIAN_POINT('',(-6.81,5.205,10.5));
#10908=CARTESIAN_POINT('',(-6.81,8.005,0.850000000000001));
#10909=CARTESIAN_POINT('',(-6.81,8.005,0.850000000000001));
#10910=CARTESIAN_POINT('',(-6.81,8.005,10.5));
#10911=CARTESIAN_POINT('Origin',(0.,6.75,0.850000000000001));
#10912=CARTESIAN_POINT('',(5.95,5.205,0.850000000000001));
#10913=CARTESIAN_POINT('',(6.81,8.005,0.850000000000001));
#10914=CARTESIAN_POINT('',(-5.95,8.005,0.850000000000001));
#10915=CARTESIAN_POINT('',(-5.95,5.205,0.850000000000001));
#10916=CARTESIAN_POINT('',(-6.81,5.205,0.850000000000001));
#10917=CARTESIAN_POINT('',(-5.95,5.205,0.850000000000001));
#10918=CARTESIAN_POINT('',(3.15,0.85,0.850000000000001));
#10919=CARTESIAN_POINT('Origin',(-5.95,10.77,10.75));
#10920=CARTESIAN_POINT('',(-5.95,5.205,10.25));
#10921=CARTESIAN_POINT('',(-5.95,3.94,10.25));
#10922=CARTESIAN_POINT('',(-5.95,5.205,0.850000000000001));
#10923=CARTESIAN_POINT('Origin',(-5.10000000001,7.54,8.03));
#10924=CARTESIAN_POINT('',(-4.752703985789,7.54,7.986577903022));
#10925=CARTESIAN_POINT('',(-4.806044632274,7.54,8.219974318736));
#10926=CARTESIAN_POINT('Origin',(-5.10000000001,7.54,8.03));
#10927=CARTESIAN_POINT('',(-4.806044632274,5.54,8.219974318736));
#10928=CARTESIAN_POINT('',(-4.806044632274,7.54,8.219974318736));
#10929=CARTESIAN_POINT('',(-4.752703985789,5.54,7.986577903022));
#10930=CARTESIAN_POINT('Origin',(-5.10000000001,5.54,8.03));
#10931=CARTESIAN_POINT('',(-4.752703985789,7.54,7.986577903022));
#10932=CARTESIAN_POINT('Origin',(-4.87915720112,7.54,6.975187373156));
#10933=CARTESIAN_POINT('',(-4.87915720112,7.54,6.975187373156));
#10934=CARTESIAN_POINT('',(-4.87915720112,7.54,6.975187373156));
#10935=CARTESIAN_POINT('',(-4.87915720112,5.54,6.975187373156));
#10936=CARTESIAN_POINT('',(-4.87915720112,5.54,6.975187373156));
#10937=CARTESIAN_POINT('',(-4.87915720112,7.54,6.975187373156));
#10938=CARTESIAN_POINT('Origin',(-5.07761206639,7.54,7.));
#10939=CARTESIAN_POINT('',(-5.07761206639,7.54,7.));
#10940=CARTESIAN_POINT('',(-5.07761206639,7.54,7.));
#10941=CARTESIAN_POINT('',(-5.07761206639,5.54,7.));
#10942=CARTESIAN_POINT('',(-5.07761206639,5.54,7.));
#10943=CARTESIAN_POINT('',(-5.07761206639,7.54,7.));
#10944=CARTESIAN_POINT('Origin',(-4.951158851058,7.54,8.011390529867));
#10945=CARTESIAN_POINT('',(-4.951158851058,7.54,8.011390529867));
#10946=CARTESIAN_POINT('',(-4.951158851058,7.54,8.011390529867));
#10947=CARTESIAN_POINT('',(-4.951158851058,5.54,8.011390529867));
#10948=CARTESIAN_POINT('',(-4.951158851058,5.54,8.011390529867));
#10949=CARTESIAN_POINT('',(-4.951158851058,7.54,8.011390529867));
#10950=CARTESIAN_POINT('Origin',(-5.10000000001,7.54,8.03));
#10951=CARTESIAN_POINT('',(-4.974019128123,7.54,8.111417565173));
#10952=CARTESIAN_POINT('Origin',(-5.10000000001,7.54,8.03));
#10953=CARTESIAN_POINT('',(-4.974019128123,5.54,8.111417565173));
#10954=CARTESIAN_POINT('Origin',(-5.10000000001,5.54,8.03));
#10955=CARTESIAN_POINT('',(-4.974019128123,7.54,8.111417565173));
#10956=CARTESIAN_POINT('Origin',(0.,1.1,10.75));
#10957=CARTESIAN_POINT('',(4.047124344468,1.1,10.5));
#10958=CARTESIAN_POINT('',(6.692875655532,1.1,10.5));
#10959=CARTESIAN_POINT('',(4.047124344468,1.1,10.5));
#10960=CARTESIAN_POINT('Origin',(5.37,1.1,9.));
#10961=CARTESIAN_POINT('Origin',(5.37,3.,9.));
#10962=CARTESIAN_POINT('',(4.047124344468,3.,10.5));
#10963=CARTESIAN_POINT('',(4.047124344468,1.1,10.5));
#10964=CARTESIAN_POINT('',(6.692875655532,3.,10.5));
#10965=CARTESIAN_POINT('',(6.692875655532,1.1,10.5));
#10966=CARTESIAN_POINT('Origin',(5.37,3.,9.));
#10967=CARTESIAN_POINT('Origin',(0.,3.,10.75));
#10968=CARTESIAN_POINT('',(4.047124344468,3.,10.5));
#10969=CARTESIAN_POINT('Origin',(0.,1.1,10.75));
#10970=CARTESIAN_POINT('',(-4.047124344468,1.1,10.5));
#10971=CARTESIAN_POINT('',(-6.692875655532,1.1,10.5));
#10972=CARTESIAN_POINT('',(-4.047124344468,1.1,10.5));
#10973=CARTESIAN_POINT('Origin',(-5.37,1.1,9.));
#10974=CARTESIAN_POINT('Origin',(-5.37,3.,9.));
#10975=CARTESIAN_POINT('',(-6.692875655532,3.,10.5));
#10976=CARTESIAN_POINT('',(-6.692875655532,1.1,10.5));
#10977=CARTESIAN_POINT('',(-4.047124344468,3.,10.5));
#10978=CARTESIAN_POINT('',(-4.047124344468,1.1,10.5));
#10979=CARTESIAN_POINT('Origin',(-5.37,3.,9.));
#10980=CARTESIAN_POINT('Origin',(0.,3.,10.75));
#10981=CARTESIAN_POINT('',(-4.047124344468,3.,10.5));
#10982=CARTESIAN_POINT('Origin',(0.,0.85,0.850000000000001));
#10983=CARTESIAN_POINT('',(-2.28,0.85,10.5));
#10984=CARTESIAN_POINT('',(-2.03,0.85,10.25));
#10985=CARTESIAN_POINT('',(2.28,0.85,10.5));
#10986=CARTESIAN_POINT('',(2.28,0.85,10.5));
#10987=CARTESIAN_POINT('',(2.28,0.85,10.5));
#10988=CARTESIAN_POINT('Origin',(2.155,1.55,10.375));
#10989=CARTESIAN_POINT('',(2.28,2.,10.5));
#10990=CARTESIAN_POINT('',(2.28,2.,10.5));
#10991=CARTESIAN_POINT('',(2.03,2.25,10.25));
#10992=CARTESIAN_POINT('Origin',(2.59,2.125,10.375));
#10993=CARTESIAN_POINT('',(3.4,2.,10.5));
#10994=CARTESIAN_POINT('',(3.4,2.,10.5));
#10995=CARTESIAN_POINT('',(3.15,2.25,10.25));
#10996=CARTESIAN_POINT('Origin',(3.275,3.095,10.375));
#10997=CARTESIAN_POINT('',(3.4,3.69,10.5));
#10998=CARTESIAN_POINT('',(3.4,3.69,10.5));
#10999=CARTESIAN_POINT('',(3.15,3.94,10.25));
#11000=CARTESIAN_POINT('Origin',(4.55,3.815,10.375));
#11001=CARTESIAN_POINT('',(6.2,3.69,10.5));
#11002=CARTESIAN_POINT('',(6.2,3.69,10.5));
#11003=CARTESIAN_POINT('',(5.95,3.94,10.25));
#11004=CARTESIAN_POINT('Origin',(6.075,4.5725,10.375));
#11005=CARTESIAN_POINT('',(6.2,4.955,10.5));
#11006=CARTESIAN_POINT('',(6.2,4.955,10.5));
#11007=CARTESIAN_POINT('',(5.95,5.205,10.25));
#11008=CARTESIAN_POINT('Origin',(-6.075,4.5725,10.375));
#11009=CARTESIAN_POINT('',(-6.2,4.955,10.5));
#11010=CARTESIAN_POINT('',(-5.95,5.205,10.25));
#11011=CARTESIAN_POINT('',(-6.2,3.69,10.5));
#11012=CARTESIAN_POINT('',(-6.2,3.69,10.5));
#11013=CARTESIAN_POINT('',(-5.95,3.94,10.25));
#11014=CARTESIAN_POINT('Origin',(-4.55,3.815,10.375));
#11015=CARTESIAN_POINT('',(-3.4,3.69,10.5));
#11016=CARTESIAN_POINT('',(-3.4,3.69,10.5));
#11017=CARTESIAN_POINT('',(-3.15,3.94,10.25));
#11018=CARTESIAN_POINT('Origin',(-3.275,3.095,10.375));
#11019=CARTESIAN_POINT('',(-3.4,2.,10.5));
#11020=CARTESIAN_POINT('',(-3.4,2.,10.5));
#11021=CARTESIAN_POINT('',(-3.15,2.25,10.25));
#11022=CARTESIAN_POINT('Origin',(-2.59,2.125,10.375));
#11023=CARTESIAN_POINT('',(-2.28,2.,10.5));
#11024=CARTESIAN_POINT('',(-2.28,2.,10.5));
#11025=CARTESIAN_POINT('',(-2.03,2.25,10.25));
#11026=CARTESIAN_POINT('Origin',(-2.155,1.55,10.375));
#11027=CARTESIAN_POINT('',(-2.28,0.85,10.5));
#11028=CARTESIAN_POINT('Origin',(0.,-2.199,10.75));
#11029=CARTESIAN_POINT('',(-3.351527302656,-2.199,-2.33));
#11030=CARTESIAN_POINT('',(-3.351527302656,-2.199,-2.79));
#11031=CARTESIAN_POINT('',(-3.351527302656,-2.199,4.21));
#11032=CARTESIAN_POINT('',(-3.001527302656,-2.199,-2.79));
#11033=CARTESIAN_POINT('',(-1.675763651328,-2.199,-2.79));
#11034=CARTESIAN_POINT('',(-3.001527302656,-2.199,-2.33));
#11035=CARTESIAN_POINT('',(-3.001527302656,-2.199,3.98));
#11036=CARTESIAN_POINT('',(-1.500763651328,-2.199,-2.33));
#11037=CARTESIAN_POINT('Origin',(0.,-2.199,10.75));
#11038=CARTESIAN_POINT('',(-5.891527302656,-2.199,-3.6));
#11039=CARTESIAN_POINT('',(-5.891527302656,-2.199,-4.06));
#11040=CARTESIAN_POINT('',(-5.891527302656,-2.199,3.575));
#11041=CARTESIAN_POINT('',(-5.541527302656,-2.199,-4.06));
#11042=CARTESIAN_POINT('',(-2.945763651328,-2.199,-4.06));
#11043=CARTESIAN_POINT('',(-5.541527302656,-2.199,-3.6));
#11044=CARTESIAN_POINT('',(-5.541527302656,-2.199,3.345));
#11045=CARTESIAN_POINT('',(-2.770763651328,-2.199,-3.6));
#11046=CARTESIAN_POINT('Origin',(0.,-2.199,10.75));
#11047=CARTESIAN_POINT('',(-2.133471418378,-2.199,-6.535));
#11048=CARTESIAN_POINT('',(-1.673471418378,-2.199,-6.535));
#11049=CARTESIAN_POINT('',(-1.066735709189,-2.199,-6.535));
#11050=CARTESIAN_POINT('',(-1.673471418378,-2.199,-6.185));
#11051=CARTESIAN_POINT('',(-1.673471418378,-2.199,2.1075));
#11052=CARTESIAN_POINT('',(-2.133471418378,-2.199,-6.185));
#11053=CARTESIAN_POINT('',(-0.836735709189,-2.199,-6.185));
#11054=CARTESIAN_POINT('',(-2.133471418378,-2.199,2.2825));
#11055=CARTESIAN_POINT('Origin',(0.,-2.199,10.75));
#11056=CARTESIAN_POINT('',(-3.403471418376,-2.199,-9.075));
#11057=CARTESIAN_POINT('',(-2.943471418376,-2.199,-9.075));
#11058=CARTESIAN_POINT('',(-1.701735709188,-2.199,-9.075));
#11059=CARTESIAN_POINT('',(-2.943471418376,-2.199,-8.725));
#11060=CARTESIAN_POINT('',(-2.943471418376,-2.199,0.837500000000002));
#11061=CARTESIAN_POINT('',(-3.403471418376,-2.199,-8.725));
#11062=CARTESIAN_POINT('',(-1.471735709188,-2.199,-8.725));
#11063=CARTESIAN_POINT('',(-3.403471418376,-2.199,1.0125));
#11064=CARTESIAN_POINT('Origin',(0.,-2.199,10.75));
#11065=CARTESIAN_POINT('',(-5.943471418376,-2.199,-9.075));
#11066=CARTESIAN_POINT('',(-5.483471418376,-2.199,-9.075));
#11067=CARTESIAN_POINT('',(-2.971735709188,-2.199,-9.075));
#11068=CARTESIAN_POINT('',(-5.483471418376,-2.199,-8.725));
#11069=CARTESIAN_POINT('',(-5.483471418376,-2.199,0.837500000000002));
#11070=CARTESIAN_POINT('',(-5.943471418376,-2.199,-8.725));
#11071=CARTESIAN_POINT('',(-2.741735709188,-2.199,-8.725));
#11072=CARTESIAN_POINT('',(-5.943471418376,-2.199,1.0125));
#11073=CARTESIAN_POINT('Origin',(0.,-2.199,10.75));
#11074=CARTESIAN_POINT('',(-4.673471418378,-2.199,-6.535));
#11075=CARTESIAN_POINT('',(-4.213471418378,-2.199,-6.535));
#11076=CARTESIAN_POINT('',(-2.336735709189,-2.199,-6.535));
#11077=CARTESIAN_POINT('',(-4.213471418378,-2.199,-6.185));
#11078=CARTESIAN_POINT('',(-4.213471418378,-2.199,2.1075));
#11079=CARTESIAN_POINT('',(-4.673471418378,-2.199,-6.185));
#11080=CARTESIAN_POINT('',(-2.106735709189,-2.199,-6.185));
#11081=CARTESIAN_POINT('',(-4.673471418378,-2.199,2.2825));
#11082=CARTESIAN_POINT('Origin',(0.,-2.199,10.75));
#11083=CARTESIAN_POINT('',(-0.403471418378,-2.199,-9.075));
#11084=CARTESIAN_POINT('',(-0.403471418378,-2.199,-8.725));
#11085=CARTESIAN_POINT('',(-0.403471418378,-2.199,0.837500000000002));
#11086=CARTESIAN_POINT('',(-0.863471418378,-2.199,-8.725));
#11087=CARTESIAN_POINT('',(-0.201735709189,-2.199,-8.725));
#11088=CARTESIAN_POINT('',(-0.863471418378,-2.199,-9.075));
#11089=CARTESIAN_POINT('',(-0.863471418378,-2.199,1.0125));
#11090=CARTESIAN_POINT('',(-0.431735709189,-2.199,-9.075));
#11091=CARTESIAN_POINT('Origin',(0.,-2.199,10.75));
#11092=CARTESIAN_POINT('',(-4.35,-2.199,4.315));
#11093=CARTESIAN_POINT('',(-4.35,-2.199,3.815));
#11094=CARTESIAN_POINT('',(-4.35,-2.199,7.5325));
#11095=CARTESIAN_POINT('',(-3.85,-2.199,3.815));
#11096=CARTESIAN_POINT('',(-2.175,-2.199,3.815));
#11097=CARTESIAN_POINT('',(-3.85,-2.199,4.315));
#11098=CARTESIAN_POINT('',(-3.85,-2.199,7.2825));
#11099=CARTESIAN_POINT('',(-1.925,-2.199,4.315));
#11100=CARTESIAN_POINT('Origin',(0.,-2.199,10.75));
#11101=CARTESIAN_POINT('',(-6.89,-2.199,4.315));
#11102=CARTESIAN_POINT('',(-6.89,-2.199,3.815));
#11103=CARTESIAN_POINT('',(-6.89,-2.199,7.5325));
#11104=CARTESIAN_POINT('',(-6.39,-2.199,3.815));
#11105=CARTESIAN_POINT('',(-3.445,-2.199,3.815));
#11106=CARTESIAN_POINT('',(-6.39,-2.199,4.315));
#11107=CARTESIAN_POINT('',(-6.39,-2.199,7.2825));
#11108=CARTESIAN_POINT('',(-3.195,-2.199,4.315));
#11109=CARTESIAN_POINT('Origin',(0.,-2.199,10.75));
#11110=CARTESIAN_POINT('',(4.35,-2.199,4.315));
#11111=CARTESIAN_POINT('',(3.85,-2.199,4.315));
#11112=CARTESIAN_POINT('',(2.175,-2.199,4.315));
#11113=CARTESIAN_POINT('',(3.85,-2.199,3.815));
#11114=CARTESIAN_POINT('',(3.85,-2.199,7.5325));
#11115=CARTESIAN_POINT('',(4.35,-2.199,3.815));
#11116=CARTESIAN_POINT('',(1.925,-2.199,3.815));
#11117=CARTESIAN_POINT('',(4.35,-2.199,7.2825));
#11118=CARTESIAN_POINT('Origin',(0.,-2.199,10.75));
#11119=CARTESIAN_POINT('',(6.89,-2.199,4.315));
#11120=CARTESIAN_POINT('',(6.39,-2.199,4.315));
#11121=CARTESIAN_POINT('',(3.445,-2.199,4.315));
#11122=CARTESIAN_POINT('',(6.39,-2.199,3.815));
#11123=CARTESIAN_POINT('',(6.39,-2.199,7.5325));
#11124=CARTESIAN_POINT('',(6.89,-2.199,3.815));
#11125=CARTESIAN_POINT('',(3.195,-2.199,3.815));
#11126=CARTESIAN_POINT('',(6.89,-2.199,7.2825));
#11127=CARTESIAN_POINT('Origin',(0.,-2.199,10.75));
#11128=CARTESIAN_POINT('',(0.866528581622,-2.199,-6.535));
#11129=CARTESIAN_POINT('',(0.866528581622,-2.199,-6.185));
#11130=CARTESIAN_POINT('',(0.866528581622,-2.199,2.1075));
#11131=CARTESIAN_POINT('',(0.406528581622,-2.199,-6.185));
#11132=CARTESIAN_POINT('',(0.433264290811,-2.199,-6.185));
#11133=CARTESIAN_POINT('',(0.406528581622,-2.199,-6.535));
#11134=CARTESIAN_POINT('',(0.406528581622,-2.199,2.2825));
#11135=CARTESIAN_POINT('',(0.203264290811,-2.199,-6.535));
#11136=CARTESIAN_POINT('Origin',(0.,-2.199,10.75));
#11137=CARTESIAN_POINT('',(2.13652858162,-2.199,-9.075));
#11138=CARTESIAN_POINT('',(2.13652858162,-2.199,-8.725));
#11139=CARTESIAN_POINT('',(2.13652858162,-2.199,0.837500000000002));
#11140=CARTESIAN_POINT('',(1.67652858162,-2.199,-8.725));
#11141=CARTESIAN_POINT('',(1.06826429081,-2.199,-8.725));
#11142=CARTESIAN_POINT('',(1.67652858162,-2.199,-9.075));
#11143=CARTESIAN_POINT('',(1.67652858162,-2.199,1.0125));
#11144=CARTESIAN_POINT('',(0.83826429081,-2.199,-9.075));
#11145=CARTESIAN_POINT('Origin',(0.,-2.199,10.75));
#11146=CARTESIAN_POINT('',(4.67652858162,-2.199,-9.075));
#11147=CARTESIAN_POINT('',(4.67652858162,-2.199,-8.725));
#11148=CARTESIAN_POINT('',(4.67652858162,-2.199,0.837500000000002));
#11149=CARTESIAN_POINT('',(4.21652858162,-2.199,-8.725));
#11150=CARTESIAN_POINT('',(2.33826429081,-2.199,-8.725));
#11151=CARTESIAN_POINT('',(4.21652858162,-2.199,-9.075));
#11152=CARTESIAN_POINT('',(4.21652858162,-2.199,1.0125));
#11153=CARTESIAN_POINT('',(2.10826429081,-2.199,-9.075));
#11154=CARTESIAN_POINT('Origin',(0.,-2.199,10.75));
#11155=CARTESIAN_POINT('',(3.406528581622,-2.199,-6.535));
#11156=CARTESIAN_POINT('',(3.406528581622,-2.199,-6.185));
#11157=CARTESIAN_POINT('',(3.406528581622,-2.199,2.1075));
#11158=CARTESIAN_POINT('',(2.946528581622,-2.199,-6.185));
#11159=CARTESIAN_POINT('',(1.703264290811,-2.199,-6.185));
#11160=CARTESIAN_POINT('',(2.946528581622,-2.199,-6.535));
#11161=CARTESIAN_POINT('',(2.946528581622,-2.199,2.2825));
#11162=CARTESIAN_POINT('',(1.473264290811,-2.199,-6.535));
#11163=CARTESIAN_POINT('Origin',(0.,-2.199,10.75));
#11164=CARTESIAN_POINT('',(3.351527302656,-2.199,-2.33));
#11165=CARTESIAN_POINT('',(3.001527302656,-2.199,-2.33));
#11166=CARTESIAN_POINT('',(1.675763651328,-2.199,-2.33));
#11167=CARTESIAN_POINT('',(3.001527302656,-2.199,-2.79));
#11168=CARTESIAN_POINT('',(3.001527302656,-2.199,4.21));
#11169=CARTESIAN_POINT('',(3.351527302656,-2.199,-2.79));
#11170=CARTESIAN_POINT('',(1.500763651328,-2.199,-2.79));
#11171=CARTESIAN_POINT('',(3.351527302656,-2.199,3.98));
#11172=CARTESIAN_POINT('Origin',(0.,-2.199,10.75));
#11173=CARTESIAN_POINT('',(5.891527302656,-2.199,-3.6));
#11174=CARTESIAN_POINT('',(5.541527302656,-2.199,-3.6));
#11175=CARTESIAN_POINT('',(2.945763651328,-2.199,-3.6));
#11176=CARTESIAN_POINT('',(5.541527302656,-2.199,-4.06));
#11177=CARTESIAN_POINT('',(5.541527302656,-2.199,3.575));
#11178=CARTESIAN_POINT('',(5.891527302656,-2.199,-4.06));
#11179=CARTESIAN_POINT('',(2.770763651328,-2.199,-4.06));
#11180=CARTESIAN_POINT('',(5.891527302656,-2.199,3.345));
#11181=CARTESIAN_POINT('Origin',(0.,-2.199,10.75));
#11182=CARTESIAN_POINT('',(5.946840728931,-2.199,-6.535));
#11183=CARTESIAN_POINT('',(5.946840728931,-2.199,-6.185));
#11184=CARTESIAN_POINT('',(5.946840728931,-2.199,2.1075));
#11185=CARTESIAN_POINT('',(5.486840728931,-2.199,-6.185));
#11186=CARTESIAN_POINT('',(2.9734203644655,-2.199,-6.185));
#11187=CARTESIAN_POINT('',(5.486840728931,-2.199,-6.535));
#11188=CARTESIAN_POINT('',(5.486840728931,-2.199,2.2825));
#11189=CARTESIAN_POINT('',(2.7434203644655,-2.199,-6.535));
#11190=CARTESIAN_POINT('Origin',(5.465,0.349999999999999,0.250000000000001));
#11191=CARTESIAN_POINT('',(5.465,-3.128571428571,1.55));
#11192=CARTESIAN_POINT('',(5.465,-3.128571428571,1.55));
#11193=CARTESIAN_POINT('',(5.465,-0.0686931771220001,1.55));
#11194=CARTESIAN_POINT('',(5.465,-0.0686931771220001,1.55));
#11195=CARTESIAN_POINT('',(5.465,-3.128571428571,1.55));
#11196=CARTESIAN_POINT('Origin',(5.465,0.349999999999999,-1.6));
#11197=CARTESIAN_POINT('',(5.465,-3.128571428571,-1.55));
#11198=CARTESIAN_POINT('',(5.465,-2.9,-1.6));
#11199=CARTESIAN_POINT('',(5.465,-0.0686931771220001,-1.55));
#11200=CARTESIAN_POINT('',(5.465,-3.128571428571,-1.55));
#11201=CARTESIAN_POINT('',(5.465,-0.0686931771220001,-1.6));
#11202=CARTESIAN_POINT('Origin',(4.2025,-3.3,2.22044604925031E-15));
#11203=CARTESIAN_POINT('',(4.32281266291416,-3.84999999999998,-0.259604935734923));
#11204=CARTESIAN_POINT('',(4.165,-3.128571428571,-0.249999999999999));
#11205=CARTESIAN_POINT('Origin',(4.165,-3.1285714285714,-1.55));
#11206=CARTESIAN_POINT('',(4.32281266291416,-3.84999999999998,0.25960493573491));
#11207=CARTESIAN_POINT('',(4.32281249999998,-3.85,5.375));
#11208=CARTESIAN_POINT('',(4.165,-3.128571428571,0.250000000000001));
#11209=CARTESIAN_POINT('Origin',(4.165,-3.1285714285714,1.55));
#11210=CARTESIAN_POINT('',(4.115,-2.9,0.250000000000001));
#11211=CARTESIAN_POINT('',(4.115,-2.9,0.250000000000001));
#11212=CARTESIAN_POINT('',(4.115,-2.9,-0.249999999999999));
#11213=CARTESIAN_POINT('',(4.115,-2.9,0.250000000000001));
#11214=CARTESIAN_POINT('',(4.165,-3.128571428571,-0.249999999999999));
#11215=CARTESIAN_POINT('Origin',(5.715,0.275000000000001,5.4));
#11216=CARTESIAN_POINT('',(5.29,0.275000000000001,-0.898559288959999));
#11217=CARTESIAN_POINT('Ctrl Pts',(5.465,-0.0686931771220001,-1.55));
#11218=CARTESIAN_POINT('Ctrl Pts',(5.465,-0.0686931771220001,-1.54207796919));
#11219=CARTESIAN_POINT('Ctrl Pts',(5.464855269396,-0.0685879708659998,-1.52625773497));
#11220=CARTESIAN_POINT('Ctrl Pts',(5.464206577683,-0.0681151762819998,-1.50258016905));
#11221=CARTESIAN_POINT('Ctrl Pts',(5.463131495844,-0.0673274615809993,-1.4790114788));
#11222=CARTESIAN_POINT('Ctrl Pts',(5.461636886323,-0.0662236991559995,-1.45557895207));
#11223=CARTESIAN_POINT('Ctrl Pts',(5.459735558766,-0.0648048644800003,-1.4323614179));
#11224=CARTESIAN_POINT('Ctrl Pts',(5.45744613198,-0.0630742884390001,-1.40943752257));
#11225=CARTESIAN_POINT('Ctrl Pts',(5.454785952817,-0.0610326371759995,-1.38683579732));
#11226=CARTESIAN_POINT('Ctrl Pts',(5.451774879513,-0.0586809664699994,-1.36459276601));
#11227=CARTESIAN_POINT('Ctrl Pts',(5.448435002184,-0.0560208552300001,-1.34274467146));
#11228=CARTESIAN_POINT('Ctrl Pts',(5.444789010788,-0.0530534251420001,-1.32131959777));
#11229=CARTESIAN_POINT('Ctrl Pts',(5.440864410431,-0.0497830485619999,-1.30036408616));
#11230=CARTESIAN_POINT('Ctrl Pts',(5.436701054856,-0.0462247466510002,-1.27996803488));
#11231=CARTESIAN_POINT('Ctrl Pts',(5.432328978427,-0.0423862074379999,-1.26015379112));
#11232=CARTESIAN_POINT('Ctrl Pts',(5.427780695164,-0.0382781211149996,-1.24095164738));
#11233=CARTESIAN_POINT('Ctrl Pts',(5.423089502898,-0.033913444475,-1.22238849104));
#11234=CARTESIAN_POINT('Ctrl Pts',(5.418279886724,-0.0292984094820004,-1.20445577876));
#11235=CARTESIAN_POINT('Ctrl Pts',(5.413379504071,-0.0244435420590006,-1.18716011548));
#11236=CARTESIAN_POINT('Ctrl Pts',(5.408413631614,-0.019358804381,-1.17050049552));
#11237=CARTESIAN_POINT('Ctrl Pts',(5.403408773054,-0.0140570606290003,-1.15448266335));
#11238=CARTESIAN_POINT('Ctrl Pts',(5.398405305689,-0.00856919296999936,
-1.13915385466));
#11239=CARTESIAN_POINT('Ctrl Pts',(5.393421631681,-0.00290570985799987,
-1.12449210853));
#11240=CARTESIAN_POINT('Ctrl Pts',(5.388478205358,0.00291880318800009,-1.1104872007));
#11241=CARTESIAN_POINT('Ctrl Pts',(5.383591453522,0.00889208344799997,-1.09712080317));
#11242=CARTESIAN_POINT('Ctrl Pts',(5.37876968787,0.015010451163,-1.08435791066));
#11243=CARTESIAN_POINT('Ctrl Pts',(5.37402751781,0.021261148949,-1.07218532552));
#11244=CARTESIAN_POINT('Ctrl Pts',(5.369375986688,0.027634062852,-1.06058371223));
#11245=CARTESIAN_POINT('Ctrl Pts',(5.364822822156,0.0341225964809999,-1.04952960069));
#11246=CARTESIAN_POINT('Ctrl Pts',(5.360387981239,0.0407004113299991,-1.03903150555));
#11247=CARTESIAN_POINT('Ctrl Pts',(5.35607712162,0.0473592330289996,-1.02906556584));
#11248=CARTESIAN_POINT('Ctrl Pts',(5.351896302281,0.0540891388050002,-1.01961234775));
#11249=CARTESIAN_POINT('Ctrl Pts',(5.347844909522,0.0608901964530006,-1.01064051101));
#11250=CARTESIAN_POINT('Ctrl Pts',(5.343926044404,0.0677564026170008,-1.00213032169));
#11251=CARTESIAN_POINT('Ctrl Pts',(5.340145575894,0.0746757539109999,-0.994070213149998));
#11252=CARTESIAN_POINT('Ctrl Pts',(5.336507722943,0.0816373881510002,-0.986446794629998));
#11253=CARTESIAN_POINT('Ctrl Pts',(5.333009226164,0.0886443616319998,-0.97923319198));
#11254=CARTESIAN_POINT('Ctrl Pts',(5.329653081863,0.0956875572920002,-0.972417630229998));
#11255=CARTESIAN_POINT('Ctrl Pts',(5.326441402662,0.102758251906,-0.965987902219998));
#11256=CARTESIAN_POINT('Ctrl Pts',(5.323373439577,0.109853154898001,-0.959927545769999));
#11257=CARTESIAN_POINT('Ctrl Pts',(5.320445508423,0.116976464762,-0.954215962279998));
#11258=CARTESIAN_POINT('Ctrl Pts',(5.317660155152,0.124117496755,-0.948846079819998));
#11259=CARTESIAN_POINT('Ctrl Pts',(5.315017517118,0.13127007101,-0.943807094409999));
#11260=CARTESIAN_POINT('Ctrl Pts',(5.312516129995,0.138431975813,-0.939086219799998));
#11261=CARTESIAN_POINT('Ctrl Pts',(5.310153407508,0.145604599575,-0.934669603409999));
#11262=CARTESIAN_POINT('Ctrl Pts',(5.30792714145,0.152789255870001,-0.930545095619999));
#11263=CARTESIAN_POINT('Ctrl Pts',(5.305837738684,0.159979007277,-0.92670619505));
#11264=CARTESIAN_POINT('Ctrl Pts',(5.303884976398,0.167167437047,-0.923145866989998));
#11265=CARTESIAN_POINT('Ctrl Pts',(5.302064595651,0.174363751438,-0.919850441479999));
#11266=CARTESIAN_POINT('Ctrl Pts',(5.300376466272,0.181563029518,-0.916814427029997));
#11267=CARTESIAN_POINT('Ctrl Pts',(5.298820378364,0.188758887907,-0.914032672259999));
#11268=CARTESIAN_POINT('Ctrl Pts',(5.29739310684,0.195959515142,-0.911495172219998));
#11269=CARTESIAN_POINT('Ctrl Pts',(5.296093764014,0.203164239558,-0.909196608879999));
#11270=CARTESIAN_POINT('Ctrl Pts',(5.294922516849,0.210365823143001,-0.907133939099998));
#11271=CARTESIAN_POINT('Ctrl Pts',(5.293879128404,0.217556527175999,-0.905303783259999));
#11272=CARTESIAN_POINT('Ctrl Pts',(5.29296130231,0.224742836995,-0.90369954087));
#11273=CARTESIAN_POINT('Ctrl Pts',(5.292168002926,0.231924780203,-0.902317200929998));
#11274=CARTESIAN_POINT('Ctrl Pts',(5.291497871342,0.239107626652,-0.901152531009999));
#11275=CARTESIAN_POINT('Ctrl Pts',(5.290950614353,0.246287963747001,-0.90020347351));
#11276=CARTESIAN_POINT('Ctrl Pts',(5.290525497749,0.253468132568,-0.899467504979998));
#11277=CARTESIAN_POINT('Ctrl Pts',(5.290222253444,0.260645639481,-0.898943201259998));
#11278=CARTESIAN_POINT('Ctrl Pts',(5.290040430746,0.267820982428,-0.898629103009998));
#11279=CARTESIAN_POINT('Ctrl Pts',(5.29,0.272607094360999,-0.898559288959999));
#11280=CARTESIAN_POINT('Ctrl Pts',(5.29,0.275000000000001,-0.898559288959999));
#11281=CARTESIAN_POINT('',(5.29,0.275000000000001,-3.55));
#11282=CARTESIAN_POINT('',(5.29,0.275000000000001,-0.898559288959999));
#11283=CARTESIAN_POINT('',(6.14,0.275000000000001,-3.55));
#11284=CARTESIAN_POINT('Origin',(5.715,0.275000000000001,-3.55));
#11285=CARTESIAN_POINT('',(6.14,0.275000000000001,-0.898559288959999));
#11286=CARTESIAN_POINT('',(6.14,0.275000000000001,-0.898559288959999));
#11287=CARTESIAN_POINT('',(5.965,-0.0686931771220001,-1.55));
#11288=CARTESIAN_POINT('Ctrl Pts',(6.14,0.275000000000001,-0.898559288959999));
#11289=CARTESIAN_POINT('Ctrl Pts',(6.14,0.272607091321,-0.898559288959999));
#11290=CARTESIAN_POINT('Ctrl Pts',(6.139959568541,0.267820978654,-0.898629104249999));
#11291=CARTESIAN_POINT('Ctrl Pts',(6.139777750906,0.260645767094,-0.898943193739998));
#11292=CARTESIAN_POINT('Ctrl Pts',(6.139474504102,0.253468174456,-0.899467501779998));
#11293=CARTESIAN_POINT('Ctrl Pts',(6.139049398262,0.246288148922,-0.900203451649999));
#11294=CARTESIAN_POINT('Ctrl Pts',(6.138502131531,0.239107659038,-0.901152526029998));
#11295=CARTESIAN_POINT('Ctrl Pts',(6.137832012391,0.231924930611001,-0.902317174259999));
#11296=CARTESIAN_POINT('Ctrl Pts',(6.13703869944,0.224742849734,-0.903699537819997));
#11297=CARTESIAN_POINT('Ctrl Pts',(6.136120879698,0.217556581243999,-0.905303769039998));
#11298=CARTESIAN_POINT('Ctrl Pts',(6.135077445115,0.210365565684001,-0.907134005859997));
#11299=CARTESIAN_POINT('Ctrl Pts',(6.133906170551,0.203163853975,-0.909196724289998));
#11300=CARTESIAN_POINT('Ctrl Pts',(6.132606808435,0.195959072869,-0.911495322569997));
#11301=CARTESIAN_POINT('Ctrl Pts',(6.131179584359,0.188758709444,-0.91403273873));
#11302=CARTESIAN_POINT('Ctrl Pts',(6.129623444536,0.181562626874,-0.916814586749999));
#11303=CARTESIAN_POINT('Ctrl Pts',(6.127935278039,0.174363231554,-0.919850669289999));
#11304=CARTESIAN_POINT('Ctrl Pts',(6.126114869746,0.167166848973,-0.923146146409999));
#11305=CARTESIAN_POINT('Ctrl Pts',(6.124162079292,0.159978357755,-0.926706528029999));
#11306=CARTESIAN_POINT('Ctrl Pts',(6.122072632413,0.15278850049,-0.93054551264));
#11307=CARTESIAN_POINT('Ctrl Pts',(6.119846325691,0.145603762901,-0.934670099659998));
#11308=CARTESIAN_POINT('Ctrl Pts',(6.11748356744,0.138431084909,-0.939086788119998));
#11309=CARTESIAN_POINT('Ctrl Pts',(6.114982185721,0.131269242681,-0.943807657869999));
#11310=CARTESIAN_POINT('Ctrl Pts',(6.112339458401,0.124116475961,-0.948846820209999));
#11311=CARTESIAN_POINT('Ctrl Pts',(6.109554058198,0.116975382002,-0.954216802419998));
#11312=CARTESIAN_POINT('Ctrl Pts',(6.106626104329,0.109852075109,-0.959928441329998));
#11313=CARTESIAN_POINT('Ctrl Pts',(6.103558175418,0.102757299509,-0.965988740949999));
#11314=CARTESIAN_POINT('Ctrl Pts',(6.100346387456,0.0956864136360003,-0.972418699159998));
#11315=CARTESIAN_POINT('Ctrl Pts',(6.096990190941,0.0886431677599997,-0.97923438479));
#11316=CARTESIAN_POINT('Ctrl Pts',(6.093491717709,0.0816362939299997,-0.986447957329999));
#11317=CARTESIAN_POINT('Ctrl Pts',(6.089853827367,0.0746746362749995,-0.994071473789997));
#11318=CARTESIAN_POINT('Ctrl Pts',(6.086073307712,0.0677552420119998,-1.00213171509));
#11319=CARTESIAN_POINT('Ctrl Pts',(6.082154431924,0.0608890688429997,-1.0106419558));
#11320=CARTESIAN_POINT('Ctrl Pts',(6.078103114636,0.0540881819280004,-1.01961365313));
#11321=CARTESIAN_POINT('Ctrl Pts',(6.073922299974,0.0473583214750006,-1.02906688823));
#11322=CARTESIAN_POINT('Ctrl Pts',(6.069611451204,0.0406995523510001,-1.03903283282));
#11323=CARTESIAN_POINT('Ctrl Pts',(6.065176567277,0.0341217084730006,-1.04953106344));
#11324=CARTESIAN_POINT('Ctrl Pts',(6.060623411893,0.0276332239780008,-1.06058519329));
#11325=CARTESIAN_POINT('Ctrl Pts',(6.055971970091,0.0212604624560009,-1.072186623));
#11326=CARTESIAN_POINT('Ctrl Pts',(6.051229860079,0.0150098676020005,-1.0843590901));
#11327=CARTESIAN_POINT('Ctrl Pts',(6.046408149609,0.00889159006099982,-1.09712187223));
#11328=CARTESIAN_POINT('Ctrl Pts',(6.041521379422,0.00291830300499951,-1.11048835168));
#11329=CARTESIAN_POINT('Ctrl Pts',(6.036577732188,-0.00290644883299995,
-1.12449393642));
#11330=CARTESIAN_POINT('Ctrl Pts',(6.031593886573,-0.00857009674700038,
-1.13915627153));
#11331=CARTESIAN_POINT('Ctrl Pts',(6.026590257459,-0.0140581068839996,-1.15448569189));
#11332=CARTESIAN_POINT('Ctrl Pts',(6.02158536927,-0.0193598441889997,-1.17050376948));
#11333=CARTESIAN_POINT('Ctrl Pts',(6.016619559853,-0.0244444846330005,-1.18716333427));
#11334=CARTESIAN_POINT('Ctrl Pts',(6.011719124127,-0.0292993745500003,-1.20445935868));
#11335=CARTESIAN_POINT('Ctrl Pts',(6.00690947326,-0.0339144118299994,-1.22239241805));
#11336=CARTESIAN_POINT('Ctrl Pts',(6.002218312507,-0.0382790301430003,-1.24095570292));
#11337=CARTESIAN_POINT('Ctrl Pts',(5.997670118479,-0.0423870109339997,-1.26015774223));
#11338=CARTESIAN_POINT('Ctrl Pts',(5.993298092484,-0.0462254852620003,-1.27997204479));
#11339=CARTESIAN_POINT('Ctrl Pts',(5.98913466925,-0.0497838264509998,-1.30036875328));
#11340=CARTESIAN_POINT('Ctrl Pts',(5.985209936332,-0.0530542919389998,-1.32132548314));
#11341=CARTESIAN_POINT('Ctrl Pts',(5.981564207647,-0.0560214895650002,-1.34274961542));
#11342=CARTESIAN_POINT('Ctrl Pts',(5.978224618569,-0.0586813609210002,-1.36459631466));
#11343=CARTESIAN_POINT('Ctrl Pts',(5.975213841242,-0.0610327954330003,-1.38683751253));
#11344=CARTESIAN_POINT('Ctrl Pts',(5.972553869579,-0.0630742867110001,-1.40943758346));
#11345=CARTESIAN_POINT('Ctrl Pts',(5.970264523522,-0.0648048026210002,-1.43236053912));
#11346=CARTESIAN_POINT('Ctrl Pts',(5.968363169833,-0.0662236575859998,-1.45557814692));
#11347=CARTESIAN_POINT('Ctrl Pts',(5.966868518911,-0.0673274507780008,-1.4790111595));
#11348=CARTESIAN_POINT('Ctrl Pts',(5.965793422712,-0.068115175997,-1.50258013749));
#11349=CARTESIAN_POINT('Ctrl Pts',(5.965144730639,-0.0685879708400006,-1.52625773194));
#11350=CARTESIAN_POINT('Ctrl Pts',(5.965,-0.0686931771220001,-1.54207797852));
#11351=CARTESIAN_POINT('Ctrl Pts',(5.965,-0.0686931771220001,-1.55));
#11352=CARTESIAN_POINT('',(5.965,-0.0686931771220001,-1.6));
#11353=CARTESIAN_POINT('Origin',(5.965,0.349999999999999,-0.249999999999999));
#11354=CARTESIAN_POINT('',(5.965,-3.128571428571,-1.55));
#11355=CARTESIAN_POINT('',(5.965,-3.128571428571,-1.55));
#11356=CARTESIAN_POINT('',(5.965,-3.128571428571,-1.55));
#11357=CARTESIAN_POINT('Origin',(5.715,-3.3,-1.5125));
#11358=CARTESIAN_POINT('',(5.97460493573501,-3.84999999999998,-1.39218733708361));
#11359=CARTESIAN_POINT('Origin',(7.265,-3.12857142857139,-1.55));
#11360=CARTESIAN_POINT('',(5.45539506426498,-3.84999999999998,-1.39218733708361));
#11361=CARTESIAN_POINT('',(2.8575,-3.85,-1.39218750000002));
#11362=CARTESIAN_POINT('Origin',(4.165,-3.12857142857139,-1.55));
#11363=CARTESIAN_POINT('Origin',(7.55,0.2,2.22044604925031E-15));
#11364=CARTESIAN_POINT('',(7.315,0.2,-0.249999999999999));
#11365=CARTESIAN_POINT('',(7.315,0.2,-0.250961894319999));
#11366=CARTESIAN_POINT('',(7.315,0.2,-0.249999999999999));
#11367=CARTESIAN_POINT('',(7.265,0.2,-0.249999999999999));
#11368=CARTESIAN_POINT('Origin',(7.265,0.2,-1.55));
#11369=CARTESIAN_POINT('',(7.315,0.2,-0.249999999999999));
#11370=CARTESIAN_POINT('Origin',(6.85,0.,2.22044604925031E-15));
#11371=CARTESIAN_POINT('',(7.315,0.,-0.249999999999999));
#11372=CARTESIAN_POINT('',(7.315,0.,-0.250961894319999));
#11373=CARTESIAN_POINT('',(7.315,0.,-0.249999999999999));
#11374=CARTESIAN_POINT('',(7.265,0.,-0.249999999999999));
#11375=CARTESIAN_POINT('',(7.315,0.,-0.249999999999999));
#11376=CARTESIAN_POINT('Origin',(7.265,0.,-1.55));
#11377=CARTESIAN_POINT('Origin',(7.315,0.349999999999999,-0.249999999999999));
#11378=CARTESIAN_POINT('',(7.315,-2.9,-0.249999999999999));
#11379=CARTESIAN_POINT('',(7.315,-2.9,-0.249999999999999));
#11380=CARTESIAN_POINT('',(7.265,-3.128571428571,-0.249999999999999));
#11381=CARTESIAN_POINT('',(7.315,-2.9,-0.249999999999999));
#11382=CARTESIAN_POINT('',(7.265,-3.128571428571,-0.249999999999999));
#11383=CARTESIAN_POINT('Origin',(5.965,0.349999999999999,1.6));
#11384=CARTESIAN_POINT('',(5.965,-3.128571428571,1.55));
#11385=CARTESIAN_POINT('',(5.965,-2.9,1.6));
#11386=CARTESIAN_POINT('',(5.965,-0.0686931771220001,1.55));
#11387=CARTESIAN_POINT('',(5.965,-3.128571428571,1.55));
#11388=CARTESIAN_POINT('',(5.965,-0.0686931771220001,1.55));
#11389=CARTESIAN_POINT('Origin',(5.715,0.275000000000001,5.4));
#11390=CARTESIAN_POINT('',(6.14,0.275000000000001,0.898559288960001));
#11391=CARTESIAN_POINT('Ctrl Pts',(5.965,-0.0686931771220001,1.55));
#11392=CARTESIAN_POINT('Ctrl Pts',(5.965,-0.0686931771220001,1.542077959533));
#11393=CARTESIAN_POINT('Ctrl Pts',(5.965144731399,-0.0685879702869996,1.52625768939));
#11394=CARTESIAN_POINT('Ctrl Pts',(5.965793423653,-0.068115175308,1.502580117502));
#11395=CARTESIAN_POINT('Ctrl Pts',(5.966868518259,-0.0673274512519995,1.479011175829));
#11396=CARTESIAN_POINT('Ctrl Pts',(5.968363166344,-0.0662236601709998,1.455578195862));
#11397=CARTESIAN_POINT('Ctrl Pts',(5.970264520453,-0.0648048049369998,1.43236056981));
#11398=CARTESIAN_POINT('Ctrl Pts',(5.972553872713,-0.063074284354,1.409437550784));
#11399=CARTESIAN_POINT('Ctrl Pts',(5.975213853697,-0.0610327858369997,1.386837410889));
#11400=CARTESIAN_POINT('Ctrl Pts',(5.97822464171,-0.0586813427159993,1.364596152191));
#11401=CARTESIAN_POINT('Ctrl Pts',(5.981564237912,-0.0560214652250002,1.342749427703));
#11402=CARTESIAN_POINT('Ctrl Pts',(5.985209967962,-0.0530542658630007,1.321325307288));
#11403=CARTESIAN_POINT('Ctrl Pts',(5.989134695566,-0.0497838042299992,1.300368619355));
#11404=CARTESIAN_POINT('Ctrl Pts',(5.993298122649,-0.0462254591779998,1.27997190221));
#11405=CARTESIAN_POINT('Ctrl Pts',(5.997670155514,-0.042386978033,1.260157579608));
#11406=CARTESIAN_POINT('Ctrl Pts',(6.002218359952,-0.0382789867269995,1.240955508587));
#11407=CARTESIAN_POINT('Ctrl Pts',(6.006909523124,-0.0339143646789997,1.222392227099));
#11408=CARTESIAN_POINT('Ctrl Pts',(6.011719165096,-0.0292993344920001,1.204459210986));
#11409=CARTESIAN_POINT('Ctrl Pts',(6.016619588582,-0.0244444555430001,1.187163236315));
#11410=CARTESIAN_POINT('Ctrl Pts',(6.021585386322,-0.0193598263869998,1.170503713842));
#11411=CARTESIAN_POINT('Ctrl Pts',(6.026590278238,-0.0140580845570004,1.154485626612));
#11412=CARTESIAN_POINT('Ctrl Pts',(6.03159390961,-0.00857007103500007,1.13915620241));
#11413=CARTESIAN_POINT('Ctrl Pts',(6.036577753643,-0.00290642395999963,
1.124493874636));
#11414=CARTESIAN_POINT('Ctrl Pts',(6.041521396992,0.00291832410900028,1.110488302843));
#11415=CARTESIAN_POINT('Ctrl Pts',(6.046408168468,0.00889161350200007,1.097121821427));
#11416=CARTESIAN_POINT('Ctrl Pts',(6.051229881377,0.015009895093,1.084359034533));
#11417=CARTESIAN_POINT('Ctrl Pts',(6.055971993255,0.021260493577,1.072186564411));
#11418=CARTESIAN_POINT('Ctrl Pts',(6.06062343204,0.0276332522090006,1.060585143823));
#11419=CARTESIAN_POINT('Ctrl Pts',(6.065176585384,0.0341217346939993,1.049531019946));
#11420=CARTESIAN_POINT('Ctrl Pts',(6.069611480127,0.0406995958629996,1.039032764934));
#11421=CARTESIAN_POINT('Ctrl Pts',(6.073922340164,0.0473583845409997,1.029066796144));
#11422=CARTESIAN_POINT('Ctrl Pts',(6.07810316592,0.0540882660870001,1.01961353831));
#11423=CARTESIAN_POINT('Ctrl Pts',(6.082154481204,0.060889153368,1.010641847771));
#11424=CARTESIAN_POINT('Ctrl Pts',(6.086073357487,0.0677553310599999,1.002131607974));
#11425=CARTESIAN_POINT('Ctrl Pts',(6.089853877388,0.0746747298380002,0.994071368070001));
#11426=CARTESIAN_POINT('Ctrl Pts',(6.093491767178,0.0816363907240003,0.986447854513002));
#11427=CARTESIAN_POINT('Ctrl Pts',(6.096990239608,0.0886432675010007,0.979234285219002));
#11428=CARTESIAN_POINT('Ctrl Pts',(6.100346433793,0.0956865132719997,0.972418605767001));
#11429=CARTESIAN_POINT('Ctrl Pts',(6.103558218328,0.102757396318001,0.965988655639002));
#11430=CARTESIAN_POINT('Ctrl Pts',(6.106626146336,0.109852174709,0.959928358879002));
#11431=CARTESIAN_POINT('Ctrl Pts',(6.109554098176,0.11697548179,0.954216724896001));
#11432=CARTESIAN_POINT('Ctrl Pts',(6.112339497094,0.124116577944,0.948846746046001));
#11433=CARTESIAN_POINT('Ctrl Pts',(6.114982220758,0.131269340059,0.943807591396002));
#11434=CARTESIAN_POINT('Ctrl Pts',(6.117483604457,0.138431194085,0.939086718606));
#11435=CARTESIAN_POINT('Ctrl Pts',(6.119846352059,0.145603846129,0.93467005066));
#11436=CARTESIAN_POINT('Ctrl Pts',(6.122072649792,0.15278855856,0.930545480589001));
#11437=CARTESIAN_POINT('Ctrl Pts',(6.124162097197,0.159978421243,0.926706495257));
#11438=CARTESIAN_POINT('Ctrl Pts',(6.126114885333,0.167166908968001,0.923146118121001));
#11439=CARTESIAN_POINT('Ctrl Pts',(6.127935283956,0.174363256603,0.919850658643001));
#11440=CARTESIAN_POINT('Ctrl Pts',(6.129623446045,0.181562633946,0.916814584049002));
#11441=CARTESIAN_POINT('Ctrl Pts',(6.131179583147,0.188758703783,0.914032740897001));
#11442=CARTESIAN_POINT('Ctrl Pts',(6.132606807342,0.195959067061,0.911495324507001));
#11443=CARTESIAN_POINT('Ctrl Pts',(6.133906169543,0.203163848055,0.909196726067001));
#11444=CARTESIAN_POINT('Ctrl Pts',(6.135077444679,0.210365562755001,0.907134006626001));
#11445=CARTESIAN_POINT('Ctrl Pts',(6.13612087946,0.217556579453,0.905303769452002));
#11446=CARTESIAN_POINT('Ctrl Pts',(6.137038699363,0.224742849096999,0.903699537951002));
#11447=CARTESIAN_POINT('Ctrl Pts',(6.137832012213,0.231924928881,0.902317174573001));
#11448=CARTESIAN_POINT('Ctrl Pts',(6.138502131464,0.239107658215,0.901152526141002));
#11449=CARTESIAN_POINT('Ctrl Pts',(6.139049398192,0.246288147872,0.900203451769002));
#11450=CARTESIAN_POINT('Ctrl Pts',(6.139474504086,0.253468174108,0.899467501810001));
#11451=CARTESIAN_POINT('Ctrl Pts',(6.139777750886,0.260645766504,0.898943193774002));
#11452=CARTESIAN_POINT('Ctrl Pts',(6.139959568541,0.267820978516,0.898629104245001));
#11453=CARTESIAN_POINT('Ctrl Pts',(6.14,0.272607091272999,0.898559288960001));
#11454=CARTESIAN_POINT('Ctrl Pts',(6.14,0.275000000000001,0.898559288960001));
#11455=CARTESIAN_POINT('',(6.14,0.275000000000001,5.4));
#11456=CARTESIAN_POINT('',(6.14,0.275000000000001,5.4));
#11457=CARTESIAN_POINT('',(5.29,0.275000000000001,5.4));
#11458=CARTESIAN_POINT('Origin',(5.715,0.275000000000001,5.4));
#11459=CARTESIAN_POINT('',(5.29,0.275000000000001,0.898559288960001));
#11460=CARTESIAN_POINT('',(5.29,0.275000000000001,5.4));
#11461=CARTESIAN_POINT('Ctrl Pts',(5.29,0.275000000000001,0.898559288960001));
#11462=CARTESIAN_POINT('Ctrl Pts',(5.29,0.272607094421999,0.898559288960001));
#11463=CARTESIAN_POINT('Ctrl Pts',(5.290040430746,0.267820982604,0.898629103012002));
#11464=CARTESIAN_POINT('Ctrl Pts',(5.290222253422,0.260645640138,0.898943201221001));
#11465=CARTESIAN_POINT('Ctrl Pts',(5.290525497727,0.253468133033,0.899467504940001));
#11466=CARTESIAN_POINT('Ctrl Pts',(5.290950614275,0.246287964919001,0.900203473374002));
#11467=CARTESIAN_POINT('Ctrl Pts',(5.291497871259,0.239107627667,0.901152530863001));
#11468=CARTESIAN_POINT('Ctrl Pts',(5.29216800273,0.231924782123001,0.902317200583));
#11469=CARTESIAN_POINT('Ctrl Pts',(5.292961302199,0.224742837924999,0.903699540672001));
#11470=CARTESIAN_POINT('Ctrl Pts',(5.293879128135,0.217556529190001,0.905303782794001));
#11471=CARTESIAN_POINT('Ctrl Pts',(5.29492251637,0.210365826349,0.907133938263001));
#11472=CARTESIAN_POINT('Ctrl Pts',(5.296093762957,0.203164245772001,0.909196607013001));
#11473=CARTESIAN_POINT('Ctrl Pts',(5.297393105662,0.195959521402,0.911495170137001));
#11474=CARTESIAN_POINT('Ctrl Pts',(5.298820377065,0.188758894000001,0.914032669941001));
#11475=CARTESIAN_POINT('Ctrl Pts',(5.30037646757,0.181563023395001,0.916814429347));
#11476=CARTESIAN_POINT('Ctrl Pts',(5.302064601299,0.174363727508,0.919850451642001));
#11477=CARTESIAN_POINT('Ctrl Pts',(5.303884991552,0.167167378699,0.923145894492001));
#11478=CARTESIAN_POINT('Ctrl Pts',(5.305837756319,0.159978944745001,0.926706227333001));
#11479=CARTESIAN_POINT('Ctrl Pts',(5.307927158423,0.152789199162,0.930545126924002));
#11480=CARTESIAN_POINT('Ctrl Pts',(5.310153433374,0.145604517917,0.93466965147));
#11481=CARTESIAN_POINT('Ctrl Pts',(5.312516166388,0.138431868485001,0.939086288136002));
#11482=CARTESIAN_POINT('Ctrl Pts',(5.315017551316,0.131269975971,0.943807159290001));
#11483=CARTESIAN_POINT('Ctrl Pts',(5.317660193024,0.124117396933,0.948846152410002));
#11484=CARTESIAN_POINT('Ctrl Pts',(5.3204455475,0.116976367226,0.954216038046002));
#11485=CARTESIAN_POINT('Ctrl Pts',(5.323373480667,0.109853057474,0.959927626423001));
#11486=CARTESIAN_POINT('Ctrl Pts',(5.326441444502,0.102758157512,0.965987985403002));
#11487=CARTESIAN_POINT('Ctrl Pts',(5.329653127133,0.0956874599480007,0.972417721473002));
#11488=CARTESIAN_POINT('Ctrl Pts',(5.333009273671,0.088644264269,0.979233289173));
#11489=CARTESIAN_POINT('Ctrl Pts',(5.336507771301,0.081637293529,0.986446895141002));
#11490=CARTESIAN_POINT('Ctrl Pts',(5.340145624658,0.0746756627019995,0.994070316213));
#11491=CARTESIAN_POINT('Ctrl Pts',(5.343926092919,0.0677563158259997,1.002130426091));
#11492=CARTESIAN_POINT('Ctrl Pts',(5.347844957414,0.0608901143079998,1.010640615988));
#11493=CARTESIAN_POINT('Ctrl Pts',(5.351896352197,0.0540890568929997,1.019612459504));
#11494=CARTESIAN_POINT('Ctrl Pts',(5.356077160424,0.0473591721489997,1.029065654756));
#11495=CARTESIAN_POINT('Ctrl Pts',(5.36038800875,0.0407003699550001,1.039031570133));
#11496=CARTESIAN_POINT('Ctrl Pts',(5.364822838869,0.0341225722869998,1.04952964085));
#11497=CARTESIAN_POINT('Ctrl Pts',(5.369376005332,0.0276340367200001,1.060583757996));
#11498=CARTESIAN_POINT('Ctrl Pts',(5.374027539604,0.0212611196659995,1.072185380644));
#11499=CARTESIAN_POINT('Ctrl Pts',(5.378769707764,0.0150104254869998,1.084357962569));
#11500=CARTESIAN_POINT('Ctrl Pts',(5.383591470993,0.0088920617379995,1.097120850248));
#11501=CARTESIAN_POINT('Ctrl Pts',(5.388478221195,0.00291878416500024,1.110487244721));
#11502=CARTESIAN_POINT('Ctrl Pts',(5.393421651445,-0.00290573277500039,
1.124492165427));
#11503=CARTESIAN_POINT('Ctrl Pts',(5.398405327004,-0.00856921675900013,
1.139153918606));
#11504=CARTESIAN_POINT('Ctrl Pts',(5.403408792257,-0.0140570812590002,1.154482723697));
#11505=CARTESIAN_POINT('Ctrl Pts',(5.408413647133,-0.0193588205869999,1.170500546139));
#11506=CARTESIAN_POINT('Ctrl Pts',(5.413379531375,-0.0244435697160006,1.187160208535));
#11507=CARTESIAN_POINT('Ctrl Pts',(5.418279926365,-0.0292984482449998,1.20445592164));
#11508=CARTESIAN_POINT('Ctrl Pts',(5.423089551381,-0.0339134903210003,1.222388676698));
#11509=CARTESIAN_POINT('Ctrl Pts',(5.427780741106,-0.0382781631529994,1.240951835586));
#11510=CARTESIAN_POINT('Ctrl Pts',(5.432329013955,-0.0423862389980001,1.260153947156));
#11511=CARTESIAN_POINT('Ctrl Pts',(5.436701083696,-0.0462247715899999,1.279968171203));
#11512=CARTESIAN_POINT('Ctrl Pts',(5.440864435696,-0.0497830698979995,1.300364214708));
#11513=CARTESIAN_POINT('Ctrl Pts',(5.444789041426,-0.0530534504020008,1.321319768049));
#11514=CARTESIAN_POINT('Ctrl Pts',(5.448435031814,-0.0560208790610006,1.342744855186));
#11515=CARTESIAN_POINT('Ctrl Pts',(5.451774902262,-0.0586809843659997,1.364592925711));
#11516=CARTESIAN_POINT('Ctrl Pts',(5.454785965019,-0.0610326465779998,1.386835896933));
#11517=CARTESIAN_POINT('Ctrl Pts',(5.457446134989,-0.0630742907009996,1.409437554036));
#11518=CARTESIAN_POINT('Ctrl Pts',(5.459735555696,-0.0648048621640007,1.432361387123));
#11519=CARTESIAN_POINT('Ctrl Pts',(5.461636882883,-0.0662236966069996,1.45557890377));
#11520=CARTESIAN_POINT('Ctrl Pts',(5.463131495224,-0.0673274611300001,1.479011463066));
#11521=CARTESIAN_POINT('Ctrl Pts',(5.464206578636,-0.068115176979,1.50258018942));
#11522=CARTESIAN_POINT('Ctrl Pts',(5.464855270159,-0.0685879714209991,1.526257777705));
#11523=CARTESIAN_POINT('Ctrl Pts',(5.465,-0.0686931771220001,1.542077988229));
#11524=CARTESIAN_POINT('Ctrl Pts',(5.465,-0.0686931771220001,1.55));
#11525=CARTESIAN_POINT('Origin',(7.2275,-3.3,2.22044604925031E-15));
#11526=CARTESIAN_POINT('',(7.10718733708584,-3.84999999999998,0.259604935734901));
#11527=CARTESIAN_POINT('',(7.265,-3.128571428571,0.250000000000001));
#11528=CARTESIAN_POINT('Origin',(7.265,-3.1285714285714,1.55));
#11529=CARTESIAN_POINT('',(7.10718733708584,-3.84999999999998,-0.259604935734905));
#11530=CARTESIAN_POINT('',(7.10718750000002,-3.85,5.375));
#11531=CARTESIAN_POINT('Origin',(7.265,-3.1285714285714,-1.55));
#11532=CARTESIAN_POINT('',(7.315,-2.9,0.250000000000001));
#11533=CARTESIAN_POINT('',(7.315,-2.9,-0.249999999999999));
#11534=CARTESIAN_POINT('',(7.265,-3.128571428571,0.250000000000001));
#11535=CARTESIAN_POINT('Origin',(0.,-3.85,10.75));
#11536=CARTESIAN_POINT('',(5.97460493573489,-3.84999999999998,1.39218733708608));
#11537=CARTESIAN_POINT('',(5.45539506426513,-3.84999999999998,1.39218733708608));
#11538=CARTESIAN_POINT('',(2.8575,-3.85,1.39218750000002));
#11539=CARTESIAN_POINT('Origin',(4.165,-3.85,1.55));
#11540=CARTESIAN_POINT('Origin',(4.165,-3.85,-1.55));
#11541=CARTESIAN_POINT('Origin',(7.265,-3.85,-1.55));
#11542=CARTESIAN_POINT('Origin',(7.265,-3.85,1.55));
#11543=CARTESIAN_POINT('Origin',(5.715,-3.3,1.5125));
#11544=CARTESIAN_POINT('Origin',(4.165,-3.12857142857139,1.55));
#11545=CARTESIAN_POINT('Origin',(7.265,-3.12857142857139,1.55));
#11546=CARTESIAN_POINT('Origin',(-7.55,0.2,2.22044604925031E-15));
#11547=CARTESIAN_POINT('',(-7.315,0.2,-0.249999999999999));
#11548=CARTESIAN_POINT('',(-7.315,0.2,-0.250961894319999));
#11549=CARTESIAN_POINT('',(-7.315,0.2,-0.249999999999999));
#11550=CARTESIAN_POINT('',(-7.265,0.2,-0.249999999999999));
#11551=CARTESIAN_POINT('',(-7.265,0.2,-0.249999999999999));
#11552=CARTESIAN_POINT('Origin',(-7.265,0.2,-1.55));
#11553=CARTESIAN_POINT('Origin',(-6.85,0.,2.22044604925031E-15));
#11554=CARTESIAN_POINT('',(-7.315,0.,-0.249999999999999));
#11555=CARTESIAN_POINT('',(-7.315,0.,-0.250961894319999));
#11556=CARTESIAN_POINT('',(-7.315,0.,-0.249999999999999));
#11557=CARTESIAN_POINT('',(-7.265,0.,-0.249999999999999));
#11558=CARTESIAN_POINT('Origin',(-7.265,0.,-1.55));
#11559=CARTESIAN_POINT('',(-7.265,0.,-0.249999999999999));
#11560=CARTESIAN_POINT('Origin',(-5.965,0.349999999999999,-0.249999999999999));
#11561=CARTESIAN_POINT('',(-7.315,-2.9,-0.249999999999999));
#11562=CARTESIAN_POINT('',(-7.315,-2.9,-0.249999999999999));
#11563=CARTESIAN_POINT('',(-7.265,-3.128571428571,-0.249999999999999));
#11564=CARTESIAN_POINT('',(-7.265,-3.128571428571,-0.249999999999999));
#11565=CARTESIAN_POINT('',(-7.265,-3.128571428571,-0.249999999999999));
#11566=CARTESIAN_POINT('Origin',(-5.965,0.349999999999999,-1.6));
#11567=CARTESIAN_POINT('',(-5.965,-3.128571428571,-1.55));
#11568=CARTESIAN_POINT('',(-5.965,-2.9,-1.6));
#11569=CARTESIAN_POINT('',(-5.965,-0.0686931771220001,-1.55));
#11570=CARTESIAN_POINT('',(-5.965,-3.128571428571,-1.55));
#11571=CARTESIAN_POINT('',(-5.965,-0.0686931771220001,-1.6));
#11572=CARTESIAN_POINT('Origin',(-5.715,0.275000000000001,5.4));
#11573=CARTESIAN_POINT('',(-6.14,0.275000000000001,-0.898559288959999));
#11574=CARTESIAN_POINT('Ctrl Pts',(-5.965,-0.0686931771220001,-1.55));
#11575=CARTESIAN_POINT('Ctrl Pts',(-5.965,-0.0686931771220001,-1.54207796919));
#11576=CARTESIAN_POINT('Ctrl Pts',(-5.965144730604,-0.0685879708659998,
-1.52625773497));
#11577=CARTESIAN_POINT('Ctrl Pts',(-5.965793422317,-0.0681151762819998,
-1.50258016905));
#11578=CARTESIAN_POINT('Ctrl Pts',(-5.966868504156,-0.0673274615809993,
-1.4790114788));
#11579=CARTESIAN_POINT('Ctrl Pts',(-5.968363113677,-0.0662236991559995,
-1.45557895207));
#11580=CARTESIAN_POINT('Ctrl Pts',(-5.970264441234,-0.0648048644800003,
-1.4323614179));
#11581=CARTESIAN_POINT('Ctrl Pts',(-5.97255386802,-0.0630742884390001,-1.40943752257));
#11582=CARTESIAN_POINT('Ctrl Pts',(-5.975214047183,-0.0610326371759995,
-1.38683579732));
#11583=CARTESIAN_POINT('Ctrl Pts',(-5.978225120487,-0.0586809664699994,
-1.36459276601));
#11584=CARTESIAN_POINT('Ctrl Pts',(-5.981564997816,-0.0560208552300001,
-1.34274467146));
#11585=CARTESIAN_POINT('Ctrl Pts',(-5.985210989212,-0.0530534251420001,
-1.32131959777));
#11586=CARTESIAN_POINT('Ctrl Pts',(-5.989135589569,-0.0497830485619999,
-1.30036408616));
#11587=CARTESIAN_POINT('Ctrl Pts',(-5.993298945144,-0.0462247466510002,
-1.27996803488));
#11588=CARTESIAN_POINT('Ctrl Pts',(-5.997671021573,-0.0423862074379999,
-1.26015379112));
#11589=CARTESIAN_POINT('Ctrl Pts',(-6.002219304836,-0.0382781211149996,
-1.24095164738));
#11590=CARTESIAN_POINT('Ctrl Pts',(-6.006910497102,-0.033913444475,-1.22238849104));
#11591=CARTESIAN_POINT('Ctrl Pts',(-6.011720113276,-0.0292984094820004,
-1.20445577876));
#11592=CARTESIAN_POINT('Ctrl Pts',(-6.016620495929,-0.0244435420590006,
-1.18716011548));
#11593=CARTESIAN_POINT('Ctrl Pts',(-6.021586368386,-0.019358804381,-1.17050049552));
#11594=CARTESIAN_POINT('Ctrl Pts',(-6.026591226946,-0.0140570606290003,
-1.15448266335));
#11595=CARTESIAN_POINT('Ctrl Pts',(-6.031594694311,-0.00856919296999936,
-1.13915385466));
#11596=CARTESIAN_POINT('Ctrl Pts',(-6.036578368319,-0.00290570985799987,
-1.12449210853));
#11597=CARTESIAN_POINT('Ctrl Pts',(-6.041521794642,0.00291880318800009,
-1.1104872007));
#11598=CARTESIAN_POINT('Ctrl Pts',(-6.046408546478,0.00889208344799997,
-1.09712080317));
#11599=CARTESIAN_POINT('Ctrl Pts',(-6.05123031213,0.015010451163,-1.08435791066));
#11600=CARTESIAN_POINT('Ctrl Pts',(-6.05597248219,0.021261148949,-1.07218532552));
#11601=CARTESIAN_POINT('Ctrl Pts',(-6.060624013312,0.027634062852,-1.06058371223));
#11602=CARTESIAN_POINT('Ctrl Pts',(-6.065177177844,0.0341225964809999,-1.04952960069));
#11603=CARTESIAN_POINT('Ctrl Pts',(-6.069612018761,0.0407004113299991,-1.03903150555));
#11604=CARTESIAN_POINT('Ctrl Pts',(-6.07392287838,0.0473592330289996,-1.02906556584));
#11605=CARTESIAN_POINT('Ctrl Pts',(-6.078103697719,0.0540891388050002,-1.01961234775));
#11606=CARTESIAN_POINT('Ctrl Pts',(-6.082155090478,0.0608901964530006,-1.01064051101));
#11607=CARTESIAN_POINT('Ctrl Pts',(-6.086073955596,0.0677564026170008,-1.00213032169));
#11608=CARTESIAN_POINT('Ctrl Pts',(-6.089854424106,0.0746757539109999,-0.994070213149998));
#11609=CARTESIAN_POINT('Ctrl Pts',(-6.093492277057,0.0816373881510002,-0.986446794629998));
#11610=CARTESIAN_POINT('Ctrl Pts',(-6.096990773836,0.0886443616319998,-0.97923319198));
#11611=CARTESIAN_POINT('Ctrl Pts',(-6.100346918137,0.0956875572920002,-0.972417630229998));
#11612=CARTESIAN_POINT('Ctrl Pts',(-6.103558597338,0.102758251906,-0.965987902219998));
#11613=CARTESIAN_POINT('Ctrl Pts',(-6.106626560423,0.109853154898001,-0.959927545769999));
#11614=CARTESIAN_POINT('Ctrl Pts',(-6.109554491577,0.116976464762,-0.954215962279998));
#11615=CARTESIAN_POINT('Ctrl Pts',(-6.112339844848,0.124117496755,-0.948846079819998));
#11616=CARTESIAN_POINT('Ctrl Pts',(-6.114982482882,0.13127007101,-0.943807094409999));
#11617=CARTESIAN_POINT('Ctrl Pts',(-6.117483870005,0.138431975813,-0.939086219799998));
#11618=CARTESIAN_POINT('Ctrl Pts',(-6.119846592492,0.145604599575,-0.934669603409999));
#11619=CARTESIAN_POINT('Ctrl Pts',(-6.12207285855,0.152789255870001,-0.930545095619999));
#11620=CARTESIAN_POINT('Ctrl Pts',(-6.124162261316,0.159979007277,-0.92670619505));
#11621=CARTESIAN_POINT('Ctrl Pts',(-6.126115023602,0.167167437047,-0.923145866989998));
#11622=CARTESIAN_POINT('Ctrl Pts',(-6.127935404349,0.174363751438,-0.919850441479999));
#11623=CARTESIAN_POINT('Ctrl Pts',(-6.129623533728,0.181563029518,-0.916814427029997));
#11624=CARTESIAN_POINT('Ctrl Pts',(-6.131179621636,0.188758887907,-0.914032672259999));
#11625=CARTESIAN_POINT('Ctrl Pts',(-6.13260689316,0.195959515142,-0.911495172219998));
#11626=CARTESIAN_POINT('Ctrl Pts',(-6.133906235986,0.203164239558,-0.909196608879999));
#11627=CARTESIAN_POINT('Ctrl Pts',(-6.135077483151,0.210365823143001,-0.907133939099998));
#11628=CARTESIAN_POINT('Ctrl Pts',(-6.136120871596,0.217556527175999,-0.905303783259999));
#11629=CARTESIAN_POINT('Ctrl Pts',(-6.13703869769,0.224742836995,-0.90369954087));
#11630=CARTESIAN_POINT('Ctrl Pts',(-6.137831997074,0.231924780203,-0.902317200929998));
#11631=CARTESIAN_POINT('Ctrl Pts',(-6.138502128658,0.239107626652,-0.901152531009999));
#11632=CARTESIAN_POINT('Ctrl Pts',(-6.139049385647,0.246287963747001,-0.90020347351));
#11633=CARTESIAN_POINT('Ctrl Pts',(-6.139474502251,0.253468132568,-0.899467504979998));
#11634=CARTESIAN_POINT('Ctrl Pts',(-6.139777746556,0.260645639481,-0.898943201259998));
#11635=CARTESIAN_POINT('Ctrl Pts',(-6.139959569254,0.267820982428,-0.898629103009998));
#11636=CARTESIAN_POINT('Ctrl Pts',(-6.14,0.272607094360999,-0.898559288959999));
#11637=CARTESIAN_POINT('Ctrl Pts',(-6.14,0.275000000000001,-0.898559288959999));
#11638=CARTESIAN_POINT('',(-6.14,0.275000000000001,-3.55));
#11639=CARTESIAN_POINT('',(-6.14,0.275000000000001,-0.898559288959999));
#11640=CARTESIAN_POINT('',(-5.29,0.275000000000001,-3.55));
#11641=CARTESIAN_POINT('Origin',(-5.715,0.275000000000001,-3.55));
#11642=CARTESIAN_POINT('',(-5.29,0.275000000000001,-0.898559288959999));
#11643=CARTESIAN_POINT('',(-5.29,0.275000000000001,-0.898559288959999));
#11644=CARTESIAN_POINT('',(-5.465,-0.0686931771220001,-1.55));
#11645=CARTESIAN_POINT('Ctrl Pts',(-5.29,0.275000000000001,-0.898559288959999));
#11646=CARTESIAN_POINT('Ctrl Pts',(-5.29,0.272607091321,-0.898559288959999));
#11647=CARTESIAN_POINT('Ctrl Pts',(-5.290040431459,0.267820978655,-0.898629104249999));
#11648=CARTESIAN_POINT('Ctrl Pts',(-5.290222249094,0.260645767094,-0.898943193739998));
#11649=CARTESIAN_POINT('Ctrl Pts',(-5.290525495898,0.253468174456,-0.899467501779998));
#11650=CARTESIAN_POINT('Ctrl Pts',(-5.290950601738,0.246288148922,-0.900203451649999));
#11651=CARTESIAN_POINT('Ctrl Pts',(-5.291497868469,0.239107659038,-0.901152526029998));
#11652=CARTESIAN_POINT('Ctrl Pts',(-5.292167987609,0.231924930611001,-0.902317174259999));
#11653=CARTESIAN_POINT('Ctrl Pts',(-5.29296130056,0.224742849734,-0.903699537819997));
#11654=CARTESIAN_POINT('Ctrl Pts',(-5.293879120302,0.217556581243999,-0.905303769039998));
#11655=CARTESIAN_POINT('Ctrl Pts',(-5.294922554885,0.210365565684001,-0.907134005859997));
#11656=CARTESIAN_POINT('Ctrl Pts',(-5.296093829449,0.203163853975,-0.909196724289998));
#11657=CARTESIAN_POINT('Ctrl Pts',(-5.297393191565,0.195959072869,-0.911495322569997));
#11658=CARTESIAN_POINT('Ctrl Pts',(-5.298820415641,0.188758709444,-0.91403273873));
#11659=CARTESIAN_POINT('Ctrl Pts',(-5.300376555464,0.181562626874,-0.916814586749999));
#11660=CARTESIAN_POINT('Ctrl Pts',(-5.302064721961,0.174363231554,-0.919850669289999));
#11661=CARTESIAN_POINT('Ctrl Pts',(-5.303885130254,0.167166848973,-0.923146146409999));
#11662=CARTESIAN_POINT('Ctrl Pts',(-5.305837920708,0.159978357755,-0.926706528029999));
#11663=CARTESIAN_POINT('Ctrl Pts',(-5.307927367587,0.15278850049,-0.93054551264));
#11664=CARTESIAN_POINT('Ctrl Pts',(-5.310153674309,0.145603762901,-0.934670099659998));
#11665=CARTESIAN_POINT('Ctrl Pts',(-5.31251643256,0.138431084909,-0.939086788119998));
#11666=CARTESIAN_POINT('Ctrl Pts',(-5.315017814279,0.131269242681,-0.943807657869999));
#11667=CARTESIAN_POINT('Ctrl Pts',(-5.317660541599,0.124116475961,-0.948846820209999));
#11668=CARTESIAN_POINT('Ctrl Pts',(-5.320445941802,0.116975382002,-0.954216802419998));
#11669=CARTESIAN_POINT('Ctrl Pts',(-5.323373895671,0.109852075109,-0.959928441329998));
#11670=CARTESIAN_POINT('Ctrl Pts',(-5.326441824582,0.102757299509,-0.965988740949999));
#11671=CARTESIAN_POINT('Ctrl Pts',(-5.329653612544,0.0956864136360003,-0.972418699159998));
#11672=CARTESIAN_POINT('Ctrl Pts',(-5.333009809059,0.0886431677599997,-0.97923438479));
#11673=CARTESIAN_POINT('Ctrl Pts',(-5.336508282291,0.0816362939299997,-0.986447957329999));
#11674=CARTESIAN_POINT('Ctrl Pts',(-5.340146172633,0.0746746362749995,-0.994071473789997));
#11675=CARTESIAN_POINT('Ctrl Pts',(-5.343926692288,0.0677552420119998,-1.00213171509));
#11676=CARTESIAN_POINT('Ctrl Pts',(-5.347845568076,0.0608890688429997,-1.0106419558));
#11677=CARTESIAN_POINT('Ctrl Pts',(-5.351896885364,0.0540881819280004,-1.01961365313));
#11678=CARTESIAN_POINT('Ctrl Pts',(-5.356077700026,0.0473583214750006,-1.02906688823));
#11679=CARTESIAN_POINT('Ctrl Pts',(-5.360388548796,0.0406995523510001,-1.03903283282));
#11680=CARTESIAN_POINT('Ctrl Pts',(-5.364823432723,0.0341217084730006,-1.04953106344));
#11681=CARTESIAN_POINT('Ctrl Pts',(-5.369376588107,0.0276332239780008,-1.06058519329));
#11682=CARTESIAN_POINT('Ctrl Pts',(-5.374028029909,0.0212604624560009,-1.072186623));
#11683=CARTESIAN_POINT('Ctrl Pts',(-5.378770139921,0.0150098676020005,-1.0843590901));
#11684=CARTESIAN_POINT('Ctrl Pts',(-5.383591850391,0.00889159006099982,
-1.09712187223));
#11685=CARTESIAN_POINT('Ctrl Pts',(-5.388478620578,0.00291830300499951,
-1.11048835168));
#11686=CARTESIAN_POINT('Ctrl Pts',(-5.393422267812,-0.00290644883299995,
-1.12449393642));
#11687=CARTESIAN_POINT('Ctrl Pts',(-5.398406113427,-0.00857009674700038,
-1.13915627153));
#11688=CARTESIAN_POINT('Ctrl Pts',(-5.403409742541,-0.0140581068839996,
-1.15448569189));
#11689=CARTESIAN_POINT('Ctrl Pts',(-5.40841463073,-0.0193598441889997,-1.17050376948));
#11690=CARTESIAN_POINT('Ctrl Pts',(-5.413380440147,-0.0244444846330005,
-1.18716333427));
#11691=CARTESIAN_POINT('Ctrl Pts',(-5.418280875873,-0.0292993745500003,
-1.20445935868));
#11692=CARTESIAN_POINT('Ctrl Pts',(-5.42309052674,-0.0339144118299994,-1.22239241805));
#11693=CARTESIAN_POINT('Ctrl Pts',(-5.427781687493,-0.0382790301430003,
-1.24095570292));
#11694=CARTESIAN_POINT('Ctrl Pts',(-5.432329881521,-0.0423870109339997,
-1.26015774223));
#11695=CARTESIAN_POINT('Ctrl Pts',(-5.436701907516,-0.0462254852620003,
-1.27997204479));
#11696=CARTESIAN_POINT('Ctrl Pts',(-5.44086533075,-0.0497838264509998,-1.30036875328));
#11697=CARTESIAN_POINT('Ctrl Pts',(-5.444790063668,-0.0530542919389998,
-1.32132548314));
#11698=CARTESIAN_POINT('Ctrl Pts',(-5.448435792353,-0.0560214895650002,
-1.34274961542));
#11699=CARTESIAN_POINT('Ctrl Pts',(-5.451775381431,-0.0586813609210002,
-1.36459631466));
#11700=CARTESIAN_POINT('Ctrl Pts',(-5.454786158758,-0.0610327954330003,
-1.38683751253));
#11701=CARTESIAN_POINT('Ctrl Pts',(-5.457446130421,-0.0630742867110001,
-1.40943758346));
#11702=CARTESIAN_POINT('Ctrl Pts',(-5.459735476478,-0.0648048026210002,
-1.43236053912));
#11703=CARTESIAN_POINT('Ctrl Pts',(-5.461636830167,-0.0662236575859998,
-1.45557814692));
#11704=CARTESIAN_POINT('Ctrl Pts',(-5.463131481089,-0.0673274507780008,
-1.4790111595));
#11705=CARTESIAN_POINT('Ctrl Pts',(-5.464206577288,-0.068115175997,-1.50258013749));
#11706=CARTESIAN_POINT('Ctrl Pts',(-5.464855269361,-0.0685879708400006,
-1.52625773194));
#11707=CARTESIAN_POINT('Ctrl Pts',(-5.465,-0.0686931771220001,-1.54207797852));
#11708=CARTESIAN_POINT('Ctrl Pts',(-5.465,-0.0686931771220001,-1.55));
#11709=CARTESIAN_POINT('',(-5.465,-0.0686931771220001,-1.6));
#11710=CARTESIAN_POINT('Origin',(-5.465,0.349999999999999,-0.249999999999999));
#11711=CARTESIAN_POINT('',(-5.465,-3.128571428571,-1.55));
#11712=CARTESIAN_POINT('',(-5.465,-3.128571428571,-1.55));
#11713=CARTESIAN_POINT('',(-5.465,-3.128571428571,-1.55));
#11714=CARTESIAN_POINT('Origin',(-5.715,-3.3,-1.5125));
#11715=CARTESIAN_POINT('',(-5.45539506426502,-3.84999999999998,-1.39218733708361));
#11716=CARTESIAN_POINT('Origin',(-4.165,-3.12857142857139,-1.55));
#11717=CARTESIAN_POINT('',(-5.97460493573502,-3.84999999999998,-1.39218733708361));
#11718=CARTESIAN_POINT('',(-2.8575,-3.85,-1.39218750000002));
#11719=CARTESIAN_POINT('Origin',(-7.265,-3.12857142857139,-1.55));
#11720=CARTESIAN_POINT('Origin',(-5.465,0.349999999999999,1.6));
#11721=CARTESIAN_POINT('',(-5.465,-3.128571428571,1.55));
#11722=CARTESIAN_POINT('',(-5.465,-2.9,1.6));
#11723=CARTESIAN_POINT('',(-5.465,-0.0686931771220001,1.55));
#11724=CARTESIAN_POINT('',(-5.465,-3.128571428571,1.55));
#11725=CARTESIAN_POINT('',(-5.465,-0.0686931771220001,1.55));
#11726=CARTESIAN_POINT('Origin',(-4.2025,-3.3,2.22044604925031E-15));
#11727=CARTESIAN_POINT('',(-4.32281266291416,-3.84999999999998,0.25960493573491));
#11728=CARTESIAN_POINT('',(-4.165,-3.128571428571,0.250000000000001));
#11729=CARTESIAN_POINT('Origin',(-4.165,-3.1285714285714,1.55));
#11730=CARTESIAN_POINT('',(-4.32281266291416,-3.84999999999998,-0.25960493573491));
#11731=CARTESIAN_POINT('',(-4.32281249999998,-3.85,5.375));
#11732=CARTESIAN_POINT('',(-4.165,-3.128571428571,-0.249999999999999));
#11733=CARTESIAN_POINT('Origin',(-4.165,-3.1285714285714,-1.55));
#11734=CARTESIAN_POINT('',(-4.115,-2.9,-0.249999999999999));
#11735=CARTESIAN_POINT('',(-4.115,-2.9,-0.249999999999999));
#11736=CARTESIAN_POINT('',(-4.115,-2.9,0.250000000000001));
#11737=CARTESIAN_POINT('',(-4.115,-2.9,-0.249999999999999));
#11738=CARTESIAN_POINT('',(-4.165,-3.128571428571,0.250000000000001));
#11739=CARTESIAN_POINT('Origin',(-5.715,0.275000000000001,5.4));
#11740=CARTESIAN_POINT('',(-6.14,0.275000000000001,0.898559288960001));
#11741=CARTESIAN_POINT('',(-5.965,-0.0686931771220001,1.55));
#11742=CARTESIAN_POINT('Ctrl Pts',(-6.14,0.275000000000001,0.898559288960001));
#11743=CARTESIAN_POINT('Ctrl Pts',(-6.14,0.272607094421999,0.898559288960001));
#11744=CARTESIAN_POINT('Ctrl Pts',(-6.139959569254,0.267820982604,0.898629103012002));
#11745=CARTESIAN_POINT('Ctrl Pts',(-6.139777746578,0.260645640138,0.898943201221001));
#11746=CARTESIAN_POINT('Ctrl Pts',(-6.139474502273,0.253468133033,0.899467504940001));
#11747=CARTESIAN_POINT('Ctrl Pts',(-6.139049385725,0.246287964919001,0.900203473374002));
#11748=CARTESIAN_POINT('Ctrl Pts',(-6.138502128741,0.239107627667,0.901152530863001));
#11749=CARTESIAN_POINT('Ctrl Pts',(-6.13783199727,0.231924782123001,0.902317200583));
#11750=CARTESIAN_POINT('Ctrl Pts',(-6.137038697801,0.224742837924999,0.903699540672001));
#11751=CARTESIAN_POINT('Ctrl Pts',(-6.136120871865,0.217556529190001,0.905303782794001));
#11752=CARTESIAN_POINT('Ctrl Pts',(-6.13507748363,0.210365826349,0.907133938263001));
#11753=CARTESIAN_POINT('Ctrl Pts',(-6.133906237043,0.203164245772001,0.909196607013001));
#11754=CARTESIAN_POINT('Ctrl Pts',(-6.132606894338,0.195959521402,0.911495170137001));
#11755=CARTESIAN_POINT('Ctrl Pts',(-6.131179622935,0.188758894000001,0.914032669941001));
#11756=CARTESIAN_POINT('Ctrl Pts',(-6.12962353243,0.181563023395001,0.916814429347));
#11757=CARTESIAN_POINT('Ctrl Pts',(-6.127935398701,0.174363727508,0.919850451642001));
#11758=CARTESIAN_POINT('Ctrl Pts',(-6.126115008448,0.167167378699,0.923145894492001));
#11759=CARTESIAN_POINT('Ctrl Pts',(-6.124162243681,0.159978944745001,0.926706227333001));
#11760=CARTESIAN_POINT('Ctrl Pts',(-6.122072841577,0.152789199162,0.930545126924002));
#11761=CARTESIAN_POINT('Ctrl Pts',(-6.119846566626,0.145604517917,0.93466965147));
#11762=CARTESIAN_POINT('Ctrl Pts',(-6.117483833612,0.138431868485001,0.939086288136002));
#11763=CARTESIAN_POINT('Ctrl Pts',(-6.114982448685,0.131269975971,0.943807159290001));
#11764=CARTESIAN_POINT('Ctrl Pts',(-6.112339806976,0.124117396933,0.948846152410002));
#11765=CARTESIAN_POINT('Ctrl Pts',(-6.1095544525,0.116976367226,0.954216038046002));
#11766=CARTESIAN_POINT('Ctrl Pts',(-6.106626519333,0.109853057474,0.959927626423001));
#11767=CARTESIAN_POINT('Ctrl Pts',(-6.103558555498,0.102758157512,0.965987985403002));
#11768=CARTESIAN_POINT('Ctrl Pts',(-6.100346872867,0.0956874599480007,0.972417721473002));
#11769=CARTESIAN_POINT('Ctrl Pts',(-6.096990726329,0.088644264269,0.979233289173));
#11770=CARTESIAN_POINT('Ctrl Pts',(-6.093492228699,0.081637293529,0.986446895141002));
#11771=CARTESIAN_POINT('Ctrl Pts',(-6.089854375342,0.0746756627019995,0.994070316213));
#11772=CARTESIAN_POINT('Ctrl Pts',(-6.086073907081,0.0677563158259997,1.002130426091));
#11773=CARTESIAN_POINT('Ctrl Pts',(-6.082155042586,0.0608901143079998,1.010640615988));
#11774=CARTESIAN_POINT('Ctrl Pts',(-6.078103647803,0.0540890568929997,1.019612459504));
#11775=CARTESIAN_POINT('Ctrl Pts',(-6.073922839576,0.0473591721489997,1.029065654756));
#11776=CARTESIAN_POINT('Ctrl Pts',(-6.06961199125,0.0407003699550001,1.039031570133));
#11777=CARTESIAN_POINT('Ctrl Pts',(-6.065177161131,0.0341225722869998,1.04952964085));
#11778=CARTESIAN_POINT('Ctrl Pts',(-6.060623994668,0.0276340367200001,1.060583757996));
#11779=CARTESIAN_POINT('Ctrl Pts',(-6.055972460396,0.0212611196659995,1.072185380644));
#11780=CARTESIAN_POINT('Ctrl Pts',(-6.051230292236,0.0150104254869998,1.084357962569));
#11781=CARTESIAN_POINT('Ctrl Pts',(-6.046408529007,0.0088920617379995,1.097120850248));
#11782=CARTESIAN_POINT('Ctrl Pts',(-6.041521778805,0.00291878416500024,
1.110487244721));
#11783=CARTESIAN_POINT('Ctrl Pts',(-6.036578348555,-0.00290573277500039,
1.124492165427));
#11784=CARTESIAN_POINT('Ctrl Pts',(-6.031594672996,-0.00856921675900013,
1.139153918606));
#11785=CARTESIAN_POINT('Ctrl Pts',(-6.026591207743,-0.0140570812590002,
1.154482723697));
#11786=CARTESIAN_POINT('Ctrl Pts',(-6.021586352867,-0.0193588205869999,
1.170500546139));
#11787=CARTESIAN_POINT('Ctrl Pts',(-6.016620468625,-0.0244435697160006,
1.187160208535));
#11788=CARTESIAN_POINT('Ctrl Pts',(-6.011720073635,-0.0292984482449998,
1.20445592164));
#11789=CARTESIAN_POINT('Ctrl Pts',(-6.006910448619,-0.0339134903210003,
1.222388676698));
#11790=CARTESIAN_POINT('Ctrl Pts',(-6.002219258894,-0.0382781631529994,
1.240951835586));
#11791=CARTESIAN_POINT('Ctrl Pts',(-5.997670986045,-0.0423862389980001,
1.260153947156));
#11792=CARTESIAN_POINT('Ctrl Pts',(-5.993298916304,-0.0462247715899999,
1.279968171203));
#11793=CARTESIAN_POINT('Ctrl Pts',(-5.989135564304,-0.0497830698979995,
1.300364214708));
#11794=CARTESIAN_POINT('Ctrl Pts',(-5.985210958574,-0.0530534504020008,
1.321319768049));
#11795=CARTESIAN_POINT('Ctrl Pts',(-5.981564968186,-0.0560208790610006,
1.342744855186));
#11796=CARTESIAN_POINT('Ctrl Pts',(-5.978225097738,-0.0586809843659997,
1.364592925711));
#11797=CARTESIAN_POINT('Ctrl Pts',(-5.975214034981,-0.0610326465779998,
1.386835896933));
#11798=CARTESIAN_POINT('Ctrl Pts',(-5.972553865011,-0.0630742907009996,
1.409437554036));
#11799=CARTESIAN_POINT('Ctrl Pts',(-5.970264444304,-0.0648048621640007,
1.432361387123));
#11800=CARTESIAN_POINT('Ctrl Pts',(-5.968363117117,-0.0662236966069996,
1.45557890377));
#11801=CARTESIAN_POINT('Ctrl Pts',(-5.966868504776,-0.0673274611300001,
1.479011463066));
#11802=CARTESIAN_POINT('Ctrl Pts',(-5.965793421364,-0.068115176979,1.50258018942));
#11803=CARTESIAN_POINT('Ctrl Pts',(-5.965144729841,-0.0685879714209991,
1.526257777705));
#11804=CARTESIAN_POINT('Ctrl Pts',(-5.965,-0.0686931771220001,1.542077988229));
#11805=CARTESIAN_POINT('Ctrl Pts',(-5.965,-0.0686931771220001,1.55));
#11806=CARTESIAN_POINT('',(-5.965,-0.0686931771220001,1.55));
#11807=CARTESIAN_POINT('',(-5.29,0.275000000000001,0.898559288960001));
#11808=CARTESIAN_POINT('Ctrl Pts',(-5.465,-0.0686931771220001,1.55));
#11809=CARTESIAN_POINT('Ctrl Pts',(-5.465,-0.0686931771220001,1.542077959533));
#11810=CARTESIAN_POINT('Ctrl Pts',(-5.464855268601,-0.0685879702869996,
1.52625768939));
#11811=CARTESIAN_POINT('Ctrl Pts',(-5.464206576347,-0.068115175308,1.502580117502));
#11812=CARTESIAN_POINT('Ctrl Pts',(-5.463131481741,-0.0673274512519995,
1.479011175829));
#11813=CARTESIAN_POINT('Ctrl Pts',(-5.461636833656,-0.0662236601709998,
1.455578195862));
#11814=CARTESIAN_POINT('Ctrl Pts',(-5.459735479547,-0.0648048049369998,
1.43236056981));
#11815=CARTESIAN_POINT('Ctrl Pts',(-5.457446127287,-0.063074284354,1.409437550784));
#11816=CARTESIAN_POINT('Ctrl Pts',(-5.454786146303,-0.0610327858369997,
1.386837410889));
#11817=CARTESIAN_POINT('Ctrl Pts',(-5.45177535829,-0.0586813427159993,1.364596152191));
#11818=CARTESIAN_POINT('Ctrl Pts',(-5.448435762088,-0.0560214652250002,
1.342749427703));
#11819=CARTESIAN_POINT('Ctrl Pts',(-5.444790032038,-0.0530542658630007,
1.321325307288));
#11820=CARTESIAN_POINT('Ctrl Pts',(-5.440865304434,-0.0497838042299992,
1.300368619355));
#11821=CARTESIAN_POINT('Ctrl Pts',(-5.436701877351,-0.0462254591779998,
1.27997190221));
#11822=CARTESIAN_POINT('Ctrl Pts',(-5.432329844486,-0.042386978033,1.260157579608));
#11823=CARTESIAN_POINT('Ctrl Pts',(-5.427781640048,-0.0382789867269995,
1.240955508587));
#11824=CARTESIAN_POINT('Ctrl Pts',(-5.423090476876,-0.0339143646789997,
1.222392227099));
#11825=CARTESIAN_POINT('Ctrl Pts',(-5.418280834904,-0.0292993344920001,
1.204459210986));
#11826=CARTESIAN_POINT('Ctrl Pts',(-5.413380411418,-0.0244444555430001,
1.187163236315));
#11827=CARTESIAN_POINT('Ctrl Pts',(-5.408414613678,-0.0193598263869998,
1.170503713842));
#11828=CARTESIAN_POINT('Ctrl Pts',(-5.403409721762,-0.0140580845570004,
1.154485626612));
#11829=CARTESIAN_POINT('Ctrl Pts',(-5.39840609039,-0.00857007103500007,
1.13915620241));
#11830=CARTESIAN_POINT('Ctrl Pts',(-5.393422246357,-0.00290642395999963,
1.124493874636));
#11831=CARTESIAN_POINT('Ctrl Pts',(-5.388478603008,0.00291832410900028,
1.110488302843));
#11832=CARTESIAN_POINT('Ctrl Pts',(-5.383591831532,0.00889161350200007,
1.097121821427));
#11833=CARTESIAN_POINT('Ctrl Pts',(-5.378770118623,0.015009895093,1.084359034533));
#11834=CARTESIAN_POINT('Ctrl Pts',(-5.374028006745,0.021260493577,1.07218656441));
#11835=CARTESIAN_POINT('Ctrl Pts',(-5.36937656796,0.0276332522090006,1.060585143823));
#11836=CARTESIAN_POINT('Ctrl Pts',(-5.364823414616,0.0341217346939993,1.049531019946));
#11837=CARTESIAN_POINT('Ctrl Pts',(-5.360388519873,0.0406995958629996,1.039032764934));
#11838=CARTESIAN_POINT('Ctrl Pts',(-5.356077659836,0.0473583845409997,1.029066796144));
#11839=CARTESIAN_POINT('Ctrl Pts',(-5.35189683408,0.0540882660870001,1.01961353831));
#11840=CARTESIAN_POINT('Ctrl Pts',(-5.347845518796,0.0608891533689992,1.010641847771));
#11841=CARTESIAN_POINT('Ctrl Pts',(-5.343926642513,0.0677553310599999,1.002131607974));
#11842=CARTESIAN_POINT('Ctrl Pts',(-5.340146122612,0.0746747298380002,0.994071368070001));
#11843=CARTESIAN_POINT('Ctrl Pts',(-5.336508232822,0.0816363907240003,0.986447854513002));
#11844=CARTESIAN_POINT('Ctrl Pts',(-5.333009760392,0.0886432675010007,0.979234285219002));
#11845=CARTESIAN_POINT('Ctrl Pts',(-5.329653566207,0.0956865132719997,0.972418605767001));
#11846=CARTESIAN_POINT('Ctrl Pts',(-5.326441781672,0.102757396318001,0.965988655639002));
#11847=CARTESIAN_POINT('Ctrl Pts',(-5.323373853664,0.109852174709,0.959928358879002));
#11848=CARTESIAN_POINT('Ctrl Pts',(-5.320445901824,0.11697548179,0.954216724896001));
#11849=CARTESIAN_POINT('Ctrl Pts',(-5.317660502906,0.124116577944,0.948846746046001));
#11850=CARTESIAN_POINT('Ctrl Pts',(-5.315017779242,0.131269340059,0.943807591396002));
#11851=CARTESIAN_POINT('Ctrl Pts',(-5.312516395543,0.138431194085,0.939086718606));
#11852=CARTESIAN_POINT('Ctrl Pts',(-5.310153647941,0.145603846129,0.93467005066));
#11853=CARTESIAN_POINT('Ctrl Pts',(-5.307927350208,0.15278855856,0.930545480589001));
#11854=CARTESIAN_POINT('Ctrl Pts',(-5.305837902803,0.159978421243,0.926706495257));
#11855=CARTESIAN_POINT('Ctrl Pts',(-5.303885114667,0.167166908968001,0.923146118121001));
#11856=CARTESIAN_POINT('Ctrl Pts',(-5.302064716044,0.174363256603,0.919850658643001));
#11857=CARTESIAN_POINT('Ctrl Pts',(-5.300376553955,0.181562633946,0.916814584049002));
#11858=CARTESIAN_POINT('Ctrl Pts',(-5.298820416853,0.188758703783,0.914032740897001));
#11859=CARTESIAN_POINT('Ctrl Pts',(-5.297393192658,0.195959067061,0.911495324507001));
#11860=CARTESIAN_POINT('Ctrl Pts',(-5.296093830457,0.203163848055,0.909196726067001));
#11861=CARTESIAN_POINT('Ctrl Pts',(-5.294922555321,0.210365562755001,0.907134006626001));
#11862=CARTESIAN_POINT('Ctrl Pts',(-5.29387912054,0.217556579453,0.905303769452002));
#11863=CARTESIAN_POINT('Ctrl Pts',(-5.292961300637,0.224742849096999,0.903699537951002));
#11864=CARTESIAN_POINT('Ctrl Pts',(-5.292167987787,0.231924928881,0.902317174573001));
#11865=CARTESIAN_POINT('Ctrl Pts',(-5.291497868536,0.239107658215,0.901152526141002));
#11866=CARTESIAN_POINT('Ctrl Pts',(-5.290950601808,0.246288147872,0.900203451769002));
#11867=CARTESIAN_POINT('Ctrl Pts',(-5.290525495914,0.253468174108,0.899467501810001));
#11868=CARTESIAN_POINT('Ctrl Pts',(-5.290222249114,0.260645766504,0.898943193774002));
#11869=CARTESIAN_POINT('Ctrl Pts',(-5.290040431459,0.267820978516,0.898629104245001));
#11870=CARTESIAN_POINT('Ctrl Pts',(-5.29,0.272607091272999,0.898559288960001));
#11871=CARTESIAN_POINT('Ctrl Pts',(-5.29,0.275000000000001,0.898559288960001));
#11872=CARTESIAN_POINT('',(-5.29,0.275000000000001,5.4));
#11873=CARTESIAN_POINT('',(-5.29,0.275000000000001,5.4));
#11874=CARTESIAN_POINT('',(-6.14,0.275000000000001,5.4));
#11875=CARTESIAN_POINT('Origin',(-5.715,0.275000000000001,5.4));
#11876=CARTESIAN_POINT('',(-6.14,0.275000000000001,5.4));
#11877=CARTESIAN_POINT('Origin',(-5.965,0.349999999999999,0.250000000000001));
#11878=CARTESIAN_POINT('',(-5.965,-3.128571428571,1.55));
#11879=CARTESIAN_POINT('',(-5.965,-3.128571428571,1.55));
#11880=CARTESIAN_POINT('',(-5.965,-3.128571428571,1.55));
#11881=CARTESIAN_POINT('Origin',(-5.715,-3.3,1.5125));
#11882=CARTESIAN_POINT('',(-5.97460493573486,-3.84999999999998,1.39218733708608));
#11883=CARTESIAN_POINT('Origin',(-7.265,-3.12857142857139,1.55));
#11884=CARTESIAN_POINT('',(-5.45539506426512,-3.84999999999998,1.39218733708608));
#11885=CARTESIAN_POINT('',(-2.8575,-3.85,1.39218750000002));
#11886=CARTESIAN_POINT('Origin',(-4.165,-3.12857142857139,1.55));
#11887=CARTESIAN_POINT('Origin',(0.,-3.85,10.75));
#11888=CARTESIAN_POINT('',(-7.10718733708584,-3.84999999999998,0.259604935734905));
#11889=CARTESIAN_POINT('',(-7.10718733708584,-3.84999999999998,-0.259604935734914));
#11890=CARTESIAN_POINT('',(-7.10718750000002,-3.85,5.375));
#11891=CARTESIAN_POINT('Origin',(-7.265,-3.85,-1.55));
#11892=CARTESIAN_POINT('Origin',(-4.165,-3.85,-1.55));
#11893=CARTESIAN_POINT('Origin',(-4.165,-3.85,1.55));
#11894=CARTESIAN_POINT('Origin',(-7.265,-3.85,1.55));
#11895=CARTESIAN_POINT('Origin',(-7.2275,-3.3,2.22044604925031E-15));
#11896=CARTESIAN_POINT('Origin',(-7.265,-3.1285714285714,-1.55));
#11897=CARTESIAN_POINT('',(-7.265,-3.128571428571,0.250000000000001));
#11898=CARTESIAN_POINT('Origin',(-7.265,-3.1285714285714,1.55));
#11899=CARTESIAN_POINT('',(-7.315,-2.9,0.250000000000001));
#11900=CARTESIAN_POINT('',(-7.315,-2.9,0.250000000000001));
#11901=CARTESIAN_POINT('',(-7.315,-2.9,0.250000000000001));
#11902=CARTESIAN_POINT('Origin',(6.85,0.2,2.22044604925031E-15));
#11903=CARTESIAN_POINT('',(6.85,0.,-1.20290273921));
#11904=CARTESIAN_POINT('',(6.85,0.,-2.));
#11905=CARTESIAN_POINT('',(6.85,0.,-1.20290273921));
#11906=CARTESIAN_POINT('',(6.85,0.2,-1.20290273921));
#11907=CARTESIAN_POINT('',(6.85,0.2,-1.20290273921));
#11908=CARTESIAN_POINT('',(6.85,0.2,-2.));
#11909=CARTESIAN_POINT('',(6.85,0.2,-1.20290273921));
#11910=CARTESIAN_POINT('',(6.85,0.2,-2.));
#11911=CARTESIAN_POINT('Origin',(5.795,0.,2.22044604925031E-15));
#11912=CARTESIAN_POINT('',(7.395,0.,2.22044604925031E-15));
#11913=CARTESIAN_POINT('Origin',(5.795,0.,2.22044604925031E-15));
#11914=CARTESIAN_POINT('',(7.395,0.2,2.22044604925031E-15));
#11915=CARTESIAN_POINT('',(7.395,0.2,2.22044604925031E-15));
#11916=CARTESIAN_POINT('Origin',(5.795,0.2,2.22044604925031E-15));
#11917=CARTESIAN_POINT('Origin',(7.55,0.2,2.22044604925031E-15));
#11918=CARTESIAN_POINT('',(7.55,0.2,2.22044604925031E-15));
#11919=CARTESIAN_POINT('',(7.55,0.2,2.22044604925031E-15));
#11920=CARTESIAN_POINT('',(7.55,0.2,-2.));
#11921=CARTESIAN_POINT('',(7.55,0.2,2.22044604925031E-15));
#11922=CARTESIAN_POINT('',(7.55,0.2,-2.));
#11923=CARTESIAN_POINT('Origin',(7.75,6.75,10.75));
#11924=CARTESIAN_POINT('',(7.75,2.3,-9.6));
#11925=CARTESIAN_POINT('',(7.75,2.4,-9.6));
#11926=CARTESIAN_POINT('',(7.75,2.3,-9.6));
#11927=CARTESIAN_POINT('',(7.75,2.4,-8.4));
#11928=CARTESIAN_POINT('',(7.75,2.4,-8.4));
#11929=CARTESIAN_POINT('',(7.75,2.3,-8.4));
#11930=CARTESIAN_POINT('',(7.75,2.4,-8.4));
#11931=CARTESIAN_POINT('',(7.75,2.3,-8.4));
#11932=CARTESIAN_POINT('Origin',(7.75,6.75,10.75));
#11933=CARTESIAN_POINT('',(7.75,3.4,-8.4));
#11934=CARTESIAN_POINT('',(7.75,3.4,-9.6));
#11935=CARTESIAN_POINT('',(7.75,3.4,-8.4));
#11936=CARTESIAN_POINT('',(7.75,3.5,-9.6));
#11937=CARTESIAN_POINT('',(7.75,2.3,-9.6));
#11938=CARTESIAN_POINT('',(7.75,3.5,-8.4));
#11939=CARTESIAN_POINT('',(7.75,3.5,-9.6));
#11940=CARTESIAN_POINT('',(7.75,3.5,-8.4));
#11941=CARTESIAN_POINT('Origin',(6.178902246135,7.54,10.6535642729052));
#11942=CARTESIAN_POINT('',(6.25456387126289,7.54,10.7785642729052));
#11943=CARTESIAN_POINT('',(6.25456387126289,5.54,10.7785642729052));
#11944=CARTESIAN_POINT('',(6.25456387126289,7.145,10.7785642729052));
#11945=CARTESIAN_POINT('',(6.178902246135,7.54,10.6535642729052));
#11946=CARTESIAN_POINT('',(6.178902246135,5.54,10.6535642729052));
#11947=CARTESIAN_POINT('Origin',(0.,7.54,0.850000000000001));
#11948=CARTESIAN_POINT('',(6.35,7.54,10.8601359459506));
#11949=CARTESIAN_POINT('Origin',(6.42566162512779,7.54,10.675));
#11950=CARTESIAN_POINT('',(6.35,7.54,10.55));
#11951=CARTESIAN_POINT('',(6.35,7.54,10.55));
#11952=CARTESIAN_POINT('',(4.871676684601,7.54,8.107673204713));
#11953=CARTESIAN_POINT('Origin',(4.871676684601,7.54,8.107673204713));
#11954=CARTESIAN_POINT('',(6.35,5.54,10.55));
#11955=CARTESIAN_POINT('',(6.35,7.54,10.55));
#11956=CARTESIAN_POINT('',(4.871676684601,5.54,8.107673204713));
#11957=CARTESIAN_POINT('Origin',(0.,5.54,0.850000000000001));
#11958=CARTESIAN_POINT('',(6.35,5.54,10.8601359459506));
#11959=CARTESIAN_POINT('Origin',(6.42566162512779,5.54,10.675));
#11960=CARTESIAN_POINT('',(6.35,5.54,10.55));
#11961=CARTESIAN_POINT('Origin',(6.15,5.08,10.375));
#11962=CARTESIAN_POINT('',(6.35,4.955,10.5));
#11963=CARTESIAN_POINT('',(6.35,4.955,10.5));
#11964=CARTESIAN_POINT('',(6.35,5.205,10.25));
#11965=CARTESIAN_POINT('',(6.35,5.205,10.25));
#11966=CARTESIAN_POINT('',(6.35,5.205,10.25));
#11967=CARTESIAN_POINT('Origin',(5.95,5.205,10.5));
#11968=CARTESIAN_POINT('',(6.35,5.205,10.5));
#11969=CARTESIAN_POINT('',(6.35,5.205,10.25));
#11970=CARTESIAN_POINT('',(6.35,5.205,10.5));
#11971=CARTESIAN_POINT('Origin',(0.,6.75,10.5));
#11972=CARTESIAN_POINT('',(6.35,8.005,10.5));
#11973=CARTESIAN_POINT('',(6.35,8.005,10.5));
#11974=CARTESIAN_POINT('',(6.81,8.005,10.5));
#11975=CARTESIAN_POINT('Origin',(6.81,8.005,10.5));
#11976=CARTESIAN_POINT('',(6.35,8.005,10.25));
#11977=CARTESIAN_POINT('',(5.95,8.005,10.25));
#11978=CARTESIAN_POINT('',(6.35,8.005,10.25));
#11979=CARTESIAN_POINT('Origin',(6.15,8.13,10.375));
#11980=CARTESIAN_POINT('',(6.35,8.255,10.5));
#11981=CARTESIAN_POINT('',(6.35,8.255,10.5));
#11982=CARTESIAN_POINT('',(6.2,8.255,10.5));
#11983=CARTESIAN_POINT('Origin',(0.,6.75,10.5));
#11984=CARTESIAN_POINT('',(-6.55,8.255,10.5));
#11985=CARTESIAN_POINT('',(-6.55,8.255,10.5));
#11986=CARTESIAN_POINT('',(6.35,10.92,10.5));
#11987=CARTESIAN_POINT('',(6.35,8.255,10.5));
#11988=CARTESIAN_POINT('',(6.1,11.17,10.5));
#11989=CARTESIAN_POINT('Origin',(6.1,10.92,10.5));
#11990=CARTESIAN_POINT('',(-6.3,11.17,10.5));
#11991=CARTESIAN_POINT('',(6.1,11.17,10.5));
#11992=CARTESIAN_POINT('',(-6.55,10.92,10.5));
#11993=CARTESIAN_POINT('Origin',(-6.3,10.92,10.5));
#11994=CARTESIAN_POINT('',(-6.55,10.92,10.5));
#11995=CARTESIAN_POINT('Origin',(-6.25,8.13,10.375));
#11996=CARTESIAN_POINT('',(-6.55,8.005,10.25));
#11997=CARTESIAN_POINT('',(-6.55,8.005,10.25));
#11998=CARTESIAN_POINT('',(-6.55,8.005,10.25));
#11999=CARTESIAN_POINT('Origin',(-5.95,8.005,10.5));
#12000=CARTESIAN_POINT('',(-6.55,8.005,10.5));
#12001=CARTESIAN_POINT('',(-6.55,8.005,10.25));
#12002=CARTESIAN_POINT('',(-6.55,8.005,10.5));
#12003=CARTESIAN_POINT('Origin',(0.,6.75,10.5));
#12004=CARTESIAN_POINT('',(-6.55,5.205,10.5));
#12005=CARTESIAN_POINT('',(-6.55,8.005,10.5));
#12006=CARTESIAN_POINT('',(-6.81,5.205,10.5));
#12007=CARTESIAN_POINT('Origin',(-6.81,5.205,10.5));
#12008=CARTESIAN_POINT('',(-6.55,5.205,10.25));
#12009=CARTESIAN_POINT('',(-5.95,5.205,10.25));
#12010=CARTESIAN_POINT('',(-6.55,5.205,10.25));
#12011=CARTESIAN_POINT('Origin',(-6.25,5.08,10.375));
#12012=CARTESIAN_POINT('',(-6.55,4.955,10.5));
#12013=CARTESIAN_POINT('',(-6.55,4.955,10.5));
#12014=CARTESIAN_POINT('',(-6.2,4.955,10.5));
#12015=CARTESIAN_POINT('Origin',(-6.55,7.54,10.55));
#12016=CARTESIAN_POINT('',(-6.55,7.54,10.55));
#12017=CARTESIAN_POINT('',(-6.55,7.54,10.55));
#12018=CARTESIAN_POINT('',(-6.55,5.54,10.55));
#12019=CARTESIAN_POINT('',(-6.55,5.54,10.55));
#12020=CARTESIAN_POINT('',(-6.55,7.54,10.55));
#12021=CARTESIAN_POINT('Origin',(0.,7.54,0.850000000000001));
#12022=CARTESIAN_POINT('',(-6.4628091619722,7.54,10.7835567535633));
#12023=CARTESIAN_POINT('',(-6.55,7.54,10.8579590135221));
#12024=CARTESIAN_POINT('Origin',(-6.63078365782139,7.54,10.675));
#12025=CARTESIAN_POINT('',(-4.806044632274,7.54,8.219974318736));
#12026=CARTESIAN_POINT('',(-6.55,7.54,10.55));
#12027=CARTESIAN_POINT('Origin',(-4.806044632274,7.54,8.219974318736));
#12028=CARTESIAN_POINT('',(-6.4628091619722,5.54,10.7835567535633));
#12029=CARTESIAN_POINT('',(-6.4628091619722,7.145,10.7835567535633));
#12030=CARTESIAN_POINT('',(-2.41820813074225,5.54,4.52517303416151));
#12031=CARTESIAN_POINT('Origin',(0.,5.54,0.850000000000001));
#12032=CARTESIAN_POINT('',(-6.55,5.54,10.8579590135221));
#12033=CARTESIAN_POINT('Origin',(-6.63078365782139,5.54,10.675));
#12034=CARTESIAN_POINT('',(-6.55,5.54,10.55));
#12035=CARTESIAN_POINT('Origin',(0.,6.75,10.5));
#12036=CARTESIAN_POINT('',(-6.55,3.16,10.5));
#12037=CARTESIAN_POINT('',(-6.55,4.955,10.5));
#12038=CARTESIAN_POINT('',(-7.15,3.16,10.5));
#12039=CARTESIAN_POINT('',(-6.55,3.16,10.5));
#12040=CARTESIAN_POINT('',(-7.15,0.81,10.5));
#12041=CARTESIAN_POINT('',(-7.15,3.16,10.5));
#12042=CARTESIAN_POINT('',(-2.63,0.81,10.5));
#12043=CARTESIAN_POINT('',(-7.15,0.81,10.5));
#12044=CARTESIAN_POINT('',(-2.63,0.,10.5));
#12045=CARTESIAN_POINT('',(-2.63,0.81,10.5));
#12046=CARTESIAN_POINT('',(2.43,0.,10.5));
#12047=CARTESIAN_POINT('',(2.43,0.,10.5));
#12048=CARTESIAN_POINT('',(2.43,0.81,10.5));
#12049=CARTESIAN_POINT('',(2.43,0.,10.5));
#12050=CARTESIAN_POINT('',(7.05,0.81,10.5));
#12051=CARTESIAN_POINT('',(2.43,0.81,10.5));
#12052=CARTESIAN_POINT('',(7.05,3.16,10.5));
#12053=CARTESIAN_POINT('',(7.05,0.81,10.5));
#12054=CARTESIAN_POINT('',(6.35,3.16,10.5));
#12055=CARTESIAN_POINT('',(7.05,3.16,10.5));
#12056=CARTESIAN_POINT('',(6.35,3.16,10.5));
#12057=CARTESIAN_POINT('Origin',(7.875,13.55,10.675));
#12058=CARTESIAN_POINT('',(7.875,13.75,10.675));
#12059=CARTESIAN_POINT('',(8.075,13.55,10.675));
#12060=CARTESIAN_POINT('Origin',(7.875,13.55,10.675));
#12061=CARTESIAN_POINT('',(7.875,13.55,10.875));
#12062=CARTESIAN_POINT('Origin',(7.875,13.55,10.675));
#12063=CARTESIAN_POINT('Origin',(7.875,13.55,10.675));
#12064=CARTESIAN_POINT('Origin',(-7.95,0.,10.75));
#12065=CARTESIAN_POINT('',(-7.,0.,10.675));
#12066=CARTESIAN_POINT('',(-2.63,0.,10.675));
#12067=CARTESIAN_POINT('',(-3.975,0.,10.675));
#12068=CARTESIAN_POINT('',(-7.,0.,8.05));
#12069=CARTESIAN_POINT('',(-7.,0.,10.55));
#12070=CARTESIAN_POINT('',(7.,0.,8.05));
#12071=CARTESIAN_POINT('',(-7.,0.,8.05));
#12072=CARTESIAN_POINT('',(7.,0.,10.675));
#12073=CARTESIAN_POINT('',(7.,0.,10.55));
#12074=CARTESIAN_POINT('',(2.43,0.,10.675));
#12075=CARTESIAN_POINT('',(-3.975,0.,10.675));
#12076=CARTESIAN_POINT('',(2.43,0.,10.55));
#12077=CARTESIAN_POINT('',(-2.63,0.,10.55));
#12078=CARTESIAN_POINT('Origin',(-5.795,0.,2.22044604925031E-15));
#12079=CARTESIAN_POINT('',(-7.395,0.,2.22044604925031E-15));
#12080=CARTESIAN_POINT('',(-7.395,0.2,2.22044604925031E-15));
#12081=CARTESIAN_POINT('',(-7.395,0.,2.22044604925031E-15));
#12082=CARTESIAN_POINT('',(-6.85,0.,-1.20290273921));
#12083=CARTESIAN_POINT('Origin',(-5.795,0.,2.22044604925031E-15));
#12084=CARTESIAN_POINT('',(-6.85,0.2,-1.20290273921));
#12085=CARTESIAN_POINT('',(-6.85,0.,-1.20290273921));
#12086=CARTESIAN_POINT('Origin',(-5.795,0.2,2.22044604925031E-15));
#12087=CARTESIAN_POINT('Origin',(-6.85,0.2,2.22044604925031E-15));
#12088=CARTESIAN_POINT('',(-6.85,0.,-2.));
#12089=CARTESIAN_POINT('',(-6.85,0.,-1.20290273921));
#12090=CARTESIAN_POINT('',(-6.85,0.2,-2.));
#12091=CARTESIAN_POINT('',(-6.85,0.2,-2.));
#12092=CARTESIAN_POINT('',(-6.85,0.2,-1.20290273921));
#12093=CARTESIAN_POINT('Origin',(-7.55,0.2,2.22044604925031E-15));
#12094=CARTESIAN_POINT('',(-7.55,0.2,-2.));
#12095=CARTESIAN_POINT('',(-7.55,0.2,-2.));
#12096=CARTESIAN_POINT('',(-7.55,0.2,2.22044604925031E-15));
#12097=CARTESIAN_POINT('',(-7.55,0.2,2.22044604925031E-15));
#12098=CARTESIAN_POINT('',(-7.55,0.2,2.22044604925031E-15));
#12099=CARTESIAN_POINT('Origin',(-3.351527302656,0.349999999999999,-2.79));
#12100=CARTESIAN_POINT('',(-3.351527302656,0.349999999999999,-2.79));
#12101=CARTESIAN_POINT('',(-3.001527302656,0.349999999999999,-2.79));
#12102=CARTESIAN_POINT('',(-3.351527302656,0.349999999999999,-2.79));
#12103=CARTESIAN_POINT('',(-3.001527302656,0.349999999999999,-2.79));
#12104=CARTESIAN_POINT('',(-3.351527302656,0.349999999999999,-2.79));
#12105=CARTESIAN_POINT('Origin',(-3.001527302656,0.349999999999999,-2.79));
#12106=CARTESIAN_POINT('',(-3.001527302656,0.349999999999999,-2.33));
#12107=CARTESIAN_POINT('',(-3.001527302656,0.349999999999999,-2.79));
#12108=CARTESIAN_POINT('',(-3.001527302656,0.349999999999999,-2.33));
#12109=CARTESIAN_POINT('Origin',(-3.001527302656,0.349999999999999,-2.33));
#12110=CARTESIAN_POINT('',(-3.351527302656,0.349999999999999,-2.33));
#12111=CARTESIAN_POINT('',(-3.001527302656,0.349999999999999,-2.33));
#12112=CARTESIAN_POINT('',(-3.351527302656,0.349999999999999,-2.33));
#12113=CARTESIAN_POINT('Origin',(-3.351527302656,0.349999999999999,-2.33));
#12114=CARTESIAN_POINT('',(-3.351527302656,0.349999999999999,-2.33));
#12115=CARTESIAN_POINT('Origin',(-5.891527302656,0.349999999999999,-4.06));
#12116=CARTESIAN_POINT('',(-5.891527302656,0.349999999999999,-4.06));
#12117=CARTESIAN_POINT('',(-5.541527302656,0.349999999999999,-4.06));
#12118=CARTESIAN_POINT('',(-5.891527302656,0.349999999999999,-4.06));
#12119=CARTESIAN_POINT('',(-5.541527302656,0.349999999999999,-4.06));
#12120=CARTESIAN_POINT('',(-5.891527302656,0.349999999999999,-4.06));
#12121=CARTESIAN_POINT('Origin',(-5.541527302656,0.349999999999999,-4.06));
#12122=CARTESIAN_POINT('',(-5.541527302656,0.349999999999999,-3.6));
#12123=CARTESIAN_POINT('',(-5.541527302656,0.349999999999999,-4.06));
#12124=CARTESIAN_POINT('',(-5.541527302656,0.349999999999999,-3.6));
#12125=CARTESIAN_POINT('Origin',(-5.541527302656,0.349999999999999,-3.6));
#12126=CARTESIAN_POINT('',(-5.891527302656,0.349999999999999,-3.6));
#12127=CARTESIAN_POINT('',(-5.541527302656,0.349999999999999,-3.6));
#12128=CARTESIAN_POINT('',(-5.891527302656,0.349999999999999,-3.6));
#12129=CARTESIAN_POINT('Origin',(-5.891527302656,0.349999999999999,-3.6));
#12130=CARTESIAN_POINT('',(-5.891527302656,0.349999999999999,-3.6));
#12131=CARTESIAN_POINT('Origin',(-1.673471418378,0.349999999999999,-6.535));
#12132=CARTESIAN_POINT('',(-1.673471418378,0.349999999999999,-6.535));
#12133=CARTESIAN_POINT('',(-1.673471418378,0.349999999999999,-6.185));
#12134=CARTESIAN_POINT('',(-1.673471418378,0.349999999999999,-6.535));
#12135=CARTESIAN_POINT('',(-1.673471418378,0.349999999999999,-6.185));
#12136=CARTESIAN_POINT('',(-1.673471418378,0.349999999999999,-6.535));
#12137=CARTESIAN_POINT('Origin',(-1.673471418378,0.349999999999999,-6.185));
#12138=CARTESIAN_POINT('',(-2.133471418378,0.349999999999999,-6.185));
#12139=CARTESIAN_POINT('',(-1.673471418378,0.349999999999999,-6.185));
#12140=CARTESIAN_POINT('',(-2.133471418378,0.349999999999999,-6.185));
#12141=CARTESIAN_POINT('Origin',(-2.133471418378,0.349999999999999,-6.185));
#12142=CARTESIAN_POINT('',(-2.133471418378,0.349999999999999,-6.535));
#12143=CARTESIAN_POINT('',(-2.133471418378,0.349999999999999,-6.185));
#12144=CARTESIAN_POINT('',(-2.133471418378,0.349999999999999,-6.535));
#12145=CARTESIAN_POINT('Origin',(-2.133471418378,0.349999999999999,-6.535));
#12146=CARTESIAN_POINT('',(-2.133471418378,0.349999999999999,-6.535));
#12147=CARTESIAN_POINT('Origin',(-2.943471418376,0.349999999999999,-9.075));
#12148=CARTESIAN_POINT('',(-2.943471418376,0.349999999999999,-9.075));
#12149=CARTESIAN_POINT('',(-2.943471418376,0.349999999999999,-8.725));
#12150=CARTESIAN_POINT('',(-2.943471418376,0.349999999999999,-9.075));
#12151=CARTESIAN_POINT('',(-2.943471418376,0.349999999999999,-8.725));
#12152=CARTESIAN_POINT('',(-2.943471418376,0.349999999999999,-9.075));
#12153=CARTESIAN_POINT('Origin',(-2.943471418376,0.349999999999999,-8.725));
#12154=CARTESIAN_POINT('',(-3.403471418376,0.349999999999999,-8.725));
#12155=CARTESIAN_POINT('',(-2.943471418376,0.349999999999999,-8.725));
#12156=CARTESIAN_POINT('',(-3.403471418376,0.349999999999999,-8.725));
#12157=CARTESIAN_POINT('Origin',(-3.403471418376,0.349999999999999,-8.725));
#12158=CARTESIAN_POINT('',(-3.403471418376,0.349999999999999,-9.075));
#12159=CARTESIAN_POINT('',(-3.403471418376,0.349999999999999,-8.725));
#12160=CARTESIAN_POINT('',(-3.403471418376,0.349999999999999,-9.075));
#12161=CARTESIAN_POINT('Origin',(-3.403471418376,0.349999999999999,-9.075));
#12162=CARTESIAN_POINT('',(-3.403471418376,0.349999999999999,-9.075));
#12163=CARTESIAN_POINT('Origin',(-5.483471418376,0.349999999999999,-9.075));
#12164=CARTESIAN_POINT('',(-5.483471418376,0.349999999999999,-9.075));
#12165=CARTESIAN_POINT('',(-5.483471418376,0.349999999999999,-8.725));
#12166=CARTESIAN_POINT('',(-5.483471418376,0.349999999999999,-9.075));
#12167=CARTESIAN_POINT('',(-5.483471418376,0.349999999999999,-8.725));
#12168=CARTESIAN_POINT('',(-5.483471418376,0.349999999999999,-9.075));
#12169=CARTESIAN_POINT('Origin',(-5.483471418376,0.349999999999999,-8.725));
#12170=CARTESIAN_POINT('',(-5.943471418376,0.349999999999999,-8.725));
#12171=CARTESIAN_POINT('',(-5.483471418376,0.349999999999999,-8.725));
#12172=CARTESIAN_POINT('',(-5.943471418376,0.349999999999999,-8.725));
#12173=CARTESIAN_POINT('Origin',(-5.943471418376,0.349999999999999,-8.725));
#12174=CARTESIAN_POINT('',(-5.943471418376,0.349999999999999,-9.075));
#12175=CARTESIAN_POINT('',(-5.943471418376,0.349999999999999,-8.725));
#12176=CARTESIAN_POINT('',(-5.943471418376,0.349999999999999,-9.075));
#12177=CARTESIAN_POINT('Origin',(-5.943471418376,0.349999999999999,-9.075));
#12178=CARTESIAN_POINT('',(-5.943471418376,0.349999999999999,-9.075));
#12179=CARTESIAN_POINT('Origin',(-4.213471418378,0.349999999999999,-6.535));
#12180=CARTESIAN_POINT('',(-4.213471418378,0.349999999999999,-6.535));
#12181=CARTESIAN_POINT('',(-4.213471418378,0.349999999999999,-6.185));
#12182=CARTESIAN_POINT('',(-4.213471418378,0.349999999999999,-6.535));
#12183=CARTESIAN_POINT('',(-4.213471418378,0.349999999999999,-6.185));
#12184=CARTESIAN_POINT('',(-4.213471418378,0.349999999999999,-6.535));
#12185=CARTESIAN_POINT('Origin',(-4.213471418378,0.349999999999999,-6.185));
#12186=CARTESIAN_POINT('',(-4.673471418378,0.349999999999999,-6.185));
#12187=CARTESIAN_POINT('',(-4.213471418378,0.349999999999999,-6.185));
#12188=CARTESIAN_POINT('',(-4.673471418378,0.349999999999999,-6.185));
#12189=CARTESIAN_POINT('Origin',(-4.673471418378,0.349999999999999,-6.185));
#12190=CARTESIAN_POINT('',(-4.673471418378,0.349999999999999,-6.535));
#12191=CARTESIAN_POINT('',(-4.673471418378,0.349999999999999,-6.185));
#12192=CARTESIAN_POINT('',(-4.673471418378,0.349999999999999,-6.535));
#12193=CARTESIAN_POINT('Origin',(-4.673471418378,0.349999999999999,-6.535));
#12194=CARTESIAN_POINT('',(-4.673471418378,0.349999999999999,-6.535));
#12195=CARTESIAN_POINT('Origin',(-0.403471418378,0.349999999999999,-8.725));
#12196=CARTESIAN_POINT('',(-0.403471418378,0.349999999999999,-8.725));
#12197=CARTESIAN_POINT('',(-0.863471418378,0.349999999999999,-8.725));
#12198=CARTESIAN_POINT('',(-0.403471418378,0.349999999999999,-8.725));
#12199=CARTESIAN_POINT('',(-0.863471418378,0.349999999999999,-8.725));
#12200=CARTESIAN_POINT('',(-0.403471418378,0.349999999999999,-8.725));
#12201=CARTESIAN_POINT('Origin',(-0.863471418378,0.349999999999999,-8.725));
#12202=CARTESIAN_POINT('',(-0.863471418378,0.349999999999999,-9.075));
#12203=CARTESIAN_POINT('',(-0.863471418378,0.349999999999999,-8.725));
#12204=CARTESIAN_POINT('',(-0.863471418378,0.349999999999999,-9.075));
#12205=CARTESIAN_POINT('Origin',(-0.863471418378,0.349999999999999,-9.075));
#12206=CARTESIAN_POINT('',(-0.403471418378,0.349999999999999,-9.075));
#12207=CARTESIAN_POINT('',(-0.863471418378,0.349999999999999,-9.075));
#12208=CARTESIAN_POINT('',(-0.403471418378,0.349999999999999,-9.075));
#12209=CARTESIAN_POINT('Origin',(-0.403471418378,0.349999999999999,-9.075));
#12210=CARTESIAN_POINT('',(-0.403471418378,0.349999999999999,-9.075));
#12211=CARTESIAN_POINT('Origin',(-4.35,0.349999999999999,3.815));
#12212=CARTESIAN_POINT('',(-4.35,0.349999999999999,3.815));
#12213=CARTESIAN_POINT('',(-3.85,0.349999999999999,3.815));
#12214=CARTESIAN_POINT('',(-4.35,0.349999999999999,3.815));
#12215=CARTESIAN_POINT('',(-3.85,0.349999999999999,3.815));
#12216=CARTESIAN_POINT('',(-4.35,0.349999999999999,3.815));
#12217=CARTESIAN_POINT('Origin',(-3.85,0.349999999999999,3.815));
#12218=CARTESIAN_POINT('',(-3.85,0.349999999999999,4.315));
#12219=CARTESIAN_POINT('',(-3.85,0.349999999999999,3.815));
#12220=CARTESIAN_POINT('',(-3.85,0.349999999999999,4.315));
#12221=CARTESIAN_POINT('Origin',(-3.85,0.349999999999999,4.315));
#12222=CARTESIAN_POINT('',(-4.35,0.349999999999999,4.315));
#12223=CARTESIAN_POINT('',(-3.85,0.349999999999999,4.315));
#12224=CARTESIAN_POINT('',(-4.35,0.349999999999999,4.315));
#12225=CARTESIAN_POINT('Origin',(-4.35,0.349999999999999,4.315));
#12226=CARTESIAN_POINT('',(-4.35,0.349999999999999,4.315));
#12227=CARTESIAN_POINT('Origin',(-6.89,0.349999999999999,3.815));
#12228=CARTESIAN_POINT('',(-6.89,0.349999999999999,3.815));
#12229=CARTESIAN_POINT('',(-6.39,0.349999999999999,3.815));
#12230=CARTESIAN_POINT('',(-6.89,0.349999999999999,3.815));
#12231=CARTESIAN_POINT('',(-6.39,0.349999999999999,3.815));
#12232=CARTESIAN_POINT('',(-6.89,0.349999999999999,3.815));
#12233=CARTESIAN_POINT('Origin',(-6.39,0.349999999999999,3.815));
#12234=CARTESIAN_POINT('',(-6.39,0.349999999999999,4.315));
#12235=CARTESIAN_POINT('',(-6.39,0.349999999999999,3.815));
#12236=CARTESIAN_POINT('',(-6.39,0.349999999999999,4.315));
#12237=CARTESIAN_POINT('Origin',(-6.39,0.349999999999999,4.315));
#12238=CARTESIAN_POINT('',(-6.89,0.349999999999999,4.315));
#12239=CARTESIAN_POINT('',(-6.39,0.349999999999999,4.315));
#12240=CARTESIAN_POINT('',(-6.89,0.349999999999999,4.315));
#12241=CARTESIAN_POINT('Origin',(-6.89,0.349999999999999,4.315));
#12242=CARTESIAN_POINT('',(-6.89,0.349999999999999,4.315));
#12243=CARTESIAN_POINT('Origin',(3.85,0.349999999999999,4.315));
#12244=CARTESIAN_POINT('',(3.85,0.349999999999999,4.315));
#12245=CARTESIAN_POINT('',(3.85,0.349999999999999,3.815));
#12246=CARTESIAN_POINT('',(3.85,0.349999999999999,4.315));
#12247=CARTESIAN_POINT('',(3.85,0.349999999999999,3.815));
#12248=CARTESIAN_POINT('',(3.85,0.349999999999999,4.315));
#12249=CARTESIAN_POINT('Origin',(3.85,0.349999999999999,3.815));
#12250=CARTESIAN_POINT('',(4.35,0.349999999999999,3.815));
#12251=CARTESIAN_POINT('',(3.85,0.349999999999999,3.815));
#12252=CARTESIAN_POINT('',(4.35,0.349999999999999,3.815));
#12253=CARTESIAN_POINT('Origin',(4.35,0.349999999999999,3.815));
#12254=CARTESIAN_POINT('',(4.35,0.349999999999999,4.315));
#12255=CARTESIAN_POINT('',(4.35,0.349999999999999,3.815));
#12256=CARTESIAN_POINT('',(4.35,0.349999999999999,4.315));
#12257=CARTESIAN_POINT('Origin',(4.35,0.349999999999999,4.315));
#12258=CARTESIAN_POINT('',(4.35,0.349999999999999,4.315));
#12259=CARTESIAN_POINT('Origin',(6.39,0.349999999999999,4.315));
#12260=CARTESIAN_POINT('',(6.39,0.349999999999999,4.315));
#12261=CARTESIAN_POINT('',(6.39,0.349999999999999,3.815));
#12262=CARTESIAN_POINT('',(6.39,0.349999999999999,4.315));
#12263=CARTESIAN_POINT('',(6.39,0.349999999999999,3.815));
#12264=CARTESIAN_POINT('',(6.39,0.349999999999999,4.315));
#12265=CARTESIAN_POINT('Origin',(6.39,0.349999999999999,3.815));
#12266=CARTESIAN_POINT('',(6.89,0.349999999999999,3.815));
#12267=CARTESIAN_POINT('',(6.39,0.349999999999999,3.815));
#12268=CARTESIAN_POINT('',(6.89,0.349999999999999,3.815));
#12269=CARTESIAN_POINT('Origin',(6.89,0.349999999999999,3.815));
#12270=CARTESIAN_POINT('',(6.89,0.349999999999999,4.315));
#12271=CARTESIAN_POINT('',(6.89,0.349999999999999,3.815));
#12272=CARTESIAN_POINT('',(6.89,0.349999999999999,4.315));
#12273=CARTESIAN_POINT('Origin',(6.89,0.349999999999999,4.315));
#12274=CARTESIAN_POINT('',(6.89,0.349999999999999,4.315));
#12275=CARTESIAN_POINT('Origin',(0.866528581622,0.349999999999999,-6.185));
#12276=CARTESIAN_POINT('',(0.866528581622,0.349999999999999,-6.185));
#12277=CARTESIAN_POINT('',(0.406528581622,0.349999999999999,-6.185));
#12278=CARTESIAN_POINT('',(0.866528581622,0.349999999999999,-6.185));
#12279=CARTESIAN_POINT('',(0.406528581622,0.349999999999999,-6.185));
#12280=CARTESIAN_POINT('',(0.866528581622,0.349999999999999,-6.185));
#12281=CARTESIAN_POINT('Origin',(0.406528581622,0.349999999999999,-6.185));
#12282=CARTESIAN_POINT('',(0.406528581622,0.349999999999999,-6.535));
#12283=CARTESIAN_POINT('',(0.406528581622,0.349999999999999,-6.185));
#12284=CARTESIAN_POINT('',(0.406528581622,0.349999999999999,-6.535));
#12285=CARTESIAN_POINT('Origin',(0.406528581622,0.349999999999999,-6.535));
#12286=CARTESIAN_POINT('',(0.866528581622,0.349999999999999,-6.535));
#12287=CARTESIAN_POINT('',(0.406528581622,0.349999999999999,-6.535));
#12288=CARTESIAN_POINT('',(0.866528581622,0.349999999999999,-6.535));
#12289=CARTESIAN_POINT('Origin',(0.866528581622,0.349999999999999,-6.535));
#12290=CARTESIAN_POINT('',(0.866528581622,0.349999999999999,-6.535));
#12291=CARTESIAN_POINT('Origin',(2.13652858162,0.349999999999999,-8.725));
#12292=CARTESIAN_POINT('',(2.13652858162,0.349999999999999,-8.725));
#12293=CARTESIAN_POINT('',(1.67652858162,0.349999999999999,-8.725));
#12294=CARTESIAN_POINT('',(2.13652858162,0.349999999999999,-8.725));
#12295=CARTESIAN_POINT('',(1.67652858162,0.349999999999999,-8.725));
#12296=CARTESIAN_POINT('',(2.13652858162,0.349999999999999,-8.725));
#12297=CARTESIAN_POINT('Origin',(1.67652858162,0.349999999999999,-8.725));
#12298=CARTESIAN_POINT('',(1.67652858162,0.349999999999999,-9.075));
#12299=CARTESIAN_POINT('',(1.67652858162,0.349999999999999,-8.725));
#12300=CARTESIAN_POINT('',(1.67652858162,0.349999999999999,-9.075));
#12301=CARTESIAN_POINT('Origin',(1.67652858162,0.349999999999999,-9.075));
#12302=CARTESIAN_POINT('',(2.13652858162,0.349999999999999,-9.075));
#12303=CARTESIAN_POINT('',(1.67652858162,0.349999999999999,-9.075));
#12304=CARTESIAN_POINT('',(2.13652858162,0.349999999999999,-9.075));
#12305=CARTESIAN_POINT('Origin',(2.13652858162,0.349999999999999,-9.075));
#12306=CARTESIAN_POINT('',(2.13652858162,0.349999999999999,-9.075));
#12307=CARTESIAN_POINT('Origin',(4.67652858162,0.349999999999999,-8.725));
#12308=CARTESIAN_POINT('',(4.67652858162,0.349999999999999,-8.725));
#12309=CARTESIAN_POINT('',(4.21652858162,0.349999999999999,-8.725));
#12310=CARTESIAN_POINT('',(4.67652858162,0.349999999999999,-8.725));
#12311=CARTESIAN_POINT('',(4.21652858162,0.349999999999999,-8.725));
#12312=CARTESIAN_POINT('',(4.67652858162,0.349999999999999,-8.725));
#12313=CARTESIAN_POINT('Origin',(4.21652858162,0.349999999999999,-8.725));
#12314=CARTESIAN_POINT('',(4.21652858162,0.349999999999999,-9.075));
#12315=CARTESIAN_POINT('',(4.21652858162,0.349999999999999,-8.725));
#12316=CARTESIAN_POINT('',(4.21652858162,0.349999999999999,-9.075));
#12317=CARTESIAN_POINT('Origin',(4.21652858162,0.349999999999999,-9.075));
#12318=CARTESIAN_POINT('',(4.67652858162,0.349999999999999,-9.075));
#12319=CARTESIAN_POINT('',(4.21652858162,0.349999999999999,-9.075));
#12320=CARTESIAN_POINT('',(4.67652858162,0.349999999999999,-9.075));
#12321=CARTESIAN_POINT('Origin',(4.67652858162,0.349999999999999,-9.075));
#12322=CARTESIAN_POINT('',(4.67652858162,0.349999999999999,-9.075));
#12323=CARTESIAN_POINT('Origin',(3.406528581622,0.349999999999999,-6.185));
#12324=CARTESIAN_POINT('',(3.406528581622,0.349999999999999,-6.185));
#12325=CARTESIAN_POINT('',(2.946528581622,0.349999999999999,-6.185));
#12326=CARTESIAN_POINT('',(3.406528581622,0.349999999999999,-6.185));
#12327=CARTESIAN_POINT('',(2.946528581622,0.349999999999999,-6.185));
#12328=CARTESIAN_POINT('',(3.406528581622,0.349999999999999,-6.185));
#12329=CARTESIAN_POINT('Origin',(2.946528581622,0.349999999999999,-6.185));
#12330=CARTESIAN_POINT('',(2.946528581622,0.349999999999999,-6.535));
#12331=CARTESIAN_POINT('',(2.946528581622,0.349999999999999,-6.185));
#12332=CARTESIAN_POINT('',(2.946528581622,0.349999999999999,-6.535));
#12333=CARTESIAN_POINT('Origin',(2.946528581622,0.349999999999999,-6.535));
#12334=CARTESIAN_POINT('',(3.406528581622,0.349999999999999,-6.535));
#12335=CARTESIAN_POINT('',(2.946528581622,0.349999999999999,-6.535));
#12336=CARTESIAN_POINT('',(3.406528581622,0.349999999999999,-6.535));
#12337=CARTESIAN_POINT('Origin',(3.406528581622,0.349999999999999,-6.535));
#12338=CARTESIAN_POINT('',(3.406528581622,0.349999999999999,-6.535));
#12339=CARTESIAN_POINT('Origin',(3.001527302656,0.349999999999999,-2.33));
#12340=CARTESIAN_POINT('',(3.001527302656,0.349999999999999,-2.33));
#12341=CARTESIAN_POINT('',(3.001527302656,0.349999999999999,-2.79));
#12342=CARTESIAN_POINT('',(3.001527302656,0.349999999999999,-2.33));
#12343=CARTESIAN_POINT('',(3.001527302656,0.349999999999999,-2.79));
#12344=CARTESIAN_POINT('',(3.001527302656,0.349999999999999,-2.33));
#12345=CARTESIAN_POINT('Origin',(3.001527302656,0.349999999999999,-2.79));
#12346=CARTESIAN_POINT('',(3.351527302656,0.349999999999999,-2.79));
#12347=CARTESIAN_POINT('',(3.001527302656,0.349999999999999,-2.79));
#12348=CARTESIAN_POINT('',(3.351527302656,0.349999999999999,-2.79));
#12349=CARTESIAN_POINT('Origin',(3.351527302656,0.349999999999999,-2.79));
#12350=CARTESIAN_POINT('',(3.351527302656,0.349999999999999,-2.33));
#12351=CARTESIAN_POINT('',(3.351527302656,0.349999999999999,-2.79));
#12352=CARTESIAN_POINT('',(3.351527302656,0.349999999999999,-2.33));
#12353=CARTESIAN_POINT('Origin',(3.351527302656,0.349999999999999,-2.33));
#12354=CARTESIAN_POINT('',(3.351527302656,0.349999999999999,-2.33));
#12355=CARTESIAN_POINT('Origin',(5.541527302656,0.349999999999999,-3.6));
#12356=CARTESIAN_POINT('',(5.541527302656,0.349999999999999,-3.6));
#12357=CARTESIAN_POINT('',(5.541527302656,0.349999999999999,-4.06));
#12358=CARTESIAN_POINT('',(5.541527302656,0.349999999999999,-3.6));
#12359=CARTESIAN_POINT('',(5.541527302656,0.349999999999999,-4.06));
#12360=CARTESIAN_POINT('',(5.541527302656,0.349999999999999,-3.6));
#12361=CARTESIAN_POINT('Origin',(5.541527302656,0.349999999999999,-4.06));
#12362=CARTESIAN_POINT('',(5.891527302656,0.349999999999999,-4.06));
#12363=CARTESIAN_POINT('',(5.541527302656,0.349999999999999,-4.06));
#12364=CARTESIAN_POINT('',(5.891527302656,0.349999999999999,-4.06));
#12365=CARTESIAN_POINT('Origin',(5.891527302656,0.349999999999999,-4.06));
#12366=CARTESIAN_POINT('',(5.891527302656,0.349999999999999,-3.6));
#12367=CARTESIAN_POINT('',(5.891527302656,0.349999999999999,-4.06));
#12368=CARTESIAN_POINT('',(5.891527302656,0.349999999999999,-3.6));
#12369=CARTESIAN_POINT('Origin',(5.891527302656,0.349999999999999,-3.6));
#12370=CARTESIAN_POINT('',(5.891527302656,0.349999999999999,-3.6));
#12371=CARTESIAN_POINT('Origin',(5.946840728931,0.349999999999999,-6.185));
#12372=CARTESIAN_POINT('',(5.946840728931,0.349999999999999,-6.185));
#12373=CARTESIAN_POINT('',(5.486840728931,0.349999999999999,-6.185));
#12374=CARTESIAN_POINT('',(5.946840728931,0.349999999999999,-6.185));
#12375=CARTESIAN_POINT('',(5.486840728931,0.349999999999999,-6.185));
#12376=CARTESIAN_POINT('',(5.946840728931,0.349999999999999,-6.185));
#12377=CARTESIAN_POINT('Origin',(5.486840728931,0.349999999999999,-6.185));
#12378=CARTESIAN_POINT('',(5.486840728931,0.349999999999999,-6.535));
#12379=CARTESIAN_POINT('',(5.486840728931,0.349999999999999,-6.185));
#12380=CARTESIAN_POINT('',(5.486840728931,0.349999999999999,-6.535));
#12381=CARTESIAN_POINT('Origin',(5.486840728931,0.349999999999999,-6.535));
#12382=CARTESIAN_POINT('',(5.946840728931,0.349999999999999,-6.535));
#12383=CARTESIAN_POINT('',(5.486840728931,0.349999999999999,-6.535));
#12384=CARTESIAN_POINT('',(5.946840728931,0.349999999999999,-6.535));
#12385=CARTESIAN_POINT('Origin',(5.946840728931,0.349999999999999,-6.535));
#12386=CARTESIAN_POINT('',(5.946840728931,0.349999999999999,-6.535));
#12387=CARTESIAN_POINT('Origin',(6.14,0.275000000000001,5.4));
#12388=CARTESIAN_POINT('',(6.14,0.349999999999999,0.898559288960001));
#12389=CARTESIAN_POINT('',(6.14,0.275000000000001,0.898559288960001));
#12390=CARTESIAN_POINT('',(6.14,0.349999999999999,5.4));
#12391=CARTESIAN_POINT('',(6.14,0.349999999999999,0.898559288960001));
#12392=CARTESIAN_POINT('',(6.14,0.275000000000001,5.4));
#12393=CARTESIAN_POINT('Origin',(0.,6.75,5.4));
#12394=CARTESIAN_POINT('',(5.29,0.349999999999999,5.4));
#12395=CARTESIAN_POINT('',(5.29,0.349999999999999,5.4));
#12396=CARTESIAN_POINT('',(5.29,0.349999999999999,5.4));
#12397=CARTESIAN_POINT('Origin',(5.29,0.349999999999999,5.4));
#12398=CARTESIAN_POINT('',(5.29,0.349999999999999,0.898559288960001));
#12399=CARTESIAN_POINT('',(5.29,0.349999999999999,0.898559288960001));
#12400=CARTESIAN_POINT('',(5.29,0.349999999999999,0.898559288960001));
#12401=CARTESIAN_POINT('Origin',(4.165,-26.12192,1.55));
#12402=CARTESIAN_POINT('',(4.165,0.349999999999999,0.250000000000001));
#12403=CARTESIAN_POINT('Origin',(4.165,0.349999999999999,1.55));
#12404=CARTESIAN_POINT('',(4.165,-3.128571428571,0.250000000000001));
#12405=CARTESIAN_POINT('Origin',(4.115,0.349999999999999,0.250000000000001));
#12406=CARTESIAN_POINT('',(4.115,0.349999999999999,0.250000000000001));
#12407=CARTESIAN_POINT('',(4.115,0.349999999999999,0.250000000000001));
#12408=CARTESIAN_POINT('',(4.115,-2.9,0.250000000000001));
#12409=CARTESIAN_POINT('Origin',(4.115,0.349999999999999,-0.249999999999999));
#12410=CARTESIAN_POINT('',(4.115,0.349999999999999,-0.249999999999999));
#12411=CARTESIAN_POINT('',(4.115,0.349999999999999,-0.249999999999999));
#12412=CARTESIAN_POINT('',(4.115,-2.9,-0.249999999999999));
#12413=CARTESIAN_POINT('Origin',(5.465,0.349999999999999,-0.249999999999999));
#12414=CARTESIAN_POINT('',(4.165,0.349999999999999,-0.249999999999999));
#12415=CARTESIAN_POINT('',(4.165,0.349999999999999,-0.249999999999999));
#12416=CARTESIAN_POINT('',(4.165,-3.128571428571,-0.249999999999999));
#12417=CARTESIAN_POINT('Origin',(4.165,-26.12192,-1.55));
#12418=CARTESIAN_POINT('',(5.29,0.349999999999999,-0.898559288959999));
#12419=CARTESIAN_POINT('Origin',(4.165,0.349999999999999,-1.55));
#12420=CARTESIAN_POINT('',(5.29,0.275000000000001,-0.898559288959999));
#12421=CARTESIAN_POINT('Origin',(5.29,0.349999999999999,5.4));
#12422=CARTESIAN_POINT('',(5.29,0.349999999999999,-3.55));
#12423=CARTESIAN_POINT('',(5.29,0.349999999999999,-3.55));
#12424=CARTESIAN_POINT('',(5.29,0.349999999999999,-3.55));
#12425=CARTESIAN_POINT('Origin',(0.,6.75,-3.55));
#12426=CARTESIAN_POINT('',(6.14,0.349999999999999,-3.55));
#12427=CARTESIAN_POINT('',(5.29,0.349999999999999,-3.55));
#12428=CARTESIAN_POINT('',(6.14,0.275000000000001,-3.55));
#12429=CARTESIAN_POINT('Origin',(6.14,0.275000000000001,5.4));
#12430=CARTESIAN_POINT('',(6.14,0.349999999999999,-0.898559288959999));
#12431=CARTESIAN_POINT('',(6.14,0.349999999999999,-0.898559288959999));
#12432=CARTESIAN_POINT('',(6.14,0.349999999999999,-3.55));
#12433=CARTESIAN_POINT('Origin',(7.265,-26.12192,-1.55));
#12434=CARTESIAN_POINT('',(7.265,0.349999999999999,-0.249999999999999));
#12435=CARTESIAN_POINT('Origin',(7.265,0.349999999999999,-1.55));
#12436=CARTESIAN_POINT('',(7.265,0.2,-0.249999999999999));
#12437=CARTESIAN_POINT('',(7.315,0.,-0.250961894319999));
#12438=CARTESIAN_POINT('Origin',(7.315,0.349999999999999,-0.249999999999999));
#12439=CARTESIAN_POINT('',(7.315,0.349999999999999,-0.249999999999999));
#12440=CARTESIAN_POINT('',(7.315,0.2,-0.249999999999999));
#12441=CARTESIAN_POINT('',(7.315,0.349999999999999,-0.249999999999999));
#12442=CARTESIAN_POINT('Origin',(7.315,0.349999999999999,0.250000000000001));
#12443=CARTESIAN_POINT('',(7.315,0.349999999999999,0.250000000000001));
#12444=CARTESIAN_POINT('',(7.315,0.349999999999999,0.250000000000001));
#12445=CARTESIAN_POINT('',(7.315,-2.9,0.250000000000001));
#12446=CARTESIAN_POINT('Origin',(5.965,0.349999999999999,0.250000000000001));
#12447=CARTESIAN_POINT('',(7.265,0.349999999999999,0.250000000000001));
#12448=CARTESIAN_POINT('',(7.265,0.349999999999999,0.250000000000001));
#12449=CARTESIAN_POINT('',(7.265,-3.128571428571,0.250000000000001));
#12450=CARTESIAN_POINT('Origin',(7.265,-26.12192,1.55));
#12451=CARTESIAN_POINT('Origin',(7.265,0.349999999999999,1.55));
#12452=CARTESIAN_POINT('Origin',(-7.315,0.349999999999999,0.250000000000001));
#12453=CARTESIAN_POINT('',(-7.265,0.349999999999999,0.250000000000001));
#12454=CARTESIAN_POINT('',(-7.265,-3.128571428571,0.250000000000001));
#12455=CARTESIAN_POINT('',(-7.315,0.349999999999999,0.250000000000001));
#12456=CARTESIAN_POINT('',(-7.315,0.349999999999999,0.250000000000001));
#12457=CARTESIAN_POINT('',(-7.315,-2.9,0.250000000000001));
#12458=CARTESIAN_POINT('Origin',(-7.315,0.349999999999999,-0.249999999999999));
#12459=CARTESIAN_POINT('',(-7.315,0.349999999999999,-0.249999999999999));
#12460=CARTESIAN_POINT('',(-7.315,0.349999999999999,-0.249999999999999));
#12461=CARTESIAN_POINT('',(-7.315,0.2,-0.249999999999999));
#12462=CARTESIAN_POINT('',(-7.315,0.,-0.250961894319999));
#12463=CARTESIAN_POINT('Origin',(-5.965,0.349999999999999,-0.249999999999999));
#12464=CARTESIAN_POINT('',(-7.265,0.349999999999999,-0.249999999999999));
#12465=CARTESIAN_POINT('',(-7.265,0.349999999999999,-0.249999999999999));
#12466=CARTESIAN_POINT('',(-7.265,0.2,-0.249999999999999));
#12467=CARTESIAN_POINT('Origin',(-7.265,-26.12192,-1.55));
#12468=CARTESIAN_POINT('',(-6.14,0.349999999999999,-0.898559288959999));
#12469=CARTESIAN_POINT('Origin',(-7.265,0.349999999999999,-1.55));
#12470=CARTESIAN_POINT('',(-6.14,0.275000000000001,-0.898559288959999));
#12471=CARTESIAN_POINT('Origin',(-6.14,0.349999999999999,5.4));
#12472=CARTESIAN_POINT('',(-6.14,0.349999999999999,-3.55));
#12473=CARTESIAN_POINT('',(-6.14,0.349999999999999,-3.55));
#12474=CARTESIAN_POINT('',(-6.14,0.349999999999999,-3.55));
#12475=CARTESIAN_POINT('Origin',(0.,6.75,-3.55));
#12476=CARTESIAN_POINT('',(-5.29,0.349999999999999,-3.55));
#12477=CARTESIAN_POINT('',(-6.14,0.349999999999999,-3.55));
#12478=CARTESIAN_POINT('',(-5.29,0.275000000000001,-3.55));
#12479=CARTESIAN_POINT('Origin',(-5.29,0.275000000000001,5.4));
#12480=CARTESIAN_POINT('',(-5.29,0.349999999999999,-0.898559288959999));
#12481=CARTESIAN_POINT('',(-5.29,0.349999999999999,-0.898559288959999));
#12482=CARTESIAN_POINT('',(-5.29,0.349999999999999,-3.55));
#12483=CARTESIAN_POINT('Origin',(-4.165,-26.12192,-1.55));
#12484=CARTESIAN_POINT('',(-4.165,0.349999999999999,-0.249999999999999));
#12485=CARTESIAN_POINT('Origin',(-4.165,0.349999999999999,-1.55));
#12486=CARTESIAN_POINT('',(-4.165,-3.128571428571,-0.249999999999999));
#12487=CARTESIAN_POINT('Origin',(-4.115,0.349999999999999,-0.249999999999999));
#12488=CARTESIAN_POINT('',(-4.115,0.349999999999999,-0.249999999999999));
#12489=CARTESIAN_POINT('',(-4.115,0.349999999999999,-0.249999999999999));
#12490=CARTESIAN_POINT('',(-4.115,-2.9,-0.249999999999999));
#12491=CARTESIAN_POINT('Origin',(-4.115,0.349999999999999,0.250000000000001));
#12492=CARTESIAN_POINT('',(-4.115,0.349999999999999,0.250000000000001));
#12493=CARTESIAN_POINT('',(-4.115,0.349999999999999,0.250000000000001));
#12494=CARTESIAN_POINT('',(-4.115,-2.9,0.250000000000001));
#12495=CARTESIAN_POINT('Origin',(-5.465,0.349999999999999,0.250000000000001));
#12496=CARTESIAN_POINT('',(-4.165,0.349999999999999,0.250000000000001));
#12497=CARTESIAN_POINT('',(-4.165,0.349999999999999,0.250000000000001));
#12498=CARTESIAN_POINT('',(-4.165,-3.128571428571,0.250000000000001));
#12499=CARTESIAN_POINT('Origin',(-4.165,-26.12192,1.55));
#12500=CARTESIAN_POINT('',(-5.29,0.349999999999999,0.898559288960001));
#12501=CARTESIAN_POINT('Origin',(-4.165,0.349999999999999,1.55));
#12502=CARTESIAN_POINT('',(-5.29,0.275000000000001,0.898559288960001));
#12503=CARTESIAN_POINT('Origin',(-5.29,0.275000000000001,5.4));
#12504=CARTESIAN_POINT('',(-5.29,0.349999999999999,5.4));
#12505=CARTESIAN_POINT('',(-5.29,0.349999999999999,0.898559288960001));
#12506=CARTESIAN_POINT('',(-5.29,0.275000000000001,5.4));
#12507=CARTESIAN_POINT('Origin',(0.,6.75,5.4));
#12508=CARTESIAN_POINT('',(-6.14,0.349999999999999,5.4));
#12509=CARTESIAN_POINT('',(-6.14,0.349999999999999,5.4));
#12510=CARTESIAN_POINT('',(-6.14,0.349999999999999,5.4));
#12511=CARTESIAN_POINT('Origin',(-6.14,0.349999999999999,5.4));
#12512=CARTESIAN_POINT('',(-6.14,0.349999999999999,0.898559288960001));
#12513=CARTESIAN_POINT('',(-6.14,0.349999999999999,0.898559288960001));
#12514=CARTESIAN_POINT('',(-6.14,0.349999999999999,0.898559288960001));
#12515=CARTESIAN_POINT('Origin',(-7.265,-26.12192,1.55));
#12516=CARTESIAN_POINT('Origin',(-7.265,0.349999999999999,1.55));
#12517=CARTESIAN_POINT('Origin',(7.,0.,8.05));
#12518=CARTESIAN_POINT('',(-7.,0.349999999999999,8.05));
#12519=CARTESIAN_POINT('',(-7.,0.,8.05));
#12520=CARTESIAN_POINT('',(7.,0.349999999999999,8.05));
#12521=CARTESIAN_POINT('',(7.,0.349999999999999,8.05));
#12522=CARTESIAN_POINT('',(7.,0.,8.05));
#12523=CARTESIAN_POINT('Origin',(7.,0.,10.75));
#12524=CARTESIAN_POINT('',(7.00000000000001,0.2,10.875));
#12525=CARTESIAN_POINT('Origin',(7.,0.2,10.675));
#12526=CARTESIAN_POINT('',(7.,0.349999999999999,10.55));
#12527=CARTESIAN_POINT('',(7.,0.349999999999999,10.55));
#12528=CARTESIAN_POINT('',(7.,0.2,10.55));
#12529=CARTESIAN_POINT('',(7.,0.349999999999999,10.55));
#12530=CARTESIAN_POINT('',(7.,0.2,10.75));
#12531=CARTESIAN_POINT('Origin',(7.,0.349999999999999,10.55));
#12532=CARTESIAN_POINT('',(7.75,0.349999999999999,10.55));
#12533=CARTESIAN_POINT('',(7.,0.349999999999999,10.55));
#12534=CARTESIAN_POINT('',(7.75,0.2,10.55));
#12535=CARTESIAN_POINT('',(7.75,0.349999999999999,10.55));
#12536=CARTESIAN_POINT('',(7.,0.2,10.55));
#12537=CARTESIAN_POINT('Origin',(7.75,0.349999999999999,10.55));
#12538=CARTESIAN_POINT('',(7.75,0.349999999999999,2.40635083269));
#12539=CARTESIAN_POINT('',(7.75,0.349999999999999,10.55));
#12540=CARTESIAN_POINT('',(7.75,0.2,2.6));
#12541=CARTESIAN_POINT('Origin',(7.75,0.4,2.6));
#12542=CARTESIAN_POINT('',(7.75,0.2,10.55));
#12543=CARTESIAN_POINT('Origin',(7.75,0.349999999999999,2.));
#12544=CARTESIAN_POINT('',(7.75,0.349999999999999,2.22044604925031E-15));
#12545=CARTESIAN_POINT('',(7.75,0.349999999999999,2.22044604925031E-15));
#12546=CARTESIAN_POINT('',(7.75,0.4,2.22044604925031E-15));
#12547=CARTESIAN_POINT('',(7.75,0.4,2.22044604925031E-15));
#12548=CARTESIAN_POINT('',(7.75,0.4,2.));
#12549=CARTESIAN_POINT('',(7.75,0.4,2.));
#12550=CARTESIAN_POINT('',(7.75,0.399999999999,2.4));
#12551=CARTESIAN_POINT('Origin',(7.75,0.4,2.2));
#12552=CARTESIAN_POINT('Origin',(7.75,0.4,2.6));
#12553=CARTESIAN_POINT('Origin',(7.55,0.4,2.22044604925031E-15));
#12554=CARTESIAN_POINT('',(7.74364916731,0.349999999999999,-2.));
#12555=CARTESIAN_POINT('',(7.74364916731,0.349999999999999,2.22044604925031E-15));
#12556=CARTESIAN_POINT('',(7.74364916731,0.349999999999999,-2.));
#12557=CARTESIAN_POINT('Origin',(7.55,0.4,-2.));
#12558=CARTESIAN_POINT('Origin',(7.55,0.4,2.22044604925031E-15));
#12559=CARTESIAN_POINT('Origin',(7.75,0.349999999999999,2.));
#12560=CARTESIAN_POINT('',(7.75,0.349999999999999,-2.));
#12561=CARTESIAN_POINT('',(7.75,0.349999999999999,-2.4));
#12562=CARTESIAN_POINT('',(7.75,0.349999999999999,-2.));
#12563=CARTESIAN_POINT('',(7.75,0.4,-2.4));
#12564=CARTESIAN_POINT('',(7.75,0.349999999999999,-2.4));
#12565=CARTESIAN_POINT('',(7.75,0.399999999999,-2.));
#12566=CARTESIAN_POINT('Origin',(7.75,0.4,-2.2));
#12567=CARTESIAN_POINT('',(7.75,0.4,-2.));
#12568=CARTESIAN_POINT('Origin',(-7.55,0.4,2.22044604925031E-15));
#12569=CARTESIAN_POINT('',(-7.74364916731,0.349999999999999,2.22044604925031E-15));
#12570=CARTESIAN_POINT('Origin',(-7.55,0.4,2.22044604925031E-15));
#12571=CARTESIAN_POINT('',(-7.74364916731,0.349999999999999,-2.));
#12572=CARTESIAN_POINT('Origin',(-7.55,0.4,-2.));
#12573=CARTESIAN_POINT('',(-7.74364916731,0.349999999999999,2.22044604925031E-15));
#12574=CARTESIAN_POINT('Origin',(7.75,0.349999999999999,-3.9));
#12575=CARTESIAN_POINT('',(7.75,-1.4,-2.4));
#12576=CARTESIAN_POINT('',(7.75,0.349999999999999,-2.4));
#12577=CARTESIAN_POINT('',(7.75,0.349999999999999,-4.7));
#12578=CARTESIAN_POINT('',(7.75,0.349999999999999,-4.7));
#12579=CARTESIAN_POINT('',(7.75,0.2,-4.7));
#12580=CARTESIAN_POINT('',(7.75,0.349999999999999,-4.7));
#12581=CARTESIAN_POINT('',(7.75,0.2,-3.7));
#12582=CARTESIAN_POINT('',(7.75,0.2,-4.7));
#12583=CARTESIAN_POINT('',(7.75,-1.4,-3.7));
#12584=CARTESIAN_POINT('',(7.75,-1.4,-3.7));
#12585=CARTESIAN_POINT('Origin',(7.75,-1.4,-3.05));
#12586=CARTESIAN_POINT('Origin',(7.525,1.19999761211,-3.05000000001));
#12587=CARTESIAN_POINT('',(8.07499999999999,1.19999801009167,-3.2177050983221));
#12588=CARTESIAN_POINT('',(8.07499999999999,1.19999801009167,-2.8822949016979));
#12589=CARTESIAN_POINT('Origin',(8.075,1.19999761211,-3.05000000001));
#12590=CARTESIAN_POINT('Origin',(7.52500000014572,1.20000676568833,-3.05000000001));
#12591=CARTESIAN_POINT('Origin',(7.525,-0.599997612111001,-3.04999999999));
#12592=CARTESIAN_POINT('',(8.07499999999999,-0.599998010092501,-2.88229490168507));
#12593=CARTESIAN_POINT('',(8.07499999999999,-0.599998010092501,-3.21770509831493));
#12594=CARTESIAN_POINT('Origin',(8.075,-0.599997612111001,-3.04999999999));
#12595=CARTESIAN_POINT('Origin',(7.52500000012671,-0.600006765685495,-3.05));
#12596=CARTESIAN_POINT('Origin',(7.525,-0.600005367520999,-3.05));
#12597=CARTESIAN_POINT('',(8.075,-0.600005367520999,-3.21770509831248));
#12598=CARTESIAN_POINT('',(8.075,-0.600005367520999,-2.88229490168751));
#12599=CARTESIAN_POINT('Origin',(0.,0.2,10.75));
#12600=CARTESIAN_POINT('',(8.075,0.2,-4.7));
#12601=CARTESIAN_POINT('',(7.95,0.2,-4.7));
#12602=CARTESIAN_POINT('',(8.075,0.2,-3.7));
#12603=CARTESIAN_POINT('',(8.075,0.2,10.75));
#12604=CARTESIAN_POINT('',(7.95,0.2,-3.7));
#12605=CARTESIAN_POINT('Origin',(7.95,-1.4,-3.7));
#12606=CARTESIAN_POINT('',(8.075,-1.4,-3.7));
#12607=CARTESIAN_POINT('',(8.075,-0.700000000000001,-3.7));
#12608=CARTESIAN_POINT('',(7.95,-1.4,-3.7));
#12609=CARTESIAN_POINT('Origin',(7.95,-1.4,-3.05));
#12610=CARTESIAN_POINT('',(8.075,-1.4,-2.4));
#12611=CARTESIAN_POINT('Origin',(8.075,-1.4,-3.05));
#12612=CARTESIAN_POINT('',(7.95,-1.4,-2.4));
#12613=CARTESIAN_POINT('Origin',(7.95,0.349999999999999,-2.4));
#12614=CARTESIAN_POINT('',(8.075,0.4,-2.4));
#12615=CARTESIAN_POINT('',(8.075,0.175,-2.4));
#12616=CARTESIAN_POINT('',(7.95,0.4,-2.4));
#12617=CARTESIAN_POINT('Origin',(7.95,0.4,-2.2));
#12618=CARTESIAN_POINT('',(8.075,0.400000000000149,-2.));
#12619=CARTESIAN_POINT('Origin',(8.075,0.4,-2.2));
#12620=CARTESIAN_POINT('',(7.95,0.4,-2.));
#12621=CARTESIAN_POINT('Origin',(0.,6.75,-2.));
#12622=CARTESIAN_POINT('',(8.075,0.,-2.));
#12623=CARTESIAN_POINT('',(6.85,0.,-2.));
#12624=CARTESIAN_POINT('',(7.74364916731,0.349999999999999,-2.));
#12625=CARTESIAN_POINT('',(8.075,3.375,-2.));
#12626=CARTESIAN_POINT('Origin',(6.85,0.,2.22044604925031E-15));
#12627=CARTESIAN_POINT('',(8.075,0.,2.22044604925031E-15));
#12628=CARTESIAN_POINT('',(7.395,0.,2.22044604925031E-15));
#12629=CARTESIAN_POINT('',(8.075,0.,5.375));
#12630=CARTESIAN_POINT('Origin',(0.,6.75,2.22044604925031E-15));
#12631=CARTESIAN_POINT('',(8.075,0.4,2.22044604925031E-15));
#12632=CARTESIAN_POINT('',(8.075,3.375,2.22044604925031E-15));
#12633=CARTESIAN_POINT('',(7.95,0.4,2.22044604925031E-15));
#12634=CARTESIAN_POINT('',(7.75,0.349999999999999,2.22044604925031E-15));
#12635=CARTESIAN_POINT('Origin',(0.,0.4,10.75));
#12636=CARTESIAN_POINT('',(8.075,0.4,2.));
#12637=CARTESIAN_POINT('',(8.075,0.4,10.75));
#12638=CARTESIAN_POINT('',(7.75,0.4,2.));
#12639=CARTESIAN_POINT('Origin',(7.95,0.4,2.2));
#12640=CARTESIAN_POINT('',(8.075,0.400000000000252,2.4));
#12641=CARTESIAN_POINT('Origin',(8.075,0.4,2.2));
#12642=CARTESIAN_POINT('',(7.95,0.4,2.4));
#12643=CARTESIAN_POINT('Origin',(7.95,0.4,2.6));
#12644=CARTESIAN_POINT('',(8.075,0.2,2.6));
#12645=CARTESIAN_POINT('Origin',(8.075,0.4,2.6));
#12646=CARTESIAN_POINT('',(7.75,0.2,2.6));
#12647=CARTESIAN_POINT('Origin',(0.,3.4,10.75));
#12648=CARTESIAN_POINT('',(8.075,3.4,-8.41288253360656));
#12649=CARTESIAN_POINT('',(8.075,3.4,-8.4));
#12650=CARTESIAN_POINT('',(8.075,3.4,10.75));
#12651=CARTESIAN_POINT('',(7.82768386116803,3.4,-9.6));
#12652=CARTESIAN_POINT('',(9.81883677875672,3.4,-0.0424659955743145));
#12653=CARTESIAN_POINT('',(3.975,3.4,-9.6));
#12654=CARTESIAN_POINT('',(7.75,3.4,-8.4));
#12655=CARTESIAN_POINT('Origin',(8.0723725524672,3.4,-8.425494281764));
#12656=CARTESIAN_POINT('',(8.075,2.4,-8.41288253360656));
#12657=CARTESIAN_POINT('',(8.075,1.7,-8.41288253360656));
#12658=CARTESIAN_POINT('',(7.82768386116803,2.4,-9.6));
#12659=CARTESIAN_POINT('',(9.81883677875672,2.4,-0.0424659955743145));
#12660=CARTESIAN_POINT('',(7.82768386116803,2.85,-9.6));
#12661=CARTESIAN_POINT('Origin',(0.,2.4,10.75));
#12662=CARTESIAN_POINT('',(8.075,2.4,-8.4));
#12663=CARTESIAN_POINT('',(8.075,2.4,10.75));
#12664=CARTESIAN_POINT('',(7.75,2.4,-8.4));
#12665=CARTESIAN_POINT('',(3.975,2.4,-9.6));
#12666=CARTESIAN_POINT('Origin',(7.95,3.5,-8.4));
#12667=CARTESIAN_POINT('',(8.075,2.3,-8.4));
#12668=CARTESIAN_POINT('',(8.075,1.75,-8.4));
#12669=CARTESIAN_POINT('',(7.95,2.3,-8.4));
#12670=CARTESIAN_POINT('Origin',(7.95,2.3,-8.4));
#12671=CARTESIAN_POINT('',(8.075,2.3,-9.6));
#12672=CARTESIAN_POINT('',(8.075,2.3,1.175));
#12673=CARTESIAN_POINT('',(7.95,2.3,-9.6));
#12674=CARTESIAN_POINT('Origin',(7.95,2.3,-9.6));
#12675=CARTESIAN_POINT('',(8.075,3.5,-9.6));
#12676=CARTESIAN_POINT('',(8.075,1.15,-9.6));
#12677=CARTESIAN_POINT('',(7.95,3.5,-9.6));
#12678=CARTESIAN_POINT('Origin',(7.95,3.5,-9.6));
#12679=CARTESIAN_POINT('',(8.075,3.5,-8.4));
#12680=CARTESIAN_POINT('',(8.075,3.5,0.575000000000001));
#12681=CARTESIAN_POINT('',(7.95,3.5,-8.4));
#12682=CARTESIAN_POINT('Origin',(7.95,3.5,-8.4));
#12683=CARTESIAN_POINT('',(8.075,1.75,-8.4));
#12684=CARTESIAN_POINT('Origin',(7.875,13.55,-10.525));
#12685=CARTESIAN_POINT('',(7.875,13.55,-10.725));
#12686=CARTESIAN_POINT('',(8.075,13.55,-10.525));
#12687=CARTESIAN_POINT('Origin',(7.875,13.55,-10.525));
#12688=CARTESIAN_POINT('',(7.875,13.75,-10.525));
#12689=CARTESIAN_POINT('Origin',(7.875,13.55,-10.525));
#12690=CARTESIAN_POINT('Origin',(7.875,13.55,-10.525));
#12691=CARTESIAN_POINT('Origin',(3.975,13.55,-10.525));
#12692=CARTESIAN_POINT('',(-7.875,13.55,-10.725));
#12693=CARTESIAN_POINT('',(-7.875,13.75,-10.525));
#12694=CARTESIAN_POINT('Origin',(-7.875,13.55,-10.525));
#12695=CARTESIAN_POINT('',(3.975,13.75,-10.525));
#12696=CARTESIAN_POINT('',(3.975,13.55,-10.725));
#12697=CARTESIAN_POINT('Origin',(7.875,13.55,10.75));
#12698=CARTESIAN_POINT('',(7.875,13.75,10.75));
#12699=CARTESIAN_POINT('',(8.075,13.55,10.75));
#12700=CARTESIAN_POINT('Origin',(0.,0.2,10.75));
#12701=CARTESIAN_POINT('',(7.875,0.2,10.875));
#12702=CARTESIAN_POINT('',(8.075,0.2,10.675));
#12703=CARTESIAN_POINT('Origin',(7.875,0.2,10.675));
#12704=CARTESIAN_POINT('',(0.,0.2,10.875));
#12705=CARTESIAN_POINT('',(8.075,0.2,10.75));
#12706=CARTESIAN_POINT('Origin',(-3.975,0.2,10.675));
#12707=CARTESIAN_POINT('',(2.43,0.2,10.875));
#12708=CARTESIAN_POINT('',(-3.975,0.2,10.875));
#12709=CARTESIAN_POINT('Origin',(2.43,0.2,10.675));
#12710=CARTESIAN_POINT('Origin',(2.43,0.,10.75));
#12711=CARTESIAN_POINT('',(2.43,0.81,10.875));
#12712=CARTESIAN_POINT('',(2.43,3.375,10.875));
#12713=CARTESIAN_POINT('',(2.43,0.81,10.75));
#12714=CARTESIAN_POINT('Origin',(2.43,0.81,10.75));
#12715=CARTESIAN_POINT('',(7.05,0.81,10.875));
#12716=CARTESIAN_POINT('',(1.215,0.81,10.875));
#12717=CARTESIAN_POINT('',(7.05,0.81,10.75));
#12718=CARTESIAN_POINT('Origin',(7.05,0.81,10.75));
#12719=CARTESIAN_POINT('',(7.05,3.16,10.875));
#12720=CARTESIAN_POINT('',(7.05,3.78,10.875));
#12721=CARTESIAN_POINT('',(7.05,3.16,10.75));
#12722=CARTESIAN_POINT('Origin',(7.05,3.16,10.75));
#12723=CARTESIAN_POINT('',(6.35,3.16,10.8601359459506));
#12724=CARTESIAN_POINT('',(6.42566162512779,3.16,10.875));
#12725=CARTESIAN_POINT('Origin',(6.42566162512779,3.16,10.675));
#12726=CARTESIAN_POINT('',(6.35,3.16,10.75));
#12727=CARTESIAN_POINT('',(3.525,3.16,10.875));
#12728=CARTESIAN_POINT('Origin',(6.42566162512779,7.145,10.675));
#12729=CARTESIAN_POINT('',(6.35,7.145,10.8601359459506));
#12730=CARTESIAN_POINT('',(6.42566162512779,7.54,10.875));
#12731=CARTESIAN_POINT('',(6.42566162512779,7.145,10.875));
#12732=CARTESIAN_POINT('Origin',(6.42566162512779,7.54,10.675));
#12733=CARTESIAN_POINT('Ctrl Pts',(6.29532226714153,7.61771044294955,10.854347982262));
#12734=CARTESIAN_POINT('Ctrl Pts',(6.32706007518273,7.60195646617072,10.8579098818241));
#12735=CARTESIAN_POINT('Ctrl Pts',(6.35,7.57169295914907,10.8601359459506));
#12736=CARTESIAN_POINT('Ctrl Pts',(6.35,7.54,10.8601359459506));
#12737=CARTESIAN_POINT('Ctrl Pts',(6.31225304009187,7.6392629279193,10.8678740034181));
#12738=CARTESIAN_POINT('Ctrl Pts',(6.34833652649646,7.61773183564092,10.8691369531504));
#12739=CARTESIAN_POINT('Ctrl Pts',(6.37394226818188,7.5796428437866,10.8699207066063));
#12740=CARTESIAN_POINT('Ctrl Pts',(6.37394226818188,7.54,10.8699207066063));
#12741=CARTESIAN_POINT('Ctrl Pts',(6.33111963898368,7.66327967483563,10.875));
#12742=CARTESIAN_POINT('Ctrl Pts',(6.3716751363803,7.63483530271772,10.8749910536138));
#12743=CARTESIAN_POINT('Ctrl Pts',(6.39979709832405,7.58822912809935,10.875));
#12744=CARTESIAN_POINT('Ctrl Pts',(6.39979709832405,7.54,10.875));
#12745=CARTESIAN_POINT('Ctrl Pts',(6.34999999965101,7.68731394017602,10.875));
#12746=CARTESIAN_POINT('Ctrl Pts',(6.3950257330129,7.65194351910661,10.875));
#12747=CARTESIAN_POINT('Ctrl Pts',(6.4256616251278,7.59681909142266,10.875));
#12748=CARTESIAN_POINT('Ctrl Pts',(6.4256616251278,7.54,10.875));
#12749=CARTESIAN_POINT('',(6.34999999974741,7.68731394029873,10.875));
#12750=CARTESIAN_POINT('Ctrl Pts',(6.35,7.68731393990187,10.875));
#12751=CARTESIAN_POINT('Ctrl Pts',(6.35,7.65328491893108,10.875));
#12752=CARTESIAN_POINT('Ctrl Pts',(6.35,7.62269018479889,10.8696321051174));
#12753=CARTESIAN_POINT('Ctrl Pts',(6.35,7.58574245618094,10.8639370933966));
#12754=CARTESIAN_POINT('Ctrl Pts',(6.35,7.5751364758389,10.8623893470487));
#12755=CARTESIAN_POINT('Ctrl Pts',(6.35,7.56041103172659,10.8609668505652));
#12756=CARTESIAN_POINT('Ctrl Pts',(6.35,7.55600469713586,10.8606343367554));
#12757=CARTESIAN_POINT('Ctrl Pts',(6.35,7.54769805051786,10.8602319207272));
#12758=CARTESIAN_POINT('Ctrl Pts',(6.35,7.54386524509291,10.8601359459506));
#12759=CARTESIAN_POINT('Ctrl Pts',(6.35,7.54,10.8601359459506));
#12760=CARTESIAN_POINT('Ctrl Pts',(6.4256616251278,7.54,10.875));
#12761=CARTESIAN_POINT('Ctrl Pts',(6.4256616251278,7.59681909142266,10.875));
#12762=CARTESIAN_POINT('Ctrl Pts',(6.3950257330129,7.65194351910661,10.875));
#12763=CARTESIAN_POINT('Ctrl Pts',(6.34999999965101,7.68731394017602,10.875));
#12764=CARTESIAN_POINT('Origin',(6.35,3.16,10.75));
#12765=CARTESIAN_POINT('',(6.35,10.92,10.875));
#12766=CARTESIAN_POINT('',(6.35,4.955,10.875));
#12767=CARTESIAN_POINT('',(6.35,10.92,10.75));
#12768=CARTESIAN_POINT('Origin',(6.1,10.92,10.75));
#12769=CARTESIAN_POINT('',(6.1,11.17,10.875));
#12770=CARTESIAN_POINT('Origin',(6.1,10.92,10.875));
#12771=CARTESIAN_POINT('',(6.1,11.17,10.75));
#12772=CARTESIAN_POINT('Origin',(6.1,11.17,10.75));
#12773=CARTESIAN_POINT('',(-6.3,11.17,10.875));
#12774=CARTESIAN_POINT('',(3.05,11.17,10.875));
#12775=CARTESIAN_POINT('',(-6.3,11.17,10.75));
#12776=CARTESIAN_POINT('Origin',(-6.3,10.92,10.75));
#12777=CARTESIAN_POINT('',(-6.55,10.92,10.875));
#12778=CARTESIAN_POINT('Origin',(-6.3,10.92,10.875));
#12779=CARTESIAN_POINT('',(-6.55,10.92,10.75));
#12780=CARTESIAN_POINT('Origin',(-6.55,10.92,10.75));
#12781=CARTESIAN_POINT('',(-6.54999999999798,7.69011942321366,10.875));
#12782=CARTESIAN_POINT('Ctrl Pts',(-6.55,7.54,10.8579590135221));
#12783=CARTESIAN_POINT('Ctrl Pts',(-6.55,7.54552551567259,10.8579590135221));
#12784=CARTESIAN_POINT('Ctrl Pts',(-6.55,7.550947998699,10.8581911067527));
#12785=CARTESIAN_POINT('Ctrl Pts',(-6.55,7.56520255953307,10.859321278753));
#12786=CARTESIAN_POINT('Ctrl Pts',(-6.55,7.57389718444625,10.8605168207959));
#12787=CARTESIAN_POINT('Ctrl Pts',(-6.55,7.60421443785632,10.8653624270946));
#12788=CARTESIAN_POINT('Ctrl Pts',(-6.55,7.62804409168986,10.870418063768));
#12789=CARTESIAN_POINT('Ctrl Pts',(-6.55,7.66660587240647,10.8743257900136));
#12790=CARTESIAN_POINT('Ctrl Pts',(-6.55,7.67830771313137,10.875));
#12791=CARTESIAN_POINT('Ctrl Pts',(-6.55,7.69011942321067,10.875));
#12792=CARTESIAN_POINT('',(-6.55,3.16,10.8579590135221));
#12793=CARTESIAN_POINT('',(-6.55,7.145,10.8579590135221));
#12794=CARTESIAN_POINT('',(-6.55,3.16,10.75));
#12795=CARTESIAN_POINT('',(-6.55,8.835,10.875));
#12796=CARTESIAN_POINT('Ctrl Pts',(-6.55,7.54,10.8579590135221));
#12797=CARTESIAN_POINT('Ctrl Pts',(-6.55,7.57043418253803,10.8579590135221));
#12798=CARTESIAN_POINT('Ctrl Pts',(-6.52552196681724,7.59906935194919,10.8549751524182));
#12799=CARTESIAN_POINT('Ctrl Pts',(-6.4927778066149,7.61272419206247,10.8503157117309));
#12800=CARTESIAN_POINT('Ctrl Pts',(-6.57535787892488,7.54,10.8691555223725));
#12801=CARTESIAN_POINT('Ctrl Pts',(-6.57535787892488,7.5792839355063,10.8691555223725));
#12802=CARTESIAN_POINT('Ctrl Pts',(-6.54779643717293,7.61654894040185,10.8680970244351));
#12803=CARTESIAN_POINT('Ctrl Pts',(-6.51022144750462,7.63631739146573,10.8664247329121));
#12804=CARTESIAN_POINT('Ctrl Pts',(-6.60306392055705,7.54,10.875));
#12805=CARTESIAN_POINT('Ctrl Pts',(-6.60306392055705,7.58895519773729,10.875));
#12806=CARTESIAN_POINT('Ctrl Pts',(-6.57265900492951,7.63575681026155,10.8749859560185));
#12807=CARTESIAN_POINT('Ctrl Pts',(-6.5301003107823,7.66320432339612,10.875));
#12808=CARTESIAN_POINT('Ctrl Pts',(-6.63078365782139,7.54,10.875));
#12809=CARTESIAN_POINT('Ctrl Pts',(-6.63078365782139,7.59863192261987,10.875));
#12810=CARTESIAN_POINT('Ctrl Pts',(-6.59753922245611,7.65497128113263,10.875));
#12811=CARTESIAN_POINT('Ctrl Pts',(-6.54999999999726,7.6901194232127,10.875));
#12812=CARTESIAN_POINT('',(-6.63078365782139,7.54,10.875));
#12813=CARTESIAN_POINT('Ctrl Pts',(-6.54999999999726,7.6901194232127,10.875));
#12814=CARTESIAN_POINT('Ctrl Pts',(-6.59753922245611,7.65497128113263,10.875));
#12815=CARTESIAN_POINT('Ctrl Pts',(-6.63078365782139,7.59863192261987,10.875));
#12816=CARTESIAN_POINT('Ctrl Pts',(-6.63078365782139,7.54,10.875));
#12817=CARTESIAN_POINT('Origin',(-6.63078365782139,7.54,10.675));
#12818=CARTESIAN_POINT('Origin',(-6.63078365782139,7.145,10.675));
#12819=CARTESIAN_POINT('',(-6.63078365782139,3.16,10.875));
#12820=CARTESIAN_POINT('',(-6.63078365782139,7.145,10.875));
#12821=CARTESIAN_POINT('Origin',(-6.63078365782139,3.16,10.675));
#12822=CARTESIAN_POINT('Origin',(-6.55,3.16,10.75));
#12823=CARTESIAN_POINT('',(-7.15,3.16,10.875));
#12824=CARTESIAN_POINT('',(-3.275,3.16,10.875));
#12825=CARTESIAN_POINT('',(-7.15,3.16,10.75));
#12826=CARTESIAN_POINT('Origin',(-7.15,3.16,10.75));
#12827=CARTESIAN_POINT('',(-7.15,0.81,10.875));
#12828=CARTESIAN_POINT('',(-7.15,4.955,10.875));
#12829=CARTESIAN_POINT('',(-7.15,0.81,10.75));
#12830=CARTESIAN_POINT('Origin',(-7.15,0.81,10.75));
#12831=CARTESIAN_POINT('',(-2.63,0.81,10.875));
#12832=CARTESIAN_POINT('',(-3.575,0.81,10.875));
#12833=CARTESIAN_POINT('',(-2.63,0.81,10.75));
#12834=CARTESIAN_POINT('Origin',(-2.63,0.81,10.75));
#12835=CARTESIAN_POINT('',(-2.63,0.2,10.875));
#12836=CARTESIAN_POINT('Origin',(-2.63,0.2,10.675));
#12837=CARTESIAN_POINT('',(-2.63,3.78,10.875));
#12838=CARTESIAN_POINT('Origin',(-3.975,0.2,10.675));
#12839=CARTESIAN_POINT('',(-7.00000000000003,0.2,10.875));
#12840=CARTESIAN_POINT('',(-3.975,0.2,10.875));
#12841=CARTESIAN_POINT('Origin',(-7.,0.2,10.675));
#12842=CARTESIAN_POINT('Origin',(3.975,13.55,10.675));
#12843=CARTESIAN_POINT('',(-7.875,13.75,10.675));
#12844=CARTESIAN_POINT('',(-7.875,13.55,10.875));
#12845=CARTESIAN_POINT('Origin',(-7.875,13.55,10.675));
#12846=CARTESIAN_POINT('',(3.975,13.55,10.875));
#12847=CARTESIAN_POINT('',(3.975,13.75,10.675));
#12848=CARTESIAN_POINT('Origin',(7.875,3.375,10.675));
#12849=CARTESIAN_POINT('',(8.075,3.375,10.675));
#12850=CARTESIAN_POINT('',(7.875,3.375,10.875));
#12851=CARTESIAN_POINT('Origin',(-7.,0.,8.05));
#12852=CARTESIAN_POINT('',(-7.,0.2,10.55));
#12853=CARTESIAN_POINT('',(-7.,0.2,10.55));
#12854=CARTESIAN_POINT('',(-7.,0.349999999999999,10.55));
#12855=CARTESIAN_POINT('',(-7.,0.349999999999999,10.55));
#12856=CARTESIAN_POINT('',(-7.,0.349999999999999,8.05));
#12857=CARTESIAN_POINT('Origin',(-7.75,0.349999999999999,10.55));
#12858=CARTESIAN_POINT('',(-7.75,0.349999999999999,10.55));
#12859=CARTESIAN_POINT('',(-7.75,0.349999999999999,10.55));
#12860=CARTESIAN_POINT('',(-7.75,0.2,10.55));
#12861=CARTESIAN_POINT('',(-7.75,0.2,10.55));
#12862=CARTESIAN_POINT('',(-7.75,0.349999999999999,10.55));
#12863=CARTESIAN_POINT('Origin',(-7.75,0.349999999999999,2.399999999999));
#12864=CARTESIAN_POINT('',(-7.75,0.2,2.6));
#12865=CARTESIAN_POINT('',(-7.75,0.349999999999999,2.40635083269));
#12866=CARTESIAN_POINT('Origin',(-7.75,0.4,2.6));
#12867=CARTESIAN_POINT('',(-7.75,0.349999999999999,2.40635083269));
#12868=CARTESIAN_POINT('',(-7.75,0.2,2.6));
#12869=CARTESIAN_POINT('Origin',(-7.75,0.349999999999999,-2.));
#12870=CARTESIAN_POINT('',(-7.75,0.4,2.22044604925031E-15));
#12871=CARTESIAN_POINT('',(-7.75,0.4,2.));
#12872=CARTESIAN_POINT('',(-7.75,0.4,2.22044604925031E-15));
#12873=CARTESIAN_POINT('',(-7.75,0.349999999999999,2.22044604925031E-15));
#12874=CARTESIAN_POINT('',(-7.75,0.4,2.22044604925031E-15));
#12875=CARTESIAN_POINT('',(-7.75,0.349999999999999,2.40635083269));
#12876=CARTESIAN_POINT('',(-7.75,0.399999999999,2.4));
#12877=CARTESIAN_POINT('Origin',(-7.75,0.4,2.6));
#12878=CARTESIAN_POINT('Origin',(-7.75,0.4,2.2));
#12879=CARTESIAN_POINT('Origin',(-6.85,0.,2.22044604925031E-15));
#12880=CARTESIAN_POINT('',(-7.675,0.,-2.));
#12881=CARTESIAN_POINT('',(-7.675,0.,2.22044604925031E-15));
#12882=CARTESIAN_POINT('',(-7.675,0.,5.375));
#12883=CARTESIAN_POINT('',(-6.85,0.,-2.));
#12884=CARTESIAN_POINT('',(-7.395,0.,2.22044604925031E-15));
#12885=CARTESIAN_POINT('Origin',(0.,6.75,2.22044604925031E-15));
#12886=CARTESIAN_POINT('Origin',(-7.675,0.4,2.22044604925031E-15));
#12887=CARTESIAN_POINT('',(-7.75,0.349999999999999,2.22044604925031E-15));
#12888=CARTESIAN_POINT('',(-7.95,0.4,2.22044604925031E-15));
#12889=CARTESIAN_POINT('Origin',(0.,6.75,-2.));
#12890=CARTESIAN_POINT('Origin',(-7.675,0.4,-2.));
#12891=CARTESIAN_POINT('',(-7.75,0.399999999999,-2.));
#12892=CARTESIAN_POINT('',(-7.95,0.4,-2.));
#12893=CARTESIAN_POINT('',(-7.75,0.349999999999999,-2.));
#12894=CARTESIAN_POINT('',(-7.75,0.4,-2.));
#12895=CARTESIAN_POINT('',(-7.75,0.349999999999999,-2.));
#12896=CARTESIAN_POINT('Origin',(-7.75,0.349999999999999,-2.));
#12897=CARTESIAN_POINT('',(-7.75,0.349999999999999,-2.4));
#12898=CARTESIAN_POINT('',(-7.75,0.4,-2.4));
#12899=CARTESIAN_POINT('',(-7.75,0.349999999999999,-2.4));
#12900=CARTESIAN_POINT('',(-7.75,0.349999999999999,-2.));
#12901=CARTESIAN_POINT('Origin',(-7.75,0.4,-2.2));
#12902=CARTESIAN_POINT('Origin',(-7.75,0.349999999999999,-4.9));
#12903=CARTESIAN_POINT('',(-7.75,-1.4,-2.4));
#12904=CARTESIAN_POINT('',(-7.75,0.349999999999999,-2.4));
#12905=CARTESIAN_POINT('',(-7.75,-1.4,-3.7));
#12906=CARTESIAN_POINT('Origin',(-7.75,-1.4,-3.05));
#12907=CARTESIAN_POINT('',(-7.75,0.2,-3.7));
#12908=CARTESIAN_POINT('',(-7.75,-1.4,-3.7));
#12909=CARTESIAN_POINT('',(-7.75,0.2,-4.7));
#12910=CARTESIAN_POINT('',(-7.75,0.2,-3.7));
#12911=CARTESIAN_POINT('',(-7.75,0.349999999999999,-4.7));
#12912=CARTESIAN_POINT('',(-7.75,0.349999999999999,-4.7));
#12913=CARTESIAN_POINT('',(-7.75,0.349999999999999,-2.4));
#12914=CARTESIAN_POINT('Origin',(0.,0.349999999999999,10.75));
#12915=CARTESIAN_POINT('',(-7.7,0.349999999999999,-4.7));
#12916=CARTESIAN_POINT('',(-7.75,0.349999999999999,-4.7));
#12917=CARTESIAN_POINT('',(-7.7,0.349999999999999,-5.85));
#12918=CARTESIAN_POINT('',(-7.7,0.349999999999999,-5.85));
#12919=CARTESIAN_POINT('',(-7.375,0.349999999999999,-5.85));
#12920=CARTESIAN_POINT('',(-7.375,0.349999999999999,-5.85));
#12921=CARTESIAN_POINT('',(-7.375,0.349999999999999,-10.25));
#12922=CARTESIAN_POINT('',(-7.375,0.349999999999999,-10.25));
#12923=CARTESIAN_POINT('',(7.375,0.349999999999999,-10.25));
#12924=CARTESIAN_POINT('',(7.375,0.349999999999999,-10.25));
#12925=CARTESIAN_POINT('',(7.375,0.349999999999999,-5.85));
#12926=CARTESIAN_POINT('',(7.375,0.349999999999999,-5.85));
#12927=CARTESIAN_POINT('',(7.7,0.349999999999999,-5.85));
#12928=CARTESIAN_POINT('',(7.7,0.349999999999999,-5.85));
#12929=CARTESIAN_POINT('',(7.7,0.349999999999999,-4.7));
#12930=CARTESIAN_POINT('',(7.7,0.349999999999999,-4.7));
#12931=CARTESIAN_POINT('',(7.75,0.349999999999999,-4.7));
#12932=CARTESIAN_POINT('Origin',(-7.7,0.,-5.85));
#12933=CARTESIAN_POINT('',(-7.7,1.25,-5.85));
#12934=CARTESIAN_POINT('',(-7.7,0.349999999999999,-5.85));
#12935=CARTESIAN_POINT('',(-7.7,1.25,-4.7));
#12936=CARTESIAN_POINT('',(-7.7,0.349999999999999,-4.7));
#12937=CARTESIAN_POINT('',(-7.7,1.25,-5.85));
#12938=CARTESIAN_POINT('Origin',(-7.375,0.,-5.85));
#12939=CARTESIAN_POINT('',(-7.375,1.25,-5.85));
#12940=CARTESIAN_POINT('',(-7.375,0.349999999999999,-5.85));
#12941=CARTESIAN_POINT('',(-7.375,1.25,-5.85));
#12942=CARTESIAN_POINT('Origin',(-7.375,0.,-10.25));
#12943=CARTESIAN_POINT('',(-7.375,1.25,-10.25));
#12944=CARTESIAN_POINT('',(-7.375,0.349999999999999,-10.25));
#12945=CARTESIAN_POINT('',(-7.375,1.25,-10.25));
#12946=CARTESIAN_POINT('Origin',(7.375,0.,-10.25));
#12947=CARTESIAN_POINT('',(7.375,1.25,-10.25));
#12948=CARTESIAN_POINT('',(7.375,0.349999999999999,-10.25));
#12949=CARTESIAN_POINT('',(7.375,1.25,-10.25));
#12950=CARTESIAN_POINT('Origin',(7.375,0.,-5.85));
#12951=CARTESIAN_POINT('',(7.375,1.25,-5.85));
#12952=CARTESIAN_POINT('',(7.375,0.349999999999999,-5.85));
#12953=CARTESIAN_POINT('',(7.375,1.25,-5.85));
#12954=CARTESIAN_POINT('Origin',(7.7,0.,-5.85));
#12955=CARTESIAN_POINT('',(7.7,1.25,-5.85));
#12956=CARTESIAN_POINT('',(7.7,0.349999999999999,-5.85));
#12957=CARTESIAN_POINT('',(7.7,1.25,-5.85));
#12958=CARTESIAN_POINT('Origin',(7.7,0.,-4.7));
#12959=CARTESIAN_POINT('',(7.7,1.25,-4.7));
#12960=CARTESIAN_POINT('',(7.7,0.349999999999999,-4.7));
#12961=CARTESIAN_POINT('',(7.7,1.25,-4.7));
#12962=CARTESIAN_POINT('Origin',(7.95,0.,-4.7));
#12963=CARTESIAN_POINT('',(8.075,1.25,-4.7));
#12964=CARTESIAN_POINT('',(7.95,1.25,-4.7));
#12965=CARTESIAN_POINT('',(8.075,0.,-4.7));
#12966=CARTESIAN_POINT('Origin',(8.075,0.,10.75));
#12967=CARTESIAN_POINT('',(8.075,1.25,-10.525));
#12968=CARTESIAN_POINT('',(8.075,1.25,10.75));
#12969=CARTESIAN_POINT('',(8.075,3.375,-10.525));
#12970=CARTESIAN_POINT('Origin',(7.875,3.375,-10.525));
#12971=CARTESIAN_POINT('',(7.875,1.25,-10.725));
#12972=CARTESIAN_POINT('Origin',(7.875,1.25,-10.525));
#12973=CARTESIAN_POINT('',(7.875,3.375,-10.725));
#12974=CARTESIAN_POINT('Origin',(0.,6.75,-10.725));
#12975=CARTESIAN_POINT('',(-7.875,1.25,-10.725));
#12976=CARTESIAN_POINT('',(0.,1.25,-10.725));
#12977=CARTESIAN_POINT('',(-7.875,10.125,-10.725));
#12978=CARTESIAN_POINT('Origin',(-7.875,13.55,-10.525));
#12979=CARTESIAN_POINT('Origin',(-7.875,13.55,-10.525));
#12980=CARTESIAN_POINT('Origin',(-7.875,13.55,-10.525));
#12981=CARTESIAN_POINT('Origin',(7.95,13.75,10.75));
#12982=CARTESIAN_POINT('',(-7.875,13.75,10.75));
#12983=CARTESIAN_POINT('Origin',(-7.875,13.55,10.675));
#12984=CARTESIAN_POINT('Origin',(-7.875,13.55,10.675));
#12985=CARTESIAN_POINT('Origin',(-7.875,13.55,10.675));
#12986=CARTESIAN_POINT('Origin',(0.,6.75,10.875));
#12987=CARTESIAN_POINT('',(-7.875,0.2,10.875));
#12988=CARTESIAN_POINT('',(-7.875,10.125,10.875));
#12989=CARTESIAN_POINT('',(0.,0.2,10.875));
#12990=CARTESIAN_POINT('Origin',(-7.525,-0.599997612238,-3.05000000001));
#12991=CARTESIAN_POINT('Origin',(-7.5250000001267,-0.600006765325659,-3.05));
#12992=CARTESIAN_POINT('Origin',(-7.525,-0.600005247046,-3.05));
#12993=CARTESIAN_POINT('Origin',(-7.5250000001267,1.20000676532567,-3.05));
#12994=CARTESIAN_POINT('Origin',(-7.525,1.199997612238,-3.04999999999));
#12995=CARTESIAN_POINT('Origin',(0.,0.2,10.75));
#12996=CARTESIAN_POINT('Origin',(-7.875,0.2,10.675));
#12997=CARTESIAN_POINT('',(-7.95,0.2,2.6));
#12998=CARTESIAN_POINT('Origin',(-7.95,0.4,2.6));
#12999=CARTESIAN_POINT('',(-7.95,0.4,2.4));
#13000=CARTESIAN_POINT('Origin',(-7.95,0.4,2.2));
#13001=CARTESIAN_POINT('',(-7.95,0.4,2.));
#13002=CARTESIAN_POINT('Origin',(0.,0.4,10.75));
#13003=CARTESIAN_POINT('Origin',(-7.675,0.4,5.375));
#13004=CARTESIAN_POINT('Origin',(-7.95,0.4,-2.2));
#13005=CARTESIAN_POINT('',(-7.95,0.4,-2.4));
#13006=CARTESIAN_POINT('Origin',(-7.95,0.349999999999999,-2.4));
#13007=CARTESIAN_POINT('',(-7.95,-1.4,-2.4));
#13008=CARTESIAN_POINT('Origin',(-7.95,-1.4,-3.05));
#13009=CARTESIAN_POINT('',(-7.95,-1.4,-3.7));
#13010=CARTESIAN_POINT('Origin',(-7.95,-1.4,-3.7));
#13011=CARTESIAN_POINT('',(-7.95,0.2,-3.7));
#13012=CARTESIAN_POINT('Origin',(0.,0.2,10.75));
#13013=CARTESIAN_POINT('',(-7.95,0.2,-4.7));
#13014=CARTESIAN_POINT('Origin',(-7.7,0.,-4.7));
#13015=CARTESIAN_POINT('',(-7.7,1.25,-4.7));
#13016=CARTESIAN_POINT('Origin',(0.,1.25,10.75));
#13017=CARTESIAN_POINT('Origin',(-7.875,1.25,-10.525));
#13018=CARTESIAN_POINT('Origin',(-7.875,10.125,-10.525));
#13019=CARTESIAN_POINT('Origin',(-7.875,13.55,10.75));
#13020=CARTESIAN_POINT('Origin',(-7.875,10.125,10.675));
#13021=CARTESIAN_POINT('Origin',(-7.95,3.5,-8.4));
#13022=CARTESIAN_POINT('',(-7.75,3.5,-8.4));
#13023=CARTESIAN_POINT('',(-7.95,3.5,-8.4));
#13024=CARTESIAN_POINT('',(-7.75,3.5,-8.4));
#13025=CARTESIAN_POINT('Origin',(-7.95,2.3,-8.4));
#13026=CARTESIAN_POINT('',(-7.75,2.3,-8.4));
#13027=CARTESIAN_POINT('',(-7.95,2.3,-8.4));
#13028=CARTESIAN_POINT('',(-7.75,2.3,-9.6));
#13029=CARTESIAN_POINT('',(-7.75,2.3,-8.4));
#13030=CARTESIAN_POINT('',(-7.95,2.3,-9.6));
#13031=CARTESIAN_POINT('Origin',(-7.95,3.5,-9.6));
#13032=CARTESIAN_POINT('',(-7.75,3.5,-9.6));
#13033=CARTESIAN_POINT('',(-7.95,3.5,-9.6));
#13034=CARTESIAN_POINT('',(-7.75,3.5,-9.6));
#13035=CARTESIAN_POINT('Origin',(-7.75,6.75,10.75));
#13036=CARTESIAN_POINT('',(-7.75,2.3,-9.6));
#13037=CARTESIAN_POINT('Origin',(-7.95,3.5,-8.4));
#13038=CARTESIAN_POINT('',(-7.75,2.4,-8.4));
#13039=CARTESIAN_POINT('Origin',(-7.75,6.75,10.75));
#13040=CARTESIAN_POINT('',(-7.75,2.3,-9.6));
#13041=CARTESIAN_POINT('Origin',(-7.95,2.3,-9.6));
#13042=UNCERTAINTY_MEASURE_WITH_UNIT(LENGTH_MEASURE(0.01),#13046,
'DISTANCE_ACCURACY_VALUE',
'Maximum model space distance between geometric entities at asserted c
onnectivities');
#13043=UNCERTAINTY_MEASURE_WITH_UNIT(LENGTH_MEASURE(0.01),#13046,
'DISTANCE_ACCURACY_VALUE',
'Maximum model space distance between geometric entities at asserted c
onnectivities');
#13044=(
GEOMETRIC_REPRESENTATION_CONTEXT(3)
GLOBAL_UNCERTAINTY_ASSIGNED_CONTEXT((#13042))
GLOBAL_UNIT_ASSIGNED_CONTEXT((#13046,#13048,#13049))
REPRESENTATION_CONTEXT('','3D')
);
#13045=(
GEOMETRIC_REPRESENTATION_CONTEXT(3)
GLOBAL_UNCERTAINTY_ASSIGNED_CONTEXT((#13043))
GLOBAL_UNIT_ASSIGNED_CONTEXT((#13046,#13048,#13049))
REPRESENTATION_CONTEXT('','3D')
);
#13046=(
LENGTH_UNIT()
NAMED_UNIT(*)
SI_UNIT(.MILLI.,.METRE.)
);
#13047=(
LENGTH_UNIT()
NAMED_UNIT(*)
SI_UNIT($,.METRE.)
);
#13048=(
NAMED_UNIT(*)
PLANE_ANGLE_UNIT()
SI_UNIT($,.RADIAN.)
);
#13049=(
NAMED_UNIT(*)
SI_UNIT($,.STERADIAN.)
SOLID_ANGLE_UNIT()
);
#13050=SHAPE_DEFINITION_REPRESENTATION(#13051,#13052);
#13051=PRODUCT_DEFINITION_SHAPE('',$,#13054);
#13052=SHAPE_REPRESENTATION('',(#7694),#13044);
#13053=PRODUCT_DEFINITION_CONTEXT('part definition',#13058,'design');
#13054=PRODUCT_DEFINITION('C-5-2337992-8','c-5-2337992-8-a-3d-edit',#13055,
#13053);
#13055=PRODUCT_DEFINITION_FORMATION('',$,#13060);
#13056=PRODUCT_RELATED_PRODUCT_CATEGORY('c-5-2337992-8-a-3d-edit',
'c-5-2337992-8-a-3d-edit',(#13060));
#13057=APPLICATION_PROTOCOL_DEFINITION('international standard',
'automotive_design',2009,#13058);
#13058=APPLICATION_CONTEXT(
'Core Data for Automotive Mechanical Design Process');
#13059=PRODUCT_CONTEXT('part definition',#13058,'mechanical');
#13060=PRODUCT('C-5-2337992-8','c-5-2337992-8-a-3d-edit',$,(#13059));
#13061=PRESENTATION_STYLE_ASSIGNMENT((#13062));
#13062=SURFACE_STYLE_USAGE(.BOTH.,#13063);
#13063=SURFACE_SIDE_STYLE('',(#13064));
#13064=SURFACE_STYLE_FILL_AREA(#13065);
#13065=FILL_AREA_STYLE('Steel - Satin',(#13066));
#13066=FILL_AREA_STYLE_COLOUR('Steel - Satin',#13067);
#13067=COLOUR_RGB('Steel - Satin',0.627450980392157,0.627450980392157,0.627450980392157);
ENDSEC;
END-ISO-10303-21;
