ISO-10303-21;
HEADER;
/* Generated by software containing ST-Developer
 * from STEP Tools, Inc. (www.steptools.com) 
 */

FILE_DESCRIPTION(
/* description */ ('STEP AP214'),
/* implementation_level */ '2;1');

FILE_NAME(
/* name */ 'SM03B-SRSS-TB (LF)(SN)-EDIT.step',
/* time_stamp */ '2026-05-22T00:37:55+07:00',
/* author */ (''),
/* organization */ (''),
/* preprocessor_version */ 'ST-DEVELOPER v20.1',
/* originating_system */ 'Autodesk Translation Framework v15.8.0.0',
/* authorisation */ '');

FILE_SCHEMA (('AUTOMOTIVE_DESIGN { 1 0 10303 214 3 1 1 }'));
ENDSEC;

DATA;
#10=MECHANICAL_DESIGN_GEOMETRIC_PRESENTATION_REPRESENTATION('',(#17,#18,
#19,#20,#21,#22,#23),#7011);
#11=SHAPE_REPRESENTATION_RELATIONSHIP('SRR','None',#7018,#12);
#12=ADVANCED_BREP_SHAPE_REPRESENTATION('',(#24,#25,#26,#27,#28,#29,#30),
#7010);
#13=FACE_BOUND('',#503,.T.);
#14=FACE_BOUND('',#506,.T.);
#15=FACE_BOUND('',#507,.T.);
#16=FACE_BOUND('',#508,.T.);
#17=STYLED_ITEM('',(#7028),#24);
#18=STYLED_ITEM('',(#7028),#25);
#19=STYLED_ITEM('',(#7028),#26);
#20=STYLED_ITEM('',(#7028),#27);
#21=STYLED_ITEM('',(#7028),#28);
#22=STYLED_ITEM('',(#7028),#29);
#23=STYLED_ITEM('',(#7029),#30);
#24=MANIFOLD_SOLID_BREP('Body1',#4311);
#25=MANIFOLD_SOLID_BREP('Body2',#4312);
#26=MANIFOLD_SOLID_BREP('Body3',#4313);
#27=MANIFOLD_SOLID_BREP('Body4',#4314);
#28=MANIFOLD_SOLID_BREP('Body5',#4315);
#29=MANIFOLD_SOLID_BREP('Body6',#4316);
#30=MANIFOLD_SOLID_BREP('Body7',#4317);
#31=CIRCLE('',#4337,0.0499999999999997);
#32=CIRCLE('',#4338,0.0499999999999997);
#33=CIRCLE('',#4341,0.0499999999999997);
#34=CIRCLE('',#4342,0.0499999999999997);
#35=CIRCLE('',#4344,0.0500000000000001);
#36=CIRCLE('',#4345,0.0500000000000001);
#37=CIRCLE('',#4348,0.0500000000000001);
#38=CIRCLE('',#4349,0.0500000000000001);
#39=CIRCLE('',#4351,0.0499999999999997);
#40=CIRCLE('',#4352,0.0499999999999997);
#41=CIRCLE('',#4355,0.0499999999999997);
#42=CIRCLE('',#4356,0.0499999999999997);
#43=CIRCLE('',#4361,0.1);
#44=CIRCLE('',#4362,0.1);
#45=CIRCLE('',#4365,0.0999999999999998);
#46=CIRCLE('',#4366,0.0999999999999998);
#47=CIRCLE('',#4378,0.1);
#48=CIRCLE('',#4379,0.1);
#49=CIRCLE('',#4382,0.1);
#50=CIRCLE('',#4383,0.1);
#51=CIRCLE('',#4386,0.100000000000001);
#52=CIRCLE('',#4387,0.100000000000001);
#53=CIRCLE('',#4391,0.1);
#54=CIRCLE('',#4392,0.1);
#55=CIRCLE('',#4395,0.0999999999999999);
#56=CIRCLE('',#4396,0.0999999999999999);
#57=CIRCLE('',#4399,0.0999999999999999);
#58=CIRCLE('',#4400,0.0999999999999999);
#59=CIRCLE('',#4410,0.1);
#60=CIRCLE('',#4411,0.1);
#61=CIRCLE('',#4414,0.1);
#62=CIRCLE('',#4415,0.1);
#63=CIRCLE('',#4418,0.100000000000001);
#64=CIRCLE('',#4419,0.100000000000001);
#65=CIRCLE('',#4423,0.1);
#66=CIRCLE('',#4424,0.1);
#67=CIRCLE('',#4427,0.0999999999999999);
#68=CIRCLE('',#4428,0.0999999999999999);
#69=CIRCLE('',#4431,0.0999999999999999);
#70=CIRCLE('',#4432,0.0999999999999999);
#71=CIRCLE('',#4442,0.1);
#72=CIRCLE('',#4443,0.1);
#73=CIRCLE('',#4446,0.1);
#74=CIRCLE('',#4447,0.1);
#75=CIRCLE('',#4450,0.100000000000001);
#76=CIRCLE('',#4451,0.100000000000001);
#77=CIRCLE('',#4455,0.1);
#78=CIRCLE('',#4456,0.1);
#79=CIRCLE('',#4459,0.0999999999999999);
#80=CIRCLE('',#4460,0.0999999999999999);
#81=CIRCLE('',#4463,0.0999999999999999);
#82=CIRCLE('',#4464,0.0999999999999999);
#83=CIRCLE('',#4474,0.0499999999999997);
#84=CIRCLE('',#4475,0.0499999999999997);
#85=CIRCLE('',#4478,0.0499999999999997);
#86=CIRCLE('',#4479,0.0499999999999997);
#87=CIRCLE('',#4481,0.0500000000000001);
#88=CIRCLE('',#4482,0.0500000000000001);
#89=CIRCLE('',#4485,0.0500000000000001);
#90=CIRCLE('',#4486,0.0500000000000001);
#91=CIRCLE('',#4488,0.0499999999999997);
#92=CIRCLE('',#4489,0.0499999999999997);
#93=CIRCLE('',#4492,0.0499999999999997);
#94=CIRCLE('',#4493,0.0499999999999997);
#95=CIRCLE('',#4498,0.1);
#96=CIRCLE('',#4499,0.1);
#97=CIRCLE('',#4502,0.0999999999999998);
#98=CIRCLE('',#4503,0.0999999999999998);
#99=CIRCLE('',#4515,0.1);
#100=CIRCLE('',#4516,0.1);
#101=CIRCLE('',#4519,0.1);
#102=CIRCLE('',#4520,0.1);
#103=CIRCLE('',#4523,0.100000000000001);
#104=CIRCLE('',#4524,0.100000000000001);
#105=CIRCLE('',#4528,0.1);
#106=CIRCLE('',#4529,0.1);
#107=CIRCLE('',#4532,0.0999999999999999);
#108=CIRCLE('',#4533,0.0999999999999999);
#109=CIRCLE('',#4536,0.0999999999999999);
#110=CIRCLE('',#4537,0.0999999999999999);
#111=CYLINDRICAL_SURFACE('',#4336,0.0499999999999997);
#112=CYLINDRICAL_SURFACE('',#4340,0.0499999999999997);
#113=CYLINDRICAL_SURFACE('',#4343,0.0500000000000001);
#114=CYLINDRICAL_SURFACE('',#4347,0.0500000000000001);
#115=CYLINDRICAL_SURFACE('',#4350,0.0499999999999997);
#116=CYLINDRICAL_SURFACE('',#4354,0.0499999999999997);
#117=CYLINDRICAL_SURFACE('',#4360,0.1);
#118=CYLINDRICAL_SURFACE('',#4364,0.0999999999999998);
#119=CYLINDRICAL_SURFACE('',#4377,0.1);
#120=CYLINDRICAL_SURFACE('',#4381,0.1);
#121=CYLINDRICAL_SURFACE('',#4385,0.100000000000001);
#122=CYLINDRICAL_SURFACE('',#4390,0.1);
#123=CYLINDRICAL_SURFACE('',#4394,0.0999999999999999);
#124=CYLINDRICAL_SURFACE('',#4398,0.0999999999999999);
#125=CYLINDRICAL_SURFACE('',#4409,0.1);
#126=CYLINDRICAL_SURFACE('',#4413,0.1);
#127=CYLINDRICAL_SURFACE('',#4417,0.100000000000001);
#128=CYLINDRICAL_SURFACE('',#4422,0.1);
#129=CYLINDRICAL_SURFACE('',#4426,0.0999999999999999);
#130=CYLINDRICAL_SURFACE('',#4430,0.0999999999999999);
#131=CYLINDRICAL_SURFACE('',#4441,0.1);
#132=CYLINDRICAL_SURFACE('',#4445,0.1);
#133=CYLINDRICAL_SURFACE('',#4449,0.100000000000001);
#134=CYLINDRICAL_SURFACE('',#4454,0.1);
#135=CYLINDRICAL_SURFACE('',#4458,0.0999999999999999);
#136=CYLINDRICAL_SURFACE('',#4462,0.0999999999999999);
#137=CYLINDRICAL_SURFACE('',#4473,0.0499999999999997);
#138=CYLINDRICAL_SURFACE('',#4477,0.0499999999999997);
#139=CYLINDRICAL_SURFACE('',#4480,0.0500000000000001);
#140=CYLINDRICAL_SURFACE('',#4484,0.0500000000000001);
#141=CYLINDRICAL_SURFACE('',#4487,0.0499999999999997);
#142=CYLINDRICAL_SURFACE('',#4491,0.0499999999999997);
#143=CYLINDRICAL_SURFACE('',#4497,0.1);
#144=CYLINDRICAL_SURFACE('',#4501,0.0999999999999998);
#145=CYLINDRICAL_SURFACE('',#4514,0.1);
#146=CYLINDRICAL_SURFACE('',#4518,0.1);
#147=CYLINDRICAL_SURFACE('',#4522,0.100000000000001);
#148=CYLINDRICAL_SURFACE('',#4527,0.1);
#149=CYLINDRICAL_SURFACE('',#4531,0.0999999999999999);
#150=CYLINDRICAL_SURFACE('',#4535,0.0999999999999999);
#151=FACE_OUTER_BOUND('',#371,.T.);
#152=FACE_OUTER_BOUND('',#372,.T.);
#153=FACE_OUTER_BOUND('',#373,.T.);
#154=FACE_OUTER_BOUND('',#374,.T.);
#155=FACE_OUTER_BOUND('',#375,.T.);
#156=FACE_OUTER_BOUND('',#376,.T.);
#157=FACE_OUTER_BOUND('',#377,.T.);
#158=FACE_OUTER_BOUND('',#378,.T.);
#159=FACE_OUTER_BOUND('',#379,.T.);
#160=FACE_OUTER_BOUND('',#380,.T.);
#161=FACE_OUTER_BOUND('',#381,.T.);
#162=FACE_OUTER_BOUND('',#382,.T.);
#163=FACE_OUTER_BOUND('',#383,.T.);
#164=FACE_OUTER_BOUND('',#384,.T.);
#165=FACE_OUTER_BOUND('',#385,.T.);
#166=FACE_OUTER_BOUND('',#386,.T.);
#167=FACE_OUTER_BOUND('',#387,.T.);
#168=FACE_OUTER_BOUND('',#388,.T.);
#169=FACE_OUTER_BOUND('',#389,.T.);
#170=FACE_OUTER_BOUND('',#390,.T.);
#171=FACE_OUTER_BOUND('',#391,.T.);
#172=FACE_OUTER_BOUND('',#392,.T.);
#173=FACE_OUTER_BOUND('',#393,.T.);
#174=FACE_OUTER_BOUND('',#394,.T.);
#175=FACE_OUTER_BOUND('',#395,.T.);
#176=FACE_OUTER_BOUND('',#396,.T.);
#177=FACE_OUTER_BOUND('',#397,.T.);
#178=FACE_OUTER_BOUND('',#398,.T.);
#179=FACE_OUTER_BOUND('',#399,.T.);
#180=FACE_OUTER_BOUND('',#400,.T.);
#181=FACE_OUTER_BOUND('',#401,.T.);
#182=FACE_OUTER_BOUND('',#402,.T.);
#183=FACE_OUTER_BOUND('',#403,.T.);
#184=FACE_OUTER_BOUND('',#404,.T.);
#185=FACE_OUTER_BOUND('',#405,.T.);
#186=FACE_OUTER_BOUND('',#406,.T.);
#187=FACE_OUTER_BOUND('',#407,.T.);
#188=FACE_OUTER_BOUND('',#408,.T.);
#189=FACE_OUTER_BOUND('',#409,.T.);
#190=FACE_OUTER_BOUND('',#410,.T.);
#191=FACE_OUTER_BOUND('',#411,.T.);
#192=FACE_OUTER_BOUND('',#412,.T.);
#193=FACE_OUTER_BOUND('',#413,.T.);
#194=FACE_OUTER_BOUND('',#414,.T.);
#195=FACE_OUTER_BOUND('',#415,.T.);
#196=FACE_OUTER_BOUND('',#416,.T.);
#197=FACE_OUTER_BOUND('',#417,.T.);
#198=FACE_OUTER_BOUND('',#418,.T.);
#199=FACE_OUTER_BOUND('',#419,.T.);
#200=FACE_OUTER_BOUND('',#420,.T.);
#201=FACE_OUTER_BOUND('',#421,.T.);
#202=FACE_OUTER_BOUND('',#422,.T.);
#203=FACE_OUTER_BOUND('',#423,.T.);
#204=FACE_OUTER_BOUND('',#424,.T.);
#205=FACE_OUTER_BOUND('',#425,.T.);
#206=FACE_OUTER_BOUND('',#426,.T.);
#207=FACE_OUTER_BOUND('',#427,.T.);
#208=FACE_OUTER_BOUND('',#428,.T.);
#209=FACE_OUTER_BOUND('',#429,.T.);
#210=FACE_OUTER_BOUND('',#430,.T.);
#211=FACE_OUTER_BOUND('',#431,.T.);
#212=FACE_OUTER_BOUND('',#432,.T.);
#213=FACE_OUTER_BOUND('',#433,.T.);
#214=FACE_OUTER_BOUND('',#434,.T.);
#215=FACE_OUTER_BOUND('',#435,.T.);
#216=FACE_OUTER_BOUND('',#436,.T.);
#217=FACE_OUTER_BOUND('',#437,.T.);
#218=FACE_OUTER_BOUND('',#438,.T.);
#219=FACE_OUTER_BOUND('',#439,.T.);
#220=FACE_OUTER_BOUND('',#440,.T.);
#221=FACE_OUTER_BOUND('',#441,.T.);
#222=FACE_OUTER_BOUND('',#442,.T.);
#223=FACE_OUTER_BOUND('',#443,.T.);
#224=FACE_OUTER_BOUND('',#444,.T.);
#225=FACE_OUTER_BOUND('',#445,.T.);
#226=FACE_OUTER_BOUND('',#446,.T.);
#227=FACE_OUTER_BOUND('',#447,.T.);
#228=FACE_OUTER_BOUND('',#448,.T.);
#229=FACE_OUTER_BOUND('',#449,.T.);
#230=FACE_OUTER_BOUND('',#450,.T.);
#231=FACE_OUTER_BOUND('',#451,.T.);
#232=FACE_OUTER_BOUND('',#452,.T.);
#233=FACE_OUTER_BOUND('',#453,.T.);
#234=FACE_OUTER_BOUND('',#454,.T.);
#235=FACE_OUTER_BOUND('',#455,.T.);
#236=FACE_OUTER_BOUND('',#456,.T.);
#237=FACE_OUTER_BOUND('',#457,.T.);
#238=FACE_OUTER_BOUND('',#458,.T.);
#239=FACE_OUTER_BOUND('',#459,.T.);
#240=FACE_OUTER_BOUND('',#460,.T.);
#241=FACE_OUTER_BOUND('',#461,.T.);
#242=FACE_OUTER_BOUND('',#462,.T.);
#243=FACE_OUTER_BOUND('',#463,.T.);
#244=FACE_OUTER_BOUND('',#464,.T.);
#245=FACE_OUTER_BOUND('',#465,.T.);
#246=FACE_OUTER_BOUND('',#466,.T.);
#247=FACE_OUTER_BOUND('',#467,.T.);
#248=FACE_OUTER_BOUND('',#468,.T.);
#249=FACE_OUTER_BOUND('',#469,.T.);
#250=FACE_OUTER_BOUND('',#470,.T.);
#251=FACE_OUTER_BOUND('',#471,.T.);
#252=FACE_OUTER_BOUND('',#472,.T.);
#253=FACE_OUTER_BOUND('',#473,.T.);
#254=FACE_OUTER_BOUND('',#474,.T.);
#255=FACE_OUTER_BOUND('',#475,.T.);
#256=FACE_OUTER_BOUND('',#476,.T.);
#257=FACE_OUTER_BOUND('',#477,.T.);
#258=FACE_OUTER_BOUND('',#478,.T.);
#259=FACE_OUTER_BOUND('',#479,.T.);
#260=FACE_OUTER_BOUND('',#480,.T.);
#261=FACE_OUTER_BOUND('',#481,.T.);
#262=FACE_OUTER_BOUND('',#482,.T.);
#263=FACE_OUTER_BOUND('',#483,.T.);
#264=FACE_OUTER_BOUND('',#484,.T.);
#265=FACE_OUTER_BOUND('',#485,.T.);
#266=FACE_OUTER_BOUND('',#486,.T.);
#267=FACE_OUTER_BOUND('',#487,.T.);
#268=FACE_OUTER_BOUND('',#488,.T.);
#269=FACE_OUTER_BOUND('',#489,.T.);
#270=FACE_OUTER_BOUND('',#490,.T.);
#271=FACE_OUTER_BOUND('',#491,.T.);
#272=FACE_OUTER_BOUND('',#492,.T.);
#273=FACE_OUTER_BOUND('',#493,.T.);
#274=FACE_OUTER_BOUND('',#494,.T.);
#275=FACE_OUTER_BOUND('',#495,.T.);
#276=FACE_OUTER_BOUND('',#496,.T.);
#277=FACE_OUTER_BOUND('',#497,.T.);
#278=FACE_OUTER_BOUND('',#498,.T.);
#279=FACE_OUTER_BOUND('',#499,.T.);
#280=FACE_OUTER_BOUND('',#500,.T.);
#281=FACE_OUTER_BOUND('',#501,.T.);
#282=FACE_OUTER_BOUND('',#502,.T.);
#283=FACE_OUTER_BOUND('',#504,.T.);
#284=FACE_OUTER_BOUND('',#505,.T.);
#285=FACE_OUTER_BOUND('',#509,.T.);
#286=FACE_OUTER_BOUND('',#510,.T.);
#287=FACE_OUTER_BOUND('',#511,.T.);
#288=FACE_OUTER_BOUND('',#512,.T.);
#289=FACE_OUTER_BOUND('',#513,.T.);
#290=FACE_OUTER_BOUND('',#514,.T.);
#291=FACE_OUTER_BOUND('',#515,.T.);
#292=FACE_OUTER_BOUND('',#516,.T.);
#293=FACE_OUTER_BOUND('',#517,.T.);
#294=FACE_OUTER_BOUND('',#518,.T.);
#295=FACE_OUTER_BOUND('',#519,.T.);
#296=FACE_OUTER_BOUND('',#520,.T.);
#297=FACE_OUTER_BOUND('',#521,.T.);
#298=FACE_OUTER_BOUND('',#522,.T.);
#299=FACE_OUTER_BOUND('',#523,.T.);
#300=FACE_OUTER_BOUND('',#524,.T.);
#301=FACE_OUTER_BOUND('',#525,.T.);
#302=FACE_OUTER_BOUND('',#526,.T.);
#303=FACE_OUTER_BOUND('',#527,.T.);
#304=FACE_OUTER_BOUND('',#528,.T.);
#305=FACE_OUTER_BOUND('',#529,.T.);
#306=FACE_OUTER_BOUND('',#530,.T.);
#307=FACE_OUTER_BOUND('',#531,.T.);
#308=FACE_OUTER_BOUND('',#532,.T.);
#309=FACE_OUTER_BOUND('',#533,.T.);
#310=FACE_OUTER_BOUND('',#534,.T.);
#311=FACE_OUTER_BOUND('',#535,.T.);
#312=FACE_OUTER_BOUND('',#536,.T.);
#313=FACE_OUTER_BOUND('',#537,.T.);
#314=FACE_OUTER_BOUND('',#538,.T.);
#315=FACE_OUTER_BOUND('',#539,.T.);
#316=FACE_OUTER_BOUND('',#540,.T.);
#317=FACE_OUTER_BOUND('',#541,.T.);
#318=FACE_OUTER_BOUND('',#542,.T.);
#319=FACE_OUTER_BOUND('',#543,.T.);
#320=FACE_OUTER_BOUND('',#544,.T.);
#321=FACE_OUTER_BOUND('',#545,.T.);
#322=FACE_OUTER_BOUND('',#546,.T.);
#323=FACE_OUTER_BOUND('',#547,.T.);
#324=FACE_OUTER_BOUND('',#548,.T.);
#325=FACE_OUTER_BOUND('',#549,.T.);
#326=FACE_OUTER_BOUND('',#550,.T.);
#327=FACE_OUTER_BOUND('',#551,.T.);
#328=FACE_OUTER_BOUND('',#552,.T.);
#329=FACE_OUTER_BOUND('',#553,.T.);
#330=FACE_OUTER_BOUND('',#554,.T.);
#331=FACE_OUTER_BOUND('',#555,.T.);
#332=FACE_OUTER_BOUND('',#556,.T.);
#333=FACE_OUTER_BOUND('',#557,.T.);
#334=FACE_OUTER_BOUND('',#558,.T.);
#335=FACE_OUTER_BOUND('',#559,.T.);
#336=FACE_OUTER_BOUND('',#560,.T.);
#337=FACE_OUTER_BOUND('',#561,.T.);
#338=FACE_OUTER_BOUND('',#562,.T.);
#339=FACE_OUTER_BOUND('',#563,.T.);
#340=FACE_OUTER_BOUND('',#564,.T.);
#341=FACE_OUTER_BOUND('',#565,.T.);
#342=FACE_OUTER_BOUND('',#566,.T.);
#343=FACE_OUTER_BOUND('',#567,.T.);
#344=FACE_OUTER_BOUND('',#568,.T.);
#345=FACE_OUTER_BOUND('',#569,.T.);
#346=FACE_OUTER_BOUND('',#570,.T.);
#347=FACE_OUTER_BOUND('',#571,.T.);
#348=FACE_OUTER_BOUND('',#572,.T.);
#349=FACE_OUTER_BOUND('',#573,.T.);
#350=FACE_OUTER_BOUND('',#574,.T.);
#351=FACE_OUTER_BOUND('',#575,.T.);
#352=FACE_OUTER_BOUND('',#576,.T.);
#353=FACE_OUTER_BOUND('',#577,.T.);
#354=FACE_OUTER_BOUND('',#578,.T.);
#355=FACE_OUTER_BOUND('',#579,.T.);
#356=FACE_OUTER_BOUND('',#580,.T.);
#357=FACE_OUTER_BOUND('',#581,.T.);
#358=FACE_OUTER_BOUND('',#582,.T.);
#359=FACE_OUTER_BOUND('',#583,.T.);
#360=FACE_OUTER_BOUND('',#584,.T.);
#361=FACE_OUTER_BOUND('',#585,.T.);
#362=FACE_OUTER_BOUND('',#586,.T.);
#363=FACE_OUTER_BOUND('',#587,.T.);
#364=FACE_OUTER_BOUND('',#588,.T.);
#365=FACE_OUTER_BOUND('',#589,.T.);
#366=FACE_OUTER_BOUND('',#590,.T.);
#367=FACE_OUTER_BOUND('',#591,.T.);
#368=FACE_OUTER_BOUND('',#592,.T.);
#369=FACE_OUTER_BOUND('',#593,.T.);
#370=FACE_OUTER_BOUND('',#594,.T.);
#371=EDGE_LOOP('',(#2683,#2684,#2685,#2686));
#372=EDGE_LOOP('',(#2687,#2688,#2689,#2690));
#373=EDGE_LOOP('',(#2691,#2692,#2693,#2694));
#374=EDGE_LOOP('',(#2695,#2696,#2697,#2698));
#375=EDGE_LOOP('',(#2699,#2700,#2701,#2702));
#376=EDGE_LOOP('',(#2703,#2704,#2705,#2706));
#377=EDGE_LOOP('',(#2707,#2708,#2709,#2710));
#378=EDGE_LOOP('',(#2711,#2712,#2713,#2714));
#379=EDGE_LOOP('',(#2715,#2716,#2717,#2718));
#380=EDGE_LOOP('',(#2719,#2720,#2721,#2722));
#381=EDGE_LOOP('',(#2723,#2724,#2725,#2726));
#382=EDGE_LOOP('',(#2727,#2728,#2729,#2730));
#383=EDGE_LOOP('',(#2731,#2732,#2733,#2734));
#384=EDGE_LOOP('',(#2735,#2736,#2737,#2738));
#385=EDGE_LOOP('',(#2739,#2740,#2741,#2742));
#386=EDGE_LOOP('',(#2743,#2744,#2745,#2746));
#387=EDGE_LOOP('',(#2747,#2748,#2749,#2750));
#388=EDGE_LOOP('',(#2751,#2752,#2753,#2754));
#389=EDGE_LOOP('',(#2755,#2756,#2757,#2758));
#390=EDGE_LOOP('',(#2759,#2760,#2761,#2762));
#391=EDGE_LOOP('',(#2763,#2764,#2765,#2766));
#392=EDGE_LOOP('',(#2767,#2768,#2769,#2770));
#393=EDGE_LOOP('',(#2771,#2772,#2773,#2774));
#394=EDGE_LOOP('',(#2775,#2776,#2777,#2778,#2779,#2780,#2781,#2782,#2783,
#2784,#2785,#2786,#2787,#2788,#2789,#2790,#2791,#2792,#2793,#2794,#2795,
#2796,#2797));
#395=EDGE_LOOP('',(#2798,#2799,#2800,#2801,#2802,#2803,#2804,#2805,#2806,
#2807,#2808,#2809,#2810,#2811,#2812,#2813,#2814,#2815,#2816,#2817,#2818,
#2819,#2820));
#396=EDGE_LOOP('',(#2821,#2822,#2823,#2824));
#397=EDGE_LOOP('',(#2825,#2826,#2827,#2828));
#398=EDGE_LOOP('',(#2829,#2830,#2831,#2832));
#399=EDGE_LOOP('',(#2833,#2834,#2835,#2836));
#400=EDGE_LOOP('',(#2837,#2838,#2839,#2840));
#401=EDGE_LOOP('',(#2841,#2842,#2843,#2844));
#402=EDGE_LOOP('',(#2845,#2846,#2847,#2848));
#403=EDGE_LOOP('',(#2849,#2850,#2851,#2852));
#404=EDGE_LOOP('',(#2853,#2854,#2855,#2856));
#405=EDGE_LOOP('',(#2857,#2858,#2859,#2860));
#406=EDGE_LOOP('',(#2861,#2862,#2863,#2864));
#407=EDGE_LOOP('',(#2865,#2866,#2867,#2868));
#408=EDGE_LOOP('',(#2869,#2870,#2871,#2872));
#409=EDGE_LOOP('',(#2873,#2874,#2875,#2876));
#410=EDGE_LOOP('',(#2877,#2878,#2879,#2880));
#411=EDGE_LOOP('',(#2881,#2882,#2883,#2884));
#412=EDGE_LOOP('',(#2885,#2886,#2887,#2888));
#413=EDGE_LOOP('',(#2889,#2890,#2891,#2892));
#414=EDGE_LOOP('',(#2893,#2894,#2895,#2896,#2897,#2898,#2899,#2900,#2901,
#2902,#2903,#2904,#2905,#2906,#2907,#2908,#2909,#2910));
#415=EDGE_LOOP('',(#2911,#2912,#2913,#2914,#2915,#2916,#2917,#2918,#2919,
#2920,#2921,#2922,#2923,#2924,#2925,#2926,#2927,#2928));
#416=EDGE_LOOP('',(#2929,#2930,#2931,#2932));
#417=EDGE_LOOP('',(#2933,#2934,#2935,#2936));
#418=EDGE_LOOP('',(#2937,#2938,#2939,#2940));
#419=EDGE_LOOP('',(#2941,#2942,#2943,#2944));
#420=EDGE_LOOP('',(#2945,#2946,#2947,#2948));
#421=EDGE_LOOP('',(#2949,#2950,#2951,#2952));
#422=EDGE_LOOP('',(#2953,#2954,#2955,#2956));
#423=EDGE_LOOP('',(#2957,#2958,#2959,#2960));
#424=EDGE_LOOP('',(#2961,#2962,#2963,#2964));
#425=EDGE_LOOP('',(#2965,#2966,#2967,#2968));
#426=EDGE_LOOP('',(#2969,#2970,#2971,#2972));
#427=EDGE_LOOP('',(#2973,#2974,#2975,#2976));
#428=EDGE_LOOP('',(#2977,#2978,#2979,#2980));
#429=EDGE_LOOP('',(#2981,#2982,#2983,#2984));
#430=EDGE_LOOP('',(#2985,#2986,#2987,#2988));
#431=EDGE_LOOP('',(#2989,#2990,#2991,#2992));
#432=EDGE_LOOP('',(#2993,#2994,#2995,#2996));
#433=EDGE_LOOP('',(#2997,#2998,#2999,#3000));
#434=EDGE_LOOP('',(#3001,#3002,#3003,#3004,#3005,#3006,#3007,#3008,#3009,
#3010,#3011,#3012,#3013,#3014,#3015,#3016,#3017,#3018));
#435=EDGE_LOOP('',(#3019,#3020,#3021,#3022,#3023,#3024,#3025,#3026,#3027,
#3028,#3029,#3030,#3031,#3032,#3033,#3034,#3035,#3036));
#436=EDGE_LOOP('',(#3037,#3038,#3039,#3040));
#437=EDGE_LOOP('',(#3041,#3042,#3043,#3044));
#438=EDGE_LOOP('',(#3045,#3046,#3047,#3048));
#439=EDGE_LOOP('',(#3049,#3050,#3051,#3052));
#440=EDGE_LOOP('',(#3053,#3054,#3055,#3056));
#441=EDGE_LOOP('',(#3057,#3058,#3059,#3060));
#442=EDGE_LOOP('',(#3061,#3062,#3063,#3064));
#443=EDGE_LOOP('',(#3065,#3066,#3067,#3068));
#444=EDGE_LOOP('',(#3069,#3070,#3071,#3072));
#445=EDGE_LOOP('',(#3073,#3074,#3075,#3076));
#446=EDGE_LOOP('',(#3077,#3078,#3079,#3080));
#447=EDGE_LOOP('',(#3081,#3082,#3083,#3084));
#448=EDGE_LOOP('',(#3085,#3086,#3087,#3088));
#449=EDGE_LOOP('',(#3089,#3090,#3091,#3092));
#450=EDGE_LOOP('',(#3093,#3094,#3095,#3096));
#451=EDGE_LOOP('',(#3097,#3098,#3099,#3100));
#452=EDGE_LOOP('',(#3101,#3102,#3103,#3104));
#453=EDGE_LOOP('',(#3105,#3106,#3107,#3108));
#454=EDGE_LOOP('',(#3109,#3110,#3111,#3112,#3113,#3114,#3115,#3116,#3117,
#3118,#3119,#3120,#3121,#3122,#3123,#3124,#3125,#3126));
#455=EDGE_LOOP('',(#3127,#3128,#3129,#3130,#3131,#3132,#3133,#3134,#3135,
#3136,#3137,#3138,#3139,#3140,#3141,#3142,#3143,#3144));
#456=EDGE_LOOP('',(#3145,#3146,#3147,#3148));
#457=EDGE_LOOP('',(#3149,#3150,#3151,#3152));
#458=EDGE_LOOP('',(#3153,#3154,#3155,#3156));
#459=EDGE_LOOP('',(#3157,#3158,#3159,#3160));
#460=EDGE_LOOP('',(#3161,#3162,#3163,#3164));
#461=EDGE_LOOP('',(#3165,#3166,#3167,#3168));
#462=EDGE_LOOP('',(#3169,#3170,#3171,#3172));
#463=EDGE_LOOP('',(#3173,#3174,#3175,#3176));
#464=EDGE_LOOP('',(#3177,#3178,#3179,#3180));
#465=EDGE_LOOP('',(#3181,#3182,#3183,#3184));
#466=EDGE_LOOP('',(#3185,#3186,#3187,#3188));
#467=EDGE_LOOP('',(#3189,#3190,#3191,#3192));
#468=EDGE_LOOP('',(#3193,#3194,#3195,#3196));
#469=EDGE_LOOP('',(#3197,#3198,#3199,#3200));
#470=EDGE_LOOP('',(#3201,#3202,#3203,#3204));
#471=EDGE_LOOP('',(#3205,#3206,#3207,#3208));
#472=EDGE_LOOP('',(#3209,#3210,#3211,#3212));
#473=EDGE_LOOP('',(#3213,#3214,#3215,#3216));
#474=EDGE_LOOP('',(#3217,#3218,#3219,#3220));
#475=EDGE_LOOP('',(#3221,#3222,#3223,#3224));
#476=EDGE_LOOP('',(#3225,#3226,#3227,#3228));
#477=EDGE_LOOP('',(#3229,#3230,#3231,#3232));
#478=EDGE_LOOP('',(#3233,#3234,#3235,#3236));
#479=EDGE_LOOP('',(#3237,#3238,#3239,#3240,#3241,#3242,#3243,#3244,#3245,
#3246,#3247,#3248,#3249,#3250,#3251,#3252,#3253,#3254,#3255,#3256,#3257,
#3258,#3259));
#480=EDGE_LOOP('',(#3260,#3261,#3262,#3263,#3264,#3265,#3266,#3267,#3268,
#3269,#3270,#3271,#3272,#3273,#3274,#3275,#3276,#3277,#3278,#3279,#3280,
#3281,#3282));
#481=EDGE_LOOP('',(#3283,#3284,#3285,#3286));
#482=EDGE_LOOP('',(#3287,#3288,#3289,#3290));
#483=EDGE_LOOP('',(#3291,#3292,#3293,#3294));
#484=EDGE_LOOP('',(#3295,#3296,#3297,#3298));
#485=EDGE_LOOP('',(#3299,#3300,#3301,#3302));
#486=EDGE_LOOP('',(#3303,#3304,#3305,#3306));
#487=EDGE_LOOP('',(#3307,#3308,#3309,#3310));
#488=EDGE_LOOP('',(#3311,#3312,#3313,#3314));
#489=EDGE_LOOP('',(#3315,#3316,#3317,#3318));
#490=EDGE_LOOP('',(#3319,#3320,#3321,#3322));
#491=EDGE_LOOP('',(#3323,#3324,#3325,#3326));
#492=EDGE_LOOP('',(#3327,#3328,#3329,#3330));
#493=EDGE_LOOP('',(#3331,#3332,#3333,#3334));
#494=EDGE_LOOP('',(#3335,#3336,#3337,#3338));
#495=EDGE_LOOP('',(#3339,#3340,#3341,#3342));
#496=EDGE_LOOP('',(#3343,#3344,#3345,#3346));
#497=EDGE_LOOP('',(#3347,#3348,#3349,#3350));
#498=EDGE_LOOP('',(#3351,#3352,#3353,#3354));
#499=EDGE_LOOP('',(#3355,#3356,#3357,#3358,#3359,#3360,#3361,#3362,#3363,
#3364,#3365,#3366,#3367,#3368,#3369,#3370,#3371,#3372));
#500=EDGE_LOOP('',(#3373,#3374,#3375,#3376,#3377,#3378,#3379,#3380,#3381,
#3382,#3383,#3384,#3385,#3386,#3387,#3388,#3389,#3390));
#501=EDGE_LOOP('',(#3391,#3392,#3393,#3394,#3395,#3396,#3397,#3398,#3399,
#3400,#3401,#3402,#3403,#3404,#3405,#3406));
#502=EDGE_LOOP('',(#3407,#3408,#3409,#3410,#3411,#3412,#3413,#3414,#3415,
#3416,#3417,#3418,#3419,#3420,#3421,#3422,#3423,#3424,#3425,#3426));
#503=EDGE_LOOP('',(#3427,#3428,#3429,#3430,#3431,#3432,#3433,#3434,#3435,
#3436,#3437,#3438));
#504=EDGE_LOOP('',(#3439,#3440,#3441,#3442));
#505=EDGE_LOOP('',(#3443,#3444,#3445,#3446));
#506=EDGE_LOOP('',(#3447,#3448,#3449,#3450));
#507=EDGE_LOOP('',(#3451,#3452,#3453,#3454));
#508=EDGE_LOOP('',(#3455,#3456,#3457,#3458));
#509=EDGE_LOOP('',(#3459,#3460,#3461,#3462));
#510=EDGE_LOOP('',(#3463,#3464,#3465,#3466));
#511=EDGE_LOOP('',(#3467,#3468,#3469,#3470,#3471,#3472,#3473,#3474));
#512=EDGE_LOOP('',(#3475,#3476,#3477,#3478,#3479,#3480,#3481,#3482,#3483,
#3484,#3485,#3486,#3487,#3488,#3489,#3490,#3491,#3492,#3493,#3494,#3495,
#3496,#3497,#3498,#3499,#3500,#3501,#3502,#3503,#3504));
#513=EDGE_LOOP('',(#3505,#3506,#3507,#3508));
#514=EDGE_LOOP('',(#3509,#3510,#3511,#3512));
#515=EDGE_LOOP('',(#3513,#3514,#3515,#3516));
#516=EDGE_LOOP('',(#3517,#3518,#3519,#3520));
#517=EDGE_LOOP('',(#3521,#3522,#3523,#3524));
#518=EDGE_LOOP('',(#3525,#3526,#3527,#3528));
#519=EDGE_LOOP('',(#3529,#3530,#3531,#3532,#3533,#3534));
#520=EDGE_LOOP('',(#3535,#3536,#3537,#3538));
#521=EDGE_LOOP('',(#3539,#3540,#3541,#3542,#3543,#3544,#3545));
#522=EDGE_LOOP('',(#3546,#3547,#3548,#3549,#3550,#3551));
#523=EDGE_LOOP('',(#3552,#3553,#3554,#3555,#3556,#3557,#3558,#3559,#3560,
#3561,#3562,#3563,#3564));
#524=EDGE_LOOP('',(#3565,#3566,#3567,#3568,#3569,#3570));
#525=EDGE_LOOP('',(#3571,#3572,#3573,#3574,#3575,#3576));
#526=EDGE_LOOP('',(#3577,#3578,#3579,#3580));
#527=EDGE_LOOP('',(#3581,#3582,#3583,#3584));
#528=EDGE_LOOP('',(#3585,#3586,#3587,#3588));
#529=EDGE_LOOP('',(#3589,#3590,#3591,#3592));
#530=EDGE_LOOP('',(#3593,#3594,#3595,#3596));
#531=EDGE_LOOP('',(#3597,#3598,#3599,#3600));
#532=EDGE_LOOP('',(#3601,#3602,#3603,#3604));
#533=EDGE_LOOP('',(#3605,#3606,#3607,#3608,#3609,#3610,#3611,#3612));
#534=EDGE_LOOP('',(#3613,#3614,#3615,#3616,#3617));
#535=EDGE_LOOP('',(#3618,#3619,#3620,#3621));
#536=EDGE_LOOP('',(#3622,#3623,#3624,#3625,#3626));
#537=EDGE_LOOP('',(#3627,#3628,#3629,#3630));
#538=EDGE_LOOP('',(#3631,#3632,#3633,#3634));
#539=EDGE_LOOP('',(#3635,#3636,#3637,#3638));
#540=EDGE_LOOP('',(#3639,#3640,#3641,#3642));
#541=EDGE_LOOP('',(#3643,#3644,#3645,#3646));
#542=EDGE_LOOP('',(#3647,#3648,#3649,#3650,#3651));
#543=EDGE_LOOP('',(#3652,#3653,#3654,#3655));
#544=EDGE_LOOP('',(#3656,#3657,#3658,#3659));
#545=EDGE_LOOP('',(#3660,#3661,#3662,#3663));
#546=EDGE_LOOP('',(#3664,#3665,#3666,#3667));
#547=EDGE_LOOP('',(#3668,#3669,#3670,#3671,#3672,#3673,#3674,#3675));
#548=EDGE_LOOP('',(#3676,#3677,#3678,#3679,#3680,#3681,#3682,#3683));
#549=EDGE_LOOP('',(#3684,#3685,#3686,#3687,#3688,#3689,#3690,#3691));
#550=EDGE_LOOP('',(#3692,#3693,#3694,#3695));
#551=EDGE_LOOP('',(#3696,#3697,#3698,#3699));
#552=EDGE_LOOP('',(#3700,#3701,#3702,#3703));
#553=EDGE_LOOP('',(#3704,#3705,#3706,#3707));
#554=EDGE_LOOP('',(#3708,#3709,#3710,#3711));
#555=EDGE_LOOP('',(#3712,#3713,#3714,#3715));
#556=EDGE_LOOP('',(#3716,#3717,#3718,#3719));
#557=EDGE_LOOP('',(#3720,#3721,#3722,#3723));
#558=EDGE_LOOP('',(#3724,#3725,#3726,#3727));
#559=EDGE_LOOP('',(#3728,#3729,#3730,#3731));
#560=EDGE_LOOP('',(#3732,#3733,#3734,#3735));
#561=EDGE_LOOP('',(#3736,#3737,#3738,#3739));
#562=EDGE_LOOP('',(#3740,#3741,#3742,#3743));
#563=EDGE_LOOP('',(#3744,#3745,#3746,#3747));
#564=EDGE_LOOP('',(#3748,#3749,#3750,#3751));
#565=EDGE_LOOP('',(#3752,#3753,#3754,#3755,#3756,#3757));
#566=EDGE_LOOP('',(#3758,#3759,#3760,#3761,#3762));
#567=EDGE_LOOP('',(#3763,#3764,#3765,#3766));
#568=EDGE_LOOP('',(#3767,#3768,#3769,#3770));
#569=EDGE_LOOP('',(#3771,#3772,#3773,#3774,#3775,#3776,#3777));
#570=EDGE_LOOP('',(#3778,#3779,#3780,#3781));
#571=EDGE_LOOP('',(#3782,#3783,#3784,#3785,#3786));
#572=EDGE_LOOP('',(#3787,#3788,#3789,#3790));
#573=EDGE_LOOP('',(#3791,#3792,#3793,#3794,#3795));
#574=EDGE_LOOP('',(#3796,#3797,#3798,#3799));
#575=EDGE_LOOP('',(#3800,#3801,#3802,#3803));
#576=EDGE_LOOP('',(#3804,#3805,#3806,#3807,#3808,#3809,#3810,#3811));
#577=EDGE_LOOP('',(#3812,#3813,#3814,#3815));
#578=EDGE_LOOP('',(#3816,#3817,#3818,#3819,#3820,#3821));
#579=EDGE_LOOP('',(#3822,#3823,#3824,#3825));
#580=EDGE_LOOP('',(#3826,#3827,#3828,#3829));
#581=EDGE_LOOP('',(#3830,#3831,#3832,#3833,#3834,#3835));
#582=EDGE_LOOP('',(#3836,#3837,#3838,#3839,#3840,#3841,#3842,#3843,#3844,
#3845,#3846,#3847,#3848));
#583=EDGE_LOOP('',(#3849,#3850,#3851,#3852,#3853,#3854));
#584=EDGE_LOOP('',(#3855,#3856,#3857,#3858));
#585=EDGE_LOOP('',(#3859,#3860,#3861,#3862,#3863,#3864,#3865,#3866));
#586=EDGE_LOOP('',(#3867,#3868,#3869,#3870));
#587=EDGE_LOOP('',(#3871,#3872,#3873,#3874,#3875,#3876,#3877,#3878));
#588=EDGE_LOOP('',(#3879,#3880,#3881,#3882));
#589=EDGE_LOOP('',(#3883,#3884,#3885,#3886));
#590=EDGE_LOOP('',(#3887,#3888,#3889,#3890));
#591=EDGE_LOOP('',(#3891,#3892,#3893,#3894));
#592=EDGE_LOOP('',(#3895,#3896,#3897,#3898));
#593=EDGE_LOOP('',(#3899,#3900,#3901,#3902));
#594=EDGE_LOOP('',(#3903,#3904,#3905,#3906,#3907,#3908,#3909,#3910));
#595=LINE('',#5771,#1129);
#596=LINE('',#5773,#1130);
#597=LINE('',#5775,#1131);
#598=LINE('',#5776,#1132);
#599=LINE('',#5779,#1133);
#600=LINE('',#5781,#1134);
#601=LINE('',#5782,#1135);
#602=LINE('',#5785,#1136);
#603=LINE('',#5787,#1137);
#604=LINE('',#5788,#1138);
#605=LINE('',#5791,#1139);
#606=LINE('',#5793,#1140);
#607=LINE('',#5794,#1141);
#608=LINE('',#5797,#1142);
#609=LINE('',#5799,#1143);
#610=LINE('',#5800,#1144);
#611=LINE('',#5806,#1145);
#612=LINE('',#5809,#1146);
#613=LINE('',#5811,#1147);
#614=LINE('',#5812,#1148);
#615=LINE('',#5818,#1149);
#616=LINE('',#5824,#1150);
#617=LINE('',#5827,#1151);
#618=LINE('',#5829,#1152);
#619=LINE('',#5830,#1153);
#620=LINE('',#5836,#1154);
#621=LINE('',#5842,#1155);
#622=LINE('',#5845,#1156);
#623=LINE('',#5847,#1157);
#624=LINE('',#5848,#1158);
#625=LINE('',#5854,#1159);
#626=LINE('',#5857,#1160);
#627=LINE('',#5859,#1161);
#628=LINE('',#5860,#1162);
#629=LINE('',#5863,#1163);
#630=LINE('',#5865,#1164);
#631=LINE('',#5866,#1165);
#632=LINE('',#5869,#1166);
#633=LINE('',#5871,#1167);
#634=LINE('',#5872,#1168);
#635=LINE('',#5878,#1169);
#636=LINE('',#5881,#1170);
#637=LINE('',#5883,#1171);
#638=LINE('',#5884,#1172);
#639=LINE('',#5890,#1173);
#640=LINE('',#5893,#1174);
#641=LINE('',#5895,#1175);
#642=LINE('',#5896,#1176);
#643=LINE('',#5899,#1177);
#644=LINE('',#5901,#1178);
#645=LINE('',#5902,#1179);
#646=LINE('',#5904,#1180);
#647=LINE('',#5905,#1181);
#648=LINE('',#5911,#1182);
#649=LINE('',#5913,#1183);
#650=LINE('',#5915,#1184);
#651=LINE('',#5916,#1185);
#652=LINE('',#5919,#1186);
#653=LINE('',#5921,#1187);
#654=LINE('',#5922,#1188);
#655=LINE('',#5925,#1189);
#656=LINE('',#5927,#1190);
#657=LINE('',#5928,#1191);
#658=LINE('',#5931,#1192);
#659=LINE('',#5933,#1193);
#660=LINE('',#5934,#1194);
#661=LINE('',#5937,#1195);
#662=LINE('',#5939,#1196);
#663=LINE('',#5940,#1197);
#664=LINE('',#5945,#1198);
#665=LINE('',#5949,#1199);
#666=LINE('',#5951,#1200);
#667=LINE('',#5952,#1201);
#668=LINE('',#5957,#1202);
#669=LINE('',#5961,#1203);
#670=LINE('',#5963,#1204);
#671=LINE('',#5964,#1205);
#672=LINE('',#5969,#1206);
#673=LINE('',#5973,#1207);
#674=LINE('',#5975,#1208);
#675=LINE('',#5976,#1209);
#676=LINE('',#5979,#1210);
#677=LINE('',#5981,#1211);
#678=LINE('',#5982,#1212);
#679=LINE('',#5987,#1213);
#680=LINE('',#5991,#1214);
#681=LINE('',#5993,#1215);
#682=LINE('',#5994,#1216);
#683=LINE('',#5999,#1217);
#684=LINE('',#6003,#1218);
#685=LINE('',#6005,#1219);
#686=LINE('',#6006,#1220);
#687=LINE('',#6011,#1221);
#688=LINE('',#6014,#1222);
#689=LINE('',#6015,#1223);
#690=LINE('',#6021,#1224);
#691=LINE('',#6023,#1225);
#692=LINE('',#6025,#1226);
#693=LINE('',#6026,#1227);
#694=LINE('',#6029,#1228);
#695=LINE('',#6031,#1229);
#696=LINE('',#6032,#1230);
#697=LINE('',#6035,#1231);
#698=LINE('',#6037,#1232);
#699=LINE('',#6038,#1233);
#700=LINE('',#6041,#1234);
#701=LINE('',#6043,#1235);
#702=LINE('',#6044,#1236);
#703=LINE('',#6047,#1237);
#704=LINE('',#6049,#1238);
#705=LINE('',#6050,#1239);
#706=LINE('',#6055,#1240);
#707=LINE('',#6059,#1241);
#708=LINE('',#6061,#1242);
#709=LINE('',#6062,#1243);
#710=LINE('',#6067,#1244);
#711=LINE('',#6071,#1245);
#712=LINE('',#6073,#1246);
#713=LINE('',#6074,#1247);
#714=LINE('',#6079,#1248);
#715=LINE('',#6083,#1249);
#716=LINE('',#6085,#1250);
#717=LINE('',#6086,#1251);
#718=LINE('',#6089,#1252);
#719=LINE('',#6091,#1253);
#720=LINE('',#6092,#1254);
#721=LINE('',#6097,#1255);
#722=LINE('',#6101,#1256);
#723=LINE('',#6103,#1257);
#724=LINE('',#6104,#1258);
#725=LINE('',#6109,#1259);
#726=LINE('',#6113,#1260);
#727=LINE('',#6115,#1261);
#728=LINE('',#6116,#1262);
#729=LINE('',#6121,#1263);
#730=LINE('',#6124,#1264);
#731=LINE('',#6125,#1265);
#732=LINE('',#6131,#1266);
#733=LINE('',#6133,#1267);
#734=LINE('',#6135,#1268);
#735=LINE('',#6136,#1269);
#736=LINE('',#6139,#1270);
#737=LINE('',#6141,#1271);
#738=LINE('',#6142,#1272);
#739=LINE('',#6145,#1273);
#740=LINE('',#6147,#1274);
#741=LINE('',#6148,#1275);
#742=LINE('',#6151,#1276);
#743=LINE('',#6153,#1277);
#744=LINE('',#6154,#1278);
#745=LINE('',#6157,#1279);
#746=LINE('',#6159,#1280);
#747=LINE('',#6160,#1281);
#748=LINE('',#6165,#1282);
#749=LINE('',#6169,#1283);
#750=LINE('',#6171,#1284);
#751=LINE('',#6172,#1285);
#752=LINE('',#6177,#1286);
#753=LINE('',#6181,#1287);
#754=LINE('',#6183,#1288);
#755=LINE('',#6184,#1289);
#756=LINE('',#6189,#1290);
#757=LINE('',#6193,#1291);
#758=LINE('',#6195,#1292);
#759=LINE('',#6196,#1293);
#760=LINE('',#6199,#1294);
#761=LINE('',#6201,#1295);
#762=LINE('',#6202,#1296);
#763=LINE('',#6207,#1297);
#764=LINE('',#6211,#1298);
#765=LINE('',#6213,#1299);
#766=LINE('',#6214,#1300);
#767=LINE('',#6219,#1301);
#768=LINE('',#6223,#1302);
#769=LINE('',#6225,#1303);
#770=LINE('',#6226,#1304);
#771=LINE('',#6231,#1305);
#772=LINE('',#6234,#1306);
#773=LINE('',#6235,#1307);
#774=LINE('',#6241,#1308);
#775=LINE('',#6243,#1309);
#776=LINE('',#6245,#1310);
#777=LINE('',#6246,#1311);
#778=LINE('',#6249,#1312);
#779=LINE('',#6251,#1313);
#780=LINE('',#6252,#1314);
#781=LINE('',#6255,#1315);
#782=LINE('',#6257,#1316);
#783=LINE('',#6258,#1317);
#784=LINE('',#6261,#1318);
#785=LINE('',#6263,#1319);
#786=LINE('',#6264,#1320);
#787=LINE('',#6267,#1321);
#788=LINE('',#6269,#1322);
#789=LINE('',#6270,#1323);
#790=LINE('',#6275,#1324);
#791=LINE('',#6279,#1325);
#792=LINE('',#6281,#1326);
#793=LINE('',#6282,#1327);
#794=LINE('',#6287,#1328);
#795=LINE('',#6293,#1329);
#796=LINE('',#6297,#1330);
#797=LINE('',#6299,#1331);
#798=LINE('',#6300,#1332);
#799=LINE('',#6305,#1333);
#800=LINE('',#6311,#1334);
#801=LINE('',#6315,#1335);
#802=LINE('',#6317,#1336);
#803=LINE('',#6318,#1337);
#804=LINE('',#6323,#1338);
#805=LINE('',#6327,#1339);
#806=LINE('',#6329,#1340);
#807=LINE('',#6330,#1341);
#808=LINE('',#6333,#1342);
#809=LINE('',#6335,#1343);
#810=LINE('',#6336,#1344);
#811=LINE('',#6339,#1345);
#812=LINE('',#6341,#1346);
#813=LINE('',#6342,#1347);
#814=LINE('',#6347,#1348);
#815=LINE('',#6351,#1349);
#816=LINE('',#6353,#1350);
#817=LINE('',#6354,#1351);
#818=LINE('',#6359,#1352);
#819=LINE('',#6363,#1353);
#820=LINE('',#6365,#1354);
#821=LINE('',#6366,#1355);
#822=LINE('',#6369,#1356);
#823=LINE('',#6371,#1357);
#824=LINE('',#6372,#1358);
#825=LINE('',#6374,#1359);
#826=LINE('',#6375,#1360);
#827=LINE('',#6381,#1361);
#828=LINE('',#6383,#1362);
#829=LINE('',#6385,#1363);
#830=LINE('',#6386,#1364);
#831=LINE('',#6389,#1365);
#832=LINE('',#6391,#1366);
#833=LINE('',#6392,#1367);
#834=LINE('',#6395,#1368);
#835=LINE('',#6397,#1369);
#836=LINE('',#6398,#1370);
#837=LINE('',#6401,#1371);
#838=LINE('',#6403,#1372);
#839=LINE('',#6404,#1373);
#840=LINE('',#6407,#1374);
#841=LINE('',#6409,#1375);
#842=LINE('',#6410,#1376);
#843=LINE('',#6415,#1377);
#844=LINE('',#6419,#1378);
#845=LINE('',#6421,#1379);
#846=LINE('',#6422,#1380);
#847=LINE('',#6427,#1381);
#848=LINE('',#6431,#1382);
#849=LINE('',#6433,#1383);
#850=LINE('',#6434,#1384);
#851=LINE('',#6439,#1385);
#852=LINE('',#6443,#1386);
#853=LINE('',#6445,#1387);
#854=LINE('',#6446,#1388);
#855=LINE('',#6449,#1389);
#856=LINE('',#6451,#1390);
#857=LINE('',#6452,#1391);
#858=LINE('',#6457,#1392);
#859=LINE('',#6461,#1393);
#860=LINE('',#6463,#1394);
#861=LINE('',#6464,#1395);
#862=LINE('',#6469,#1396);
#863=LINE('',#6473,#1397);
#864=LINE('',#6475,#1398);
#865=LINE('',#6476,#1399);
#866=LINE('',#6481,#1400);
#867=LINE('',#6484,#1401);
#868=LINE('',#6485,#1402);
#869=LINE('',#6491,#1403);
#870=LINE('',#6493,#1404);
#871=LINE('',#6495,#1405);
#872=LINE('',#6497,#1406);
#873=LINE('',#6499,#1407);
#874=LINE('',#6501,#1408);
#875=LINE('',#6503,#1409);
#876=LINE('',#6505,#1410);
#877=LINE('',#6507,#1411);
#878=LINE('',#6509,#1412);
#879=LINE('',#6511,#1413);
#880=LINE('',#6513,#1414);
#881=LINE('',#6515,#1415);
#882=LINE('',#6517,#1416);
#883=LINE('',#6519,#1417);
#884=LINE('',#6520,#1418);
#885=LINE('',#6524,#1419);
#886=LINE('',#6526,#1420);
#887=LINE('',#6528,#1421);
#888=LINE('',#6530,#1422);
#889=LINE('',#6532,#1423);
#890=LINE('',#6534,#1424);
#891=LINE('',#6536,#1425);
#892=LINE('',#6538,#1426);
#893=LINE('',#6540,#1427);
#894=LINE('',#6542,#1428);
#895=LINE('',#6544,#1429);
#896=LINE('',#6546,#1430);
#897=LINE('',#6548,#1431);
#898=LINE('',#6550,#1432);
#899=LINE('',#6552,#1433);
#900=LINE('',#6554,#1434);
#901=LINE('',#6556,#1435);
#902=LINE('',#6558,#1436);
#903=LINE('',#6560,#1437);
#904=LINE('',#6561,#1438);
#905=LINE('',#6564,#1439);
#906=LINE('',#6566,#1440);
#907=LINE('',#6568,#1441);
#908=LINE('',#6570,#1442);
#909=LINE('',#6572,#1443);
#910=LINE('',#6574,#1444);
#911=LINE('',#6576,#1445);
#912=LINE('',#6578,#1446);
#913=LINE('',#6580,#1447);
#914=LINE('',#6582,#1448);
#915=LINE('',#6584,#1449);
#916=LINE('',#6585,#1450);
#917=LINE('',#6589,#1451);
#918=LINE('',#6590,#1452);
#919=LINE('',#6591,#1453);
#920=LINE('',#6595,#1454);
#921=LINE('',#6597,#1455);
#922=LINE('',#6599,#1456);
#923=LINE('',#6600,#1457);
#924=LINE('',#6603,#1458);
#925=LINE('',#6605,#1459);
#926=LINE('',#6607,#1460);
#927=LINE('',#6608,#1461);
#928=LINE('',#6611,#1462);
#929=LINE('',#6613,#1463);
#930=LINE('',#6615,#1464);
#931=LINE('',#6616,#1465);
#932=LINE('',#6619,#1466);
#933=LINE('',#6621,#1467);
#934=LINE('',#6623,#1468);
#935=LINE('',#6624,#1469);
#936=LINE('',#6628,#1470);
#937=LINE('',#6629,#1471);
#938=LINE('',#6630,#1472);
#939=LINE('',#6633,#1473);
#940=LINE('',#6635,#1474);
#941=LINE('',#6636,#1475);
#942=LINE('',#6639,#1476);
#943=LINE('',#6641,#1477);
#944=LINE('',#6642,#1478);
#945=LINE('',#6644,#1479);
#946=LINE('',#6646,#1480);
#947=LINE('',#6647,#1481);
#948=LINE('',#6651,#1482);
#949=LINE('',#6653,#1483);
#950=LINE('',#6655,#1484);
#951=LINE('',#6657,#1485);
#952=LINE('',#6659,#1486);
#953=LINE('',#6661,#1487);
#954=LINE('',#6663,#1488);
#955=LINE('',#6665,#1489);
#956=LINE('',#6667,#1490);
#957=LINE('',#6669,#1491);
#958=LINE('',#6671,#1492);
#959=LINE('',#6673,#1493);
#960=LINE('',#6674,#1494);
#961=LINE('',#6676,#1495);
#962=LINE('',#6678,#1496);
#963=LINE('',#6679,#1497);
#964=LINE('',#6681,#1498);
#965=LINE('',#6683,#1499);
#966=LINE('',#6685,#1500);
#967=LINE('',#6687,#1501);
#968=LINE('',#6689,#1502);
#969=LINE('',#6691,#1503);
#970=LINE('',#6693,#1504);
#971=LINE('',#6695,#1505);
#972=LINE('',#6697,#1506);
#973=LINE('',#6699,#1507);
#974=LINE('',#6701,#1508);
#975=LINE('',#6702,#1509);
#976=LINE('',#6704,#1510);
#977=LINE('',#6705,#1511);
#978=LINE('',#6707,#1512);
#979=LINE('',#6708,#1513);
#980=LINE('',#6710,#1514);
#981=LINE('',#6711,#1515);
#982=LINE('',#6715,#1516);
#983=LINE('',#6716,#1517);
#984=LINE('',#6717,#1518);
#985=LINE('',#6720,#1519);
#986=LINE('',#6722,#1520);
#987=LINE('',#6723,#1521);
#988=LINE('',#6726,#1522);
#989=LINE('',#6728,#1523);
#990=LINE('',#6729,#1524);
#991=LINE('',#6732,#1525);
#992=LINE('',#6733,#1526);
#993=LINE('',#6735,#1527);
#994=LINE('',#6736,#1528);
#995=LINE('',#6739,#1529);
#996=LINE('',#6741,#1530);
#997=LINE('',#6743,#1531);
#998=LINE('',#6744,#1532);
#999=LINE('',#6748,#1533);
#1000=LINE('',#6749,#1534);
#1001=LINE('',#6751,#1535);
#1002=LINE('',#6753,#1536);
#1003=LINE('',#6755,#1537);
#1004=LINE('',#6756,#1538);
#1005=LINE('',#6759,#1539);
#1006=LINE('',#6761,#1540);
#1007=LINE('',#6762,#1541);
#1008=LINE('',#6763,#1542);
#1009=LINE('',#6766,#1543);
#1010=LINE('',#6768,#1544);
#1011=LINE('',#6770,#1545);
#1012=LINE('',#6772,#1546);
#1013=LINE('',#6774,#1547);
#1014=LINE('',#6775,#1548);
#1015=LINE('',#6777,#1549);
#1016=LINE('',#6779,#1550);
#1017=LINE('',#6781,#1551);
#1018=LINE('',#6782,#1552);
#1019=LINE('',#6785,#1553);
#1020=LINE('',#6786,#1554);
#1021=LINE('',#6787,#1555);
#1022=LINE('',#6790,#1556);
#1023=LINE('',#6792,#1557);
#1024=LINE('',#6793,#1558);
#1025=LINE('',#6794,#1559);
#1026=LINE('',#6796,#1560);
#1027=LINE('',#6798,#1561);
#1028=LINE('',#6800,#1562);
#1029=LINE('',#6801,#1563);
#1030=LINE('',#6803,#1564);
#1031=LINE('',#6806,#1565);
#1032=LINE('',#6811,#1566);
#1033=LINE('',#6812,#1567);
#1034=LINE('',#6814,#1568);
#1035=LINE('',#6816,#1569);
#1036=LINE('',#6817,#1570);
#1037=LINE('',#6819,#1571);
#1038=LINE('',#6821,#1572);
#1039=LINE('',#6822,#1573);
#1040=LINE('',#6825,#1574);
#1041=LINE('',#6826,#1575);
#1042=LINE('',#6828,#1576);
#1043=LINE('',#6829,#1577);
#1044=LINE('',#6833,#1578);
#1045=LINE('',#6838,#1579);
#1046=LINE('',#6839,#1580);
#1047=LINE('',#6841,#1581);
#1048=LINE('',#6846,#1582);
#1049=LINE('',#6847,#1583);
#1050=LINE('',#6848,#1584);
#1051=LINE('',#6850,#1585);
#1052=LINE('',#6851,#1586);
#1053=LINE('',#6852,#1587);
#1054=LINE('',#6854,#1588);
#1055=LINE('',#6855,#1589);
#1056=LINE('',#6856,#1590);
#1057=LINE('',#6861,#1591);
#1058=LINE('',#6863,#1592);
#1059=LINE('',#6869,#1593);
#1060=LINE('',#6871,#1594);
#1061=LINE('',#6873,#1595);
#1062=LINE('',#6874,#1596);
#1063=LINE('',#6877,#1597);
#1064=LINE('',#6879,#1598);
#1065=LINE('',#6881,#1599);
#1066=LINE('',#6882,#1600);
#1067=LINE('',#6886,#1601);
#1068=LINE('',#6887,#1602);
#1069=LINE('',#6888,#1603);
#1070=LINE('',#6892,#1604);
#1071=LINE('',#6894,#1605);
#1072=LINE('',#6896,#1606);
#1073=LINE('',#6897,#1607);
#1074=LINE('',#6901,#1608);
#1075=LINE('',#6902,#1609);
#1076=LINE('',#6903,#1610);
#1077=LINE('',#6906,#1611);
#1078=LINE('',#6908,#1612);
#1079=LINE('',#6909,#1613);
#1080=LINE('',#6913,#1614);
#1081=LINE('',#6914,#1615);
#1082=LINE('',#6915,#1616);
#1083=LINE('',#6918,#1617);
#1084=LINE('',#6919,#1618);
#1085=LINE('',#6923,#1619);
#1086=LINE('',#6925,#1620);
#1087=LINE('',#6926,#1621);
#1088=LINE('',#6928,#1622);
#1089=LINE('',#6929,#1623);
#1090=LINE('',#6932,#1624);
#1091=LINE('',#6934,#1625);
#1092=LINE('',#6935,#1626);
#1093=LINE('',#6938,#1627);
#1094=LINE('',#6940,#1628);
#1095=LINE('',#6941,#1629);
#1096=LINE('',#6943,#1630);
#1097=LINE('',#6944,#1631);
#1098=LINE('',#6947,#1632);
#1099=LINE('',#6948,#1633);
#1100=LINE('',#6951,#1634);
#1101=LINE('',#6952,#1635);
#1102=LINE('',#6955,#1636);
#1103=LINE('',#6956,#1637);
#1104=LINE('',#6957,#1638);
#1105=LINE('',#6959,#1639);
#1106=LINE('',#6962,#1640);
#1107=LINE('',#6963,#1641);
#1108=LINE('',#6965,#1642);
#1109=LINE('',#6966,#1643);
#1110=LINE('',#6969,#1644);
#1111=LINE('',#6971,#1645);
#1112=LINE('',#6972,#1646);
#1113=LINE('',#6974,#1647);
#1114=LINE('',#6975,#1648);
#1115=LINE('',#6977,#1649);
#1116=LINE('',#6979,#1650);
#1117=LINE('',#6980,#1651);
#1118=LINE('',#6983,#1652);
#1119=LINE('',#6985,#1653);
#1120=LINE('',#6987,#1654);
#1121=LINE('',#6989,#1655);
#1122=LINE('',#6991,#1656);
#1123=LINE('',#6993,#1657);
#1124=LINE('',#6995,#1658);
#1125=LINE('',#6997,#1659);
#1126=LINE('',#6999,#1660);
#1127=LINE('',#7001,#1661);
#1128=LINE('',#7003,#1662);
#1129=VECTOR('',#4635,1000.);
#1130=VECTOR('',#4636,1000.);
#1131=VECTOR('',#4637,1000.);
#1132=VECTOR('',#4638,1000.);
#1133=VECTOR('',#4641,1000.);
#1134=VECTOR('',#4642,1000.);
#1135=VECTOR('',#4643,1000.);
#1136=VECTOR('',#4646,1000.);
#1137=VECTOR('',#4647,1000.);
#1138=VECTOR('',#4648,1000.);
#1139=VECTOR('',#4651,1000.);
#1140=VECTOR('',#4652,1000.);
#1141=VECTOR('',#4653,1000.);
#1142=VECTOR('',#4656,1000.);
#1143=VECTOR('',#4657,1000.);
#1144=VECTOR('',#4658,1000.);
#1145=VECTOR('',#4665,1000.);
#1146=VECTOR('',#4668,1000.);
#1147=VECTOR('',#4669,1000.);
#1148=VECTOR('',#4670,1000.);
#1149=VECTOR('',#4677,1000.);
#1150=VECTOR('',#4684,1000.);
#1151=VECTOR('',#4687,1000.);
#1152=VECTOR('',#4688,1000.);
#1153=VECTOR('',#4689,1000.);
#1154=VECTOR('',#4696,1000.);
#1155=VECTOR('',#4703,1000.);
#1156=VECTOR('',#4706,1000.);
#1157=VECTOR('',#4707,1000.);
#1158=VECTOR('',#4708,1000.);
#1159=VECTOR('',#4715,1000.);
#1160=VECTOR('',#4718,1000.);
#1161=VECTOR('',#4719,1000.);
#1162=VECTOR('',#4720,1000.);
#1163=VECTOR('',#4723,1000.);
#1164=VECTOR('',#4724,1000.);
#1165=VECTOR('',#4725,1000.);
#1166=VECTOR('',#4728,1000.);
#1167=VECTOR('',#4729,1000.);
#1168=VECTOR('',#4730,1000.);
#1169=VECTOR('',#4737,1000.);
#1170=VECTOR('',#4740,1000.);
#1171=VECTOR('',#4741,1000.);
#1172=VECTOR('',#4742,1000.);
#1173=VECTOR('',#4749,1000.);
#1174=VECTOR('',#4752,1000.);
#1175=VECTOR('',#4753,1000.);
#1176=VECTOR('',#4754,1000.);
#1177=VECTOR('',#4757,1000.);
#1178=VECTOR('',#4758,1000.);
#1179=VECTOR('',#4759,1000.);
#1180=VECTOR('',#4762,1000.);
#1181=VECTOR('',#4763,1000.);
#1182=VECTOR('',#4770,1000.);
#1183=VECTOR('',#4771,1000.);
#1184=VECTOR('',#4772,1000.);
#1185=VECTOR('',#4773,1000.);
#1186=VECTOR('',#4776,1000.);
#1187=VECTOR('',#4777,1000.);
#1188=VECTOR('',#4778,1000.);
#1189=VECTOR('',#4781,1000.);
#1190=VECTOR('',#4782,1000.);
#1191=VECTOR('',#4783,1000.);
#1192=VECTOR('',#4786,1000.);
#1193=VECTOR('',#4787,1000.);
#1194=VECTOR('',#4788,1000.);
#1195=VECTOR('',#4791,1000.);
#1196=VECTOR('',#4792,1000.);
#1197=VECTOR('',#4793,1000.);
#1198=VECTOR('',#4798,1000.);
#1199=VECTOR('',#4803,1000.);
#1200=VECTOR('',#4804,1000.);
#1201=VECTOR('',#4805,1000.);
#1202=VECTOR('',#4810,1000.);
#1203=VECTOR('',#4815,1000.);
#1204=VECTOR('',#4816,1000.);
#1205=VECTOR('',#4817,1000.);
#1206=VECTOR('',#4822,1000.);
#1207=VECTOR('',#4827,1000.);
#1208=VECTOR('',#4828,1000.);
#1209=VECTOR('',#4829,1000.);
#1210=VECTOR('',#4832,1000.);
#1211=VECTOR('',#4833,1000.);
#1212=VECTOR('',#4834,1000.);
#1213=VECTOR('',#4839,1000.);
#1214=VECTOR('',#4844,1000.);
#1215=VECTOR('',#4845,1000.);
#1216=VECTOR('',#4846,1000.);
#1217=VECTOR('',#4851,1000.);
#1218=VECTOR('',#4856,1000.);
#1219=VECTOR('',#4857,1000.);
#1220=VECTOR('',#4858,1000.);
#1221=VECTOR('',#4863,1000.);
#1222=VECTOR('',#4868,1000.);
#1223=VECTOR('',#4869,1000.);
#1224=VECTOR('',#4876,1000.);
#1225=VECTOR('',#4877,1000.);
#1226=VECTOR('',#4878,1000.);
#1227=VECTOR('',#4879,1000.);
#1228=VECTOR('',#4882,1000.);
#1229=VECTOR('',#4883,1000.);
#1230=VECTOR('',#4884,1000.);
#1231=VECTOR('',#4887,1000.);
#1232=VECTOR('',#4888,1000.);
#1233=VECTOR('',#4889,1000.);
#1234=VECTOR('',#4892,1000.);
#1235=VECTOR('',#4893,1000.);
#1236=VECTOR('',#4894,1000.);
#1237=VECTOR('',#4897,1000.);
#1238=VECTOR('',#4898,1000.);
#1239=VECTOR('',#4899,1000.);
#1240=VECTOR('',#4904,1000.);
#1241=VECTOR('',#4909,1000.);
#1242=VECTOR('',#4910,1000.);
#1243=VECTOR('',#4911,1000.);
#1244=VECTOR('',#4916,1000.);
#1245=VECTOR('',#4921,1000.);
#1246=VECTOR('',#4922,1000.);
#1247=VECTOR('',#4923,1000.);
#1248=VECTOR('',#4928,1000.);
#1249=VECTOR('',#4933,1000.);
#1250=VECTOR('',#4934,1000.);
#1251=VECTOR('',#4935,1000.);
#1252=VECTOR('',#4938,1000.);
#1253=VECTOR('',#4939,1000.);
#1254=VECTOR('',#4940,1000.);
#1255=VECTOR('',#4945,1000.);
#1256=VECTOR('',#4950,1000.);
#1257=VECTOR('',#4951,1000.);
#1258=VECTOR('',#4952,1000.);
#1259=VECTOR('',#4957,1000.);
#1260=VECTOR('',#4962,1000.);
#1261=VECTOR('',#4963,1000.);
#1262=VECTOR('',#4964,1000.);
#1263=VECTOR('',#4969,1000.);
#1264=VECTOR('',#4974,1000.);
#1265=VECTOR('',#4975,1000.);
#1266=VECTOR('',#4982,1000.);
#1267=VECTOR('',#4983,1000.);
#1268=VECTOR('',#4984,1000.);
#1269=VECTOR('',#4985,1000.);
#1270=VECTOR('',#4988,1000.);
#1271=VECTOR('',#4989,1000.);
#1272=VECTOR('',#4990,1000.);
#1273=VECTOR('',#4993,1000.);
#1274=VECTOR('',#4994,1000.);
#1275=VECTOR('',#4995,1000.);
#1276=VECTOR('',#4998,1000.);
#1277=VECTOR('',#4999,1000.);
#1278=VECTOR('',#5000,1000.);
#1279=VECTOR('',#5003,1000.);
#1280=VECTOR('',#5004,1000.);
#1281=VECTOR('',#5005,1000.);
#1282=VECTOR('',#5010,1000.);
#1283=VECTOR('',#5015,1000.);
#1284=VECTOR('',#5016,1000.);
#1285=VECTOR('',#5017,1000.);
#1286=VECTOR('',#5022,1000.);
#1287=VECTOR('',#5027,1000.);
#1288=VECTOR('',#5028,1000.);
#1289=VECTOR('',#5029,1000.);
#1290=VECTOR('',#5034,1000.);
#1291=VECTOR('',#5039,1000.);
#1292=VECTOR('',#5040,1000.);
#1293=VECTOR('',#5041,1000.);
#1294=VECTOR('',#5044,1000.);
#1295=VECTOR('',#5045,1000.);
#1296=VECTOR('',#5046,1000.);
#1297=VECTOR('',#5051,1000.);
#1298=VECTOR('',#5056,1000.);
#1299=VECTOR('',#5057,1000.);
#1300=VECTOR('',#5058,1000.);
#1301=VECTOR('',#5063,1000.);
#1302=VECTOR('',#5068,1000.);
#1303=VECTOR('',#5069,1000.);
#1304=VECTOR('',#5070,1000.);
#1305=VECTOR('',#5075,1000.);
#1306=VECTOR('',#5080,1000.);
#1307=VECTOR('',#5081,1000.);
#1308=VECTOR('',#5088,1000.);
#1309=VECTOR('',#5089,1000.);
#1310=VECTOR('',#5090,1000.);
#1311=VECTOR('',#5091,1000.);
#1312=VECTOR('',#5094,1000.);
#1313=VECTOR('',#5095,1000.);
#1314=VECTOR('',#5096,1000.);
#1315=VECTOR('',#5099,1000.);
#1316=VECTOR('',#5100,1000.);
#1317=VECTOR('',#5101,1000.);
#1318=VECTOR('',#5104,1000.);
#1319=VECTOR('',#5105,1000.);
#1320=VECTOR('',#5106,1000.);
#1321=VECTOR('',#5109,1000.);
#1322=VECTOR('',#5110,1000.);
#1323=VECTOR('',#5111,1000.);
#1324=VECTOR('',#5116,1000.);
#1325=VECTOR('',#5121,1000.);
#1326=VECTOR('',#5122,1000.);
#1327=VECTOR('',#5123,1000.);
#1328=VECTOR('',#5128,1000.);
#1329=VECTOR('',#5135,1000.);
#1330=VECTOR('',#5140,1000.);
#1331=VECTOR('',#5141,1000.);
#1332=VECTOR('',#5142,1000.);
#1333=VECTOR('',#5147,1000.);
#1334=VECTOR('',#5154,1000.);
#1335=VECTOR('',#5159,1000.);
#1336=VECTOR('',#5160,1000.);
#1337=VECTOR('',#5161,1000.);
#1338=VECTOR('',#5166,1000.);
#1339=VECTOR('',#5171,1000.);
#1340=VECTOR('',#5172,1000.);
#1341=VECTOR('',#5173,1000.);
#1342=VECTOR('',#5176,1000.);
#1343=VECTOR('',#5177,1000.);
#1344=VECTOR('',#5178,1000.);
#1345=VECTOR('',#5181,1000.);
#1346=VECTOR('',#5182,1000.);
#1347=VECTOR('',#5183,1000.);
#1348=VECTOR('',#5188,1000.);
#1349=VECTOR('',#5193,1000.);
#1350=VECTOR('',#5194,1000.);
#1351=VECTOR('',#5195,1000.);
#1352=VECTOR('',#5200,1000.);
#1353=VECTOR('',#5205,1000.);
#1354=VECTOR('',#5206,1000.);
#1355=VECTOR('',#5207,1000.);
#1356=VECTOR('',#5210,1000.);
#1357=VECTOR('',#5211,1000.);
#1358=VECTOR('',#5212,1000.);
#1359=VECTOR('',#5215,1000.);
#1360=VECTOR('',#5216,1000.);
#1361=VECTOR('',#5223,1000.);
#1362=VECTOR('',#5224,1000.);
#1363=VECTOR('',#5225,1000.);
#1364=VECTOR('',#5226,1000.);
#1365=VECTOR('',#5229,1000.);
#1366=VECTOR('',#5230,1000.);
#1367=VECTOR('',#5231,1000.);
#1368=VECTOR('',#5234,1000.);
#1369=VECTOR('',#5235,1000.);
#1370=VECTOR('',#5236,1000.);
#1371=VECTOR('',#5239,1000.);
#1372=VECTOR('',#5240,1000.);
#1373=VECTOR('',#5241,1000.);
#1374=VECTOR('',#5244,1000.);
#1375=VECTOR('',#5245,1000.);
#1376=VECTOR('',#5246,1000.);
#1377=VECTOR('',#5251,1000.);
#1378=VECTOR('',#5256,1000.);
#1379=VECTOR('',#5257,1000.);
#1380=VECTOR('',#5258,1000.);
#1381=VECTOR('',#5263,1000.);
#1382=VECTOR('',#5268,1000.);
#1383=VECTOR('',#5269,1000.);
#1384=VECTOR('',#5270,1000.);
#1385=VECTOR('',#5275,1000.);
#1386=VECTOR('',#5280,1000.);
#1387=VECTOR('',#5281,1000.);
#1388=VECTOR('',#5282,1000.);
#1389=VECTOR('',#5285,1000.);
#1390=VECTOR('',#5286,1000.);
#1391=VECTOR('',#5287,1000.);
#1392=VECTOR('',#5292,1000.);
#1393=VECTOR('',#5297,1000.);
#1394=VECTOR('',#5298,1000.);
#1395=VECTOR('',#5299,1000.);
#1396=VECTOR('',#5304,1000.);
#1397=VECTOR('',#5309,1000.);
#1398=VECTOR('',#5310,1000.);
#1399=VECTOR('',#5311,1000.);
#1400=VECTOR('',#5316,1000.);
#1401=VECTOR('',#5321,1000.);
#1402=VECTOR('',#5322,1000.);
#1403=VECTOR('',#5329,1000.);
#1404=VECTOR('',#5330,1000.);
#1405=VECTOR('',#5331,1000.);
#1406=VECTOR('',#5332,1000.);
#1407=VECTOR('',#5333,1000.);
#1408=VECTOR('',#5334,1000.);
#1409=VECTOR('',#5335,1000.);
#1410=VECTOR('',#5336,1000.);
#1411=VECTOR('',#5337,1000.);
#1412=VECTOR('',#5338,1000.);
#1413=VECTOR('',#5339,1000.);
#1414=VECTOR('',#5340,1000.);
#1415=VECTOR('',#5341,1000.);
#1416=VECTOR('',#5342,1000.);
#1417=VECTOR('',#5343,1000.);
#1418=VECTOR('',#5344,1000.);
#1419=VECTOR('',#5347,1000.);
#1420=VECTOR('',#5348,1000.);
#1421=VECTOR('',#5349,1000.);
#1422=VECTOR('',#5350,1000.);
#1423=VECTOR('',#5351,1000.);
#1424=VECTOR('',#5352,1000.);
#1425=VECTOR('',#5353,1000.);
#1426=VECTOR('',#5354,1000.);
#1427=VECTOR('',#5355,1000.);
#1428=VECTOR('',#5356,1000.);
#1429=VECTOR('',#5357,1000.);
#1430=VECTOR('',#5358,1000.);
#1431=VECTOR('',#5359,1000.);
#1432=VECTOR('',#5360,1000.);
#1433=VECTOR('',#5361,1000.);
#1434=VECTOR('',#5362,1000.);
#1435=VECTOR('',#5363,1000.);
#1436=VECTOR('',#5364,1000.);
#1437=VECTOR('',#5365,1000.);
#1438=VECTOR('',#5366,1000.);
#1439=VECTOR('',#5367,1000.);
#1440=VECTOR('',#5368,1000.);
#1441=VECTOR('',#5369,1000.);
#1442=VECTOR('',#5370,1000.);
#1443=VECTOR('',#5371,1000.);
#1444=VECTOR('',#5372,1000.);
#1445=VECTOR('',#5373,1000.);
#1446=VECTOR('',#5374,1000.);
#1447=VECTOR('',#5375,1000.);
#1448=VECTOR('',#5376,1000.);
#1449=VECTOR('',#5377,1000.);
#1450=VECTOR('',#5378,1000.);
#1451=VECTOR('',#5381,1000.);
#1452=VECTOR('',#5382,1000.);
#1453=VECTOR('',#5383,1000.);
#1454=VECTOR('',#5386,1000.);
#1455=VECTOR('',#5387,1000.);
#1456=VECTOR('',#5388,1000.);
#1457=VECTOR('',#5389,1000.);
#1458=VECTOR('',#5390,1000.);
#1459=VECTOR('',#5391,1000.);
#1460=VECTOR('',#5392,1000.);
#1461=VECTOR('',#5393,1000.);
#1462=VECTOR('',#5394,1000.);
#1463=VECTOR('',#5395,1000.);
#1464=VECTOR('',#5396,1000.);
#1465=VECTOR('',#5397,1000.);
#1466=VECTOR('',#5398,1000.);
#1467=VECTOR('',#5399,1000.);
#1468=VECTOR('',#5400,1000.);
#1469=VECTOR('',#5401,1000.);
#1470=VECTOR('',#5404,1000.);
#1471=VECTOR('',#5405,1000.);
#1472=VECTOR('',#5406,1000.);
#1473=VECTOR('',#5409,1000.);
#1474=VECTOR('',#5410,1000.);
#1475=VECTOR('',#5411,1000.);
#1476=VECTOR('',#5414,1000.);
#1477=VECTOR('',#5415,1000.);
#1478=VECTOR('',#5416,1000.);
#1479=VECTOR('',#5417,1000.);
#1480=VECTOR('',#5418,1000.);
#1481=VECTOR('',#5419,1000.);
#1482=VECTOR('',#5422,1000.);
#1483=VECTOR('',#5423,1000.);
#1484=VECTOR('',#5424,1000.);
#1485=VECTOR('',#5425,1000.);
#1486=VECTOR('',#5426,1000.);
#1487=VECTOR('',#5427,1000.);
#1488=VECTOR('',#5428,1000.);
#1489=VECTOR('',#5429,1000.);
#1490=VECTOR('',#5430,1000.);
#1491=VECTOR('',#5431,1000.);
#1492=VECTOR('',#5432,1000.);
#1493=VECTOR('',#5433,1000.);
#1494=VECTOR('',#5434,1000.);
#1495=VECTOR('',#5435,1000.);
#1496=VECTOR('',#5436,1000.);
#1497=VECTOR('',#5437,1000.);
#1498=VECTOR('',#5438,1000.);
#1499=VECTOR('',#5439,1000.);
#1500=VECTOR('',#5440,1000.);
#1501=VECTOR('',#5441,1000.);
#1502=VECTOR('',#5442,1000.);
#1503=VECTOR('',#5443,1000.);
#1504=VECTOR('',#5444,1000.);
#1505=VECTOR('',#5445,1000.);
#1506=VECTOR('',#5446,1000.);
#1507=VECTOR('',#5447,1000.);
#1508=VECTOR('',#5448,1000.);
#1509=VECTOR('',#5449,1000.);
#1510=VECTOR('',#5452,1000.);
#1511=VECTOR('',#5453,1000.);
#1512=VECTOR('',#5456,1000.);
#1513=VECTOR('',#5457,1000.);
#1514=VECTOR('',#5460,1000.);
#1515=VECTOR('',#5461,1000.);
#1516=VECTOR('',#5464,1000.);
#1517=VECTOR('',#5465,1000.);
#1518=VECTOR('',#5466,1000.);
#1519=VECTOR('',#5469,1000.);
#1520=VECTOR('',#5470,1000.);
#1521=VECTOR('',#5471,1000.);
#1522=VECTOR('',#5474,1000.);
#1523=VECTOR('',#5475,1000.);
#1524=VECTOR('',#5476,1000.);
#1525=VECTOR('',#5479,1000.);
#1526=VECTOR('',#5480,1000.);
#1527=VECTOR('',#5481,1000.);
#1528=VECTOR('',#5482,1000.);
#1529=VECTOR('',#5485,1000.);
#1530=VECTOR('',#5486,1000.);
#1531=VECTOR('',#5487,1000.);
#1532=VECTOR('',#5488,1000.);
#1533=VECTOR('',#5491,1000.);
#1534=VECTOR('',#5492,1000.);
#1535=VECTOR('',#5493,1000.);
#1536=VECTOR('',#5494,1000.);
#1537=VECTOR('',#5495,1000.);
#1538=VECTOR('',#5496,1000.);
#1539=VECTOR('',#5499,1000.);
#1540=VECTOR('',#5500,1000.);
#1541=VECTOR('',#5501,1000.);
#1542=VECTOR('',#5502,1000.);
#1543=VECTOR('',#5505,1000.);
#1544=VECTOR('',#5506,1000.);
#1545=VECTOR('',#5507,1000.);
#1546=VECTOR('',#5508,1000.);
#1547=VECTOR('',#5509,1000.);
#1548=VECTOR('',#5510,1000.);
#1549=VECTOR('',#5511,1000.);
#1550=VECTOR('',#5512,1000.);
#1551=VECTOR('',#5513,1000.);
#1552=VECTOR('',#5514,1000.);
#1553=VECTOR('',#5517,1000.);
#1554=VECTOR('',#5518,1000.);
#1555=VECTOR('',#5519,1000.);
#1556=VECTOR('',#5522,1000.);
#1557=VECTOR('',#5523,1000.);
#1558=VECTOR('',#5524,1000.);
#1559=VECTOR('',#5525,1000.);
#1560=VECTOR('',#5528,1000.);
#1561=VECTOR('',#5531,1000.);
#1562=VECTOR('',#5534,1000.);
#1563=VECTOR('',#5535,1000.);
#1564=VECTOR('',#5538,1000.);
#1565=VECTOR('',#5543,1000.);
#1566=VECTOR('',#5548,1000.);
#1567=VECTOR('',#5549,1000.);
#1568=VECTOR('',#5550,1000.);
#1569=VECTOR('',#5551,1000.);
#1570=VECTOR('',#5552,1000.);
#1571=VECTOR('',#5555,1000.);
#1572=VECTOR('',#5556,1000.);
#1573=VECTOR('',#5557,1000.);
#1574=VECTOR('',#5560,1000.);
#1575=VECTOR('',#5561,1000.);
#1576=VECTOR('',#5564,1000.);
#1577=VECTOR('',#5565,1000.);
#1578=VECTOR('',#5572,1000.);
#1579=VECTOR('',#5579,1000.);
#1580=VECTOR('',#5580,1000.);
#1581=VECTOR('',#5583,1000.);
#1582=VECTOR('',#5592,1000.);
#1583=VECTOR('',#5593,1000.);
#1584=VECTOR('',#5594,1000.);
#1585=VECTOR('',#5597,1000.);
#1586=VECTOR('',#5598,1000.);
#1587=VECTOR('',#5599,1000.);
#1588=VECTOR('',#5602,1000.);
#1589=VECTOR('',#5603,1000.);
#1590=VECTOR('',#5604,1000.);
#1591=VECTOR('',#5613,1000.);
#1592=VECTOR('',#5616,1000.);
#1593=VECTOR('',#5623,1000.);
#1594=VECTOR('',#5624,1000.);
#1595=VECTOR('',#5625,1000.);
#1596=VECTOR('',#5626,1000.);
#1597=VECTOR('',#5629,1000.);
#1598=VECTOR('',#5630,1000.);
#1599=VECTOR('',#5631,1000.);
#1600=VECTOR('',#5632,1000.);
#1601=VECTOR('',#5635,1000.);
#1602=VECTOR('',#5636,1000.);
#1603=VECTOR('',#5637,1000.);
#1604=VECTOR('',#5640,1000.);
#1605=VECTOR('',#5641,1000.);
#1606=VECTOR('',#5642,1000.);
#1607=VECTOR('',#5643,1000.);
#1608=VECTOR('',#5646,1000.);
#1609=VECTOR('',#5647,1000.);
#1610=VECTOR('',#5648,1000.);
#1611=VECTOR('',#5651,1000.);
#1612=VECTOR('',#5652,1000.);
#1613=VECTOR('',#5653,1000.);
#1614=VECTOR('',#5656,1000.);
#1615=VECTOR('',#5657,1000.);
#1616=VECTOR('',#5658,1000.);
#1617=VECTOR('',#5661,1000.);
#1618=VECTOR('',#5662,1000.);
#1619=VECTOR('',#5665,1000.);
#1620=VECTOR('',#5666,1000.);
#1621=VECTOR('',#5667,1000.);
#1622=VECTOR('',#5668,1000.);
#1623=VECTOR('',#5669,1000.);
#1624=VECTOR('',#5672,1000.);
#1625=VECTOR('',#5673,1000.);
#1626=VECTOR('',#5674,1000.);
#1627=VECTOR('',#5677,1000.);
#1628=VECTOR('',#5678,1000.);
#1629=VECTOR('',#5679,1000.);
#1630=VECTOR('',#5682,1000.);
#1631=VECTOR('',#5683,1000.);
#1632=VECTOR('',#5686,1000.);
#1633=VECTOR('',#5687,1000.);
#1634=VECTOR('',#5690,1000.);
#1635=VECTOR('',#5691,1000.);
#1636=VECTOR('',#5694,1000.);
#1637=VECTOR('',#5695,1000.);
#1638=VECTOR('',#5696,1000.);
#1639=VECTOR('',#5699,1000.);
#1640=VECTOR('',#5702,1000.);
#1641=VECTOR('',#5703,1000.);
#1642=VECTOR('',#5706,1000.);
#1643=VECTOR('',#5707,1000.);
#1644=VECTOR('',#5710,1000.);
#1645=VECTOR('',#5711,1000.);
#1646=VECTOR('',#5712,1000.);
#1647=VECTOR('',#5715,1000.);
#1648=VECTOR('',#5716,1000.);
#1649=VECTOR('',#5719,1000.);
#1650=VECTOR('',#5722,1000.);
#1651=VECTOR('',#5723,1000.);
#1652=VECTOR('',#5728,1000.);
#1653=VECTOR('',#5731,1000.);
#1654=VECTOR('',#5734,1000.);
#1655=VECTOR('',#5737,1000.);
#1656=VECTOR('',#5740,1000.);
#1657=VECTOR('',#5743,1000.);
#1658=VECTOR('',#5746,1000.);
#1659=VECTOR('',#5749,1000.);
#1660=VECTOR('',#5752,1000.);
#1661=VECTOR('',#5755,1000.);
#1662=VECTOR('',#5758,1000.);
#1663=VERTEX_POINT('',#5769);
#1664=VERTEX_POINT('',#5770);
#1665=VERTEX_POINT('',#5772);
#1666=VERTEX_POINT('',#5774);
#1667=VERTEX_POINT('',#5778);
#1668=VERTEX_POINT('',#5780);
#1669=VERTEX_POINT('',#5784);
#1670=VERTEX_POINT('',#5786);
#1671=VERTEX_POINT('',#5790);
#1672=VERTEX_POINT('',#5792);
#1673=VERTEX_POINT('',#5796);
#1674=VERTEX_POINT('',#5798);
#1675=VERTEX_POINT('',#5802);
#1676=VERTEX_POINT('',#5804);
#1677=VERTEX_POINT('',#5808);
#1678=VERTEX_POINT('',#5810);
#1679=VERTEX_POINT('',#5814);
#1680=VERTEX_POINT('',#5816);
#1681=VERTEX_POINT('',#5820);
#1682=VERTEX_POINT('',#5822);
#1683=VERTEX_POINT('',#5826);
#1684=VERTEX_POINT('',#5828);
#1685=VERTEX_POINT('',#5832);
#1686=VERTEX_POINT('',#5834);
#1687=VERTEX_POINT('',#5838);
#1688=VERTEX_POINT('',#5840);
#1689=VERTEX_POINT('',#5844);
#1690=VERTEX_POINT('',#5846);
#1691=VERTEX_POINT('',#5850);
#1692=VERTEX_POINT('',#5852);
#1693=VERTEX_POINT('',#5856);
#1694=VERTEX_POINT('',#5858);
#1695=VERTEX_POINT('',#5862);
#1696=VERTEX_POINT('',#5864);
#1697=VERTEX_POINT('',#5868);
#1698=VERTEX_POINT('',#5870);
#1699=VERTEX_POINT('',#5874);
#1700=VERTEX_POINT('',#5876);
#1701=VERTEX_POINT('',#5880);
#1702=VERTEX_POINT('',#5882);
#1703=VERTEX_POINT('',#5886);
#1704=VERTEX_POINT('',#5888);
#1705=VERTEX_POINT('',#5892);
#1706=VERTEX_POINT('',#5894);
#1707=VERTEX_POINT('',#5898);
#1708=VERTEX_POINT('',#5900);
#1709=VERTEX_POINT('',#5909);
#1710=VERTEX_POINT('',#5910);
#1711=VERTEX_POINT('',#5912);
#1712=VERTEX_POINT('',#5914);
#1713=VERTEX_POINT('',#5918);
#1714=VERTEX_POINT('',#5920);
#1715=VERTEX_POINT('',#5924);
#1716=VERTEX_POINT('',#5926);
#1717=VERTEX_POINT('',#5930);
#1718=VERTEX_POINT('',#5932);
#1719=VERTEX_POINT('',#5936);
#1720=VERTEX_POINT('',#5938);
#1721=VERTEX_POINT('',#5942);
#1722=VERTEX_POINT('',#5944);
#1723=VERTEX_POINT('',#5948);
#1724=VERTEX_POINT('',#5950);
#1725=VERTEX_POINT('',#5954);
#1726=VERTEX_POINT('',#5956);
#1727=VERTEX_POINT('',#5960);
#1728=VERTEX_POINT('',#5962);
#1729=VERTEX_POINT('',#5966);
#1730=VERTEX_POINT('',#5968);
#1731=VERTEX_POINT('',#5972);
#1732=VERTEX_POINT('',#5974);
#1733=VERTEX_POINT('',#5978);
#1734=VERTEX_POINT('',#5980);
#1735=VERTEX_POINT('',#5984);
#1736=VERTEX_POINT('',#5986);
#1737=VERTEX_POINT('',#5990);
#1738=VERTEX_POINT('',#5992);
#1739=VERTEX_POINT('',#5996);
#1740=VERTEX_POINT('',#5998);
#1741=VERTEX_POINT('',#6002);
#1742=VERTEX_POINT('',#6004);
#1743=VERTEX_POINT('',#6008);
#1744=VERTEX_POINT('',#6010);
#1745=VERTEX_POINT('',#6019);
#1746=VERTEX_POINT('',#6020);
#1747=VERTEX_POINT('',#6022);
#1748=VERTEX_POINT('',#6024);
#1749=VERTEX_POINT('',#6028);
#1750=VERTEX_POINT('',#6030);
#1751=VERTEX_POINT('',#6034);
#1752=VERTEX_POINT('',#6036);
#1753=VERTEX_POINT('',#6040);
#1754=VERTEX_POINT('',#6042);
#1755=VERTEX_POINT('',#6046);
#1756=VERTEX_POINT('',#6048);
#1757=VERTEX_POINT('',#6052);
#1758=VERTEX_POINT('',#6054);
#1759=VERTEX_POINT('',#6058);
#1760=VERTEX_POINT('',#6060);
#1761=VERTEX_POINT('',#6064);
#1762=VERTEX_POINT('',#6066);
#1763=VERTEX_POINT('',#6070);
#1764=VERTEX_POINT('',#6072);
#1765=VERTEX_POINT('',#6076);
#1766=VERTEX_POINT('',#6078);
#1767=VERTEX_POINT('',#6082);
#1768=VERTEX_POINT('',#6084);
#1769=VERTEX_POINT('',#6088);
#1770=VERTEX_POINT('',#6090);
#1771=VERTEX_POINT('',#6094);
#1772=VERTEX_POINT('',#6096);
#1773=VERTEX_POINT('',#6100);
#1774=VERTEX_POINT('',#6102);
#1775=VERTEX_POINT('',#6106);
#1776=VERTEX_POINT('',#6108);
#1777=VERTEX_POINT('',#6112);
#1778=VERTEX_POINT('',#6114);
#1779=VERTEX_POINT('',#6118);
#1780=VERTEX_POINT('',#6120);
#1781=VERTEX_POINT('',#6129);
#1782=VERTEX_POINT('',#6130);
#1783=VERTEX_POINT('',#6132);
#1784=VERTEX_POINT('',#6134);
#1785=VERTEX_POINT('',#6138);
#1786=VERTEX_POINT('',#6140);
#1787=VERTEX_POINT('',#6144);
#1788=VERTEX_POINT('',#6146);
#1789=VERTEX_POINT('',#6150);
#1790=VERTEX_POINT('',#6152);
#1791=VERTEX_POINT('',#6156);
#1792=VERTEX_POINT('',#6158);
#1793=VERTEX_POINT('',#6162);
#1794=VERTEX_POINT('',#6164);
#1795=VERTEX_POINT('',#6168);
#1796=VERTEX_POINT('',#6170);
#1797=VERTEX_POINT('',#6174);
#1798=VERTEX_POINT('',#6176);
#1799=VERTEX_POINT('',#6180);
#1800=VERTEX_POINT('',#6182);
#1801=VERTEX_POINT('',#6186);
#1802=VERTEX_POINT('',#6188);
#1803=VERTEX_POINT('',#6192);
#1804=VERTEX_POINT('',#6194);
#1805=VERTEX_POINT('',#6198);
#1806=VERTEX_POINT('',#6200);
#1807=VERTEX_POINT('',#6204);
#1808=VERTEX_POINT('',#6206);
#1809=VERTEX_POINT('',#6210);
#1810=VERTEX_POINT('',#6212);
#1811=VERTEX_POINT('',#6216);
#1812=VERTEX_POINT('',#6218);
#1813=VERTEX_POINT('',#6222);
#1814=VERTEX_POINT('',#6224);
#1815=VERTEX_POINT('',#6228);
#1816=VERTEX_POINT('',#6230);
#1817=VERTEX_POINT('',#6239);
#1818=VERTEX_POINT('',#6240);
#1819=VERTEX_POINT('',#6242);
#1820=VERTEX_POINT('',#6244);
#1821=VERTEX_POINT('',#6248);
#1822=VERTEX_POINT('',#6250);
#1823=VERTEX_POINT('',#6254);
#1824=VERTEX_POINT('',#6256);
#1825=VERTEX_POINT('',#6260);
#1826=VERTEX_POINT('',#6262);
#1827=VERTEX_POINT('',#6266);
#1828=VERTEX_POINT('',#6268);
#1829=VERTEX_POINT('',#6272);
#1830=VERTEX_POINT('',#6274);
#1831=VERTEX_POINT('',#6278);
#1832=VERTEX_POINT('',#6280);
#1833=VERTEX_POINT('',#6284);
#1834=VERTEX_POINT('',#6286);
#1835=VERTEX_POINT('',#6290);
#1836=VERTEX_POINT('',#6292);
#1837=VERTEX_POINT('',#6296);
#1838=VERTEX_POINT('',#6298);
#1839=VERTEX_POINT('',#6302);
#1840=VERTEX_POINT('',#6304);
#1841=VERTEX_POINT('',#6308);
#1842=VERTEX_POINT('',#6310);
#1843=VERTEX_POINT('',#6314);
#1844=VERTEX_POINT('',#6316);
#1845=VERTEX_POINT('',#6320);
#1846=VERTEX_POINT('',#6322);
#1847=VERTEX_POINT('',#6326);
#1848=VERTEX_POINT('',#6328);
#1849=VERTEX_POINT('',#6332);
#1850=VERTEX_POINT('',#6334);
#1851=VERTEX_POINT('',#6338);
#1852=VERTEX_POINT('',#6340);
#1853=VERTEX_POINT('',#6344);
#1854=VERTEX_POINT('',#6346);
#1855=VERTEX_POINT('',#6350);
#1856=VERTEX_POINT('',#6352);
#1857=VERTEX_POINT('',#6356);
#1858=VERTEX_POINT('',#6358);
#1859=VERTEX_POINT('',#6362);
#1860=VERTEX_POINT('',#6364);
#1861=VERTEX_POINT('',#6368);
#1862=VERTEX_POINT('',#6370);
#1863=VERTEX_POINT('',#6379);
#1864=VERTEX_POINT('',#6380);
#1865=VERTEX_POINT('',#6382);
#1866=VERTEX_POINT('',#6384);
#1867=VERTEX_POINT('',#6388);
#1868=VERTEX_POINT('',#6390);
#1869=VERTEX_POINT('',#6394);
#1870=VERTEX_POINT('',#6396);
#1871=VERTEX_POINT('',#6400);
#1872=VERTEX_POINT('',#6402);
#1873=VERTEX_POINT('',#6406);
#1874=VERTEX_POINT('',#6408);
#1875=VERTEX_POINT('',#6412);
#1876=VERTEX_POINT('',#6414);
#1877=VERTEX_POINT('',#6418);
#1878=VERTEX_POINT('',#6420);
#1879=VERTEX_POINT('',#6424);
#1880=VERTEX_POINT('',#6426);
#1881=VERTEX_POINT('',#6430);
#1882=VERTEX_POINT('',#6432);
#1883=VERTEX_POINT('',#6436);
#1884=VERTEX_POINT('',#6438);
#1885=VERTEX_POINT('',#6442);
#1886=VERTEX_POINT('',#6444);
#1887=VERTEX_POINT('',#6448);
#1888=VERTEX_POINT('',#6450);
#1889=VERTEX_POINT('',#6454);
#1890=VERTEX_POINT('',#6456);
#1891=VERTEX_POINT('',#6460);
#1892=VERTEX_POINT('',#6462);
#1893=VERTEX_POINT('',#6466);
#1894=VERTEX_POINT('',#6468);
#1895=VERTEX_POINT('',#6472);
#1896=VERTEX_POINT('',#6474);
#1897=VERTEX_POINT('',#6478);
#1898=VERTEX_POINT('',#6480);
#1899=VERTEX_POINT('',#6489);
#1900=VERTEX_POINT('',#6490);
#1901=VERTEX_POINT('',#6492);
#1902=VERTEX_POINT('',#6494);
#1903=VERTEX_POINT('',#6496);
#1904=VERTEX_POINT('',#6498);
#1905=VERTEX_POINT('',#6500);
#1906=VERTEX_POINT('',#6502);
#1907=VERTEX_POINT('',#6504);
#1908=VERTEX_POINT('',#6506);
#1909=VERTEX_POINT('',#6508);
#1910=VERTEX_POINT('',#6510);
#1911=VERTEX_POINT('',#6512);
#1912=VERTEX_POINT('',#6514);
#1913=VERTEX_POINT('',#6516);
#1914=VERTEX_POINT('',#6518);
#1915=VERTEX_POINT('',#6522);
#1916=VERTEX_POINT('',#6523);
#1917=VERTEX_POINT('',#6525);
#1918=VERTEX_POINT('',#6527);
#1919=VERTEX_POINT('',#6529);
#1920=VERTEX_POINT('',#6531);
#1921=VERTEX_POINT('',#6533);
#1922=VERTEX_POINT('',#6535);
#1923=VERTEX_POINT('',#6537);
#1924=VERTEX_POINT('',#6539);
#1925=VERTEX_POINT('',#6541);
#1926=VERTEX_POINT('',#6543);
#1927=VERTEX_POINT('',#6545);
#1928=VERTEX_POINT('',#6547);
#1929=VERTEX_POINT('',#6549);
#1930=VERTEX_POINT('',#6551);
#1931=VERTEX_POINT('',#6553);
#1932=VERTEX_POINT('',#6555);
#1933=VERTEX_POINT('',#6557);
#1934=VERTEX_POINT('',#6559);
#1935=VERTEX_POINT('',#6562);
#1936=VERTEX_POINT('',#6563);
#1937=VERTEX_POINT('',#6565);
#1938=VERTEX_POINT('',#6567);
#1939=VERTEX_POINT('',#6569);
#1940=VERTEX_POINT('',#6571);
#1941=VERTEX_POINT('',#6573);
#1942=VERTEX_POINT('',#6575);
#1943=VERTEX_POINT('',#6577);
#1944=VERTEX_POINT('',#6579);
#1945=VERTEX_POINT('',#6581);
#1946=VERTEX_POINT('',#6583);
#1947=VERTEX_POINT('',#6587);
#1948=VERTEX_POINT('',#6588);
#1949=VERTEX_POINT('',#6593);
#1950=VERTEX_POINT('',#6594);
#1951=VERTEX_POINT('',#6596);
#1952=VERTEX_POINT('',#6598);
#1953=VERTEX_POINT('',#6601);
#1954=VERTEX_POINT('',#6602);
#1955=VERTEX_POINT('',#6604);
#1956=VERTEX_POINT('',#6606);
#1957=VERTEX_POINT('',#6609);
#1958=VERTEX_POINT('',#6610);
#1959=VERTEX_POINT('',#6612);
#1960=VERTEX_POINT('',#6614);
#1961=VERTEX_POINT('',#6617);
#1962=VERTEX_POINT('',#6618);
#1963=VERTEX_POINT('',#6620);
#1964=VERTEX_POINT('',#6622);
#1965=VERTEX_POINT('',#6626);
#1966=VERTEX_POINT('',#6627);
#1967=VERTEX_POINT('',#6632);
#1968=VERTEX_POINT('',#6634);
#1969=VERTEX_POINT('',#6638);
#1970=VERTEX_POINT('',#6640);
#1971=VERTEX_POINT('',#6643);
#1972=VERTEX_POINT('',#6645);
#1973=VERTEX_POINT('',#6649);
#1974=VERTEX_POINT('',#6650);
#1975=VERTEX_POINT('',#6652);
#1976=VERTEX_POINT('',#6654);
#1977=VERTEX_POINT('',#6656);
#1978=VERTEX_POINT('',#6658);
#1979=VERTEX_POINT('',#6660);
#1980=VERTEX_POINT('',#6662);
#1981=VERTEX_POINT('',#6664);
#1982=VERTEX_POINT('',#6666);
#1983=VERTEX_POINT('',#6668);
#1984=VERTEX_POINT('',#6670);
#1985=VERTEX_POINT('',#6672);
#1986=VERTEX_POINT('',#6675);
#1987=VERTEX_POINT('',#6677);
#1988=VERTEX_POINT('',#6680);
#1989=VERTEX_POINT('',#6682);
#1990=VERTEX_POINT('',#6684);
#1991=VERTEX_POINT('',#6686);
#1992=VERTEX_POINT('',#6688);
#1993=VERTEX_POINT('',#6690);
#1994=VERTEX_POINT('',#6692);
#1995=VERTEX_POINT('',#6694);
#1996=VERTEX_POINT('',#6696);
#1997=VERTEX_POINT('',#6698);
#1998=VERTEX_POINT('',#6700);
#1999=VERTEX_POINT('',#6713);
#2000=VERTEX_POINT('',#6714);
#2001=VERTEX_POINT('',#6719);
#2002=VERTEX_POINT('',#6721);
#2003=VERTEX_POINT('',#6725);
#2004=VERTEX_POINT('',#6727);
#2005=VERTEX_POINT('',#6731);
#2006=VERTEX_POINT('',#6734);
#2007=VERTEX_POINT('',#6738);
#2008=VERTEX_POINT('',#6740);
#2009=VERTEX_POINT('',#6742);
#2010=VERTEX_POINT('',#6746);
#2011=VERTEX_POINT('',#6747);
#2012=VERTEX_POINT('',#6750);
#2013=VERTEX_POINT('',#6752);
#2014=VERTEX_POINT('',#6754);
#2015=VERTEX_POINT('',#6758);
#2016=VERTEX_POINT('',#6760);
#2017=VERTEX_POINT('',#6765);
#2018=VERTEX_POINT('',#6767);
#2019=VERTEX_POINT('',#6769);
#2020=VERTEX_POINT('',#6771);
#2021=VERTEX_POINT('',#6773);
#2022=VERTEX_POINT('',#6776);
#2023=VERTEX_POINT('',#6778);
#2024=VERTEX_POINT('',#6780);
#2025=VERTEX_POINT('',#6784);
#2026=VERTEX_POINT('',#6789);
#2027=VERTEX_POINT('',#6791);
#2028=VERTEX_POINT('',#6809);
#2029=VERTEX_POINT('',#6810);
#2030=VERTEX_POINT('',#6813);
#2031=VERTEX_POINT('',#6815);
#2032=VERTEX_POINT('',#6820);
#2033=VERTEX_POINT('',#6824);
#2034=VERTEX_POINT('',#6837);
#2035=VERTEX_POINT('',#6867);
#2036=VERTEX_POINT('',#6868);
#2037=VERTEX_POINT('',#6870);
#2038=VERTEX_POINT('',#6872);
#2039=VERTEX_POINT('',#6876);
#2040=VERTEX_POINT('',#6878);
#2041=VERTEX_POINT('',#6880);
#2042=VERTEX_POINT('',#6884);
#2043=VERTEX_POINT('',#6885);
#2044=VERTEX_POINT('',#6890);
#2045=VERTEX_POINT('',#6891);
#2046=VERTEX_POINT('',#6893);
#2047=VERTEX_POINT('',#6895);
#2048=VERTEX_POINT('',#6899);
#2049=VERTEX_POINT('',#6900);
#2050=VERTEX_POINT('',#6905);
#2051=VERTEX_POINT('',#6907);
#2052=VERTEX_POINT('',#6911);
#2053=VERTEX_POINT('',#6912);
#2054=VERTEX_POINT('',#6917);
#2055=VERTEX_POINT('',#6921);
#2056=VERTEX_POINT('',#6922);
#2057=VERTEX_POINT('',#6924);
#2058=VERTEX_POINT('',#6927);
#2059=VERTEX_POINT('',#6931);
#2060=VERTEX_POINT('',#6933);
#2061=VERTEX_POINT('',#6937);
#2062=VERTEX_POINT('',#6939);
#2063=VERTEX_POINT('',#6946);
#2064=VERTEX_POINT('',#6950);
#2065=VERTEX_POINT('',#6954);
#2066=VERTEX_POINT('',#6961);
#2067=VERTEX_POINT('',#6968);
#2068=VERTEX_POINT('',#6970);
#2069=EDGE_CURVE('',#1663,#1664,#595,.T.);
#2070=EDGE_CURVE('',#1665,#1663,#596,.T.);
#2071=EDGE_CURVE('',#1665,#1666,#597,.T.);
#2072=EDGE_CURVE('',#1666,#1664,#598,.T.);
#2073=EDGE_CURVE('',#1664,#1667,#599,.T.);
#2074=EDGE_CURVE('',#1666,#1668,#600,.T.);
#2075=EDGE_CURVE('',#1668,#1667,#601,.T.);
#2076=EDGE_CURVE('',#1667,#1669,#602,.T.);
#2077=EDGE_CURVE('',#1668,#1670,#603,.T.);
#2078=EDGE_CURVE('',#1670,#1669,#604,.T.);
#2079=EDGE_CURVE('',#1669,#1671,#605,.T.);
#2080=EDGE_CURVE('',#1670,#1672,#606,.T.);
#2081=EDGE_CURVE('',#1672,#1671,#607,.T.);
#2082=EDGE_CURVE('',#1671,#1673,#608,.T.);
#2083=EDGE_CURVE('',#1672,#1674,#609,.T.);
#2084=EDGE_CURVE('',#1674,#1673,#610,.T.);
#2085=EDGE_CURVE('',#1673,#1675,#31,.T.);
#2086=EDGE_CURVE('',#1674,#1676,#32,.T.);
#2087=EDGE_CURVE('',#1676,#1675,#611,.T.);
#2088=EDGE_CURVE('',#1675,#1677,#612,.T.);
#2089=EDGE_CURVE('',#1676,#1678,#613,.T.);
#2090=EDGE_CURVE('',#1678,#1677,#614,.T.);
#2091=EDGE_CURVE('',#1677,#1679,#33,.T.);
#2092=EDGE_CURVE('',#1678,#1680,#34,.T.);
#2093=EDGE_CURVE('',#1680,#1679,#615,.T.);
#2094=EDGE_CURVE('',#1679,#1681,#35,.T.);
#2095=EDGE_CURVE('',#1680,#1682,#36,.T.);
#2096=EDGE_CURVE('',#1682,#1681,#616,.T.);
#2097=EDGE_CURVE('',#1681,#1683,#617,.T.);
#2098=EDGE_CURVE('',#1682,#1684,#618,.T.);
#2099=EDGE_CURVE('',#1684,#1683,#619,.T.);
#2100=EDGE_CURVE('',#1683,#1685,#37,.T.);
#2101=EDGE_CURVE('',#1684,#1686,#38,.T.);
#2102=EDGE_CURVE('',#1686,#1685,#620,.T.);
#2103=EDGE_CURVE('',#1685,#1687,#39,.T.);
#2104=EDGE_CURVE('',#1686,#1688,#40,.T.);
#2105=EDGE_CURVE('',#1688,#1687,#621,.T.);
#2106=EDGE_CURVE('',#1687,#1689,#622,.T.);
#2107=EDGE_CURVE('',#1688,#1690,#623,.T.);
#2108=EDGE_CURVE('',#1690,#1689,#624,.T.);
#2109=EDGE_CURVE('',#1689,#1691,#41,.T.);
#2110=EDGE_CURVE('',#1690,#1692,#42,.T.);
#2111=EDGE_CURVE('',#1692,#1691,#625,.T.);
#2112=EDGE_CURVE('',#1691,#1693,#626,.T.);
#2113=EDGE_CURVE('',#1692,#1694,#627,.T.);
#2114=EDGE_CURVE('',#1694,#1693,#628,.T.);
#2115=EDGE_CURVE('',#1693,#1695,#629,.T.);
#2116=EDGE_CURVE('',#1694,#1696,#630,.T.);
#2117=EDGE_CURVE('',#1696,#1695,#631,.T.);
#2118=EDGE_CURVE('',#1695,#1697,#632,.T.);
#2119=EDGE_CURVE('',#1696,#1698,#633,.T.);
#2120=EDGE_CURVE('',#1698,#1697,#634,.T.);
#2121=EDGE_CURVE('',#1697,#1699,#43,.T.);
#2122=EDGE_CURVE('',#1698,#1700,#44,.T.);
#2123=EDGE_CURVE('',#1700,#1699,#635,.T.);
#2124=EDGE_CURVE('',#1699,#1701,#636,.T.);
#2125=EDGE_CURVE('',#1700,#1702,#637,.T.);
#2126=EDGE_CURVE('',#1702,#1701,#638,.T.);
#2127=EDGE_CURVE('',#1701,#1703,#45,.T.);
#2128=EDGE_CURVE('',#1702,#1704,#46,.T.);
#2129=EDGE_CURVE('',#1704,#1703,#639,.T.);
#2130=EDGE_CURVE('',#1703,#1705,#640,.T.);
#2131=EDGE_CURVE('',#1704,#1706,#641,.T.);
#2132=EDGE_CURVE('',#1706,#1705,#642,.T.);
#2133=EDGE_CURVE('',#1705,#1707,#643,.T.);
#2134=EDGE_CURVE('',#1706,#1708,#644,.T.);
#2135=EDGE_CURVE('',#1708,#1707,#645,.T.);
#2136=EDGE_CURVE('',#1707,#1663,#646,.T.);
#2137=EDGE_CURVE('',#1708,#1665,#647,.T.);
#2138=EDGE_CURVE('',#1709,#1710,#648,.T.);
#2139=EDGE_CURVE('',#1711,#1710,#649,.T.);
#2140=EDGE_CURVE('',#1712,#1711,#650,.T.);
#2141=EDGE_CURVE('',#1712,#1709,#651,.T.);
#2142=EDGE_CURVE('',#1710,#1713,#652,.T.);
#2143=EDGE_CURVE('',#1714,#1713,#653,.T.);
#2144=EDGE_CURVE('',#1711,#1714,#654,.T.);
#2145=EDGE_CURVE('',#1713,#1715,#655,.T.);
#2146=EDGE_CURVE('',#1716,#1715,#656,.T.);
#2147=EDGE_CURVE('',#1714,#1716,#657,.T.);
#2148=EDGE_CURVE('',#1715,#1717,#658,.T.);
#2149=EDGE_CURVE('',#1718,#1717,#659,.T.);
#2150=EDGE_CURVE('',#1716,#1718,#660,.T.);
#2151=EDGE_CURVE('',#1717,#1719,#661,.T.);
#2152=EDGE_CURVE('',#1720,#1719,#662,.T.);
#2153=EDGE_CURVE('',#1718,#1720,#663,.T.);
#2154=EDGE_CURVE('',#1719,#1721,#47,.T.);
#2155=EDGE_CURVE('',#1722,#1721,#664,.T.);
#2156=EDGE_CURVE('',#1720,#1722,#48,.T.);
#2157=EDGE_CURVE('',#1721,#1723,#665,.T.);
#2158=EDGE_CURVE('',#1724,#1723,#666,.T.);
#2159=EDGE_CURVE('',#1722,#1724,#667,.T.);
#2160=EDGE_CURVE('',#1723,#1725,#49,.T.);
#2161=EDGE_CURVE('',#1726,#1725,#668,.T.);
#2162=EDGE_CURVE('',#1724,#1726,#50,.T.);
#2163=EDGE_CURVE('',#1725,#1727,#669,.T.);
#2164=EDGE_CURVE('',#1728,#1727,#670,.T.);
#2165=EDGE_CURVE('',#1726,#1728,#671,.T.);
#2166=EDGE_CURVE('',#1727,#1729,#51,.T.);
#2167=EDGE_CURVE('',#1730,#1729,#672,.T.);
#2168=EDGE_CURVE('',#1728,#1730,#52,.T.);
#2169=EDGE_CURVE('',#1729,#1731,#673,.T.);
#2170=EDGE_CURVE('',#1732,#1731,#674,.T.);
#2171=EDGE_CURVE('',#1730,#1732,#675,.T.);
#2172=EDGE_CURVE('',#1731,#1733,#676,.T.);
#2173=EDGE_CURVE('',#1734,#1733,#677,.T.);
#2174=EDGE_CURVE('',#1732,#1734,#678,.T.);
#2175=EDGE_CURVE('',#1733,#1735,#53,.T.);
#2176=EDGE_CURVE('',#1736,#1735,#679,.T.);
#2177=EDGE_CURVE('',#1734,#1736,#54,.T.);
#2178=EDGE_CURVE('',#1735,#1737,#680,.T.);
#2179=EDGE_CURVE('',#1738,#1737,#681,.T.);
#2180=EDGE_CURVE('',#1736,#1738,#682,.T.);
#2181=EDGE_CURVE('',#1737,#1739,#55,.T.);
#2182=EDGE_CURVE('',#1740,#1739,#683,.T.);
#2183=EDGE_CURVE('',#1738,#1740,#56,.T.);
#2184=EDGE_CURVE('',#1739,#1741,#684,.T.);
#2185=EDGE_CURVE('',#1742,#1741,#685,.T.);
#2186=EDGE_CURVE('',#1740,#1742,#686,.T.);
#2187=EDGE_CURVE('',#1741,#1743,#57,.T.);
#2188=EDGE_CURVE('',#1744,#1743,#687,.T.);
#2189=EDGE_CURVE('',#1742,#1744,#58,.T.);
#2190=EDGE_CURVE('',#1743,#1709,#688,.T.);
#2191=EDGE_CURVE('',#1744,#1712,#689,.T.);
#2192=EDGE_CURVE('',#1745,#1746,#690,.T.);
#2193=EDGE_CURVE('',#1747,#1746,#691,.T.);
#2194=EDGE_CURVE('',#1748,#1747,#692,.T.);
#2195=EDGE_CURVE('',#1748,#1745,#693,.T.);
#2196=EDGE_CURVE('',#1746,#1749,#694,.T.);
#2197=EDGE_CURVE('',#1750,#1749,#695,.T.);
#2198=EDGE_CURVE('',#1747,#1750,#696,.T.);
#2199=EDGE_CURVE('',#1749,#1751,#697,.T.);
#2200=EDGE_CURVE('',#1752,#1751,#698,.T.);
#2201=EDGE_CURVE('',#1750,#1752,#699,.T.);
#2202=EDGE_CURVE('',#1751,#1753,#700,.T.);
#2203=EDGE_CURVE('',#1754,#1753,#701,.T.);
#2204=EDGE_CURVE('',#1752,#1754,#702,.T.);
#2205=EDGE_CURVE('',#1753,#1755,#703,.T.);
#2206=EDGE_CURVE('',#1756,#1755,#704,.T.);
#2207=EDGE_CURVE('',#1754,#1756,#705,.T.);
#2208=EDGE_CURVE('',#1755,#1757,#59,.T.);
#2209=EDGE_CURVE('',#1758,#1757,#706,.T.);
#2210=EDGE_CURVE('',#1756,#1758,#60,.T.);
#2211=EDGE_CURVE('',#1757,#1759,#707,.T.);
#2212=EDGE_CURVE('',#1760,#1759,#708,.T.);
#2213=EDGE_CURVE('',#1758,#1760,#709,.T.);
#2214=EDGE_CURVE('',#1759,#1761,#61,.T.);
#2215=EDGE_CURVE('',#1762,#1761,#710,.T.);
#2216=EDGE_CURVE('',#1760,#1762,#62,.T.);
#2217=EDGE_CURVE('',#1761,#1763,#711,.T.);
#2218=EDGE_CURVE('',#1764,#1763,#712,.T.);
#2219=EDGE_CURVE('',#1762,#1764,#713,.T.);
#2220=EDGE_CURVE('',#1763,#1765,#63,.T.);
#2221=EDGE_CURVE('',#1766,#1765,#714,.T.);
#2222=EDGE_CURVE('',#1764,#1766,#64,.T.);
#2223=EDGE_CURVE('',#1765,#1767,#715,.T.);
#2224=EDGE_CURVE('',#1768,#1767,#716,.T.);
#2225=EDGE_CURVE('',#1766,#1768,#717,.T.);
#2226=EDGE_CURVE('',#1767,#1769,#718,.T.);
#2227=EDGE_CURVE('',#1770,#1769,#719,.T.);
#2228=EDGE_CURVE('',#1768,#1770,#720,.T.);
#2229=EDGE_CURVE('',#1769,#1771,#65,.T.);
#2230=EDGE_CURVE('',#1772,#1771,#721,.T.);
#2231=EDGE_CURVE('',#1770,#1772,#66,.T.);
#2232=EDGE_CURVE('',#1771,#1773,#722,.T.);
#2233=EDGE_CURVE('',#1774,#1773,#723,.T.);
#2234=EDGE_CURVE('',#1772,#1774,#724,.T.);
#2235=EDGE_CURVE('',#1773,#1775,#67,.T.);
#2236=EDGE_CURVE('',#1776,#1775,#725,.T.);
#2237=EDGE_CURVE('',#1774,#1776,#68,.T.);
#2238=EDGE_CURVE('',#1775,#1777,#726,.T.);
#2239=EDGE_CURVE('',#1778,#1777,#727,.T.);
#2240=EDGE_CURVE('',#1776,#1778,#728,.T.);
#2241=EDGE_CURVE('',#1777,#1779,#69,.T.);
#2242=EDGE_CURVE('',#1780,#1779,#729,.T.);
#2243=EDGE_CURVE('',#1778,#1780,#70,.T.);
#2244=EDGE_CURVE('',#1779,#1745,#730,.T.);
#2245=EDGE_CURVE('',#1780,#1748,#731,.T.);
#2246=EDGE_CURVE('',#1781,#1782,#732,.T.);
#2247=EDGE_CURVE('',#1783,#1782,#733,.T.);
#2248=EDGE_CURVE('',#1784,#1783,#734,.T.);
#2249=EDGE_CURVE('',#1784,#1781,#735,.T.);
#2250=EDGE_CURVE('',#1782,#1785,#736,.T.);
#2251=EDGE_CURVE('',#1786,#1785,#737,.T.);
#2252=EDGE_CURVE('',#1783,#1786,#738,.T.);
#2253=EDGE_CURVE('',#1785,#1787,#739,.T.);
#2254=EDGE_CURVE('',#1788,#1787,#740,.T.);
#2255=EDGE_CURVE('',#1786,#1788,#741,.T.);
#2256=EDGE_CURVE('',#1787,#1789,#742,.T.);
#2257=EDGE_CURVE('',#1790,#1789,#743,.T.);
#2258=EDGE_CURVE('',#1788,#1790,#744,.T.);
#2259=EDGE_CURVE('',#1789,#1791,#745,.T.);
#2260=EDGE_CURVE('',#1792,#1791,#746,.T.);
#2261=EDGE_CURVE('',#1790,#1792,#747,.T.);
#2262=EDGE_CURVE('',#1791,#1793,#71,.T.);
#2263=EDGE_CURVE('',#1794,#1793,#748,.T.);
#2264=EDGE_CURVE('',#1792,#1794,#72,.T.);
#2265=EDGE_CURVE('',#1793,#1795,#749,.T.);
#2266=EDGE_CURVE('',#1796,#1795,#750,.T.);
#2267=EDGE_CURVE('',#1794,#1796,#751,.T.);
#2268=EDGE_CURVE('',#1795,#1797,#73,.T.);
#2269=EDGE_CURVE('',#1798,#1797,#752,.T.);
#2270=EDGE_CURVE('',#1796,#1798,#74,.T.);
#2271=EDGE_CURVE('',#1797,#1799,#753,.T.);
#2272=EDGE_CURVE('',#1800,#1799,#754,.T.);
#2273=EDGE_CURVE('',#1798,#1800,#755,.T.);
#2274=EDGE_CURVE('',#1799,#1801,#75,.T.);
#2275=EDGE_CURVE('',#1802,#1801,#756,.T.);
#2276=EDGE_CURVE('',#1800,#1802,#76,.T.);
#2277=EDGE_CURVE('',#1801,#1803,#757,.T.);
#2278=EDGE_CURVE('',#1804,#1803,#758,.T.);
#2279=EDGE_CURVE('',#1802,#1804,#759,.T.);
#2280=EDGE_CURVE('',#1803,#1805,#760,.T.);
#2281=EDGE_CURVE('',#1806,#1805,#761,.T.);
#2282=EDGE_CURVE('',#1804,#1806,#762,.T.);
#2283=EDGE_CURVE('',#1805,#1807,#77,.T.);
#2284=EDGE_CURVE('',#1808,#1807,#763,.T.);
#2285=EDGE_CURVE('',#1806,#1808,#78,.T.);
#2286=EDGE_CURVE('',#1807,#1809,#764,.T.);
#2287=EDGE_CURVE('',#1810,#1809,#765,.T.);
#2288=EDGE_CURVE('',#1808,#1810,#766,.T.);
#2289=EDGE_CURVE('',#1809,#1811,#79,.T.);
#2290=EDGE_CURVE('',#1812,#1811,#767,.T.);
#2291=EDGE_CURVE('',#1810,#1812,#80,.T.);
#2292=EDGE_CURVE('',#1811,#1813,#768,.T.);
#2293=EDGE_CURVE('',#1814,#1813,#769,.T.);
#2294=EDGE_CURVE('',#1812,#1814,#770,.T.);
#2295=EDGE_CURVE('',#1813,#1815,#81,.T.);
#2296=EDGE_CURVE('',#1816,#1815,#771,.T.);
#2297=EDGE_CURVE('',#1814,#1816,#82,.T.);
#2298=EDGE_CURVE('',#1815,#1781,#772,.T.);
#2299=EDGE_CURVE('',#1816,#1784,#773,.T.);
#2300=EDGE_CURVE('',#1817,#1818,#774,.T.);
#2301=EDGE_CURVE('',#1819,#1818,#775,.T.);
#2302=EDGE_CURVE('',#1820,#1819,#776,.T.);
#2303=EDGE_CURVE('',#1820,#1817,#777,.T.);
#2304=EDGE_CURVE('',#1818,#1821,#778,.T.);
#2305=EDGE_CURVE('',#1822,#1821,#779,.T.);
#2306=EDGE_CURVE('',#1819,#1822,#780,.T.);
#2307=EDGE_CURVE('',#1821,#1823,#781,.T.);
#2308=EDGE_CURVE('',#1824,#1823,#782,.T.);
#2309=EDGE_CURVE('',#1822,#1824,#783,.T.);
#2310=EDGE_CURVE('',#1823,#1825,#784,.T.);
#2311=EDGE_CURVE('',#1826,#1825,#785,.T.);
#2312=EDGE_CURVE('',#1824,#1826,#786,.T.);
#2313=EDGE_CURVE('',#1825,#1827,#787,.T.);
#2314=EDGE_CURVE('',#1828,#1827,#788,.T.);
#2315=EDGE_CURVE('',#1826,#1828,#789,.T.);
#2316=EDGE_CURVE('',#1827,#1829,#83,.T.);
#2317=EDGE_CURVE('',#1830,#1829,#790,.T.);
#2318=EDGE_CURVE('',#1828,#1830,#84,.T.);
#2319=EDGE_CURVE('',#1829,#1831,#791,.T.);
#2320=EDGE_CURVE('',#1832,#1831,#792,.T.);
#2321=EDGE_CURVE('',#1830,#1832,#793,.T.);
#2322=EDGE_CURVE('',#1831,#1833,#85,.T.);
#2323=EDGE_CURVE('',#1834,#1833,#794,.T.);
#2324=EDGE_CURVE('',#1832,#1834,#86,.T.);
#2325=EDGE_CURVE('',#1833,#1835,#87,.T.);
#2326=EDGE_CURVE('',#1836,#1835,#795,.T.);
#2327=EDGE_CURVE('',#1834,#1836,#88,.T.);
#2328=EDGE_CURVE('',#1835,#1837,#796,.T.);
#2329=EDGE_CURVE('',#1838,#1837,#797,.T.);
#2330=EDGE_CURVE('',#1836,#1838,#798,.T.);
#2331=EDGE_CURVE('',#1837,#1839,#89,.T.);
#2332=EDGE_CURVE('',#1840,#1839,#799,.T.);
#2333=EDGE_CURVE('',#1838,#1840,#90,.T.);
#2334=EDGE_CURVE('',#1839,#1841,#91,.T.);
#2335=EDGE_CURVE('',#1842,#1841,#800,.T.);
#2336=EDGE_CURVE('',#1840,#1842,#92,.T.);
#2337=EDGE_CURVE('',#1841,#1843,#801,.T.);
#2338=EDGE_CURVE('',#1844,#1843,#802,.T.);
#2339=EDGE_CURVE('',#1842,#1844,#803,.T.);
#2340=EDGE_CURVE('',#1843,#1845,#93,.T.);
#2341=EDGE_CURVE('',#1846,#1845,#804,.T.);
#2342=EDGE_CURVE('',#1844,#1846,#94,.T.);
#2343=EDGE_CURVE('',#1845,#1847,#805,.T.);
#2344=EDGE_CURVE('',#1848,#1847,#806,.T.);
#2345=EDGE_CURVE('',#1846,#1848,#807,.T.);
#2346=EDGE_CURVE('',#1847,#1849,#808,.T.);
#2347=EDGE_CURVE('',#1850,#1849,#809,.T.);
#2348=EDGE_CURVE('',#1848,#1850,#810,.T.);
#2349=EDGE_CURVE('',#1849,#1851,#811,.T.);
#2350=EDGE_CURVE('',#1852,#1851,#812,.T.);
#2351=EDGE_CURVE('',#1850,#1852,#813,.T.);
#2352=EDGE_CURVE('',#1851,#1853,#95,.T.);
#2353=EDGE_CURVE('',#1854,#1853,#814,.T.);
#2354=EDGE_CURVE('',#1852,#1854,#96,.T.);
#2355=EDGE_CURVE('',#1853,#1855,#815,.T.);
#2356=EDGE_CURVE('',#1856,#1855,#816,.T.);
#2357=EDGE_CURVE('',#1854,#1856,#817,.T.);
#2358=EDGE_CURVE('',#1855,#1857,#97,.T.);
#2359=EDGE_CURVE('',#1858,#1857,#818,.T.);
#2360=EDGE_CURVE('',#1856,#1858,#98,.T.);
#2361=EDGE_CURVE('',#1857,#1859,#819,.T.);
#2362=EDGE_CURVE('',#1860,#1859,#820,.T.);
#2363=EDGE_CURVE('',#1858,#1860,#821,.T.);
#2364=EDGE_CURVE('',#1859,#1861,#822,.T.);
#2365=EDGE_CURVE('',#1862,#1861,#823,.T.);
#2366=EDGE_CURVE('',#1860,#1862,#824,.T.);
#2367=EDGE_CURVE('',#1861,#1817,#825,.T.);
#2368=EDGE_CURVE('',#1862,#1820,#826,.T.);
#2369=EDGE_CURVE('',#1863,#1864,#827,.T.);
#2370=EDGE_CURVE('',#1865,#1864,#828,.T.);
#2371=EDGE_CURVE('',#1866,#1865,#829,.T.);
#2372=EDGE_CURVE('',#1866,#1863,#830,.T.);
#2373=EDGE_CURVE('',#1864,#1867,#831,.T.);
#2374=EDGE_CURVE('',#1868,#1867,#832,.T.);
#2375=EDGE_CURVE('',#1865,#1868,#833,.T.);
#2376=EDGE_CURVE('',#1867,#1869,#834,.T.);
#2377=EDGE_CURVE('',#1870,#1869,#835,.T.);
#2378=EDGE_CURVE('',#1868,#1870,#836,.T.);
#2379=EDGE_CURVE('',#1869,#1871,#837,.T.);
#2380=EDGE_CURVE('',#1872,#1871,#838,.T.);
#2381=EDGE_CURVE('',#1870,#1872,#839,.T.);
#2382=EDGE_CURVE('',#1871,#1873,#840,.T.);
#2383=EDGE_CURVE('',#1874,#1873,#841,.T.);
#2384=EDGE_CURVE('',#1872,#1874,#842,.T.);
#2385=EDGE_CURVE('',#1873,#1875,#99,.T.);
#2386=EDGE_CURVE('',#1876,#1875,#843,.T.);
#2387=EDGE_CURVE('',#1874,#1876,#100,.T.);
#2388=EDGE_CURVE('',#1875,#1877,#844,.T.);
#2389=EDGE_CURVE('',#1878,#1877,#845,.T.);
#2390=EDGE_CURVE('',#1876,#1878,#846,.T.);
#2391=EDGE_CURVE('',#1877,#1879,#101,.T.);
#2392=EDGE_CURVE('',#1880,#1879,#847,.T.);
#2393=EDGE_CURVE('',#1878,#1880,#102,.T.);
#2394=EDGE_CURVE('',#1879,#1881,#848,.T.);
#2395=EDGE_CURVE('',#1882,#1881,#849,.T.);
#2396=EDGE_CURVE('',#1880,#1882,#850,.T.);
#2397=EDGE_CURVE('',#1881,#1883,#103,.T.);
#2398=EDGE_CURVE('',#1884,#1883,#851,.T.);
#2399=EDGE_CURVE('',#1882,#1884,#104,.T.);
#2400=EDGE_CURVE('',#1883,#1885,#852,.T.);
#2401=EDGE_CURVE('',#1886,#1885,#853,.T.);
#2402=EDGE_CURVE('',#1884,#1886,#854,.T.);
#2403=EDGE_CURVE('',#1885,#1887,#855,.T.);
#2404=EDGE_CURVE('',#1888,#1887,#856,.T.);
#2405=EDGE_CURVE('',#1886,#1888,#857,.T.);
#2406=EDGE_CURVE('',#1887,#1889,#105,.T.);
#2407=EDGE_CURVE('',#1890,#1889,#858,.T.);
#2408=EDGE_CURVE('',#1888,#1890,#106,.T.);
#2409=EDGE_CURVE('',#1889,#1891,#859,.T.);
#2410=EDGE_CURVE('',#1892,#1891,#860,.T.);
#2411=EDGE_CURVE('',#1890,#1892,#861,.T.);
#2412=EDGE_CURVE('',#1891,#1893,#107,.T.);
#2413=EDGE_CURVE('',#1894,#1893,#862,.T.);
#2414=EDGE_CURVE('',#1892,#1894,#108,.T.);
#2415=EDGE_CURVE('',#1893,#1895,#863,.T.);
#2416=EDGE_CURVE('',#1896,#1895,#864,.T.);
#2417=EDGE_CURVE('',#1894,#1896,#865,.T.);
#2418=EDGE_CURVE('',#1895,#1897,#109,.T.);
#2419=EDGE_CURVE('',#1898,#1897,#866,.T.);
#2420=EDGE_CURVE('',#1896,#1898,#110,.T.);
#2421=EDGE_CURVE('',#1897,#1863,#867,.T.);
#2422=EDGE_CURVE('',#1898,#1866,#868,.T.);
#2423=EDGE_CURVE('',#1899,#1900,#869,.T.);
#2424=EDGE_CURVE('',#1900,#1901,#870,.T.);
#2425=EDGE_CURVE('',#1902,#1901,#871,.T.);
#2426=EDGE_CURVE('',#1902,#1903,#872,.T.);
#2427=EDGE_CURVE('',#1904,#1903,#873,.T.);
#2428=EDGE_CURVE('',#1905,#1904,#874,.T.);
#2429=EDGE_CURVE('',#1906,#1905,#875,.T.);
#2430=EDGE_CURVE('',#1906,#1907,#876,.T.);
#2431=EDGE_CURVE('',#1908,#1907,#877,.T.);
#2432=EDGE_CURVE('',#1909,#1908,#878,.T.);
#2433=EDGE_CURVE('',#1910,#1909,#879,.T.);
#2434=EDGE_CURVE('',#1910,#1911,#880,.T.);
#2435=EDGE_CURVE('',#1912,#1911,#881,.T.);
#2436=EDGE_CURVE('',#1913,#1912,#882,.T.);
#2437=EDGE_CURVE('',#1914,#1913,#883,.T.);
#2438=EDGE_CURVE('',#1899,#1914,#884,.T.);
#2439=EDGE_CURVE('',#1915,#1916,#885,.T.);
#2440=EDGE_CURVE('',#1917,#1915,#886,.T.);
#2441=EDGE_CURVE('',#1918,#1917,#887,.T.);
#2442=EDGE_CURVE('',#1919,#1918,#888,.T.);
#2443=EDGE_CURVE('',#1920,#1919,#889,.T.);
#2444=EDGE_CURVE('',#1921,#1920,#890,.T.);
#2445=EDGE_CURVE('',#1921,#1922,#891,.T.);
#2446=EDGE_CURVE('',#1922,#1923,#892,.T.);
#2447=EDGE_CURVE('',#1924,#1923,#893,.T.);
#2448=EDGE_CURVE('',#1925,#1924,#894,.T.);
#2449=EDGE_CURVE('',#1926,#1925,#895,.T.);
#2450=EDGE_CURVE('',#1927,#1926,#896,.T.);
#2451=EDGE_CURVE('',#1928,#1927,#897,.T.);
#2452=EDGE_CURVE('',#1929,#1928,#898,.T.);
#2453=EDGE_CURVE('',#1929,#1930,#899,.T.);
#2454=EDGE_CURVE('',#1930,#1931,#900,.T.);
#2455=EDGE_CURVE('',#1931,#1932,#901,.T.);
#2456=EDGE_CURVE('',#1932,#1933,#902,.T.);
#2457=EDGE_CURVE('',#1933,#1934,#903,.T.);
#2458=EDGE_CURVE('',#1934,#1916,#904,.T.);
#2459=EDGE_CURVE('',#1935,#1936,#905,.T.);
#2460=EDGE_CURVE('',#1936,#1937,#906,.T.);
#2461=EDGE_CURVE('',#1937,#1938,#907,.T.);
#2462=EDGE_CURVE('',#1938,#1939,#908,.T.);
#2463=EDGE_CURVE('',#1939,#1940,#909,.T.);
#2464=EDGE_CURVE('',#1940,#1941,#910,.T.);
#2465=EDGE_CURVE('',#1941,#1942,#911,.T.);
#2466=EDGE_CURVE('',#1942,#1943,#912,.T.);
#2467=EDGE_CURVE('',#1943,#1944,#913,.T.);
#2468=EDGE_CURVE('',#1944,#1945,#914,.T.);
#2469=EDGE_CURVE('',#1945,#1946,#915,.T.);
#2470=EDGE_CURVE('',#1946,#1935,#916,.T.);
#2471=EDGE_CURVE('',#1947,#1948,#917,.T.);
#2472=EDGE_CURVE('',#1948,#1915,#918,.T.);
#2473=EDGE_CURVE('',#1947,#1916,#919,.T.);
#2474=EDGE_CURVE('',#1949,#1950,#920,.T.);
#2475=EDGE_CURVE('',#1950,#1951,#921,.T.);
#2476=EDGE_CURVE('',#1951,#1952,#922,.T.);
#2477=EDGE_CURVE('',#1952,#1949,#923,.T.);
#2478=EDGE_CURVE('',#1953,#1954,#924,.T.);
#2479=EDGE_CURVE('',#1954,#1955,#925,.T.);
#2480=EDGE_CURVE('',#1955,#1956,#926,.T.);
#2481=EDGE_CURVE('',#1953,#1956,#927,.T.);
#2482=EDGE_CURVE('',#1957,#1958,#928,.T.);
#2483=EDGE_CURVE('',#1958,#1959,#929,.T.);
#2484=EDGE_CURVE('',#1960,#1959,#930,.T.);
#2485=EDGE_CURVE('',#1960,#1957,#931,.T.);
#2486=EDGE_CURVE('',#1961,#1962,#932,.T.);
#2487=EDGE_CURVE('',#1962,#1963,#933,.T.);
#2488=EDGE_CURVE('',#1964,#1963,#934,.T.);
#2489=EDGE_CURVE('',#1964,#1961,#935,.T.);
#2490=EDGE_CURVE('',#1965,#1966,#936,.T.);
#2491=EDGE_CURVE('',#1949,#1966,#937,.T.);
#2492=EDGE_CURVE('',#1965,#1952,#938,.T.);
#2493=EDGE_CURVE('',#1967,#1950,#939,.T.);
#2494=EDGE_CURVE('',#1967,#1968,#940,.T.);
#2495=EDGE_CURVE('',#1951,#1968,#941,.T.);
#2496=EDGE_CURVE('',#1969,#1925,#942,.T.);
#2497=EDGE_CURVE('',#1969,#1970,#943,.T.);
#2498=EDGE_CURVE('',#1970,#1900,#944,.T.);
#2499=EDGE_CURVE('',#1899,#1971,#945,.T.);
#2500=EDGE_CURVE('',#1971,#1972,#946,.T.);
#2501=EDGE_CURVE('',#1926,#1972,#947,.T.);
#2502=EDGE_CURVE('',#1973,#1974,#948,.T.);
#2503=EDGE_CURVE('',#1974,#1975,#949,.T.);
#2504=EDGE_CURVE('',#1975,#1976,#950,.T.);
#2505=EDGE_CURVE('',#1977,#1976,#951,.T.);
#2506=EDGE_CURVE('',#1977,#1978,#952,.T.);
#2507=EDGE_CURVE('',#1979,#1978,#953,.T.);
#2508=EDGE_CURVE('',#1979,#1980,#954,.T.);
#2509=EDGE_CURVE('',#1980,#1981,#955,.T.);
#2510=EDGE_CURVE('',#1981,#1982,#956,.T.);
#2511=EDGE_CURVE('',#1983,#1982,#957,.T.);
#2512=EDGE_CURVE('',#1983,#1984,#958,.T.);
#2513=EDGE_CURVE('',#1985,#1984,#959,.T.);
#2514=EDGE_CURVE('',#1985,#1918,#960,.T.);
#2515=EDGE_CURVE('',#1986,#1917,#961,.T.);
#2516=EDGE_CURVE('',#1987,#1986,#962,.T.);
#2517=EDGE_CURVE('',#1987,#1934,#963,.T.);
#2518=EDGE_CURVE('',#1988,#1933,#964,.T.);
#2519=EDGE_CURVE('',#1989,#1988,#965,.T.);
#2520=EDGE_CURVE('',#1990,#1989,#966,.T.);
#2521=EDGE_CURVE('',#1991,#1990,#967,.T.);
#2522=EDGE_CURVE('',#1991,#1992,#968,.T.);
#2523=EDGE_CURVE('',#1993,#1992,#969,.T.);
#2524=EDGE_CURVE('',#1993,#1994,#970,.T.);
#2525=EDGE_CURVE('',#1994,#1995,#971,.T.);
#2526=EDGE_CURVE('',#1995,#1996,#972,.T.);
#2527=EDGE_CURVE('',#1997,#1996,#973,.T.);
#2528=EDGE_CURVE('',#1997,#1998,#974,.T.);
#2529=EDGE_CURVE('',#1973,#1998,#975,.T.);
#2530=EDGE_CURVE('',#1986,#1948,#976,.T.);
#2531=EDGE_CURVE('',#1947,#1987,#977,.T.);
#2532=EDGE_CURVE('',#1936,#1966,#978,.T.);
#2533=EDGE_CURVE('',#1937,#1965,#979,.T.);
#2534=EDGE_CURVE('',#1967,#1943,#980,.T.);
#2535=EDGE_CURVE('',#1968,#1942,#981,.T.);
#2536=EDGE_CURVE('',#1999,#2000,#982,.T.);
#2537=EDGE_CURVE('',#2000,#1974,#983,.T.);
#2538=EDGE_CURVE('',#1999,#1973,#984,.T.);
#2539=EDGE_CURVE('',#2001,#1993,#985,.T.);
#2540=EDGE_CURVE('',#2001,#2002,#986,.T.);
#2541=EDGE_CURVE('',#2002,#1994,#987,.T.);
#2542=EDGE_CURVE('',#1996,#2003,#988,.T.);
#2543=EDGE_CURVE('',#2003,#2004,#989,.T.);
#2544=EDGE_CURVE('',#2004,#1997,#990,.T.);
#2545=EDGE_CURVE('',#2003,#2005,#991,.T.);
#2546=EDGE_CURVE('',#2005,#1910,#992,.T.);
#2547=EDGE_CURVE('',#2006,#1909,#993,.T.);
#2548=EDGE_CURVE('',#2006,#2004,#994,.T.);
#2549=EDGE_CURVE('',#1914,#2007,#995,.T.);
#2550=EDGE_CURVE('',#1914,#2008,#996,.T.);
#2551=EDGE_CURVE('',#2008,#2009,#997,.T.);
#2552=EDGE_CURVE('',#2007,#2009,#998,.T.);
#2553=EDGE_CURVE('',#2010,#2011,#999,.T.);
#2554=EDGE_CURVE('',#2010,#1931,#1000,.T.);
#2555=EDGE_CURVE('',#1930,#2012,#1001,.T.);
#2556=EDGE_CURVE('',#2013,#2012,#1002,.T.);
#2557=EDGE_CURVE('',#2014,#2013,#1003,.T.);
#2558=EDGE_CURVE('',#2011,#2014,#1004,.T.);
#2559=EDGE_CURVE('',#2015,#1989,#1005,.T.);
#2560=EDGE_CURVE('',#2016,#1988,#1006,.T.);
#2561=EDGE_CURVE('',#2010,#2016,#1007,.T.);
#2562=EDGE_CURVE('',#2011,#2015,#1008,.T.);
#2563=EDGE_CURVE('',#2017,#1928,#1009,.T.);
#2564=EDGE_CURVE('',#2018,#2017,#1010,.T.);
#2565=EDGE_CURVE('',#2019,#2018,#1011,.T.);
#2566=EDGE_CURVE('',#2020,#2019,#1012,.T.);
#2567=EDGE_CURVE('',#2021,#2020,#1013,.T.);
#2568=EDGE_CURVE('',#2021,#1990,#1014,.T.);
#2569=EDGE_CURVE('',#2022,#2015,#1015,.T.);
#2570=EDGE_CURVE('',#2023,#2022,#1016,.T.);
#2571=EDGE_CURVE('',#2024,#2023,#1017,.T.);
#2572=EDGE_CURVE('',#2024,#1929,#1018,.T.);
#2573=EDGE_CURVE('',#2008,#2025,#1019,.T.);
#2574=EDGE_CURVE('',#2025,#1991,#1020,.T.);
#2575=EDGE_CURVE('',#2009,#2021,#1021,.T.);
#2576=EDGE_CURVE('',#1972,#2026,#1022,.T.);
#2577=EDGE_CURVE('',#1971,#2027,#1023,.T.);
#2578=EDGE_CURVE('',#2027,#2018,#1024,.T.);
#2579=EDGE_CURVE('',#2026,#2017,#1025,.T.);
#2580=EDGE_CURVE('',#2027,#1914,#1026,.T.);
#2581=EDGE_CURVE('',#2020,#2007,#1027,.T.);
#2582=EDGE_CURVE('',#2012,#2024,#1028,.T.);
#2583=EDGE_CURVE('',#2023,#2013,#1029,.T.);
#2584=EDGE_CURVE('',#2014,#2022,#1030,.T.);
#2585=EDGE_CURVE('',#1914,#2019,#1031,.T.);
#2586=EDGE_CURVE('',#2028,#2029,#1032,.T.);
#2587=EDGE_CURVE('',#2028,#1965,#1033,.T.);
#2588=EDGE_CURVE('',#1968,#2030,#1034,.T.);
#2589=EDGE_CURVE('',#2031,#2030,#1035,.T.);
#2590=EDGE_CURVE('',#2029,#2031,#1036,.T.);
#2591=EDGE_CURVE('',#2030,#1941,#1037,.T.);
#2592=EDGE_CURVE('',#2032,#1940,#1038,.T.);
#2593=EDGE_CURVE('',#2031,#2032,#1039,.T.);
#2594=EDGE_CURVE('',#2033,#2029,#1040,.T.);
#2595=EDGE_CURVE('',#2032,#2033,#1041,.T.);
#2596=EDGE_CURVE('',#1938,#2028,#1042,.T.);
#2597=EDGE_CURVE('',#1939,#2033,#1043,.T.);
#2598=EDGE_CURVE('',#2016,#1932,#1044,.T.);
#2599=EDGE_CURVE('',#2034,#1913,#1045,.T.);
#2600=EDGE_CURVE('',#2034,#2025,#1046,.T.);
#2601=EDGE_CURVE('',#2026,#1927,#1047,.T.);
#2602=EDGE_CURVE('',#1992,#2034,#1048,.T.);
#2603=EDGE_CURVE('',#1912,#1960,#1049,.T.);
#2604=EDGE_CURVE('',#1959,#2001,#1050,.T.);
#2605=EDGE_CURVE('',#2005,#1995,#1051,.T.);
#2606=EDGE_CURVE('',#1958,#2002,#1052,.T.);
#2607=EDGE_CURVE('',#1911,#1957,#1053,.T.);
#2608=EDGE_CURVE('',#1998,#2006,#1054,.T.);
#2609=EDGE_CURVE('',#1908,#1953,#1055,.T.);
#2610=EDGE_CURVE('',#1956,#1999,#1056,.T.);
#2611=EDGE_CURVE('',#1907,#1954,#1057,.T.);
#2612=EDGE_CURVE('',#1955,#2000,#1058,.T.);
#2613=EDGE_CURVE('',#2035,#2036,#1059,.T.);
#2614=EDGE_CURVE('',#2036,#2037,#1060,.T.);
#2615=EDGE_CURVE('',#2037,#2038,#1061,.T.);
#2616=EDGE_CURVE('',#2038,#2035,#1062,.T.);
#2617=EDGE_CURVE('',#1901,#2039,#1063,.T.);
#2618=EDGE_CURVE('',#1901,#2040,#1064,.T.);
#2619=EDGE_CURVE('',#2040,#2041,#1065,.T.);
#2620=EDGE_CURVE('',#2041,#2039,#1066,.T.);
#2621=EDGE_CURVE('',#2042,#2043,#1067,.T.);
#2622=EDGE_CURVE('',#2043,#1901,#1068,.T.);
#2623=EDGE_CURVE('',#2039,#2042,#1069,.T.);
#2624=EDGE_CURVE('',#2044,#2045,#1070,.T.);
#2625=EDGE_CURVE('',#2046,#2045,#1071,.T.);
#2626=EDGE_CURVE('',#2047,#2046,#1072,.T.);
#2627=EDGE_CURVE('',#2047,#2044,#1073,.T.);
#2628=EDGE_CURVE('',#2048,#2049,#1074,.T.);
#2629=EDGE_CURVE('',#2045,#2049,#1075,.T.);
#2630=EDGE_CURVE('',#2044,#2048,#1076,.T.);
#2631=EDGE_CURVE('',#2048,#2050,#1077,.T.);
#2632=EDGE_CURVE('',#2050,#2051,#1078,.T.);
#2633=EDGE_CURVE('',#2049,#2051,#1079,.T.);
#2634=EDGE_CURVE('',#2052,#2053,#1080,.T.);
#2635=EDGE_CURVE('',#2053,#2043,#1081,.T.);
#2636=EDGE_CURVE('',#2042,#2052,#1082,.T.);
#2637=EDGE_CURVE('',#2053,#2054,#1083,.T.);
#2638=EDGE_CURVE('',#1901,#2054,#1084,.T.);
#2639=EDGE_CURVE('',#2055,#2056,#1085,.T.);
#2640=EDGE_CURVE('',#2055,#2057,#1086,.T.);
#2641=EDGE_CURVE('',#2057,#1906,#1087,.T.);
#2642=EDGE_CURVE('',#2058,#1905,#1088,.T.);
#2643=EDGE_CURVE('',#2058,#2056,#1089,.T.);
#2644=EDGE_CURVE('',#2059,#2054,#1090,.T.);
#2645=EDGE_CURVE('',#2059,#2060,#1091,.T.);
#2646=EDGE_CURVE('',#2060,#1902,#1092,.T.);
#2647=EDGE_CURVE('',#2061,#1924,#1093,.T.);
#2648=EDGE_CURVE('',#2062,#1923,#1094,.T.);
#2649=EDGE_CURVE('',#2061,#2062,#1095,.T.);
#2650=EDGE_CURVE('',#1922,#2050,#1096,.T.);
#2651=EDGE_CURVE('',#2051,#1921,#1097,.T.);
#2652=EDGE_CURVE('',#2063,#1920,#1098,.T.);
#2653=EDGE_CURVE('',#2063,#2046,#1099,.T.);
#2654=EDGE_CURVE('',#2064,#1919,#1100,.T.);
#2655=EDGE_CURVE('',#2063,#2064,#1101,.T.);
#2656=EDGE_CURVE('',#2038,#2065,#1102,.T.);
#2657=EDGE_CURVE('',#2065,#1935,#1103,.T.);
#2658=EDGE_CURVE('',#2035,#1946,#1104,.T.);
#2659=EDGE_CURVE('',#1945,#2036,#1105,.T.);
#2660=EDGE_CURVE('',#1944,#2066,#1106,.T.);
#2661=EDGE_CURVE('',#2066,#2037,#1107,.T.);
#2662=EDGE_CURVE('',#1904,#1964,#1108,.T.);
#2663=EDGE_CURVE('',#1903,#1961,#1109,.T.);
#2664=EDGE_CURVE('',#1962,#2067,#1110,.T.);
#2665=EDGE_CURVE('',#2068,#2067,#1111,.T.);
#2666=EDGE_CURVE('',#1963,#2068,#1112,.T.);
#2667=EDGE_CURVE('',#1966,#2065,#1113,.T.);
#2668=EDGE_CURVE('',#2066,#1967,#1114,.T.);
#2669=EDGE_CURVE('',#2040,#1970,#1115,.T.);
#2670=EDGE_CURVE('',#1969,#2061,#1116,.T.);
#2671=EDGE_CURVE('',#2041,#2062,#1117,.T.);
#2672=EDGE_CURVE('',#2064,#1985,#1118,.T.);
#2673=EDGE_CURVE('',#1984,#2047,#1119,.T.);
#2674=EDGE_CURVE('',#1983,#2052,#1120,.T.);
#2675=EDGE_CURVE('',#1982,#2059,#1121,.T.);
#2676=EDGE_CURVE('',#2060,#1981,#1122,.T.);
#2677=EDGE_CURVE('',#2067,#1980,#1123,.T.);
#2678=EDGE_CURVE('',#2068,#1979,#1124,.T.);
#2679=EDGE_CURVE('',#1978,#2058,#1125,.T.);
#2680=EDGE_CURVE('',#2056,#1977,#1126,.T.);
#2681=EDGE_CURVE('',#1976,#2055,#1127,.T.);
#2682=EDGE_CURVE('',#2057,#1975,#1128,.T.);
#2683=ORIENTED_EDGE('',*,*,#2069,.F.);
#2684=ORIENTED_EDGE('',*,*,#2070,.F.);
#2685=ORIENTED_EDGE('',*,*,#2071,.T.);
#2686=ORIENTED_EDGE('',*,*,#2072,.T.);
#2687=ORIENTED_EDGE('',*,*,#2073,.F.);
#2688=ORIENTED_EDGE('',*,*,#2072,.F.);
#2689=ORIENTED_EDGE('',*,*,#2074,.T.);
#2690=ORIENTED_EDGE('',*,*,#2075,.T.);
#2691=ORIENTED_EDGE('',*,*,#2076,.F.);
#2692=ORIENTED_EDGE('',*,*,#2075,.F.);
#2693=ORIENTED_EDGE('',*,*,#2077,.T.);
#2694=ORIENTED_EDGE('',*,*,#2078,.T.);
#2695=ORIENTED_EDGE('',*,*,#2079,.F.);
#2696=ORIENTED_EDGE('',*,*,#2078,.F.);
#2697=ORIENTED_EDGE('',*,*,#2080,.T.);
#2698=ORIENTED_EDGE('',*,*,#2081,.T.);
#2699=ORIENTED_EDGE('',*,*,#2082,.F.);
#2700=ORIENTED_EDGE('',*,*,#2081,.F.);
#2701=ORIENTED_EDGE('',*,*,#2083,.T.);
#2702=ORIENTED_EDGE('',*,*,#2084,.T.);
#2703=ORIENTED_EDGE('',*,*,#2085,.F.);
#2704=ORIENTED_EDGE('',*,*,#2084,.F.);
#2705=ORIENTED_EDGE('',*,*,#2086,.T.);
#2706=ORIENTED_EDGE('',*,*,#2087,.T.);
#2707=ORIENTED_EDGE('',*,*,#2088,.F.);
#2708=ORIENTED_EDGE('',*,*,#2087,.F.);
#2709=ORIENTED_EDGE('',*,*,#2089,.T.);
#2710=ORIENTED_EDGE('',*,*,#2090,.T.);
#2711=ORIENTED_EDGE('',*,*,#2091,.F.);
#2712=ORIENTED_EDGE('',*,*,#2090,.F.);
#2713=ORIENTED_EDGE('',*,*,#2092,.T.);
#2714=ORIENTED_EDGE('',*,*,#2093,.T.);
#2715=ORIENTED_EDGE('',*,*,#2094,.F.);
#2716=ORIENTED_EDGE('',*,*,#2093,.F.);
#2717=ORIENTED_EDGE('',*,*,#2095,.T.);
#2718=ORIENTED_EDGE('',*,*,#2096,.T.);
#2719=ORIENTED_EDGE('',*,*,#2097,.F.);
#2720=ORIENTED_EDGE('',*,*,#2096,.F.);
#2721=ORIENTED_EDGE('',*,*,#2098,.T.);
#2722=ORIENTED_EDGE('',*,*,#2099,.T.);
#2723=ORIENTED_EDGE('',*,*,#2100,.F.);
#2724=ORIENTED_EDGE('',*,*,#2099,.F.);
#2725=ORIENTED_EDGE('',*,*,#2101,.T.);
#2726=ORIENTED_EDGE('',*,*,#2102,.T.);
#2727=ORIENTED_EDGE('',*,*,#2103,.F.);
#2728=ORIENTED_EDGE('',*,*,#2102,.F.);
#2729=ORIENTED_EDGE('',*,*,#2104,.T.);
#2730=ORIENTED_EDGE('',*,*,#2105,.T.);
#2731=ORIENTED_EDGE('',*,*,#2106,.F.);
#2732=ORIENTED_EDGE('',*,*,#2105,.F.);
#2733=ORIENTED_EDGE('',*,*,#2107,.T.);
#2734=ORIENTED_EDGE('',*,*,#2108,.T.);
#2735=ORIENTED_EDGE('',*,*,#2109,.F.);
#2736=ORIENTED_EDGE('',*,*,#2108,.F.);
#2737=ORIENTED_EDGE('',*,*,#2110,.T.);
#2738=ORIENTED_EDGE('',*,*,#2111,.T.);
#2739=ORIENTED_EDGE('',*,*,#2112,.F.);
#2740=ORIENTED_EDGE('',*,*,#2111,.F.);
#2741=ORIENTED_EDGE('',*,*,#2113,.T.);
#2742=ORIENTED_EDGE('',*,*,#2114,.T.);
#2743=ORIENTED_EDGE('',*,*,#2115,.F.);
#2744=ORIENTED_EDGE('',*,*,#2114,.F.);
#2745=ORIENTED_EDGE('',*,*,#2116,.T.);
#2746=ORIENTED_EDGE('',*,*,#2117,.T.);
#2747=ORIENTED_EDGE('',*,*,#2118,.F.);
#2748=ORIENTED_EDGE('',*,*,#2117,.F.);
#2749=ORIENTED_EDGE('',*,*,#2119,.T.);
#2750=ORIENTED_EDGE('',*,*,#2120,.T.);
#2751=ORIENTED_EDGE('',*,*,#2121,.F.);
#2752=ORIENTED_EDGE('',*,*,#2120,.F.);
#2753=ORIENTED_EDGE('',*,*,#2122,.T.);
#2754=ORIENTED_EDGE('',*,*,#2123,.T.);
#2755=ORIENTED_EDGE('',*,*,#2124,.F.);
#2756=ORIENTED_EDGE('',*,*,#2123,.F.);
#2757=ORIENTED_EDGE('',*,*,#2125,.T.);
#2758=ORIENTED_EDGE('',*,*,#2126,.T.);
#2759=ORIENTED_EDGE('',*,*,#2127,.F.);
#2760=ORIENTED_EDGE('',*,*,#2126,.F.);
#2761=ORIENTED_EDGE('',*,*,#2128,.T.);
#2762=ORIENTED_EDGE('',*,*,#2129,.T.);
#2763=ORIENTED_EDGE('',*,*,#2130,.F.);
#2764=ORIENTED_EDGE('',*,*,#2129,.F.);
#2765=ORIENTED_EDGE('',*,*,#2131,.T.);
#2766=ORIENTED_EDGE('',*,*,#2132,.T.);
#2767=ORIENTED_EDGE('',*,*,#2133,.F.);
#2768=ORIENTED_EDGE('',*,*,#2132,.F.);
#2769=ORIENTED_EDGE('',*,*,#2134,.T.);
#2770=ORIENTED_EDGE('',*,*,#2135,.T.);
#2771=ORIENTED_EDGE('',*,*,#2136,.F.);
#2772=ORIENTED_EDGE('',*,*,#2135,.F.);
#2773=ORIENTED_EDGE('',*,*,#2137,.T.);
#2774=ORIENTED_EDGE('',*,*,#2070,.T.);
#2775=ORIENTED_EDGE('',*,*,#2071,.F.);
#2776=ORIENTED_EDGE('',*,*,#2137,.F.);
#2777=ORIENTED_EDGE('',*,*,#2134,.F.);
#2778=ORIENTED_EDGE('',*,*,#2131,.F.);
#2779=ORIENTED_EDGE('',*,*,#2128,.F.);
#2780=ORIENTED_EDGE('',*,*,#2125,.F.);
#2781=ORIENTED_EDGE('',*,*,#2122,.F.);
#2782=ORIENTED_EDGE('',*,*,#2119,.F.);
#2783=ORIENTED_EDGE('',*,*,#2116,.F.);
#2784=ORIENTED_EDGE('',*,*,#2113,.F.);
#2785=ORIENTED_EDGE('',*,*,#2110,.F.);
#2786=ORIENTED_EDGE('',*,*,#2107,.F.);
#2787=ORIENTED_EDGE('',*,*,#2104,.F.);
#2788=ORIENTED_EDGE('',*,*,#2101,.F.);
#2789=ORIENTED_EDGE('',*,*,#2098,.F.);
#2790=ORIENTED_EDGE('',*,*,#2095,.F.);
#2791=ORIENTED_EDGE('',*,*,#2092,.F.);
#2792=ORIENTED_EDGE('',*,*,#2089,.F.);
#2793=ORIENTED_EDGE('',*,*,#2086,.F.);
#2794=ORIENTED_EDGE('',*,*,#2083,.F.);
#2795=ORIENTED_EDGE('',*,*,#2080,.F.);
#2796=ORIENTED_EDGE('',*,*,#2077,.F.);
#2797=ORIENTED_EDGE('',*,*,#2074,.F.);
#2798=ORIENTED_EDGE('',*,*,#2069,.T.);
#2799=ORIENTED_EDGE('',*,*,#2073,.T.);
#2800=ORIENTED_EDGE('',*,*,#2076,.T.);
#2801=ORIENTED_EDGE('',*,*,#2079,.T.);
#2802=ORIENTED_EDGE('',*,*,#2082,.T.);
#2803=ORIENTED_EDGE('',*,*,#2085,.T.);
#2804=ORIENTED_EDGE('',*,*,#2088,.T.);
#2805=ORIENTED_EDGE('',*,*,#2091,.T.);
#2806=ORIENTED_EDGE('',*,*,#2094,.T.);
#2807=ORIENTED_EDGE('',*,*,#2097,.T.);
#2808=ORIENTED_EDGE('',*,*,#2100,.T.);
#2809=ORIENTED_EDGE('',*,*,#2103,.T.);
#2810=ORIENTED_EDGE('',*,*,#2106,.T.);
#2811=ORIENTED_EDGE('',*,*,#2109,.T.);
#2812=ORIENTED_EDGE('',*,*,#2112,.T.);
#2813=ORIENTED_EDGE('',*,*,#2115,.T.);
#2814=ORIENTED_EDGE('',*,*,#2118,.T.);
#2815=ORIENTED_EDGE('',*,*,#2121,.T.);
#2816=ORIENTED_EDGE('',*,*,#2124,.T.);
#2817=ORIENTED_EDGE('',*,*,#2127,.T.);
#2818=ORIENTED_EDGE('',*,*,#2130,.T.);
#2819=ORIENTED_EDGE('',*,*,#2133,.T.);
#2820=ORIENTED_EDGE('',*,*,#2136,.T.);
#2821=ORIENTED_EDGE('',*,*,#2138,.T.);
#2822=ORIENTED_EDGE('',*,*,#2139,.F.);
#2823=ORIENTED_EDGE('',*,*,#2140,.F.);
#2824=ORIENTED_EDGE('',*,*,#2141,.T.);
#2825=ORIENTED_EDGE('',*,*,#2142,.T.);
#2826=ORIENTED_EDGE('',*,*,#2143,.F.);
#2827=ORIENTED_EDGE('',*,*,#2144,.F.);
#2828=ORIENTED_EDGE('',*,*,#2139,.T.);
#2829=ORIENTED_EDGE('',*,*,#2145,.T.);
#2830=ORIENTED_EDGE('',*,*,#2146,.F.);
#2831=ORIENTED_EDGE('',*,*,#2147,.F.);
#2832=ORIENTED_EDGE('',*,*,#2143,.T.);
#2833=ORIENTED_EDGE('',*,*,#2148,.T.);
#2834=ORIENTED_EDGE('',*,*,#2149,.F.);
#2835=ORIENTED_EDGE('',*,*,#2150,.F.);
#2836=ORIENTED_EDGE('',*,*,#2146,.T.);
#2837=ORIENTED_EDGE('',*,*,#2151,.T.);
#2838=ORIENTED_EDGE('',*,*,#2152,.F.);
#2839=ORIENTED_EDGE('',*,*,#2153,.F.);
#2840=ORIENTED_EDGE('',*,*,#2149,.T.);
#2841=ORIENTED_EDGE('',*,*,#2154,.T.);
#2842=ORIENTED_EDGE('',*,*,#2155,.F.);
#2843=ORIENTED_EDGE('',*,*,#2156,.F.);
#2844=ORIENTED_EDGE('',*,*,#2152,.T.);
#2845=ORIENTED_EDGE('',*,*,#2157,.T.);
#2846=ORIENTED_EDGE('',*,*,#2158,.F.);
#2847=ORIENTED_EDGE('',*,*,#2159,.F.);
#2848=ORIENTED_EDGE('',*,*,#2155,.T.);
#2849=ORIENTED_EDGE('',*,*,#2160,.T.);
#2850=ORIENTED_EDGE('',*,*,#2161,.F.);
#2851=ORIENTED_EDGE('',*,*,#2162,.F.);
#2852=ORIENTED_EDGE('',*,*,#2158,.T.);
#2853=ORIENTED_EDGE('',*,*,#2163,.T.);
#2854=ORIENTED_EDGE('',*,*,#2164,.F.);
#2855=ORIENTED_EDGE('',*,*,#2165,.F.);
#2856=ORIENTED_EDGE('',*,*,#2161,.T.);
#2857=ORIENTED_EDGE('',*,*,#2166,.T.);
#2858=ORIENTED_EDGE('',*,*,#2167,.F.);
#2859=ORIENTED_EDGE('',*,*,#2168,.F.);
#2860=ORIENTED_EDGE('',*,*,#2164,.T.);
#2861=ORIENTED_EDGE('',*,*,#2169,.T.);
#2862=ORIENTED_EDGE('',*,*,#2170,.F.);
#2863=ORIENTED_EDGE('',*,*,#2171,.F.);
#2864=ORIENTED_EDGE('',*,*,#2167,.T.);
#2865=ORIENTED_EDGE('',*,*,#2172,.T.);
#2866=ORIENTED_EDGE('',*,*,#2173,.F.);
#2867=ORIENTED_EDGE('',*,*,#2174,.F.);
#2868=ORIENTED_EDGE('',*,*,#2170,.T.);
#2869=ORIENTED_EDGE('',*,*,#2175,.T.);
#2870=ORIENTED_EDGE('',*,*,#2176,.F.);
#2871=ORIENTED_EDGE('',*,*,#2177,.F.);
#2872=ORIENTED_EDGE('',*,*,#2173,.T.);
#2873=ORIENTED_EDGE('',*,*,#2178,.T.);
#2874=ORIENTED_EDGE('',*,*,#2179,.F.);
#2875=ORIENTED_EDGE('',*,*,#2180,.F.);
#2876=ORIENTED_EDGE('',*,*,#2176,.T.);
#2877=ORIENTED_EDGE('',*,*,#2181,.T.);
#2878=ORIENTED_EDGE('',*,*,#2182,.F.);
#2879=ORIENTED_EDGE('',*,*,#2183,.F.);
#2880=ORIENTED_EDGE('',*,*,#2179,.T.);
#2881=ORIENTED_EDGE('',*,*,#2184,.T.);
#2882=ORIENTED_EDGE('',*,*,#2185,.F.);
#2883=ORIENTED_EDGE('',*,*,#2186,.F.);
#2884=ORIENTED_EDGE('',*,*,#2182,.T.);
#2885=ORIENTED_EDGE('',*,*,#2187,.T.);
#2886=ORIENTED_EDGE('',*,*,#2188,.F.);
#2887=ORIENTED_EDGE('',*,*,#2189,.F.);
#2888=ORIENTED_EDGE('',*,*,#2185,.T.);
#2889=ORIENTED_EDGE('',*,*,#2190,.T.);
#2890=ORIENTED_EDGE('',*,*,#2141,.F.);
#2891=ORIENTED_EDGE('',*,*,#2191,.F.);
#2892=ORIENTED_EDGE('',*,*,#2188,.T.);
#2893=ORIENTED_EDGE('',*,*,#2140,.T.);
#2894=ORIENTED_EDGE('',*,*,#2144,.T.);
#2895=ORIENTED_EDGE('',*,*,#2147,.T.);
#2896=ORIENTED_EDGE('',*,*,#2150,.T.);
#2897=ORIENTED_EDGE('',*,*,#2153,.T.);
#2898=ORIENTED_EDGE('',*,*,#2156,.T.);
#2899=ORIENTED_EDGE('',*,*,#2159,.T.);
#2900=ORIENTED_EDGE('',*,*,#2162,.T.);
#2901=ORIENTED_EDGE('',*,*,#2165,.T.);
#2902=ORIENTED_EDGE('',*,*,#2168,.T.);
#2903=ORIENTED_EDGE('',*,*,#2171,.T.);
#2904=ORIENTED_EDGE('',*,*,#2174,.T.);
#2905=ORIENTED_EDGE('',*,*,#2177,.T.);
#2906=ORIENTED_EDGE('',*,*,#2180,.T.);
#2907=ORIENTED_EDGE('',*,*,#2183,.T.);
#2908=ORIENTED_EDGE('',*,*,#2186,.T.);
#2909=ORIENTED_EDGE('',*,*,#2189,.T.);
#2910=ORIENTED_EDGE('',*,*,#2191,.T.);
#2911=ORIENTED_EDGE('',*,*,#2138,.F.);
#2912=ORIENTED_EDGE('',*,*,#2190,.F.);
#2913=ORIENTED_EDGE('',*,*,#2187,.F.);
#2914=ORIENTED_EDGE('',*,*,#2184,.F.);
#2915=ORIENTED_EDGE('',*,*,#2181,.F.);
#2916=ORIENTED_EDGE('',*,*,#2178,.F.);
#2917=ORIENTED_EDGE('',*,*,#2175,.F.);
#2918=ORIENTED_EDGE('',*,*,#2172,.F.);
#2919=ORIENTED_EDGE('',*,*,#2169,.F.);
#2920=ORIENTED_EDGE('',*,*,#2166,.F.);
#2921=ORIENTED_EDGE('',*,*,#2163,.F.);
#2922=ORIENTED_EDGE('',*,*,#2160,.F.);
#2923=ORIENTED_EDGE('',*,*,#2157,.F.);
#2924=ORIENTED_EDGE('',*,*,#2154,.F.);
#2925=ORIENTED_EDGE('',*,*,#2151,.F.);
#2926=ORIENTED_EDGE('',*,*,#2148,.F.);
#2927=ORIENTED_EDGE('',*,*,#2145,.F.);
#2928=ORIENTED_EDGE('',*,*,#2142,.F.);
#2929=ORIENTED_EDGE('',*,*,#2192,.T.);
#2930=ORIENTED_EDGE('',*,*,#2193,.F.);
#2931=ORIENTED_EDGE('',*,*,#2194,.F.);
#2932=ORIENTED_EDGE('',*,*,#2195,.T.);
#2933=ORIENTED_EDGE('',*,*,#2196,.T.);
#2934=ORIENTED_EDGE('',*,*,#2197,.F.);
#2935=ORIENTED_EDGE('',*,*,#2198,.F.);
#2936=ORIENTED_EDGE('',*,*,#2193,.T.);
#2937=ORIENTED_EDGE('',*,*,#2199,.T.);
#2938=ORIENTED_EDGE('',*,*,#2200,.F.);
#2939=ORIENTED_EDGE('',*,*,#2201,.F.);
#2940=ORIENTED_EDGE('',*,*,#2197,.T.);
#2941=ORIENTED_EDGE('',*,*,#2202,.T.);
#2942=ORIENTED_EDGE('',*,*,#2203,.F.);
#2943=ORIENTED_EDGE('',*,*,#2204,.F.);
#2944=ORIENTED_EDGE('',*,*,#2200,.T.);
#2945=ORIENTED_EDGE('',*,*,#2205,.T.);
#2946=ORIENTED_EDGE('',*,*,#2206,.F.);
#2947=ORIENTED_EDGE('',*,*,#2207,.F.);
#2948=ORIENTED_EDGE('',*,*,#2203,.T.);
#2949=ORIENTED_EDGE('',*,*,#2208,.T.);
#2950=ORIENTED_EDGE('',*,*,#2209,.F.);
#2951=ORIENTED_EDGE('',*,*,#2210,.F.);
#2952=ORIENTED_EDGE('',*,*,#2206,.T.);
#2953=ORIENTED_EDGE('',*,*,#2211,.T.);
#2954=ORIENTED_EDGE('',*,*,#2212,.F.);
#2955=ORIENTED_EDGE('',*,*,#2213,.F.);
#2956=ORIENTED_EDGE('',*,*,#2209,.T.);
#2957=ORIENTED_EDGE('',*,*,#2214,.T.);
#2958=ORIENTED_EDGE('',*,*,#2215,.F.);
#2959=ORIENTED_EDGE('',*,*,#2216,.F.);
#2960=ORIENTED_EDGE('',*,*,#2212,.T.);
#2961=ORIENTED_EDGE('',*,*,#2217,.T.);
#2962=ORIENTED_EDGE('',*,*,#2218,.F.);
#2963=ORIENTED_EDGE('',*,*,#2219,.F.);
#2964=ORIENTED_EDGE('',*,*,#2215,.T.);
#2965=ORIENTED_EDGE('',*,*,#2220,.T.);
#2966=ORIENTED_EDGE('',*,*,#2221,.F.);
#2967=ORIENTED_EDGE('',*,*,#2222,.F.);
#2968=ORIENTED_EDGE('',*,*,#2218,.T.);
#2969=ORIENTED_EDGE('',*,*,#2223,.T.);
#2970=ORIENTED_EDGE('',*,*,#2224,.F.);
#2971=ORIENTED_EDGE('',*,*,#2225,.F.);
#2972=ORIENTED_EDGE('',*,*,#2221,.T.);
#2973=ORIENTED_EDGE('',*,*,#2226,.T.);
#2974=ORIENTED_EDGE('',*,*,#2227,.F.);
#2975=ORIENTED_EDGE('',*,*,#2228,.F.);
#2976=ORIENTED_EDGE('',*,*,#2224,.T.);
#2977=ORIENTED_EDGE('',*,*,#2229,.T.);
#2978=ORIENTED_EDGE('',*,*,#2230,.F.);
#2979=ORIENTED_EDGE('',*,*,#2231,.F.);
#2980=ORIENTED_EDGE('',*,*,#2227,.T.);
#2981=ORIENTED_EDGE('',*,*,#2232,.T.);
#2982=ORIENTED_EDGE('',*,*,#2233,.F.);
#2983=ORIENTED_EDGE('',*,*,#2234,.F.);
#2984=ORIENTED_EDGE('',*,*,#2230,.T.);
#2985=ORIENTED_EDGE('',*,*,#2235,.T.);
#2986=ORIENTED_EDGE('',*,*,#2236,.F.);
#2987=ORIENTED_EDGE('',*,*,#2237,.F.);
#2988=ORIENTED_EDGE('',*,*,#2233,.T.);
#2989=ORIENTED_EDGE('',*,*,#2238,.T.);
#2990=ORIENTED_EDGE('',*,*,#2239,.F.);
#2991=ORIENTED_EDGE('',*,*,#2240,.F.);
#2992=ORIENTED_EDGE('',*,*,#2236,.T.);
#2993=ORIENTED_EDGE('',*,*,#2241,.T.);
#2994=ORIENTED_EDGE('',*,*,#2242,.F.);
#2995=ORIENTED_EDGE('',*,*,#2243,.F.);
#2996=ORIENTED_EDGE('',*,*,#2239,.T.);
#2997=ORIENTED_EDGE('',*,*,#2244,.T.);
#2998=ORIENTED_EDGE('',*,*,#2195,.F.);
#2999=ORIENTED_EDGE('',*,*,#2245,.F.);
#3000=ORIENTED_EDGE('',*,*,#2242,.T.);
#3001=ORIENTED_EDGE('',*,*,#2194,.T.);
#3002=ORIENTED_EDGE('',*,*,#2198,.T.);
#3003=ORIENTED_EDGE('',*,*,#2201,.T.);
#3004=ORIENTED_EDGE('',*,*,#2204,.T.);
#3005=ORIENTED_EDGE('',*,*,#2207,.T.);
#3006=ORIENTED_EDGE('',*,*,#2210,.T.);
#3007=ORIENTED_EDGE('',*,*,#2213,.T.);
#3008=ORIENTED_EDGE('',*,*,#2216,.T.);
#3009=ORIENTED_EDGE('',*,*,#2219,.T.);
#3010=ORIENTED_EDGE('',*,*,#2222,.T.);
#3011=ORIENTED_EDGE('',*,*,#2225,.T.);
#3012=ORIENTED_EDGE('',*,*,#2228,.T.);
#3013=ORIENTED_EDGE('',*,*,#2231,.T.);
#3014=ORIENTED_EDGE('',*,*,#2234,.T.);
#3015=ORIENTED_EDGE('',*,*,#2237,.T.);
#3016=ORIENTED_EDGE('',*,*,#2240,.T.);
#3017=ORIENTED_EDGE('',*,*,#2243,.T.);
#3018=ORIENTED_EDGE('',*,*,#2245,.T.);
#3019=ORIENTED_EDGE('',*,*,#2192,.F.);
#3020=ORIENTED_EDGE('',*,*,#2244,.F.);
#3021=ORIENTED_EDGE('',*,*,#2241,.F.);
#3022=ORIENTED_EDGE('',*,*,#2238,.F.);
#3023=ORIENTED_EDGE('',*,*,#2235,.F.);
#3024=ORIENTED_EDGE('',*,*,#2232,.F.);
#3025=ORIENTED_EDGE('',*,*,#2229,.F.);
#3026=ORIENTED_EDGE('',*,*,#2226,.F.);
#3027=ORIENTED_EDGE('',*,*,#2223,.F.);
#3028=ORIENTED_EDGE('',*,*,#2220,.F.);
#3029=ORIENTED_EDGE('',*,*,#2217,.F.);
#3030=ORIENTED_EDGE('',*,*,#2214,.F.);
#3031=ORIENTED_EDGE('',*,*,#2211,.F.);
#3032=ORIENTED_EDGE('',*,*,#2208,.F.);
#3033=ORIENTED_EDGE('',*,*,#2205,.F.);
#3034=ORIENTED_EDGE('',*,*,#2202,.F.);
#3035=ORIENTED_EDGE('',*,*,#2199,.F.);
#3036=ORIENTED_EDGE('',*,*,#2196,.F.);
#3037=ORIENTED_EDGE('',*,*,#2246,.T.);
#3038=ORIENTED_EDGE('',*,*,#2247,.F.);
#3039=ORIENTED_EDGE('',*,*,#2248,.F.);
#3040=ORIENTED_EDGE('',*,*,#2249,.T.);
#3041=ORIENTED_EDGE('',*,*,#2250,.T.);
#3042=ORIENTED_EDGE('',*,*,#2251,.F.);
#3043=ORIENTED_EDGE('',*,*,#2252,.F.);
#3044=ORIENTED_EDGE('',*,*,#2247,.T.);
#3045=ORIENTED_EDGE('',*,*,#2253,.T.);
#3046=ORIENTED_EDGE('',*,*,#2254,.F.);
#3047=ORIENTED_EDGE('',*,*,#2255,.F.);
#3048=ORIENTED_EDGE('',*,*,#2251,.T.);
#3049=ORIENTED_EDGE('',*,*,#2256,.T.);
#3050=ORIENTED_EDGE('',*,*,#2257,.F.);
#3051=ORIENTED_EDGE('',*,*,#2258,.F.);
#3052=ORIENTED_EDGE('',*,*,#2254,.T.);
#3053=ORIENTED_EDGE('',*,*,#2259,.T.);
#3054=ORIENTED_EDGE('',*,*,#2260,.F.);
#3055=ORIENTED_EDGE('',*,*,#2261,.F.);
#3056=ORIENTED_EDGE('',*,*,#2257,.T.);
#3057=ORIENTED_EDGE('',*,*,#2262,.T.);
#3058=ORIENTED_EDGE('',*,*,#2263,.F.);
#3059=ORIENTED_EDGE('',*,*,#2264,.F.);
#3060=ORIENTED_EDGE('',*,*,#2260,.T.);
#3061=ORIENTED_EDGE('',*,*,#2265,.T.);
#3062=ORIENTED_EDGE('',*,*,#2266,.F.);
#3063=ORIENTED_EDGE('',*,*,#2267,.F.);
#3064=ORIENTED_EDGE('',*,*,#2263,.T.);
#3065=ORIENTED_EDGE('',*,*,#2268,.T.);
#3066=ORIENTED_EDGE('',*,*,#2269,.F.);
#3067=ORIENTED_EDGE('',*,*,#2270,.F.);
#3068=ORIENTED_EDGE('',*,*,#2266,.T.);
#3069=ORIENTED_EDGE('',*,*,#2271,.T.);
#3070=ORIENTED_EDGE('',*,*,#2272,.F.);
#3071=ORIENTED_EDGE('',*,*,#2273,.F.);
#3072=ORIENTED_EDGE('',*,*,#2269,.T.);
#3073=ORIENTED_EDGE('',*,*,#2274,.T.);
#3074=ORIENTED_EDGE('',*,*,#2275,.F.);
#3075=ORIENTED_EDGE('',*,*,#2276,.F.);
#3076=ORIENTED_EDGE('',*,*,#2272,.T.);
#3077=ORIENTED_EDGE('',*,*,#2277,.T.);
#3078=ORIENTED_EDGE('',*,*,#2278,.F.);
#3079=ORIENTED_EDGE('',*,*,#2279,.F.);
#3080=ORIENTED_EDGE('',*,*,#2275,.T.);
#3081=ORIENTED_EDGE('',*,*,#2280,.T.);
#3082=ORIENTED_EDGE('',*,*,#2281,.F.);
#3083=ORIENTED_EDGE('',*,*,#2282,.F.);
#3084=ORIENTED_EDGE('',*,*,#2278,.T.);
#3085=ORIENTED_EDGE('',*,*,#2283,.T.);
#3086=ORIENTED_EDGE('',*,*,#2284,.F.);
#3087=ORIENTED_EDGE('',*,*,#2285,.F.);
#3088=ORIENTED_EDGE('',*,*,#2281,.T.);
#3089=ORIENTED_EDGE('',*,*,#2286,.T.);
#3090=ORIENTED_EDGE('',*,*,#2287,.F.);
#3091=ORIENTED_EDGE('',*,*,#2288,.F.);
#3092=ORIENTED_EDGE('',*,*,#2284,.T.);
#3093=ORIENTED_EDGE('',*,*,#2289,.T.);
#3094=ORIENTED_EDGE('',*,*,#2290,.F.);
#3095=ORIENTED_EDGE('',*,*,#2291,.F.);
#3096=ORIENTED_EDGE('',*,*,#2287,.T.);
#3097=ORIENTED_EDGE('',*,*,#2292,.T.);
#3098=ORIENTED_EDGE('',*,*,#2293,.F.);
#3099=ORIENTED_EDGE('',*,*,#2294,.F.);
#3100=ORIENTED_EDGE('',*,*,#2290,.T.);
#3101=ORIENTED_EDGE('',*,*,#2295,.T.);
#3102=ORIENTED_EDGE('',*,*,#2296,.F.);
#3103=ORIENTED_EDGE('',*,*,#2297,.F.);
#3104=ORIENTED_EDGE('',*,*,#2293,.T.);
#3105=ORIENTED_EDGE('',*,*,#2298,.T.);
#3106=ORIENTED_EDGE('',*,*,#2249,.F.);
#3107=ORIENTED_EDGE('',*,*,#2299,.F.);
#3108=ORIENTED_EDGE('',*,*,#2296,.T.);
#3109=ORIENTED_EDGE('',*,*,#2248,.T.);
#3110=ORIENTED_EDGE('',*,*,#2252,.T.);
#3111=ORIENTED_EDGE('',*,*,#2255,.T.);
#3112=ORIENTED_EDGE('',*,*,#2258,.T.);
#3113=ORIENTED_EDGE('',*,*,#2261,.T.);
#3114=ORIENTED_EDGE('',*,*,#2264,.T.);
#3115=ORIENTED_EDGE('',*,*,#2267,.T.);
#3116=ORIENTED_EDGE('',*,*,#2270,.T.);
#3117=ORIENTED_EDGE('',*,*,#2273,.T.);
#3118=ORIENTED_EDGE('',*,*,#2276,.T.);
#3119=ORIENTED_EDGE('',*,*,#2279,.T.);
#3120=ORIENTED_EDGE('',*,*,#2282,.T.);
#3121=ORIENTED_EDGE('',*,*,#2285,.T.);
#3122=ORIENTED_EDGE('',*,*,#2288,.T.);
#3123=ORIENTED_EDGE('',*,*,#2291,.T.);
#3124=ORIENTED_EDGE('',*,*,#2294,.T.);
#3125=ORIENTED_EDGE('',*,*,#2297,.T.);
#3126=ORIENTED_EDGE('',*,*,#2299,.T.);
#3127=ORIENTED_EDGE('',*,*,#2246,.F.);
#3128=ORIENTED_EDGE('',*,*,#2298,.F.);
#3129=ORIENTED_EDGE('',*,*,#2295,.F.);
#3130=ORIENTED_EDGE('',*,*,#2292,.F.);
#3131=ORIENTED_EDGE('',*,*,#2289,.F.);
#3132=ORIENTED_EDGE('',*,*,#2286,.F.);
#3133=ORIENTED_EDGE('',*,*,#2283,.F.);
#3134=ORIENTED_EDGE('',*,*,#2280,.F.);
#3135=ORIENTED_EDGE('',*,*,#2277,.F.);
#3136=ORIENTED_EDGE('',*,*,#2274,.F.);
#3137=ORIENTED_EDGE('',*,*,#2271,.F.);
#3138=ORIENTED_EDGE('',*,*,#2268,.F.);
#3139=ORIENTED_EDGE('',*,*,#2265,.F.);
#3140=ORIENTED_EDGE('',*,*,#2262,.F.);
#3141=ORIENTED_EDGE('',*,*,#2259,.F.);
#3142=ORIENTED_EDGE('',*,*,#2256,.F.);
#3143=ORIENTED_EDGE('',*,*,#2253,.F.);
#3144=ORIENTED_EDGE('',*,*,#2250,.F.);
#3145=ORIENTED_EDGE('',*,*,#2300,.T.);
#3146=ORIENTED_EDGE('',*,*,#2301,.F.);
#3147=ORIENTED_EDGE('',*,*,#2302,.F.);
#3148=ORIENTED_EDGE('',*,*,#2303,.T.);
#3149=ORIENTED_EDGE('',*,*,#2304,.T.);
#3150=ORIENTED_EDGE('',*,*,#2305,.F.);
#3151=ORIENTED_EDGE('',*,*,#2306,.F.);
#3152=ORIENTED_EDGE('',*,*,#2301,.T.);
#3153=ORIENTED_EDGE('',*,*,#2307,.T.);
#3154=ORIENTED_EDGE('',*,*,#2308,.F.);
#3155=ORIENTED_EDGE('',*,*,#2309,.F.);
#3156=ORIENTED_EDGE('',*,*,#2305,.T.);
#3157=ORIENTED_EDGE('',*,*,#2310,.T.);
#3158=ORIENTED_EDGE('',*,*,#2311,.F.);
#3159=ORIENTED_EDGE('',*,*,#2312,.F.);
#3160=ORIENTED_EDGE('',*,*,#2308,.T.);
#3161=ORIENTED_EDGE('',*,*,#2313,.T.);
#3162=ORIENTED_EDGE('',*,*,#2314,.F.);
#3163=ORIENTED_EDGE('',*,*,#2315,.F.);
#3164=ORIENTED_EDGE('',*,*,#2311,.T.);
#3165=ORIENTED_EDGE('',*,*,#2316,.T.);
#3166=ORIENTED_EDGE('',*,*,#2317,.F.);
#3167=ORIENTED_EDGE('',*,*,#2318,.F.);
#3168=ORIENTED_EDGE('',*,*,#2314,.T.);
#3169=ORIENTED_EDGE('',*,*,#2319,.T.);
#3170=ORIENTED_EDGE('',*,*,#2320,.F.);
#3171=ORIENTED_EDGE('',*,*,#2321,.F.);
#3172=ORIENTED_EDGE('',*,*,#2317,.T.);
#3173=ORIENTED_EDGE('',*,*,#2322,.T.);
#3174=ORIENTED_EDGE('',*,*,#2323,.F.);
#3175=ORIENTED_EDGE('',*,*,#2324,.F.);
#3176=ORIENTED_EDGE('',*,*,#2320,.T.);
#3177=ORIENTED_EDGE('',*,*,#2325,.T.);
#3178=ORIENTED_EDGE('',*,*,#2326,.F.);
#3179=ORIENTED_EDGE('',*,*,#2327,.F.);
#3180=ORIENTED_EDGE('',*,*,#2323,.T.);
#3181=ORIENTED_EDGE('',*,*,#2328,.T.);
#3182=ORIENTED_EDGE('',*,*,#2329,.F.);
#3183=ORIENTED_EDGE('',*,*,#2330,.F.);
#3184=ORIENTED_EDGE('',*,*,#2326,.T.);
#3185=ORIENTED_EDGE('',*,*,#2331,.T.);
#3186=ORIENTED_EDGE('',*,*,#2332,.F.);
#3187=ORIENTED_EDGE('',*,*,#2333,.F.);
#3188=ORIENTED_EDGE('',*,*,#2329,.T.);
#3189=ORIENTED_EDGE('',*,*,#2334,.T.);
#3190=ORIENTED_EDGE('',*,*,#2335,.F.);
#3191=ORIENTED_EDGE('',*,*,#2336,.F.);
#3192=ORIENTED_EDGE('',*,*,#2332,.T.);
#3193=ORIENTED_EDGE('',*,*,#2337,.T.);
#3194=ORIENTED_EDGE('',*,*,#2338,.F.);
#3195=ORIENTED_EDGE('',*,*,#2339,.F.);
#3196=ORIENTED_EDGE('',*,*,#2335,.T.);
#3197=ORIENTED_EDGE('',*,*,#2340,.T.);
#3198=ORIENTED_EDGE('',*,*,#2341,.F.);
#3199=ORIENTED_EDGE('',*,*,#2342,.F.);
#3200=ORIENTED_EDGE('',*,*,#2338,.T.);
#3201=ORIENTED_EDGE('',*,*,#2343,.T.);
#3202=ORIENTED_EDGE('',*,*,#2344,.F.);
#3203=ORIENTED_EDGE('',*,*,#2345,.F.);
#3204=ORIENTED_EDGE('',*,*,#2341,.T.);
#3205=ORIENTED_EDGE('',*,*,#2346,.T.);
#3206=ORIENTED_EDGE('',*,*,#2347,.F.);
#3207=ORIENTED_EDGE('',*,*,#2348,.F.);
#3208=ORIENTED_EDGE('',*,*,#2344,.T.);
#3209=ORIENTED_EDGE('',*,*,#2349,.T.);
#3210=ORIENTED_EDGE('',*,*,#2350,.F.);
#3211=ORIENTED_EDGE('',*,*,#2351,.F.);
#3212=ORIENTED_EDGE('',*,*,#2347,.T.);
#3213=ORIENTED_EDGE('',*,*,#2352,.T.);
#3214=ORIENTED_EDGE('',*,*,#2353,.F.);
#3215=ORIENTED_EDGE('',*,*,#2354,.F.);
#3216=ORIENTED_EDGE('',*,*,#2350,.T.);
#3217=ORIENTED_EDGE('',*,*,#2355,.T.);
#3218=ORIENTED_EDGE('',*,*,#2356,.F.);
#3219=ORIENTED_EDGE('',*,*,#2357,.F.);
#3220=ORIENTED_EDGE('',*,*,#2353,.T.);
#3221=ORIENTED_EDGE('',*,*,#2358,.T.);
#3222=ORIENTED_EDGE('',*,*,#2359,.F.);
#3223=ORIENTED_EDGE('',*,*,#2360,.F.);
#3224=ORIENTED_EDGE('',*,*,#2356,.T.);
#3225=ORIENTED_EDGE('',*,*,#2361,.T.);
#3226=ORIENTED_EDGE('',*,*,#2362,.F.);
#3227=ORIENTED_EDGE('',*,*,#2363,.F.);
#3228=ORIENTED_EDGE('',*,*,#2359,.T.);
#3229=ORIENTED_EDGE('',*,*,#2364,.T.);
#3230=ORIENTED_EDGE('',*,*,#2365,.F.);
#3231=ORIENTED_EDGE('',*,*,#2366,.F.);
#3232=ORIENTED_EDGE('',*,*,#2362,.T.);
#3233=ORIENTED_EDGE('',*,*,#2367,.T.);
#3234=ORIENTED_EDGE('',*,*,#2303,.F.);
#3235=ORIENTED_EDGE('',*,*,#2368,.F.);
#3236=ORIENTED_EDGE('',*,*,#2365,.T.);
#3237=ORIENTED_EDGE('',*,*,#2302,.T.);
#3238=ORIENTED_EDGE('',*,*,#2306,.T.);
#3239=ORIENTED_EDGE('',*,*,#2309,.T.);
#3240=ORIENTED_EDGE('',*,*,#2312,.T.);
#3241=ORIENTED_EDGE('',*,*,#2315,.T.);
#3242=ORIENTED_EDGE('',*,*,#2318,.T.);
#3243=ORIENTED_EDGE('',*,*,#2321,.T.);
#3244=ORIENTED_EDGE('',*,*,#2324,.T.);
#3245=ORIENTED_EDGE('',*,*,#2327,.T.);
#3246=ORIENTED_EDGE('',*,*,#2330,.T.);
#3247=ORIENTED_EDGE('',*,*,#2333,.T.);
#3248=ORIENTED_EDGE('',*,*,#2336,.T.);
#3249=ORIENTED_EDGE('',*,*,#2339,.T.);
#3250=ORIENTED_EDGE('',*,*,#2342,.T.);
#3251=ORIENTED_EDGE('',*,*,#2345,.T.);
#3252=ORIENTED_EDGE('',*,*,#2348,.T.);
#3253=ORIENTED_EDGE('',*,*,#2351,.T.);
#3254=ORIENTED_EDGE('',*,*,#2354,.T.);
#3255=ORIENTED_EDGE('',*,*,#2357,.T.);
#3256=ORIENTED_EDGE('',*,*,#2360,.T.);
#3257=ORIENTED_EDGE('',*,*,#2363,.T.);
#3258=ORIENTED_EDGE('',*,*,#2366,.T.);
#3259=ORIENTED_EDGE('',*,*,#2368,.T.);
#3260=ORIENTED_EDGE('',*,*,#2300,.F.);
#3261=ORIENTED_EDGE('',*,*,#2367,.F.);
#3262=ORIENTED_EDGE('',*,*,#2364,.F.);
#3263=ORIENTED_EDGE('',*,*,#2361,.F.);
#3264=ORIENTED_EDGE('',*,*,#2358,.F.);
#3265=ORIENTED_EDGE('',*,*,#2355,.F.);
#3266=ORIENTED_EDGE('',*,*,#2352,.F.);
#3267=ORIENTED_EDGE('',*,*,#2349,.F.);
#3268=ORIENTED_EDGE('',*,*,#2346,.F.);
#3269=ORIENTED_EDGE('',*,*,#2343,.F.);
#3270=ORIENTED_EDGE('',*,*,#2340,.F.);
#3271=ORIENTED_EDGE('',*,*,#2337,.F.);
#3272=ORIENTED_EDGE('',*,*,#2334,.F.);
#3273=ORIENTED_EDGE('',*,*,#2331,.F.);
#3274=ORIENTED_EDGE('',*,*,#2328,.F.);
#3275=ORIENTED_EDGE('',*,*,#2325,.F.);
#3276=ORIENTED_EDGE('',*,*,#2322,.F.);
#3277=ORIENTED_EDGE('',*,*,#2319,.F.);
#3278=ORIENTED_EDGE('',*,*,#2316,.F.);
#3279=ORIENTED_EDGE('',*,*,#2313,.F.);
#3280=ORIENTED_EDGE('',*,*,#2310,.F.);
#3281=ORIENTED_EDGE('',*,*,#2307,.F.);
#3282=ORIENTED_EDGE('',*,*,#2304,.F.);
#3283=ORIENTED_EDGE('',*,*,#2369,.T.);
#3284=ORIENTED_EDGE('',*,*,#2370,.F.);
#3285=ORIENTED_EDGE('',*,*,#2371,.F.);
#3286=ORIENTED_EDGE('',*,*,#2372,.T.);
#3287=ORIENTED_EDGE('',*,*,#2373,.T.);
#3288=ORIENTED_EDGE('',*,*,#2374,.F.);
#3289=ORIENTED_EDGE('',*,*,#2375,.F.);
#3290=ORIENTED_EDGE('',*,*,#2370,.T.);
#3291=ORIENTED_EDGE('',*,*,#2376,.T.);
#3292=ORIENTED_EDGE('',*,*,#2377,.F.);
#3293=ORIENTED_EDGE('',*,*,#2378,.F.);
#3294=ORIENTED_EDGE('',*,*,#2374,.T.);
#3295=ORIENTED_EDGE('',*,*,#2379,.T.);
#3296=ORIENTED_EDGE('',*,*,#2380,.F.);
#3297=ORIENTED_EDGE('',*,*,#2381,.F.);
#3298=ORIENTED_EDGE('',*,*,#2377,.T.);
#3299=ORIENTED_EDGE('',*,*,#2382,.T.);
#3300=ORIENTED_EDGE('',*,*,#2383,.F.);
#3301=ORIENTED_EDGE('',*,*,#2384,.F.);
#3302=ORIENTED_EDGE('',*,*,#2380,.T.);
#3303=ORIENTED_EDGE('',*,*,#2385,.T.);
#3304=ORIENTED_EDGE('',*,*,#2386,.F.);
#3305=ORIENTED_EDGE('',*,*,#2387,.F.);
#3306=ORIENTED_EDGE('',*,*,#2383,.T.);
#3307=ORIENTED_EDGE('',*,*,#2388,.T.);
#3308=ORIENTED_EDGE('',*,*,#2389,.F.);
#3309=ORIENTED_EDGE('',*,*,#2390,.F.);
#3310=ORIENTED_EDGE('',*,*,#2386,.T.);
#3311=ORIENTED_EDGE('',*,*,#2391,.T.);
#3312=ORIENTED_EDGE('',*,*,#2392,.F.);
#3313=ORIENTED_EDGE('',*,*,#2393,.F.);
#3314=ORIENTED_EDGE('',*,*,#2389,.T.);
#3315=ORIENTED_EDGE('',*,*,#2394,.T.);
#3316=ORIENTED_EDGE('',*,*,#2395,.F.);
#3317=ORIENTED_EDGE('',*,*,#2396,.F.);
#3318=ORIENTED_EDGE('',*,*,#2392,.T.);
#3319=ORIENTED_EDGE('',*,*,#2397,.T.);
#3320=ORIENTED_EDGE('',*,*,#2398,.F.);
#3321=ORIENTED_EDGE('',*,*,#2399,.F.);
#3322=ORIENTED_EDGE('',*,*,#2395,.T.);
#3323=ORIENTED_EDGE('',*,*,#2400,.T.);
#3324=ORIENTED_EDGE('',*,*,#2401,.F.);
#3325=ORIENTED_EDGE('',*,*,#2402,.F.);
#3326=ORIENTED_EDGE('',*,*,#2398,.T.);
#3327=ORIENTED_EDGE('',*,*,#2403,.T.);
#3328=ORIENTED_EDGE('',*,*,#2404,.F.);
#3329=ORIENTED_EDGE('',*,*,#2405,.F.);
#3330=ORIENTED_EDGE('',*,*,#2401,.T.);
#3331=ORIENTED_EDGE('',*,*,#2406,.T.);
#3332=ORIENTED_EDGE('',*,*,#2407,.F.);
#3333=ORIENTED_EDGE('',*,*,#2408,.F.);
#3334=ORIENTED_EDGE('',*,*,#2404,.T.);
#3335=ORIENTED_EDGE('',*,*,#2409,.T.);
#3336=ORIENTED_EDGE('',*,*,#2410,.F.);
#3337=ORIENTED_EDGE('',*,*,#2411,.F.);
#3338=ORIENTED_EDGE('',*,*,#2407,.T.);
#3339=ORIENTED_EDGE('',*,*,#2412,.T.);
#3340=ORIENTED_EDGE('',*,*,#2413,.F.);
#3341=ORIENTED_EDGE('',*,*,#2414,.F.);
#3342=ORIENTED_EDGE('',*,*,#2410,.T.);
#3343=ORIENTED_EDGE('',*,*,#2415,.T.);
#3344=ORIENTED_EDGE('',*,*,#2416,.F.);
#3345=ORIENTED_EDGE('',*,*,#2417,.F.);
#3346=ORIENTED_EDGE('',*,*,#2413,.T.);
#3347=ORIENTED_EDGE('',*,*,#2418,.T.);
#3348=ORIENTED_EDGE('',*,*,#2419,.F.);
#3349=ORIENTED_EDGE('',*,*,#2420,.F.);
#3350=ORIENTED_EDGE('',*,*,#2416,.T.);
#3351=ORIENTED_EDGE('',*,*,#2421,.T.);
#3352=ORIENTED_EDGE('',*,*,#2372,.F.);
#3353=ORIENTED_EDGE('',*,*,#2422,.F.);
#3354=ORIENTED_EDGE('',*,*,#2419,.T.);
#3355=ORIENTED_EDGE('',*,*,#2371,.T.);
#3356=ORIENTED_EDGE('',*,*,#2375,.T.);
#3357=ORIENTED_EDGE('',*,*,#2378,.T.);
#3358=ORIENTED_EDGE('',*,*,#2381,.T.);
#3359=ORIENTED_EDGE('',*,*,#2384,.T.);
#3360=ORIENTED_EDGE('',*,*,#2387,.T.);
#3361=ORIENTED_EDGE('',*,*,#2390,.T.);
#3362=ORIENTED_EDGE('',*,*,#2393,.T.);
#3363=ORIENTED_EDGE('',*,*,#2396,.T.);
#3364=ORIENTED_EDGE('',*,*,#2399,.T.);
#3365=ORIENTED_EDGE('',*,*,#2402,.T.);
#3366=ORIENTED_EDGE('',*,*,#2405,.T.);
#3367=ORIENTED_EDGE('',*,*,#2408,.T.);
#3368=ORIENTED_EDGE('',*,*,#2411,.T.);
#3369=ORIENTED_EDGE('',*,*,#2414,.T.);
#3370=ORIENTED_EDGE('',*,*,#2417,.T.);
#3371=ORIENTED_EDGE('',*,*,#2420,.T.);
#3372=ORIENTED_EDGE('',*,*,#2422,.T.);
#3373=ORIENTED_EDGE('',*,*,#2369,.F.);
#3374=ORIENTED_EDGE('',*,*,#2421,.F.);
#3375=ORIENTED_EDGE('',*,*,#2418,.F.);
#3376=ORIENTED_EDGE('',*,*,#2415,.F.);
#3377=ORIENTED_EDGE('',*,*,#2412,.F.);
#3378=ORIENTED_EDGE('',*,*,#2409,.F.);
#3379=ORIENTED_EDGE('',*,*,#2406,.F.);
#3380=ORIENTED_EDGE('',*,*,#2403,.F.);
#3381=ORIENTED_EDGE('',*,*,#2400,.F.);
#3382=ORIENTED_EDGE('',*,*,#2397,.F.);
#3383=ORIENTED_EDGE('',*,*,#2394,.F.);
#3384=ORIENTED_EDGE('',*,*,#2391,.F.);
#3385=ORIENTED_EDGE('',*,*,#2388,.F.);
#3386=ORIENTED_EDGE('',*,*,#2385,.F.);
#3387=ORIENTED_EDGE('',*,*,#2382,.F.);
#3388=ORIENTED_EDGE('',*,*,#2379,.F.);
#3389=ORIENTED_EDGE('',*,*,#2376,.F.);
#3390=ORIENTED_EDGE('',*,*,#2373,.F.);
#3391=ORIENTED_EDGE('',*,*,#2423,.T.);
#3392=ORIENTED_EDGE('',*,*,#2424,.T.);
#3393=ORIENTED_EDGE('',*,*,#2425,.F.);
#3394=ORIENTED_EDGE('',*,*,#2426,.T.);
#3395=ORIENTED_EDGE('',*,*,#2427,.F.);
#3396=ORIENTED_EDGE('',*,*,#2428,.F.);
#3397=ORIENTED_EDGE('',*,*,#2429,.F.);
#3398=ORIENTED_EDGE('',*,*,#2430,.T.);
#3399=ORIENTED_EDGE('',*,*,#2431,.F.);
#3400=ORIENTED_EDGE('',*,*,#2432,.F.);
#3401=ORIENTED_EDGE('',*,*,#2433,.F.);
#3402=ORIENTED_EDGE('',*,*,#2434,.T.);
#3403=ORIENTED_EDGE('',*,*,#2435,.F.);
#3404=ORIENTED_EDGE('',*,*,#2436,.F.);
#3405=ORIENTED_EDGE('',*,*,#2437,.F.);
#3406=ORIENTED_EDGE('',*,*,#2438,.F.);
#3407=ORIENTED_EDGE('',*,*,#2439,.F.);
#3408=ORIENTED_EDGE('',*,*,#2440,.F.);
#3409=ORIENTED_EDGE('',*,*,#2441,.F.);
#3410=ORIENTED_EDGE('',*,*,#2442,.F.);
#3411=ORIENTED_EDGE('',*,*,#2443,.F.);
#3412=ORIENTED_EDGE('',*,*,#2444,.F.);
#3413=ORIENTED_EDGE('',*,*,#2445,.T.);
#3414=ORIENTED_EDGE('',*,*,#2446,.T.);
#3415=ORIENTED_EDGE('',*,*,#2447,.F.);
#3416=ORIENTED_EDGE('',*,*,#2448,.F.);
#3417=ORIENTED_EDGE('',*,*,#2449,.F.);
#3418=ORIENTED_EDGE('',*,*,#2450,.F.);
#3419=ORIENTED_EDGE('',*,*,#2451,.F.);
#3420=ORIENTED_EDGE('',*,*,#2452,.F.);
#3421=ORIENTED_EDGE('',*,*,#2453,.T.);
#3422=ORIENTED_EDGE('',*,*,#2454,.T.);
#3423=ORIENTED_EDGE('',*,*,#2455,.T.);
#3424=ORIENTED_EDGE('',*,*,#2456,.T.);
#3425=ORIENTED_EDGE('',*,*,#2457,.T.);
#3426=ORIENTED_EDGE('',*,*,#2458,.T.);
#3427=ORIENTED_EDGE('',*,*,#2459,.T.);
#3428=ORIENTED_EDGE('',*,*,#2460,.T.);
#3429=ORIENTED_EDGE('',*,*,#2461,.T.);
#3430=ORIENTED_EDGE('',*,*,#2462,.T.);
#3431=ORIENTED_EDGE('',*,*,#2463,.T.);
#3432=ORIENTED_EDGE('',*,*,#2464,.T.);
#3433=ORIENTED_EDGE('',*,*,#2465,.T.);
#3434=ORIENTED_EDGE('',*,*,#2466,.T.);
#3435=ORIENTED_EDGE('',*,*,#2467,.T.);
#3436=ORIENTED_EDGE('',*,*,#2468,.T.);
#3437=ORIENTED_EDGE('',*,*,#2469,.T.);
#3438=ORIENTED_EDGE('',*,*,#2470,.T.);
#3439=ORIENTED_EDGE('',*,*,#2471,.T.);
#3440=ORIENTED_EDGE('',*,*,#2472,.T.);
#3441=ORIENTED_EDGE('',*,*,#2439,.T.);
#3442=ORIENTED_EDGE('',*,*,#2473,.F.);
#3443=ORIENTED_EDGE('',*,*,#2474,.T.);
#3444=ORIENTED_EDGE('',*,*,#2475,.T.);
#3445=ORIENTED_EDGE('',*,*,#2476,.T.);
#3446=ORIENTED_EDGE('',*,*,#2477,.T.);
#3447=ORIENTED_EDGE('',*,*,#2478,.T.);
#3448=ORIENTED_EDGE('',*,*,#2479,.T.);
#3449=ORIENTED_EDGE('',*,*,#2480,.T.);
#3450=ORIENTED_EDGE('',*,*,#2481,.F.);
#3451=ORIENTED_EDGE('',*,*,#2482,.T.);
#3452=ORIENTED_EDGE('',*,*,#2483,.T.);
#3453=ORIENTED_EDGE('',*,*,#2484,.F.);
#3454=ORIENTED_EDGE('',*,*,#2485,.T.);
#3455=ORIENTED_EDGE('',*,*,#2486,.T.);
#3456=ORIENTED_EDGE('',*,*,#2487,.T.);
#3457=ORIENTED_EDGE('',*,*,#2488,.F.);
#3458=ORIENTED_EDGE('',*,*,#2489,.T.);
#3459=ORIENTED_EDGE('',*,*,#2490,.T.);
#3460=ORIENTED_EDGE('',*,*,#2491,.F.);
#3461=ORIENTED_EDGE('',*,*,#2477,.F.);
#3462=ORIENTED_EDGE('',*,*,#2492,.F.);
#3463=ORIENTED_EDGE('',*,*,#2475,.F.);
#3464=ORIENTED_EDGE('',*,*,#2493,.F.);
#3465=ORIENTED_EDGE('',*,*,#2494,.T.);
#3466=ORIENTED_EDGE('',*,*,#2495,.F.);
#3467=ORIENTED_EDGE('',*,*,#2449,.T.);
#3468=ORIENTED_EDGE('',*,*,#2496,.F.);
#3469=ORIENTED_EDGE('',*,*,#2497,.T.);
#3470=ORIENTED_EDGE('',*,*,#2498,.T.);
#3471=ORIENTED_EDGE('',*,*,#2423,.F.);
#3472=ORIENTED_EDGE('',*,*,#2499,.T.);
#3473=ORIENTED_EDGE('',*,*,#2500,.T.);
#3474=ORIENTED_EDGE('',*,*,#2501,.F.);
#3475=ORIENTED_EDGE('',*,*,#2502,.T.);
#3476=ORIENTED_EDGE('',*,*,#2503,.T.);
#3477=ORIENTED_EDGE('',*,*,#2504,.T.);
#3478=ORIENTED_EDGE('',*,*,#2505,.F.);
#3479=ORIENTED_EDGE('',*,*,#2506,.T.);
#3480=ORIENTED_EDGE('',*,*,#2507,.F.);
#3481=ORIENTED_EDGE('',*,*,#2508,.T.);
#3482=ORIENTED_EDGE('',*,*,#2509,.T.);
#3483=ORIENTED_EDGE('',*,*,#2510,.T.);
#3484=ORIENTED_EDGE('',*,*,#2511,.F.);
#3485=ORIENTED_EDGE('',*,*,#2512,.T.);
#3486=ORIENTED_EDGE('',*,*,#2513,.F.);
#3487=ORIENTED_EDGE('',*,*,#2514,.T.);
#3488=ORIENTED_EDGE('',*,*,#2441,.T.);
#3489=ORIENTED_EDGE('',*,*,#2515,.F.);
#3490=ORIENTED_EDGE('',*,*,#2516,.F.);
#3491=ORIENTED_EDGE('',*,*,#2517,.T.);
#3492=ORIENTED_EDGE('',*,*,#2457,.F.);
#3493=ORIENTED_EDGE('',*,*,#2518,.F.);
#3494=ORIENTED_EDGE('',*,*,#2519,.F.);
#3495=ORIENTED_EDGE('',*,*,#2520,.F.);
#3496=ORIENTED_EDGE('',*,*,#2521,.F.);
#3497=ORIENTED_EDGE('',*,*,#2522,.T.);
#3498=ORIENTED_EDGE('',*,*,#2523,.F.);
#3499=ORIENTED_EDGE('',*,*,#2524,.T.);
#3500=ORIENTED_EDGE('',*,*,#2525,.T.);
#3501=ORIENTED_EDGE('',*,*,#2526,.T.);
#3502=ORIENTED_EDGE('',*,*,#2527,.F.);
#3503=ORIENTED_EDGE('',*,*,#2528,.T.);
#3504=ORIENTED_EDGE('',*,*,#2529,.F.);
#3505=ORIENTED_EDGE('',*,*,#2516,.T.);
#3506=ORIENTED_EDGE('',*,*,#2530,.T.);
#3507=ORIENTED_EDGE('',*,*,#2471,.F.);
#3508=ORIENTED_EDGE('',*,*,#2531,.T.);
#3509=ORIENTED_EDGE('',*,*,#2460,.F.);
#3510=ORIENTED_EDGE('',*,*,#2532,.T.);
#3511=ORIENTED_EDGE('',*,*,#2490,.F.);
#3512=ORIENTED_EDGE('',*,*,#2533,.F.);
#3513=ORIENTED_EDGE('',*,*,#2494,.F.);
#3514=ORIENTED_EDGE('',*,*,#2534,.T.);
#3515=ORIENTED_EDGE('',*,*,#2466,.F.);
#3516=ORIENTED_EDGE('',*,*,#2535,.F.);
#3517=ORIENTED_EDGE('',*,*,#2536,.T.);
#3518=ORIENTED_EDGE('',*,*,#2537,.T.);
#3519=ORIENTED_EDGE('',*,*,#2502,.F.);
#3520=ORIENTED_EDGE('',*,*,#2538,.F.);
#3521=ORIENTED_EDGE('',*,*,#2539,.F.);
#3522=ORIENTED_EDGE('',*,*,#2540,.T.);
#3523=ORIENTED_EDGE('',*,*,#2541,.T.);
#3524=ORIENTED_EDGE('',*,*,#2524,.F.);
#3525=ORIENTED_EDGE('',*,*,#2527,.T.);
#3526=ORIENTED_EDGE('',*,*,#2542,.T.);
#3527=ORIENTED_EDGE('',*,*,#2543,.T.);
#3528=ORIENTED_EDGE('',*,*,#2544,.T.);
#3529=ORIENTED_EDGE('',*,*,#2543,.F.);
#3530=ORIENTED_EDGE('',*,*,#2545,.T.);
#3531=ORIENTED_EDGE('',*,*,#2546,.T.);
#3532=ORIENTED_EDGE('',*,*,#2433,.T.);
#3533=ORIENTED_EDGE('',*,*,#2547,.F.);
#3534=ORIENTED_EDGE('',*,*,#2548,.T.);
#3535=ORIENTED_EDGE('',*,*,#2549,.F.);
#3536=ORIENTED_EDGE('',*,*,#2550,.T.);
#3537=ORIENTED_EDGE('',*,*,#2551,.T.);
#3538=ORIENTED_EDGE('',*,*,#2552,.F.);
#3539=ORIENTED_EDGE('',*,*,#2553,.F.);
#3540=ORIENTED_EDGE('',*,*,#2554,.T.);
#3541=ORIENTED_EDGE('',*,*,#2454,.F.);
#3542=ORIENTED_EDGE('',*,*,#2555,.T.);
#3543=ORIENTED_EDGE('',*,*,#2556,.F.);
#3544=ORIENTED_EDGE('',*,*,#2557,.F.);
#3545=ORIENTED_EDGE('',*,*,#2558,.F.);
#3546=ORIENTED_EDGE('',*,*,#2559,.T.);
#3547=ORIENTED_EDGE('',*,*,#2519,.T.);
#3548=ORIENTED_EDGE('',*,*,#2560,.F.);
#3549=ORIENTED_EDGE('',*,*,#2561,.F.);
#3550=ORIENTED_EDGE('',*,*,#2553,.T.);
#3551=ORIENTED_EDGE('',*,*,#2562,.T.);
#3552=ORIENTED_EDGE('',*,*,#2452,.T.);
#3553=ORIENTED_EDGE('',*,*,#2563,.F.);
#3554=ORIENTED_EDGE('',*,*,#2564,.F.);
#3555=ORIENTED_EDGE('',*,*,#2565,.F.);
#3556=ORIENTED_EDGE('',*,*,#2566,.F.);
#3557=ORIENTED_EDGE('',*,*,#2567,.F.);
#3558=ORIENTED_EDGE('',*,*,#2568,.T.);
#3559=ORIENTED_EDGE('',*,*,#2520,.T.);
#3560=ORIENTED_EDGE('',*,*,#2559,.F.);
#3561=ORIENTED_EDGE('',*,*,#2569,.F.);
#3562=ORIENTED_EDGE('',*,*,#2570,.F.);
#3563=ORIENTED_EDGE('',*,*,#2571,.F.);
#3564=ORIENTED_EDGE('',*,*,#2572,.T.);
#3565=ORIENTED_EDGE('',*,*,#2573,.T.);
#3566=ORIENTED_EDGE('',*,*,#2574,.T.);
#3567=ORIENTED_EDGE('',*,*,#2521,.T.);
#3568=ORIENTED_EDGE('',*,*,#2568,.F.);
#3569=ORIENTED_EDGE('',*,*,#2575,.F.);
#3570=ORIENTED_EDGE('',*,*,#2551,.F.);
#3571=ORIENTED_EDGE('',*,*,#2576,.F.);
#3572=ORIENTED_EDGE('',*,*,#2500,.F.);
#3573=ORIENTED_EDGE('',*,*,#2577,.T.);
#3574=ORIENTED_EDGE('',*,*,#2578,.T.);
#3575=ORIENTED_EDGE('',*,*,#2564,.T.);
#3576=ORIENTED_EDGE('',*,*,#2579,.F.);
#3577=ORIENTED_EDGE('',*,*,#2499,.F.);
#3578=ORIENTED_EDGE('',*,*,#2438,.T.);
#3579=ORIENTED_EDGE('',*,*,#2580,.F.);
#3580=ORIENTED_EDGE('',*,*,#2577,.F.);
#3581=ORIENTED_EDGE('',*,*,#2552,.T.);
#3582=ORIENTED_EDGE('',*,*,#2575,.T.);
#3583=ORIENTED_EDGE('',*,*,#2567,.T.);
#3584=ORIENTED_EDGE('',*,*,#2581,.T.);
#3585=ORIENTED_EDGE('',*,*,#2556,.T.);
#3586=ORIENTED_EDGE('',*,*,#2582,.T.);
#3587=ORIENTED_EDGE('',*,*,#2571,.T.);
#3588=ORIENTED_EDGE('',*,*,#2583,.T.);
#3589=ORIENTED_EDGE('',*,*,#2569,.T.);
#3590=ORIENTED_EDGE('',*,*,#2562,.F.);
#3591=ORIENTED_EDGE('',*,*,#2558,.T.);
#3592=ORIENTED_EDGE('',*,*,#2584,.T.);
#3593=ORIENTED_EDGE('',*,*,#2570,.T.);
#3594=ORIENTED_EDGE('',*,*,#2584,.F.);
#3595=ORIENTED_EDGE('',*,*,#2557,.T.);
#3596=ORIENTED_EDGE('',*,*,#2583,.F.);
#3597=ORIENTED_EDGE('',*,*,#2580,.T.);
#3598=ORIENTED_EDGE('',*,*,#2585,.T.);
#3599=ORIENTED_EDGE('',*,*,#2565,.T.);
#3600=ORIENTED_EDGE('',*,*,#2578,.F.);
#3601=ORIENTED_EDGE('',*,*,#2549,.T.);
#3602=ORIENTED_EDGE('',*,*,#2581,.F.);
#3603=ORIENTED_EDGE('',*,*,#2566,.T.);
#3604=ORIENTED_EDGE('',*,*,#2585,.F.);
#3605=ORIENTED_EDGE('',*,*,#2586,.F.);
#3606=ORIENTED_EDGE('',*,*,#2587,.T.);
#3607=ORIENTED_EDGE('',*,*,#2492,.T.);
#3608=ORIENTED_EDGE('',*,*,#2476,.F.);
#3609=ORIENTED_EDGE('',*,*,#2495,.T.);
#3610=ORIENTED_EDGE('',*,*,#2588,.T.);
#3611=ORIENTED_EDGE('',*,*,#2589,.F.);
#3612=ORIENTED_EDGE('',*,*,#2590,.F.);
#3613=ORIENTED_EDGE('',*,*,#2589,.T.);
#3614=ORIENTED_EDGE('',*,*,#2591,.T.);
#3615=ORIENTED_EDGE('',*,*,#2464,.F.);
#3616=ORIENTED_EDGE('',*,*,#2592,.F.);
#3617=ORIENTED_EDGE('',*,*,#2593,.F.);
#3618=ORIENTED_EDGE('',*,*,#2594,.T.);
#3619=ORIENTED_EDGE('',*,*,#2590,.T.);
#3620=ORIENTED_EDGE('',*,*,#2593,.T.);
#3621=ORIENTED_EDGE('',*,*,#2595,.T.);
#3622=ORIENTED_EDGE('',*,*,#2462,.F.);
#3623=ORIENTED_EDGE('',*,*,#2596,.T.);
#3624=ORIENTED_EDGE('',*,*,#2586,.T.);
#3625=ORIENTED_EDGE('',*,*,#2594,.F.);
#3626=ORIENTED_EDGE('',*,*,#2597,.F.);
#3627=ORIENTED_EDGE('',*,*,#2597,.T.);
#3628=ORIENTED_EDGE('',*,*,#2595,.F.);
#3629=ORIENTED_EDGE('',*,*,#2592,.T.);
#3630=ORIENTED_EDGE('',*,*,#2463,.F.);
#3631=ORIENTED_EDGE('',*,*,#2531,.F.);
#3632=ORIENTED_EDGE('',*,*,#2473,.T.);
#3633=ORIENTED_EDGE('',*,*,#2458,.F.);
#3634=ORIENTED_EDGE('',*,*,#2517,.F.);
#3635=ORIENTED_EDGE('',*,*,#2455,.F.);
#3636=ORIENTED_EDGE('',*,*,#2554,.F.);
#3637=ORIENTED_EDGE('',*,*,#2561,.T.);
#3638=ORIENTED_EDGE('',*,*,#2598,.T.);
#3639=ORIENTED_EDGE('',*,*,#2456,.F.);
#3640=ORIENTED_EDGE('',*,*,#2598,.F.);
#3641=ORIENTED_EDGE('',*,*,#2560,.T.);
#3642=ORIENTED_EDGE('',*,*,#2518,.T.);
#3643=ORIENTED_EDGE('',*,*,#2555,.F.);
#3644=ORIENTED_EDGE('',*,*,#2453,.F.);
#3645=ORIENTED_EDGE('',*,*,#2572,.F.);
#3646=ORIENTED_EDGE('',*,*,#2582,.F.);
#3647=ORIENTED_EDGE('',*,*,#2599,.F.);
#3648=ORIENTED_EDGE('',*,*,#2600,.T.);
#3649=ORIENTED_EDGE('',*,*,#2573,.F.);
#3650=ORIENTED_EDGE('',*,*,#2550,.F.);
#3651=ORIENTED_EDGE('',*,*,#2437,.T.);
#3652=ORIENTED_EDGE('',*,*,#2576,.T.);
#3653=ORIENTED_EDGE('',*,*,#2601,.T.);
#3654=ORIENTED_EDGE('',*,*,#2450,.T.);
#3655=ORIENTED_EDGE('',*,*,#2501,.T.);
#3656=ORIENTED_EDGE('',*,*,#2579,.T.);
#3657=ORIENTED_EDGE('',*,*,#2563,.T.);
#3658=ORIENTED_EDGE('',*,*,#2451,.T.);
#3659=ORIENTED_EDGE('',*,*,#2601,.F.);
#3660=ORIENTED_EDGE('',*,*,#2533,.T.);
#3661=ORIENTED_EDGE('',*,*,#2587,.F.);
#3662=ORIENTED_EDGE('',*,*,#2596,.F.);
#3663=ORIENTED_EDGE('',*,*,#2461,.F.);
#3664=ORIENTED_EDGE('',*,*,#2591,.F.);
#3665=ORIENTED_EDGE('',*,*,#2588,.F.);
#3666=ORIENTED_EDGE('',*,*,#2535,.T.);
#3667=ORIENTED_EDGE('',*,*,#2465,.F.);
#3668=ORIENTED_EDGE('',*,*,#2523,.T.);
#3669=ORIENTED_EDGE('',*,*,#2602,.T.);
#3670=ORIENTED_EDGE('',*,*,#2599,.T.);
#3671=ORIENTED_EDGE('',*,*,#2436,.T.);
#3672=ORIENTED_EDGE('',*,*,#2603,.T.);
#3673=ORIENTED_EDGE('',*,*,#2484,.T.);
#3674=ORIENTED_EDGE('',*,*,#2604,.T.);
#3675=ORIENTED_EDGE('',*,*,#2539,.T.);
#3676=ORIENTED_EDGE('',*,*,#2546,.F.);
#3677=ORIENTED_EDGE('',*,*,#2605,.T.);
#3678=ORIENTED_EDGE('',*,*,#2525,.F.);
#3679=ORIENTED_EDGE('',*,*,#2541,.F.);
#3680=ORIENTED_EDGE('',*,*,#2606,.F.);
#3681=ORIENTED_EDGE('',*,*,#2482,.F.);
#3682=ORIENTED_EDGE('',*,*,#2607,.F.);
#3683=ORIENTED_EDGE('',*,*,#2434,.F.);
#3684=ORIENTED_EDGE('',*,*,#2529,.T.);
#3685=ORIENTED_EDGE('',*,*,#2608,.T.);
#3686=ORIENTED_EDGE('',*,*,#2547,.T.);
#3687=ORIENTED_EDGE('',*,*,#2432,.T.);
#3688=ORIENTED_EDGE('',*,*,#2609,.T.);
#3689=ORIENTED_EDGE('',*,*,#2481,.T.);
#3690=ORIENTED_EDGE('',*,*,#2610,.T.);
#3691=ORIENTED_EDGE('',*,*,#2538,.T.);
#3692=ORIENTED_EDGE('',*,*,#2522,.F.);
#3693=ORIENTED_EDGE('',*,*,#2574,.F.);
#3694=ORIENTED_EDGE('',*,*,#2600,.F.);
#3695=ORIENTED_EDGE('',*,*,#2602,.F.);
#3696=ORIENTED_EDGE('',*,*,#2526,.F.);
#3697=ORIENTED_EDGE('',*,*,#2605,.F.);
#3698=ORIENTED_EDGE('',*,*,#2545,.F.);
#3699=ORIENTED_EDGE('',*,*,#2542,.F.);
#3700=ORIENTED_EDGE('',*,*,#2528,.F.);
#3701=ORIENTED_EDGE('',*,*,#2544,.F.);
#3702=ORIENTED_EDGE('',*,*,#2548,.F.);
#3703=ORIENTED_EDGE('',*,*,#2608,.F.);
#3704=ORIENTED_EDGE('',*,*,#2431,.T.);
#3705=ORIENTED_EDGE('',*,*,#2611,.T.);
#3706=ORIENTED_EDGE('',*,*,#2478,.F.);
#3707=ORIENTED_EDGE('',*,*,#2609,.F.);
#3708=ORIENTED_EDGE('',*,*,#2480,.F.);
#3709=ORIENTED_EDGE('',*,*,#2612,.T.);
#3710=ORIENTED_EDGE('',*,*,#2536,.F.);
#3711=ORIENTED_EDGE('',*,*,#2610,.F.);
#3712=ORIENTED_EDGE('',*,*,#2485,.F.);
#3713=ORIENTED_EDGE('',*,*,#2603,.F.);
#3714=ORIENTED_EDGE('',*,*,#2435,.T.);
#3715=ORIENTED_EDGE('',*,*,#2607,.T.);
#3716=ORIENTED_EDGE('',*,*,#2606,.T.);
#3717=ORIENTED_EDGE('',*,*,#2540,.F.);
#3718=ORIENTED_EDGE('',*,*,#2604,.F.);
#3719=ORIENTED_EDGE('',*,*,#2483,.F.);
#3720=ORIENTED_EDGE('',*,*,#2613,.T.);
#3721=ORIENTED_EDGE('',*,*,#2614,.T.);
#3722=ORIENTED_EDGE('',*,*,#2615,.T.);
#3723=ORIENTED_EDGE('',*,*,#2616,.T.);
#3724=ORIENTED_EDGE('',*,*,#2617,.F.);
#3725=ORIENTED_EDGE('',*,*,#2618,.T.);
#3726=ORIENTED_EDGE('',*,*,#2619,.T.);
#3727=ORIENTED_EDGE('',*,*,#2620,.T.);
#3728=ORIENTED_EDGE('',*,*,#2621,.T.);
#3729=ORIENTED_EDGE('',*,*,#2622,.T.);
#3730=ORIENTED_EDGE('',*,*,#2617,.T.);
#3731=ORIENTED_EDGE('',*,*,#2623,.T.);
#3732=ORIENTED_EDGE('',*,*,#2624,.T.);
#3733=ORIENTED_EDGE('',*,*,#2625,.F.);
#3734=ORIENTED_EDGE('',*,*,#2626,.F.);
#3735=ORIENTED_EDGE('',*,*,#2627,.T.);
#3736=ORIENTED_EDGE('',*,*,#2628,.T.);
#3737=ORIENTED_EDGE('',*,*,#2629,.F.);
#3738=ORIENTED_EDGE('',*,*,#2624,.F.);
#3739=ORIENTED_EDGE('',*,*,#2630,.T.);
#3740=ORIENTED_EDGE('',*,*,#2631,.T.);
#3741=ORIENTED_EDGE('',*,*,#2632,.T.);
#3742=ORIENTED_EDGE('',*,*,#2633,.F.);
#3743=ORIENTED_EDGE('',*,*,#2628,.F.);
#3744=ORIENTED_EDGE('',*,*,#2634,.T.);
#3745=ORIENTED_EDGE('',*,*,#2635,.T.);
#3746=ORIENTED_EDGE('',*,*,#2621,.F.);
#3747=ORIENTED_EDGE('',*,*,#2636,.T.);
#3748=ORIENTED_EDGE('',*,*,#2637,.T.);
#3749=ORIENTED_EDGE('',*,*,#2638,.F.);
#3750=ORIENTED_EDGE('',*,*,#2622,.F.);
#3751=ORIENTED_EDGE('',*,*,#2635,.F.);
#3752=ORIENTED_EDGE('',*,*,#2639,.F.);
#3753=ORIENTED_EDGE('',*,*,#2640,.T.);
#3754=ORIENTED_EDGE('',*,*,#2641,.T.);
#3755=ORIENTED_EDGE('',*,*,#2429,.T.);
#3756=ORIENTED_EDGE('',*,*,#2642,.F.);
#3757=ORIENTED_EDGE('',*,*,#2643,.T.);
#3758=ORIENTED_EDGE('',*,*,#2644,.F.);
#3759=ORIENTED_EDGE('',*,*,#2645,.T.);
#3760=ORIENTED_EDGE('',*,*,#2646,.T.);
#3761=ORIENTED_EDGE('',*,*,#2425,.T.);
#3762=ORIENTED_EDGE('',*,*,#2638,.T.);
#3763=ORIENTED_EDGE('',*,*,#2647,.T.);
#3764=ORIENTED_EDGE('',*,*,#2447,.T.);
#3765=ORIENTED_EDGE('',*,*,#2648,.F.);
#3766=ORIENTED_EDGE('',*,*,#2649,.F.);
#3767=ORIENTED_EDGE('',*,*,#2650,.F.);
#3768=ORIENTED_EDGE('',*,*,#2445,.F.);
#3769=ORIENTED_EDGE('',*,*,#2651,.F.);
#3770=ORIENTED_EDGE('',*,*,#2632,.F.);
#3771=ORIENTED_EDGE('',*,*,#2652,.F.);
#3772=ORIENTED_EDGE('',*,*,#2653,.T.);
#3773=ORIENTED_EDGE('',*,*,#2625,.T.);
#3774=ORIENTED_EDGE('',*,*,#2629,.T.);
#3775=ORIENTED_EDGE('',*,*,#2633,.T.);
#3776=ORIENTED_EDGE('',*,*,#2651,.T.);
#3777=ORIENTED_EDGE('',*,*,#2444,.T.);
#3778=ORIENTED_EDGE('',*,*,#2443,.T.);
#3779=ORIENTED_EDGE('',*,*,#2654,.F.);
#3780=ORIENTED_EDGE('',*,*,#2655,.F.);
#3781=ORIENTED_EDGE('',*,*,#2652,.T.);
#3782=ORIENTED_EDGE('',*,*,#2656,.T.);
#3783=ORIENTED_EDGE('',*,*,#2657,.T.);
#3784=ORIENTED_EDGE('',*,*,#2470,.F.);
#3785=ORIENTED_EDGE('',*,*,#2658,.F.);
#3786=ORIENTED_EDGE('',*,*,#2616,.F.);
#3787=ORIENTED_EDGE('',*,*,#2659,.T.);
#3788=ORIENTED_EDGE('',*,*,#2613,.F.);
#3789=ORIENTED_EDGE('',*,*,#2658,.T.);
#3790=ORIENTED_EDGE('',*,*,#2469,.F.);
#3791=ORIENTED_EDGE('',*,*,#2468,.F.);
#3792=ORIENTED_EDGE('',*,*,#2660,.T.);
#3793=ORIENTED_EDGE('',*,*,#2661,.T.);
#3794=ORIENTED_EDGE('',*,*,#2614,.F.);
#3795=ORIENTED_EDGE('',*,*,#2659,.F.);
#3796=ORIENTED_EDGE('',*,*,#2489,.F.);
#3797=ORIENTED_EDGE('',*,*,#2662,.F.);
#3798=ORIENTED_EDGE('',*,*,#2427,.T.);
#3799=ORIENTED_EDGE('',*,*,#2663,.T.);
#3800=ORIENTED_EDGE('',*,*,#2664,.T.);
#3801=ORIENTED_EDGE('',*,*,#2665,.F.);
#3802=ORIENTED_EDGE('',*,*,#2666,.F.);
#3803=ORIENTED_EDGE('',*,*,#2487,.F.);
#3804=ORIENTED_EDGE('',*,*,#2491,.T.);
#3805=ORIENTED_EDGE('',*,*,#2667,.T.);
#3806=ORIENTED_EDGE('',*,*,#2656,.F.);
#3807=ORIENTED_EDGE('',*,*,#2615,.F.);
#3808=ORIENTED_EDGE('',*,*,#2661,.F.);
#3809=ORIENTED_EDGE('',*,*,#2668,.T.);
#3810=ORIENTED_EDGE('',*,*,#2493,.T.);
#3811=ORIENTED_EDGE('',*,*,#2474,.F.);
#3812=ORIENTED_EDGE('',*,*,#2618,.F.);
#3813=ORIENTED_EDGE('',*,*,#2424,.F.);
#3814=ORIENTED_EDGE('',*,*,#2498,.F.);
#3815=ORIENTED_EDGE('',*,*,#2669,.F.);
#3816=ORIENTED_EDGE('',*,*,#2670,.T.);
#3817=ORIENTED_EDGE('',*,*,#2649,.T.);
#3818=ORIENTED_EDGE('',*,*,#2671,.F.);
#3819=ORIENTED_EDGE('',*,*,#2619,.F.);
#3820=ORIENTED_EDGE('',*,*,#2669,.T.);
#3821=ORIENTED_EDGE('',*,*,#2497,.F.);
#3822=ORIENTED_EDGE('',*,*,#2496,.T.);
#3823=ORIENTED_EDGE('',*,*,#2448,.T.);
#3824=ORIENTED_EDGE('',*,*,#2647,.F.);
#3825=ORIENTED_EDGE('',*,*,#2670,.F.);
#3826=ORIENTED_EDGE('',*,*,#2442,.T.);
#3827=ORIENTED_EDGE('',*,*,#2514,.F.);
#3828=ORIENTED_EDGE('',*,*,#2672,.F.);
#3829=ORIENTED_EDGE('',*,*,#2654,.T.);
#3830=ORIENTED_EDGE('',*,*,#2653,.F.);
#3831=ORIENTED_EDGE('',*,*,#2655,.T.);
#3832=ORIENTED_EDGE('',*,*,#2672,.T.);
#3833=ORIENTED_EDGE('',*,*,#2513,.T.);
#3834=ORIENTED_EDGE('',*,*,#2673,.T.);
#3835=ORIENTED_EDGE('',*,*,#2626,.T.);
#3836=ORIENTED_EDGE('',*,*,#2671,.T.);
#3837=ORIENTED_EDGE('',*,*,#2648,.T.);
#3838=ORIENTED_EDGE('',*,*,#2446,.F.);
#3839=ORIENTED_EDGE('',*,*,#2650,.T.);
#3840=ORIENTED_EDGE('',*,*,#2631,.F.);
#3841=ORIENTED_EDGE('',*,*,#2630,.F.);
#3842=ORIENTED_EDGE('',*,*,#2627,.F.);
#3843=ORIENTED_EDGE('',*,*,#2673,.F.);
#3844=ORIENTED_EDGE('',*,*,#2512,.F.);
#3845=ORIENTED_EDGE('',*,*,#2674,.T.);
#3846=ORIENTED_EDGE('',*,*,#2636,.F.);
#3847=ORIENTED_EDGE('',*,*,#2623,.F.);
#3848=ORIENTED_EDGE('',*,*,#2620,.F.);
#3849=ORIENTED_EDGE('',*,*,#2511,.T.);
#3850=ORIENTED_EDGE('',*,*,#2675,.T.);
#3851=ORIENTED_EDGE('',*,*,#2644,.T.);
#3852=ORIENTED_EDGE('',*,*,#2637,.F.);
#3853=ORIENTED_EDGE('',*,*,#2634,.F.);
#3854=ORIENTED_EDGE('',*,*,#2674,.F.);
#3855=ORIENTED_EDGE('',*,*,#2510,.F.);
#3856=ORIENTED_EDGE('',*,*,#2676,.F.);
#3857=ORIENTED_EDGE('',*,*,#2645,.F.);
#3858=ORIENTED_EDGE('',*,*,#2675,.F.);
#3859=ORIENTED_EDGE('',*,*,#2646,.F.);
#3860=ORIENTED_EDGE('',*,*,#2676,.T.);
#3861=ORIENTED_EDGE('',*,*,#2509,.F.);
#3862=ORIENTED_EDGE('',*,*,#2677,.F.);
#3863=ORIENTED_EDGE('',*,*,#2664,.F.);
#3864=ORIENTED_EDGE('',*,*,#2486,.F.);
#3865=ORIENTED_EDGE('',*,*,#2663,.F.);
#3866=ORIENTED_EDGE('',*,*,#2426,.F.);
#3867=ORIENTED_EDGE('',*,*,#2678,.F.);
#3868=ORIENTED_EDGE('',*,*,#2665,.T.);
#3869=ORIENTED_EDGE('',*,*,#2677,.T.);
#3870=ORIENTED_EDGE('',*,*,#2508,.F.);
#3871=ORIENTED_EDGE('',*,*,#2507,.T.);
#3872=ORIENTED_EDGE('',*,*,#2679,.T.);
#3873=ORIENTED_EDGE('',*,*,#2642,.T.);
#3874=ORIENTED_EDGE('',*,*,#2428,.T.);
#3875=ORIENTED_EDGE('',*,*,#2662,.T.);
#3876=ORIENTED_EDGE('',*,*,#2488,.T.);
#3877=ORIENTED_EDGE('',*,*,#2666,.T.);
#3878=ORIENTED_EDGE('',*,*,#2678,.T.);
#3879=ORIENTED_EDGE('',*,*,#2506,.F.);
#3880=ORIENTED_EDGE('',*,*,#2680,.F.);
#3881=ORIENTED_EDGE('',*,*,#2643,.F.);
#3882=ORIENTED_EDGE('',*,*,#2679,.F.);
#3883=ORIENTED_EDGE('',*,*,#2505,.T.);
#3884=ORIENTED_EDGE('',*,*,#2681,.T.);
#3885=ORIENTED_EDGE('',*,*,#2639,.T.);
#3886=ORIENTED_EDGE('',*,*,#2680,.T.);
#3887=ORIENTED_EDGE('',*,*,#2504,.F.);
#3888=ORIENTED_EDGE('',*,*,#2682,.F.);
#3889=ORIENTED_EDGE('',*,*,#2640,.F.);
#3890=ORIENTED_EDGE('',*,*,#2681,.F.);
#3891=ORIENTED_EDGE('',*,*,#2472,.F.);
#3892=ORIENTED_EDGE('',*,*,#2530,.F.);
#3893=ORIENTED_EDGE('',*,*,#2515,.T.);
#3894=ORIENTED_EDGE('',*,*,#2440,.T.);
#3895=ORIENTED_EDGE('',*,*,#2657,.F.);
#3896=ORIENTED_EDGE('',*,*,#2667,.F.);
#3897=ORIENTED_EDGE('',*,*,#2532,.F.);
#3898=ORIENTED_EDGE('',*,*,#2459,.F.);
#3899=ORIENTED_EDGE('',*,*,#2660,.F.);
#3900=ORIENTED_EDGE('',*,*,#2467,.F.);
#3901=ORIENTED_EDGE('',*,*,#2534,.F.);
#3902=ORIENTED_EDGE('',*,*,#2668,.F.);
#3903=ORIENTED_EDGE('',*,*,#2641,.F.);
#3904=ORIENTED_EDGE('',*,*,#2682,.T.);
#3905=ORIENTED_EDGE('',*,*,#2503,.F.);
#3906=ORIENTED_EDGE('',*,*,#2537,.F.);
#3907=ORIENTED_EDGE('',*,*,#2612,.F.);
#3908=ORIENTED_EDGE('',*,*,#2479,.F.);
#3909=ORIENTED_EDGE('',*,*,#2611,.F.);
#3910=ORIENTED_EDGE('',*,*,#2430,.F.);
#3911=PLANE('',#4331);
#3912=PLANE('',#4332);
#3913=PLANE('',#4333);
#3914=PLANE('',#4334);
#3915=PLANE('',#4335);
#3916=PLANE('',#4339);
#3917=PLANE('',#4346);
#3918=PLANE('',#4353);
#3919=PLANE('',#4357);
#3920=PLANE('',#4358);
#3921=PLANE('',#4359);
#3922=PLANE('',#4363);
#3923=PLANE('',#4367);
#3924=PLANE('',#4368);
#3925=PLANE('',#4369);
#3926=PLANE('',#4370);
#3927=PLANE('',#4371);
#3928=PLANE('',#4372);
#3929=PLANE('',#4373);
#3930=PLANE('',#4374);
#3931=PLANE('',#4375);
#3932=PLANE('',#4376);
#3933=PLANE('',#4380);
#3934=PLANE('',#4384);
#3935=PLANE('',#4388);
#3936=PLANE('',#4389);
#3937=PLANE('',#4393);
#3938=PLANE('',#4397);
#3939=PLANE('',#4401);
#3940=PLANE('',#4402);
#3941=PLANE('',#4403);
#3942=PLANE('',#4404);
#3943=PLANE('',#4405);
#3944=PLANE('',#4406);
#3945=PLANE('',#4407);
#3946=PLANE('',#4408);
#3947=PLANE('',#4412);
#3948=PLANE('',#4416);
#3949=PLANE('',#4420);
#3950=PLANE('',#4421);
#3951=PLANE('',#4425);
#3952=PLANE('',#4429);
#3953=PLANE('',#4433);
#3954=PLANE('',#4434);
#3955=PLANE('',#4435);
#3956=PLANE('',#4436);
#3957=PLANE('',#4437);
#3958=PLANE('',#4438);
#3959=PLANE('',#4439);
#3960=PLANE('',#4440);
#3961=PLANE('',#4444);
#3962=PLANE('',#4448);
#3963=PLANE('',#4452);
#3964=PLANE('',#4453);
#3965=PLANE('',#4457);
#3966=PLANE('',#4461);
#3967=PLANE('',#4465);
#3968=PLANE('',#4466);
#3969=PLANE('',#4467);
#3970=PLANE('',#4468);
#3971=PLANE('',#4469);
#3972=PLANE('',#4470);
#3973=PLANE('',#4471);
#3974=PLANE('',#4472);
#3975=PLANE('',#4476);
#3976=PLANE('',#4483);
#3977=PLANE('',#4490);
#3978=PLANE('',#4494);
#3979=PLANE('',#4495);
#3980=PLANE('',#4496);
#3981=PLANE('',#4500);
#3982=PLANE('',#4504);
#3983=PLANE('',#4505);
#3984=PLANE('',#4506);
#3985=PLANE('',#4507);
#3986=PLANE('',#4508);
#3987=PLANE('',#4509);
#3988=PLANE('',#4510);
#3989=PLANE('',#4511);
#3990=PLANE('',#4512);
#3991=PLANE('',#4513);
#3992=PLANE('',#4517);
#3993=PLANE('',#4521);
#3994=PLANE('',#4525);
#3995=PLANE('',#4526);
#3996=PLANE('',#4530);
#3997=PLANE('',#4534);
#3998=PLANE('',#4538);
#3999=PLANE('',#4539);
#4000=PLANE('',#4540);
#4001=PLANE('',#4541);
#4002=PLANE('',#4542);
#4003=PLANE('',#4543);
#4004=PLANE('',#4544);
#4005=PLANE('',#4545);
#4006=PLANE('',#4546);
#4007=PLANE('',#4547);
#4008=PLANE('',#4548);
#4009=PLANE('',#4549);
#4010=PLANE('',#4550);
#4011=PLANE('',#4551);
#4012=PLANE('',#4552);
#4013=PLANE('',#4553);
#4014=PLANE('',#4554);
#4015=PLANE('',#4555);
#4016=PLANE('',#4556);
#4017=PLANE('',#4557);
#4018=PLANE('',#4558);
#4019=PLANE('',#4559);
#4020=PLANE('',#4560);
#4021=PLANE('',#4561);
#4022=PLANE('',#4562);
#4023=PLANE('',#4563);
#4024=PLANE('',#4564);
#4025=PLANE('',#4565);
#4026=PLANE('',#4566);
#4027=PLANE('',#4567);
#4028=PLANE('',#4568);
#4029=PLANE('',#4569);
#4030=PLANE('',#4570);
#4031=PLANE('',#4571);
#4032=PLANE('',#4572);
#4033=PLANE('',#4573);
#4034=PLANE('',#4574);
#4035=PLANE('',#4575);
#4036=PLANE('',#4576);
#4037=PLANE('',#4577);
#4038=PLANE('',#4578);
#4039=PLANE('',#4579);
#4040=PLANE('',#4580);
#4041=PLANE('',#4581);
#4042=PLANE('',#4582);
#4043=PLANE('',#4583);
#4044=PLANE('',#4584);
#4045=PLANE('',#4585);
#4046=PLANE('',#4586);
#4047=PLANE('',#4587);
#4048=PLANE('',#4588);
#4049=PLANE('',#4589);
#4050=PLANE('',#4590);
#4051=PLANE('',#4591);
#4052=PLANE('',#4592);
#4053=PLANE('',#4593);
#4054=PLANE('',#4594);
#4055=PLANE('',#4595);
#4056=PLANE('',#4596);
#4057=PLANE('',#4597);
#4058=PLANE('',#4598);
#4059=PLANE('',#4599);
#4060=PLANE('',#4600);
#4061=PLANE('',#4601);
#4062=PLANE('',#4602);
#4063=PLANE('',#4603);
#4064=PLANE('',#4604);
#4065=PLANE('',#4605);
#4066=PLANE('',#4606);
#4067=PLANE('',#4607);
#4068=PLANE('',#4608);
#4069=PLANE('',#4609);
#4070=PLANE('',#4610);
#4071=PLANE('',#4611);
#4072=PLANE('',#4612);
#4073=PLANE('',#4613);
#4074=PLANE('',#4614);
#4075=PLANE('',#4615);
#4076=PLANE('',#4616);
#4077=PLANE('',#4617);
#4078=PLANE('',#4618);
#4079=PLANE('',#4619);
#4080=PLANE('',#4620);
#4081=PLANE('',#4621);
#4082=PLANE('',#4622);
#4083=PLANE('',#4623);
#4084=PLANE('',#4624);
#4085=PLANE('',#4625);
#4086=PLANE('',#4626);
#4087=PLANE('',#4627);
#4088=PLANE('',#4628);
#4089=PLANE('',#4629);
#4090=PLANE('',#4630);
#4091=ADVANCED_FACE('',(#151),#3911,.F.);
#4092=ADVANCED_FACE('',(#152),#3912,.F.);
#4093=ADVANCED_FACE('',(#153),#3913,.F.);
#4094=ADVANCED_FACE('',(#154),#3914,.F.);
#4095=ADVANCED_FACE('',(#155),#3915,.F.);
#4096=ADVANCED_FACE('',(#156),#111,.F.);
#4097=ADVANCED_FACE('',(#157),#3916,.F.);
#4098=ADVANCED_FACE('',(#158),#112,.F.);
#4099=ADVANCED_FACE('',(#159),#113,.T.);
#4100=ADVANCED_FACE('',(#160),#3917,.F.);
#4101=ADVANCED_FACE('',(#161),#114,.T.);
#4102=ADVANCED_FACE('',(#162),#115,.F.);
#4103=ADVANCED_FACE('',(#163),#3918,.F.);
#4104=ADVANCED_FACE('',(#164),#116,.F.);
#4105=ADVANCED_FACE('',(#165),#3919,.F.);
#4106=ADVANCED_FACE('',(#166),#3920,.F.);
#4107=ADVANCED_FACE('',(#167),#3921,.F.);
#4108=ADVANCED_FACE('',(#168),#117,.T.);
#4109=ADVANCED_FACE('',(#169),#3922,.F.);
#4110=ADVANCED_FACE('',(#170),#118,.T.);
#4111=ADVANCED_FACE('',(#171),#3923,.F.);
#4112=ADVANCED_FACE('',(#172),#3924,.F.);
#4113=ADVANCED_FACE('',(#173),#3925,.F.);
#4114=ADVANCED_FACE('',(#174),#3926,.F.);
#4115=ADVANCED_FACE('',(#175),#3927,.T.);
#4116=ADVANCED_FACE('',(#176),#3928,.F.);
#4117=ADVANCED_FACE('',(#177),#3929,.F.);
#4118=ADVANCED_FACE('',(#178),#3930,.F.);
#4119=ADVANCED_FACE('',(#179),#3931,.F.);
#4120=ADVANCED_FACE('',(#180),#3932,.F.);
#4121=ADVANCED_FACE('',(#181),#119,.T.);
#4122=ADVANCED_FACE('',(#182),#3933,.F.);
#4123=ADVANCED_FACE('',(#183),#120,.T.);
#4124=ADVANCED_FACE('',(#184),#3934,.F.);
#4125=ADVANCED_FACE('',(#185),#121,.T.);
#4126=ADVANCED_FACE('',(#186),#3935,.F.);
#4127=ADVANCED_FACE('',(#187),#3936,.F.);
#4128=ADVANCED_FACE('',(#188),#122,.F.);
#4129=ADVANCED_FACE('',(#189),#3937,.F.);
#4130=ADVANCED_FACE('',(#190),#123,.T.);
#4131=ADVANCED_FACE('',(#191),#3938,.F.);
#4132=ADVANCED_FACE('',(#192),#124,.T.);
#4133=ADVANCED_FACE('',(#193),#3939,.F.);
#4134=ADVANCED_FACE('',(#194),#3940,.F.);
#4135=ADVANCED_FACE('',(#195),#3941,.T.);
#4136=ADVANCED_FACE('',(#196),#3942,.F.);
#4137=ADVANCED_FACE('',(#197),#3943,.F.);
#4138=ADVANCED_FACE('',(#198),#3944,.F.);
#4139=ADVANCED_FACE('',(#199),#3945,.F.);
#4140=ADVANCED_FACE('',(#200),#3946,.F.);
#4141=ADVANCED_FACE('',(#201),#125,.T.);
#4142=ADVANCED_FACE('',(#202),#3947,.F.);
#4143=ADVANCED_FACE('',(#203),#126,.T.);
#4144=ADVANCED_FACE('',(#204),#3948,.F.);
#4145=ADVANCED_FACE('',(#205),#127,.T.);
#4146=ADVANCED_FACE('',(#206),#3949,.F.);
#4147=ADVANCED_FACE('',(#207),#3950,.F.);
#4148=ADVANCED_FACE('',(#208),#128,.F.);
#4149=ADVANCED_FACE('',(#209),#3951,.F.);
#4150=ADVANCED_FACE('',(#210),#129,.T.);
#4151=ADVANCED_FACE('',(#211),#3952,.F.);
#4152=ADVANCED_FACE('',(#212),#130,.T.);
#4153=ADVANCED_FACE('',(#213),#3953,.F.);
#4154=ADVANCED_FACE('',(#214),#3954,.F.);
#4155=ADVANCED_FACE('',(#215),#3955,.T.);
#4156=ADVANCED_FACE('',(#216),#3956,.F.);
#4157=ADVANCED_FACE('',(#217),#3957,.F.);
#4158=ADVANCED_FACE('',(#218),#3958,.F.);
#4159=ADVANCED_FACE('',(#219),#3959,.F.);
#4160=ADVANCED_FACE('',(#220),#3960,.F.);
#4161=ADVANCED_FACE('',(#221),#131,.T.);
#4162=ADVANCED_FACE('',(#222),#3961,.F.);
#4163=ADVANCED_FACE('',(#223),#132,.T.);
#4164=ADVANCED_FACE('',(#224),#3962,.F.);
#4165=ADVANCED_FACE('',(#225),#133,.T.);
#4166=ADVANCED_FACE('',(#226),#3963,.F.);
#4167=ADVANCED_FACE('',(#227),#3964,.F.);
#4168=ADVANCED_FACE('',(#228),#134,.F.);
#4169=ADVANCED_FACE('',(#229),#3965,.F.);
#4170=ADVANCED_FACE('',(#230),#135,.T.);
#4171=ADVANCED_FACE('',(#231),#3966,.F.);
#4172=ADVANCED_FACE('',(#232),#136,.T.);
#4173=ADVANCED_FACE('',(#233),#3967,.F.);
#4174=ADVANCED_FACE('',(#234),#3968,.F.);
#4175=ADVANCED_FACE('',(#235),#3969,.T.);
#4176=ADVANCED_FACE('',(#236),#3970,.F.);
#4177=ADVANCED_FACE('',(#237),#3971,.F.);
#4178=ADVANCED_FACE('',(#238),#3972,.F.);
#4179=ADVANCED_FACE('',(#239),#3973,.F.);
#4180=ADVANCED_FACE('',(#240),#3974,.F.);
#4181=ADVANCED_FACE('',(#241),#137,.F.);
#4182=ADVANCED_FACE('',(#242),#3975,.F.);
#4183=ADVANCED_FACE('',(#243),#138,.F.);
#4184=ADVANCED_FACE('',(#244),#139,.T.);
#4185=ADVANCED_FACE('',(#245),#3976,.F.);
#4186=ADVANCED_FACE('',(#246),#140,.T.);
#4187=ADVANCED_FACE('',(#247),#141,.F.);
#4188=ADVANCED_FACE('',(#248),#3977,.F.);
#4189=ADVANCED_FACE('',(#249),#142,.F.);
#4190=ADVANCED_FACE('',(#250),#3978,.F.);
#4191=ADVANCED_FACE('',(#251),#3979,.F.);
#4192=ADVANCED_FACE('',(#252),#3980,.F.);
#4193=ADVANCED_FACE('',(#253),#143,.T.);
#4194=ADVANCED_FACE('',(#254),#3981,.F.);
#4195=ADVANCED_FACE('',(#255),#144,.T.);
#4196=ADVANCED_FACE('',(#256),#3982,.F.);
#4197=ADVANCED_FACE('',(#257),#3983,.F.);
#4198=ADVANCED_FACE('',(#258),#3984,.F.);
#4199=ADVANCED_FACE('',(#259),#3985,.F.);
#4200=ADVANCED_FACE('',(#260),#3986,.T.);
#4201=ADVANCED_FACE('',(#261),#3987,.F.);
#4202=ADVANCED_FACE('',(#262),#3988,.F.);
#4203=ADVANCED_FACE('',(#263),#3989,.F.);
#4204=ADVANCED_FACE('',(#264),#3990,.F.);
#4205=ADVANCED_FACE('',(#265),#3991,.F.);
#4206=ADVANCED_FACE('',(#266),#145,.T.);
#4207=ADVANCED_FACE('',(#267),#3992,.F.);
#4208=ADVANCED_FACE('',(#268),#146,.T.);
#4209=ADVANCED_FACE('',(#269),#3993,.F.);
#4210=ADVANCED_FACE('',(#270),#147,.T.);
#4211=ADVANCED_FACE('',(#271),#3994,.F.);
#4212=ADVANCED_FACE('',(#272),#3995,.F.);
#4213=ADVANCED_FACE('',(#273),#148,.F.);
#4214=ADVANCED_FACE('',(#274),#3996,.F.);
#4215=ADVANCED_FACE('',(#275),#149,.T.);
#4216=ADVANCED_FACE('',(#276),#3997,.F.);
#4217=ADVANCED_FACE('',(#277),#150,.T.);
#4218=ADVANCED_FACE('',(#278),#3998,.F.);
#4219=ADVANCED_FACE('',(#279),#3999,.F.);
#4220=ADVANCED_FACE('',(#280),#4000,.T.);
#4221=ADVANCED_FACE('',(#281),#4001,.F.);
#4222=ADVANCED_FACE('',(#282,#13),#4002,.F.);
#4223=ADVANCED_FACE('',(#283),#4003,.F.);
#4224=ADVANCED_FACE('',(#284,#14,#15,#16),#4004,.T.);
#4225=ADVANCED_FACE('',(#285),#4005,.F.);
#4226=ADVANCED_FACE('',(#286),#4006,.F.);
#4227=ADVANCED_FACE('',(#287),#4007,.T.);
#4228=ADVANCED_FACE('',(#288),#4008,.F.);
#4229=ADVANCED_FACE('',(#289),#4009,.F.);
#4230=ADVANCED_FACE('',(#290),#4010,.F.);
#4231=ADVANCED_FACE('',(#291),#4011,.F.);
#4232=ADVANCED_FACE('',(#292),#4012,.F.);
#4233=ADVANCED_FACE('',(#293),#4013,.F.);
#4234=ADVANCED_FACE('',(#294),#4014,.F.);
#4235=ADVANCED_FACE('',(#295),#4015,.F.);
#4236=ADVANCED_FACE('',(#296),#4016,.F.);
#4237=ADVANCED_FACE('',(#297),#4017,.T.);
#4238=ADVANCED_FACE('',(#298),#4018,.T.);
#4239=ADVANCED_FACE('',(#299),#4019,.F.);
#4240=ADVANCED_FACE('',(#300),#4020,.F.);
#4241=ADVANCED_FACE('',(#301),#4021,.T.);
#4242=ADVANCED_FACE('',(#302),#4022,.F.);
#4243=ADVANCED_FACE('',(#303),#4023,.T.);
#4244=ADVANCED_FACE('',(#304),#4024,.T.);
#4245=ADVANCED_FACE('',(#305),#4025,.T.);
#4246=ADVANCED_FACE('',(#306),#4026,.T.);
#4247=ADVANCED_FACE('',(#307),#4027,.T.);
#4248=ADVANCED_FACE('',(#308),#4028,.T.);
#4249=ADVANCED_FACE('',(#309),#4029,.F.);
#4250=ADVANCED_FACE('',(#310),#4030,.F.);
#4251=ADVANCED_FACE('',(#311),#4031,.T.);
#4252=ADVANCED_FACE('',(#312),#4032,.F.);
#4253=ADVANCED_FACE('',(#313),#4033,.F.);
#4254=ADVANCED_FACE('',(#314),#4034,.T.);
#4255=ADVANCED_FACE('',(#315),#4035,.T.);
#4256=ADVANCED_FACE('',(#316),#4036,.T.);
#4257=ADVANCED_FACE('',(#317),#4037,.T.);
#4258=ADVANCED_FACE('',(#318),#4038,.F.);
#4259=ADVANCED_FACE('',(#319),#4039,.F.);
#4260=ADVANCED_FACE('',(#320),#4040,.F.);
#4261=ADVANCED_FACE('',(#321),#4041,.F.);
#4262=ADVANCED_FACE('',(#322),#4042,.F.);
#4263=ADVANCED_FACE('',(#323),#4043,.F.);
#4264=ADVANCED_FACE('',(#324),#4044,.T.);
#4265=ADVANCED_FACE('',(#325),#4045,.F.);
#4266=ADVANCED_FACE('',(#326),#4046,.F.);
#4267=ADVANCED_FACE('',(#327),#4047,.T.);
#4268=ADVANCED_FACE('',(#328),#4048,.F.);
#4269=ADVANCED_FACE('',(#329),#4049,.F.);
#4270=ADVANCED_FACE('',(#330),#4050,.F.);
#4271=ADVANCED_FACE('',(#331),#4051,.F.);
#4272=ADVANCED_FACE('',(#332),#4052,.F.);
#4273=ADVANCED_FACE('',(#333),#4053,.T.);
#4274=ADVANCED_FACE('',(#334),#4054,.F.);
#4275=ADVANCED_FACE('',(#335),#4055,.F.);
#4276=ADVANCED_FACE('',(#336),#4056,.F.);
#4277=ADVANCED_FACE('',(#337),#4057,.F.);
#4278=ADVANCED_FACE('',(#338),#4058,.F.);
#4279=ADVANCED_FACE('',(#339),#4059,.F.);
#4280=ADVANCED_FACE('',(#340),#4060,.F.);
#4281=ADVANCED_FACE('',(#341),#4061,.F.);
#4282=ADVANCED_FACE('',(#342),#4062,.F.);
#4283=ADVANCED_FACE('',(#343),#4063,.F.);
#4284=ADVANCED_FACE('',(#344),#4064,.F.);
#4285=ADVANCED_FACE('',(#345),#4065,.T.);
#4286=ADVANCED_FACE('',(#346),#4066,.F.);
#4287=ADVANCED_FACE('',(#347),#4067,.F.);
#4288=ADVANCED_FACE('',(#348),#4068,.F.);
#4289=ADVANCED_FACE('',(#349),#4069,.F.);
#4290=ADVANCED_FACE('',(#350),#4070,.F.);
#4291=ADVANCED_FACE('',(#351),#4071,.F.);
#4292=ADVANCED_FACE('',(#352),#4072,.F.);
#4293=ADVANCED_FACE('',(#353),#4073,.F.);
#4294=ADVANCED_FACE('',(#354),#4074,.F.);
#4295=ADVANCED_FACE('',(#355),#4075,.F.);
#4296=ADVANCED_FACE('',(#356),#4076,.F.);
#4297=ADVANCED_FACE('',(#357),#4077,.F.);
#4298=ADVANCED_FACE('',(#358),#4078,.F.);
#4299=ADVANCED_FACE('',(#359),#4079,.F.);
#4300=ADVANCED_FACE('',(#360),#4080,.T.);
#4301=ADVANCED_FACE('',(#361),#4081,.T.);
#4302=ADVANCED_FACE('',(#362),#4082,.F.);
#4303=ADVANCED_FACE('',(#363),#4083,.F.);
#4304=ADVANCED_FACE('',(#364),#4084,.F.);
#4305=ADVANCED_FACE('',(#365),#4085,.F.);
#4306=ADVANCED_FACE('',(#366),#4086,.T.);
#4307=ADVANCED_FACE('',(#367),#4087,.F.);
#4308=ADVANCED_FACE('',(#368),#4088,.F.);
#4309=ADVANCED_FACE('',(#369),#4089,.F.);
#4310=ADVANCED_FACE('',(#370),#4090,.T.);
#4311=CLOSED_SHELL('',(#4091,#4092,#4093,#4094,#4095,#4096,#4097,#4098,
#4099,#4100,#4101,#4102,#4103,#4104,#4105,#4106,#4107,#4108,#4109,#4110,
#4111,#4112,#4113,#4114,#4115));
#4312=CLOSED_SHELL('',(#4116,#4117,#4118,#4119,#4120,#4121,#4122,#4123,
#4124,#4125,#4126,#4127,#4128,#4129,#4130,#4131,#4132,#4133,#4134,#4135));
#4313=CLOSED_SHELL('',(#4136,#4137,#4138,#4139,#4140,#4141,#4142,#4143,
#4144,#4145,#4146,#4147,#4148,#4149,#4150,#4151,#4152,#4153,#4154,#4155));
#4314=CLOSED_SHELL('',(#4156,#4157,#4158,#4159,#4160,#4161,#4162,#4163,
#4164,#4165,#4166,#4167,#4168,#4169,#4170,#4171,#4172,#4173,#4174,#4175));
#4315=CLOSED_SHELL('',(#4176,#4177,#4178,#4179,#4180,#4181,#4182,#4183,
#4184,#4185,#4186,#4187,#4188,#4189,#4190,#4191,#4192,#4193,#4194,#4195,
#4196,#4197,#4198,#4199,#4200));
#4316=CLOSED_SHELL('',(#4201,#4202,#4203,#4204,#4205,#4206,#4207,#4208,
#4209,#4210,#4211,#4212,#4213,#4214,#4215,#4216,#4217,#4218,#4219,#4220));
#4317=CLOSED_SHELL('',(#4221,#4222,#4223,#4224,#4225,#4226,#4227,#4228,
#4229,#4230,#4231,#4232,#4233,#4234,#4235,#4236,#4237,#4238,#4239,#4240,
#4241,#4242,#4243,#4244,#4245,#4246,#4247,#4248,#4249,#4250,#4251,#4252,
#4253,#4254,#4255,#4256,#4257,#4258,#4259,#4260,#4261,#4262,#4263,#4264,
#4265,#4266,#4267,#4268,#4269,#4270,#4271,#4272,#4273,#4274,#4275,#4276,
#4277,#4278,#4279,#4280,#4281,#4282,#4283,#4284,#4285,#4286,#4287,#4288,
#4289,#4290,#4291,#4292,#4293,#4294,#4295,#4296,#4297,#4298,#4299,#4300,
#4301,#4302,#4303,#4304,#4305,#4306,#4307,#4308,#4309,#4310));
#4318=DERIVED_UNIT_ELEMENT(#4320,1.);
#4319=DERIVED_UNIT_ELEMENT(#7013,-3.);
#4320=(
MASS_UNIT()
NAMED_UNIT(*)
SI_UNIT(.KILO.,.GRAM.)
);
#4321=DERIVED_UNIT((#4318,#4319));
#4322=MEASURE_REPRESENTATION_ITEM('density measure',
POSITIVE_RATIO_MEASURE(7850.),#4321);
#4323=PROPERTY_DEFINITION_REPRESENTATION(#4328,#4325);
#4324=PROPERTY_DEFINITION_REPRESENTATION(#4329,#4326);
#4325=REPRESENTATION('material name',(#4327),#7010);
#4326=REPRESENTATION('density',(#4322),#7010);
#4327=DESCRIPTIVE_REPRESENTATION_ITEM('Steel','Steel');
#4328=PROPERTY_DEFINITION('material property','material name',#7020);
#4329=PROPERTY_DEFINITION('material property','density of part',#7020);
#4330=AXIS2_PLACEMENT_3D('',#5767,#4631,#4632);
#4331=AXIS2_PLACEMENT_3D('',#5768,#4633,#4634);
#4332=AXIS2_PLACEMENT_3D('',#5777,#4639,#4640);
#4333=AXIS2_PLACEMENT_3D('',#5783,#4644,#4645);
#4334=AXIS2_PLACEMENT_3D('',#5789,#4649,#4650);
#4335=AXIS2_PLACEMENT_3D('',#5795,#4654,#4655);
#4336=AXIS2_PLACEMENT_3D('',#5801,#4659,#4660);
#4337=AXIS2_PLACEMENT_3D('',#5803,#4661,#4662);
#4338=AXIS2_PLACEMENT_3D('',#5805,#4663,#4664);
#4339=AXIS2_PLACEMENT_3D('',#5807,#4666,#4667);
#4340=AXIS2_PLACEMENT_3D('',#5813,#4671,#4672);
#4341=AXIS2_PLACEMENT_3D('',#5815,#4673,#4674);
#4342=AXIS2_PLACEMENT_3D('',#5817,#4675,#4676);
#4343=AXIS2_PLACEMENT_3D('',#5819,#4678,#4679);
#4344=AXIS2_PLACEMENT_3D('',#5821,#4680,#4681);
#4345=AXIS2_PLACEMENT_3D('',#5823,#4682,#4683);
#4346=AXIS2_PLACEMENT_3D('',#5825,#4685,#4686);
#4347=AXIS2_PLACEMENT_3D('',#5831,#4690,#4691);
#4348=AXIS2_PLACEMENT_3D('',#5833,#4692,#4693);
#4349=AXIS2_PLACEMENT_3D('',#5835,#4694,#4695);
#4350=AXIS2_PLACEMENT_3D('',#5837,#4697,#4698);
#4351=AXIS2_PLACEMENT_3D('',#5839,#4699,#4700);
#4352=AXIS2_PLACEMENT_3D('',#5841,#4701,#4702);
#4353=AXIS2_PLACEMENT_3D('',#5843,#4704,#4705);
#4354=AXIS2_PLACEMENT_3D('',#5849,#4709,#4710);
#4355=AXIS2_PLACEMENT_3D('',#5851,#4711,#4712);
#4356=AXIS2_PLACEMENT_3D('',#5853,#4713,#4714);
#4357=AXIS2_PLACEMENT_3D('',#5855,#4716,#4717);
#4358=AXIS2_PLACEMENT_3D('',#5861,#4721,#4722);
#4359=AXIS2_PLACEMENT_3D('',#5867,#4726,#4727);
#4360=AXIS2_PLACEMENT_3D('',#5873,#4731,#4732);
#4361=AXIS2_PLACEMENT_3D('',#5875,#4733,#4734);
#4362=AXIS2_PLACEMENT_3D('',#5877,#4735,#4736);
#4363=AXIS2_PLACEMENT_3D('',#5879,#4738,#4739);
#4364=AXIS2_PLACEMENT_3D('',#5885,#4743,#4744);
#4365=AXIS2_PLACEMENT_3D('',#5887,#4745,#4746);
#4366=AXIS2_PLACEMENT_3D('',#5889,#4747,#4748);
#4367=AXIS2_PLACEMENT_3D('',#5891,#4750,#4751);
#4368=AXIS2_PLACEMENT_3D('',#5897,#4755,#4756);
#4369=AXIS2_PLACEMENT_3D('',#5903,#4760,#4761);
#4370=AXIS2_PLACEMENT_3D('',#5906,#4764,#4765);
#4371=AXIS2_PLACEMENT_3D('',#5907,#4766,#4767);
#4372=AXIS2_PLACEMENT_3D('',#5908,#4768,#4769);
#4373=AXIS2_PLACEMENT_3D('',#5917,#4774,#4775);
#4374=AXIS2_PLACEMENT_3D('',#5923,#4779,#4780);
#4375=AXIS2_PLACEMENT_3D('',#5929,#4784,#4785);
#4376=AXIS2_PLACEMENT_3D('',#5935,#4789,#4790);
#4377=AXIS2_PLACEMENT_3D('',#5941,#4794,#4795);
#4378=AXIS2_PLACEMENT_3D('',#5943,#4796,#4797);
#4379=AXIS2_PLACEMENT_3D('',#5946,#4799,#4800);
#4380=AXIS2_PLACEMENT_3D('',#5947,#4801,#4802);
#4381=AXIS2_PLACEMENT_3D('',#5953,#4806,#4807);
#4382=AXIS2_PLACEMENT_3D('',#5955,#4808,#4809);
#4383=AXIS2_PLACEMENT_3D('',#5958,#4811,#4812);
#4384=AXIS2_PLACEMENT_3D('',#5959,#4813,#4814);
#4385=AXIS2_PLACEMENT_3D('',#5965,#4818,#4819);
#4386=AXIS2_PLACEMENT_3D('',#5967,#4820,#4821);
#4387=AXIS2_PLACEMENT_3D('',#5970,#4823,#4824);
#4388=AXIS2_PLACEMENT_3D('',#5971,#4825,#4826);
#4389=AXIS2_PLACEMENT_3D('',#5977,#4830,#4831);
#4390=AXIS2_PLACEMENT_3D('',#5983,#4835,#4836);
#4391=AXIS2_PLACEMENT_3D('',#5985,#4837,#4838);
#4392=AXIS2_PLACEMENT_3D('',#5988,#4840,#4841);
#4393=AXIS2_PLACEMENT_3D('',#5989,#4842,#4843);
#4394=AXIS2_PLACEMENT_3D('',#5995,#4847,#4848);
#4395=AXIS2_PLACEMENT_3D('',#5997,#4849,#4850);
#4396=AXIS2_PLACEMENT_3D('',#6000,#4852,#4853);
#4397=AXIS2_PLACEMENT_3D('',#6001,#4854,#4855);
#4398=AXIS2_PLACEMENT_3D('',#6007,#4859,#4860);
#4399=AXIS2_PLACEMENT_3D('',#6009,#4861,#4862);
#4400=AXIS2_PLACEMENT_3D('',#6012,#4864,#4865);
#4401=AXIS2_PLACEMENT_3D('',#6013,#4866,#4867);
#4402=AXIS2_PLACEMENT_3D('',#6016,#4870,#4871);
#4403=AXIS2_PLACEMENT_3D('',#6017,#4872,#4873);
#4404=AXIS2_PLACEMENT_3D('',#6018,#4874,#4875);
#4405=AXIS2_PLACEMENT_3D('',#6027,#4880,#4881);
#4406=AXIS2_PLACEMENT_3D('',#6033,#4885,#4886);
#4407=AXIS2_PLACEMENT_3D('',#6039,#4890,#4891);
#4408=AXIS2_PLACEMENT_3D('',#6045,#4895,#4896);
#4409=AXIS2_PLACEMENT_3D('',#6051,#4900,#4901);
#4410=AXIS2_PLACEMENT_3D('',#6053,#4902,#4903);
#4411=AXIS2_PLACEMENT_3D('',#6056,#4905,#4906);
#4412=AXIS2_PLACEMENT_3D('',#6057,#4907,#4908);
#4413=AXIS2_PLACEMENT_3D('',#6063,#4912,#4913);
#4414=AXIS2_PLACEMENT_3D('',#6065,#4914,#4915);
#4415=AXIS2_PLACEMENT_3D('',#6068,#4917,#4918);
#4416=AXIS2_PLACEMENT_3D('',#6069,#4919,#4920);
#4417=AXIS2_PLACEMENT_3D('',#6075,#4924,#4925);
#4418=AXIS2_PLACEMENT_3D('',#6077,#4926,#4927);
#4419=AXIS2_PLACEMENT_3D('',#6080,#4929,#4930);
#4420=AXIS2_PLACEMENT_3D('',#6081,#4931,#4932);
#4421=AXIS2_PLACEMENT_3D('',#6087,#4936,#4937);
#4422=AXIS2_PLACEMENT_3D('',#6093,#4941,#4942);
#4423=AXIS2_PLACEMENT_3D('',#6095,#4943,#4944);
#4424=AXIS2_PLACEMENT_3D('',#6098,#4946,#4947);
#4425=AXIS2_PLACEMENT_3D('',#6099,#4948,#4949);
#4426=AXIS2_PLACEMENT_3D('',#6105,#4953,#4954);
#4427=AXIS2_PLACEMENT_3D('',#6107,#4955,#4956);
#4428=AXIS2_PLACEMENT_3D('',#6110,#4958,#4959);
#4429=AXIS2_PLACEMENT_3D('',#6111,#4960,#4961);
#4430=AXIS2_PLACEMENT_3D('',#6117,#4965,#4966);
#4431=AXIS2_PLACEMENT_3D('',#6119,#4967,#4968);
#4432=AXIS2_PLACEMENT_3D('',#6122,#4970,#4971);
#4433=AXIS2_PLACEMENT_3D('',#6123,#4972,#4973);
#4434=AXIS2_PLACEMENT_3D('',#6126,#4976,#4977);
#4435=AXIS2_PLACEMENT_3D('',#6127,#4978,#4979);
#4436=AXIS2_PLACEMENT_3D('',#6128,#4980,#4981);
#4437=AXIS2_PLACEMENT_3D('',#6137,#4986,#4987);
#4438=AXIS2_PLACEMENT_3D('',#6143,#4991,#4992);
#4439=AXIS2_PLACEMENT_3D('',#6149,#4996,#4997);
#4440=AXIS2_PLACEMENT_3D('',#6155,#5001,#5002);
#4441=AXIS2_PLACEMENT_3D('',#6161,#5006,#5007);
#4442=AXIS2_PLACEMENT_3D('',#6163,#5008,#5009);
#4443=AXIS2_PLACEMENT_3D('',#6166,#5011,#5012);
#4444=AXIS2_PLACEMENT_3D('',#6167,#5013,#5014);
#4445=AXIS2_PLACEMENT_3D('',#6173,#5018,#5019);
#4446=AXIS2_PLACEMENT_3D('',#6175,#5020,#5021);
#4447=AXIS2_PLACEMENT_3D('',#6178,#5023,#5024);
#4448=AXIS2_PLACEMENT_3D('',#6179,#5025,#5026);
#4449=AXIS2_PLACEMENT_3D('',#6185,#5030,#5031);
#4450=AXIS2_PLACEMENT_3D('',#6187,#5032,#5033);
#4451=AXIS2_PLACEMENT_3D('',#6190,#5035,#5036);
#4452=AXIS2_PLACEMENT_3D('',#6191,#5037,#5038);
#4453=AXIS2_PLACEMENT_3D('',#6197,#5042,#5043);
#4454=AXIS2_PLACEMENT_3D('',#6203,#5047,#5048);
#4455=AXIS2_PLACEMENT_3D('',#6205,#5049,#5050);
#4456=AXIS2_PLACEMENT_3D('',#6208,#5052,#5053);
#4457=AXIS2_PLACEMENT_3D('',#6209,#5054,#5055);
#4458=AXIS2_PLACEMENT_3D('',#6215,#5059,#5060);
#4459=AXIS2_PLACEMENT_3D('',#6217,#5061,#5062);
#4460=AXIS2_PLACEMENT_3D('',#6220,#5064,#5065);
#4461=AXIS2_PLACEMENT_3D('',#6221,#5066,#5067);
#4462=AXIS2_PLACEMENT_3D('',#6227,#5071,#5072);
#4463=AXIS2_PLACEMENT_3D('',#6229,#5073,#5074);
#4464=AXIS2_PLACEMENT_3D('',#6232,#5076,#5077);
#4465=AXIS2_PLACEMENT_3D('',#6233,#5078,#5079);
#4466=AXIS2_PLACEMENT_3D('',#6236,#5082,#5083);
#4467=AXIS2_PLACEMENT_3D('',#6237,#5084,#5085);
#4468=AXIS2_PLACEMENT_3D('',#6238,#5086,#5087);
#4469=AXIS2_PLACEMENT_3D('',#6247,#5092,#5093);
#4470=AXIS2_PLACEMENT_3D('',#6253,#5097,#5098);
#4471=AXIS2_PLACEMENT_3D('',#6259,#5102,#5103);
#4472=AXIS2_PLACEMENT_3D('',#6265,#5107,#5108);
#4473=AXIS2_PLACEMENT_3D('',#6271,#5112,#5113);
#4474=AXIS2_PLACEMENT_3D('',#6273,#5114,#5115);
#4475=AXIS2_PLACEMENT_3D('',#6276,#5117,#5118);
#4476=AXIS2_PLACEMENT_3D('',#6277,#5119,#5120);
#4477=AXIS2_PLACEMENT_3D('',#6283,#5124,#5125);
#4478=AXIS2_PLACEMENT_3D('',#6285,#5126,#5127);
#4479=AXIS2_PLACEMENT_3D('',#6288,#5129,#5130);
#4480=AXIS2_PLACEMENT_3D('',#6289,#5131,#5132);
#4481=AXIS2_PLACEMENT_3D('',#6291,#5133,#5134);
#4482=AXIS2_PLACEMENT_3D('',#6294,#5136,#5137);
#4483=AXIS2_PLACEMENT_3D('',#6295,#5138,#5139);
#4484=AXIS2_PLACEMENT_3D('',#6301,#5143,#5144);
#4485=AXIS2_PLACEMENT_3D('',#6303,#5145,#5146);
#4486=AXIS2_PLACEMENT_3D('',#6306,#5148,#5149);
#4487=AXIS2_PLACEMENT_3D('',#6307,#5150,#5151);
#4488=AXIS2_PLACEMENT_3D('',#6309,#5152,#5153);
#4489=AXIS2_PLACEMENT_3D('',#6312,#5155,#5156);
#4490=AXIS2_PLACEMENT_3D('',#6313,#5157,#5158);
#4491=AXIS2_PLACEMENT_3D('',#6319,#5162,#5163);
#4492=AXIS2_PLACEMENT_3D('',#6321,#5164,#5165);
#4493=AXIS2_PLACEMENT_3D('',#6324,#5167,#5168);
#4494=AXIS2_PLACEMENT_3D('',#6325,#5169,#5170);
#4495=AXIS2_PLACEMENT_3D('',#6331,#5174,#5175);
#4496=AXIS2_PLACEMENT_3D('',#6337,#5179,#5180);
#4497=AXIS2_PLACEMENT_3D('',#6343,#5184,#5185);
#4498=AXIS2_PLACEMENT_3D('',#6345,#5186,#5187);
#4499=AXIS2_PLACEMENT_3D('',#6348,#5189,#5190);
#4500=AXIS2_PLACEMENT_3D('',#6349,#5191,#5192);
#4501=AXIS2_PLACEMENT_3D('',#6355,#5196,#5197);
#4502=AXIS2_PLACEMENT_3D('',#6357,#5198,#5199);
#4503=AXIS2_PLACEMENT_3D('',#6360,#5201,#5202);
#4504=AXIS2_PLACEMENT_3D('',#6361,#5203,#5204);
#4505=AXIS2_PLACEMENT_3D('',#6367,#5208,#5209);
#4506=AXIS2_PLACEMENT_3D('',#6373,#5213,#5214);
#4507=AXIS2_PLACEMENT_3D('',#6376,#5217,#5218);
#4508=AXIS2_PLACEMENT_3D('',#6377,#5219,#5220);
#4509=AXIS2_PLACEMENT_3D('',#6378,#5221,#5222);
#4510=AXIS2_PLACEMENT_3D('',#6387,#5227,#5228);
#4511=AXIS2_PLACEMENT_3D('',#6393,#5232,#5233);
#4512=AXIS2_PLACEMENT_3D('',#6399,#5237,#5238);
#4513=AXIS2_PLACEMENT_3D('',#6405,#5242,#5243);
#4514=AXIS2_PLACEMENT_3D('',#6411,#5247,#5248);
#4515=AXIS2_PLACEMENT_3D('',#6413,#5249,#5250);
#4516=AXIS2_PLACEMENT_3D('',#6416,#5252,#5253);
#4517=AXIS2_PLACEMENT_3D('',#6417,#5254,#5255);
#4518=AXIS2_PLACEMENT_3D('',#6423,#5259,#5260);
#4519=AXIS2_PLACEMENT_3D('',#6425,#5261,#5262);
#4520=AXIS2_PLACEMENT_3D('',#6428,#5264,#5265);
#4521=AXIS2_PLACEMENT_3D('',#6429,#5266,#5267);
#4522=AXIS2_PLACEMENT_3D('',#6435,#5271,#5272);
#4523=AXIS2_PLACEMENT_3D('',#6437,#5273,#5274);
#4524=AXIS2_PLACEMENT_3D('',#6440,#5276,#5277);
#4525=AXIS2_PLACEMENT_3D('',#6441,#5278,#5279);
#4526=AXIS2_PLACEMENT_3D('',#6447,#5283,#5284);
#4527=AXIS2_PLACEMENT_3D('',#6453,#5288,#5289);
#4528=AXIS2_PLACEMENT_3D('',#6455,#5290,#5291);
#4529=AXIS2_PLACEMENT_3D('',#6458,#5293,#5294);
#4530=AXIS2_PLACEMENT_3D('',#6459,#5295,#5296);
#4531=AXIS2_PLACEMENT_3D('',#6465,#5300,#5301);
#4532=AXIS2_PLACEMENT_3D('',#6467,#5302,#5303);
#4533=AXIS2_PLACEMENT_3D('',#6470,#5305,#5306);
#4534=AXIS2_PLACEMENT_3D('',#6471,#5307,#5308);
#4535=AXIS2_PLACEMENT_3D('',#6477,#5312,#5313);
#4536=AXIS2_PLACEMENT_3D('',#6479,#5314,#5315);
#4537=AXIS2_PLACEMENT_3D('',#6482,#5317,#5318);
#4538=AXIS2_PLACEMENT_3D('',#6483,#5319,#5320);
#4539=AXIS2_PLACEMENT_3D('',#6486,#5323,#5324);
#4540=AXIS2_PLACEMENT_3D('',#6487,#5325,#5326);
#4541=AXIS2_PLACEMENT_3D('',#6488,#5327,#5328);
#4542=AXIS2_PLACEMENT_3D('',#6521,#5345,#5346);
#4543=AXIS2_PLACEMENT_3D('',#6586,#5379,#5380);
#4544=AXIS2_PLACEMENT_3D('',#6592,#5384,#5385);
#4545=AXIS2_PLACEMENT_3D('',#6625,#5402,#5403);
#4546=AXIS2_PLACEMENT_3D('',#6631,#5407,#5408);
#4547=AXIS2_PLACEMENT_3D('',#6637,#5412,#5413);
#4548=AXIS2_PLACEMENT_3D('',#6648,#5420,#5421);
#4549=AXIS2_PLACEMENT_3D('',#6703,#5450,#5451);
#4550=AXIS2_PLACEMENT_3D('',#6706,#5454,#5455);
#4551=AXIS2_PLACEMENT_3D('',#6709,#5458,#5459);
#4552=AXIS2_PLACEMENT_3D('',#6712,#5462,#5463);
#4553=AXIS2_PLACEMENT_3D('',#6718,#5467,#5468);
#4554=AXIS2_PLACEMENT_3D('',#6724,#5472,#5473);
#4555=AXIS2_PLACEMENT_3D('',#6730,#5477,#5478);
#4556=AXIS2_PLACEMENT_3D('',#6737,#5483,#5484);
#4557=AXIS2_PLACEMENT_3D('',#6745,#5489,#5490);
#4558=AXIS2_PLACEMENT_3D('',#6757,#5497,#5498);
#4559=AXIS2_PLACEMENT_3D('',#6764,#5503,#5504);
#4560=AXIS2_PLACEMENT_3D('',#6783,#5515,#5516);
#4561=AXIS2_PLACEMENT_3D('',#6788,#5520,#5521);
#4562=AXIS2_PLACEMENT_3D('',#6795,#5526,#5527);
#4563=AXIS2_PLACEMENT_3D('',#6797,#5529,#5530);
#4564=AXIS2_PLACEMENT_3D('',#6799,#5532,#5533);
#4565=AXIS2_PLACEMENT_3D('',#6802,#5536,#5537);
#4566=AXIS2_PLACEMENT_3D('',#6804,#5539,#5540);
#4567=AXIS2_PLACEMENT_3D('',#6805,#5541,#5542);
#4568=AXIS2_PLACEMENT_3D('',#6807,#5544,#5545);
#4569=AXIS2_PLACEMENT_3D('',#6808,#5546,#5547);
#4570=AXIS2_PLACEMENT_3D('',#6818,#5553,#5554);
#4571=AXIS2_PLACEMENT_3D('',#6823,#5558,#5559);
#4572=AXIS2_PLACEMENT_3D('',#6827,#5562,#5563);
#4573=AXIS2_PLACEMENT_3D('',#6830,#5566,#5567);
#4574=AXIS2_PLACEMENT_3D('',#6831,#5568,#5569);
#4575=AXIS2_PLACEMENT_3D('',#6832,#5570,#5571);
#4576=AXIS2_PLACEMENT_3D('',#6834,#5573,#5574);
#4577=AXIS2_PLACEMENT_3D('',#6835,#5575,#5576);
#4578=AXIS2_PLACEMENT_3D('',#6836,#5577,#5578);
#4579=AXIS2_PLACEMENT_3D('',#6840,#5581,#5582);
#4580=AXIS2_PLACEMENT_3D('',#6842,#5584,#5585);
#4581=AXIS2_PLACEMENT_3D('',#6843,#5586,#5587);
#4582=AXIS2_PLACEMENT_3D('',#6844,#5588,#5589);
#4583=AXIS2_PLACEMENT_3D('',#6845,#5590,#5591);
#4584=AXIS2_PLACEMENT_3D('',#6849,#5595,#5596);
#4585=AXIS2_PLACEMENT_3D('',#6853,#5600,#5601);
#4586=AXIS2_PLACEMENT_3D('',#6857,#5605,#5606);
#4587=AXIS2_PLACEMENT_3D('',#6858,#5607,#5608);
#4588=AXIS2_PLACEMENT_3D('',#6859,#5609,#5610);
#4589=AXIS2_PLACEMENT_3D('',#6860,#5611,#5612);
#4590=AXIS2_PLACEMENT_3D('',#6862,#5614,#5615);
#4591=AXIS2_PLACEMENT_3D('',#6864,#5617,#5618);
#4592=AXIS2_PLACEMENT_3D('',#6865,#5619,#5620);
#4593=AXIS2_PLACEMENT_3D('',#6866,#5621,#5622);
#4594=AXIS2_PLACEMENT_3D('',#6875,#5627,#5628);
#4595=AXIS2_PLACEMENT_3D('',#6883,#5633,#5634);
#4596=AXIS2_PLACEMENT_3D('',#6889,#5638,#5639);
#4597=AXIS2_PLACEMENT_3D('',#6898,#5644,#5645);
#4598=AXIS2_PLACEMENT_3D('',#6904,#5649,#5650);
#4599=AXIS2_PLACEMENT_3D('',#6910,#5654,#5655);
#4600=AXIS2_PLACEMENT_3D('',#6916,#5659,#5660);
#4601=AXIS2_PLACEMENT_3D('',#6920,#5663,#5664);
#4602=AXIS2_PLACEMENT_3D('',#6930,#5670,#5671);
#4603=AXIS2_PLACEMENT_3D('',#6936,#5675,#5676);
#4604=AXIS2_PLACEMENT_3D('',#6942,#5680,#5681);
#4605=AXIS2_PLACEMENT_3D('',#6945,#5684,#5685);
#4606=AXIS2_PLACEMENT_3D('',#6949,#5688,#5689);
#4607=AXIS2_PLACEMENT_3D('',#6953,#5692,#5693);
#4608=AXIS2_PLACEMENT_3D('',#6958,#5697,#5698);
#4609=AXIS2_PLACEMENT_3D('',#6960,#5700,#5701);
#4610=AXIS2_PLACEMENT_3D('',#6964,#5704,#5705);
#4611=AXIS2_PLACEMENT_3D('',#6967,#5708,#5709);
#4612=AXIS2_PLACEMENT_3D('',#6973,#5713,#5714);
#4613=AXIS2_PLACEMENT_3D('',#6976,#5717,#5718);
#4614=AXIS2_PLACEMENT_3D('',#6978,#5720,#5721);
#4615=AXIS2_PLACEMENT_3D('',#6981,#5724,#5725);
#4616=AXIS2_PLACEMENT_3D('',#6982,#5726,#5727);
#4617=AXIS2_PLACEMENT_3D('',#6984,#5729,#5730);
#4618=AXIS2_PLACEMENT_3D('',#6986,#5732,#5733);
#4619=AXIS2_PLACEMENT_3D('',#6988,#5735,#5736);
#4620=AXIS2_PLACEMENT_3D('',#6990,#5738,#5739);
#4621=AXIS2_PLACEMENT_3D('',#6992,#5741,#5742);
#4622=AXIS2_PLACEMENT_3D('',#6994,#5744,#5745);
#4623=AXIS2_PLACEMENT_3D('',#6996,#5747,#5748);
#4624=AXIS2_PLACEMENT_3D('',#6998,#5750,#5751);
#4625=AXIS2_PLACEMENT_3D('',#7000,#5753,#5754);
#4626=AXIS2_PLACEMENT_3D('',#7002,#5756,#5757);
#4627=AXIS2_PLACEMENT_3D('',#7004,#5759,#5760);
#4628=AXIS2_PLACEMENT_3D('',#7005,#5761,#5762);
#4629=AXIS2_PLACEMENT_3D('',#7006,#5763,#5764);
#4630=AXIS2_PLACEMENT_3D('',#7007,#5765,#5766);
#4631=DIRECTION('axis',(0.,0.,1.));
#4632=DIRECTION('refdir',(1.,0.,0.));
#4633=DIRECTION('center_axis',(-6.93889390390722E-15,-2.66880534765663E-15,
1.));
#4634=DIRECTION('ref_axis',(-1.,1.97215226305253E-31,-6.93889390390722E-15));
#4635=DIRECTION('',(1.97215226305253E-31,1.,2.66880534765663E-15));
#4636=DIRECTION('',(1.,-1.97215226305253E-31,6.93889390390722E-15));
#4637=DIRECTION('',(1.97215226305253E-31,1.,2.66880534765663E-15));
#4638=DIRECTION('',(1.,-1.97215226305253E-31,6.93889390390722E-15));
#4639=DIRECTION('center_axis',(-1.97215226305253E-31,-1.,0.));
#4640=DIRECTION('ref_axis',(0.,0.,-1.));
#4641=DIRECTION('',(-7.58941520739841E-15,1.49674823765161E-45,1.));
#4642=DIRECTION('',(-7.58941520739841E-15,1.49674823765161E-45,1.));
#4643=DIRECTION('',(1.,-1.97215226305253E-31,6.93889390390722E-15));
#4644=DIRECTION('center_axis',(4.90653893338678E-15,-0.707106781186549,
-0.707106781186546));
#4645=DIRECTION('ref_axis',(1.39452223873684E-31,0.707106781186546,-0.707106781186549));
#4646=DIRECTION('',(-3.06658683336685E-15,-0.707106781186546,0.707106781186549));
#4647=DIRECTION('',(-3.06658683336685E-15,-0.707106781186546,0.707106781186549));
#4648=DIRECTION('',(1.,-1.97215226305253E-31,6.93889390390722E-15));
#4649=DIRECTION('center_axis',(6.93889390390722E-15,-1.3684555315672E-45,
-1.));
#4650=DIRECTION('ref_axis',(1.,-1.97215226305253E-31,6.93889390390722E-15));
#4651=DIRECTION('',(-1.97215226305253E-31,-1.,0.));
#4652=DIRECTION('',(-1.97215226305253E-31,-1.,0.));
#4653=DIRECTION('',(1.,-1.97215226305253E-31,6.93889390390722E-15));
#4654=DIRECTION('center_axis',(1.97215226305253E-31,1.,0.));
#4655=DIRECTION('ref_axis',(0.,0.,1.));
#4656=DIRECTION('',(0.,0.,-1.));
#4657=DIRECTION('',(0.,0.,-1.));
#4658=DIRECTION('',(1.,-1.97215226305253E-31,6.93889390390722E-15));
#4659=DIRECTION('center_axis',(1.,-1.97215226305253E-31,6.93889390390722E-15));
#4660=DIRECTION('ref_axis',(-6.93889390390722E-15,1.3684555315672E-45,1.));
#4661=DIRECTION('center_axis',(-1.,1.97215226305253E-31,-6.93889390390722E-15));
#4662=DIRECTION('ref_axis',(-6.93889390390722E-15,1.3684555315672E-45,1.));
#4663=DIRECTION('center_axis',(-1.,1.97215226305253E-31,-6.93889390390722E-15));
#4664=DIRECTION('ref_axis',(-6.93889390390722E-15,1.3684555315672E-45,1.));
#4665=DIRECTION('',(1.,-1.97215226305253E-31,6.93889390390722E-15));
#4666=DIRECTION('center_axis',(6.93889390390722E-15,-1.3684555315672E-45,
-1.));
#4667=DIRECTION('ref_axis',(1.,-1.97215226305253E-31,6.93889390390722E-15));
#4668=DIRECTION('',(-1.97215226305253E-31,-1.,0.));
#4669=DIRECTION('',(-1.97215226305253E-31,-1.,0.));
#4670=DIRECTION('',(1.,-1.97215226305253E-31,6.93889390390722E-15));
#4671=DIRECTION('center_axis',(1.,-1.97215226305253E-31,6.93889390390722E-15));
#4672=DIRECTION('ref_axis',(-6.93889390390722E-15,1.3684555315672E-45,1.));
#4673=DIRECTION('center_axis',(-1.,1.97215226305253E-31,-6.93889390390722E-15));
#4674=DIRECTION('ref_axis',(-6.93889390390722E-15,1.3684555315672E-45,1.));
#4675=DIRECTION('center_axis',(-1.,1.97215226305253E-31,-6.93889390390722E-15));
#4676=DIRECTION('ref_axis',(-6.93889390390722E-15,1.3684555315672E-45,1.));
#4677=DIRECTION('',(1.,-1.97215226305253E-31,6.93889390390722E-15));
#4678=DIRECTION('center_axis',(1.,-1.97215226305253E-31,6.93889390390722E-15));
#4679=DIRECTION('ref_axis',(-6.93889390390722E-15,1.3684555315672E-45,1.));
#4680=DIRECTION('center_axis',(1.,-1.97215226305253E-31,6.93889390390722E-15));
#4681=DIRECTION('ref_axis',(6.93889390390722E-15,-1.3684555315672E-45,-1.));
#4682=DIRECTION('center_axis',(1.,-1.97215226305253E-31,6.93889390390722E-15));
#4683=DIRECTION('ref_axis',(6.93889390390722E-15,-1.3684555315672E-45,-1.));
#4684=DIRECTION('',(1.,-1.97215226305253E-31,6.93889390390722E-15));
#4685=DIRECTION('center_axis',(6.93889390390722E-15,-1.3684555315672E-45,
-1.));
#4686=DIRECTION('ref_axis',(1.,-1.97215226305253E-31,6.93889390390722E-15));
#4687=DIRECTION('',(-1.97215226305253E-31,-1.,0.));
#4688=DIRECTION('',(-1.97215226305253E-31,-1.,0.));
#4689=DIRECTION('',(1.,-1.97215226305253E-31,6.93889390390722E-15));
#4690=DIRECTION('center_axis',(1.,-1.97215226305253E-31,6.93889390390722E-15));
#4691=DIRECTION('ref_axis',(-6.93889390390722E-15,1.3684555315672E-45,1.));
#4692=DIRECTION('center_axis',(1.,-1.97215226305253E-31,6.93889390390722E-15));
#4693=DIRECTION('ref_axis',(-6.93889390390722E-15,1.3684555315672E-45,1.));
#4694=DIRECTION('center_axis',(1.,-1.97215226305253E-31,6.93889390390722E-15));
#4695=DIRECTION('ref_axis',(-6.93889390390722E-15,1.3684555315672E-45,1.));
#4696=DIRECTION('',(1.,-1.97215226305253E-31,6.93889390390722E-15));
#4697=DIRECTION('center_axis',(1.,-1.97215226305253E-31,6.93889390390722E-15));
#4698=DIRECTION('ref_axis',(-6.93889390390722E-15,1.3684555315672E-45,1.));
#4699=DIRECTION('center_axis',(-1.,1.97215226305253E-31,-6.93889390390722E-15));
#4700=DIRECTION('ref_axis',(6.93889390390722E-15,-1.3684555315672E-45,-1.));
#4701=DIRECTION('center_axis',(-1.,1.97215226305253E-31,-6.93889390390722E-15));
#4702=DIRECTION('ref_axis',(6.93889390390722E-15,-1.3684555315672E-45,-1.));
#4703=DIRECTION('',(1.,-1.97215226305253E-31,6.93889390390722E-15));
#4704=DIRECTION('center_axis',(6.93889390390722E-15,-1.3684555315672E-45,
-1.));
#4705=DIRECTION('ref_axis',(1.,-1.97215226305253E-31,6.93889390390722E-15));
#4706=DIRECTION('',(-1.97215226305253E-31,-1.,0.));
#4707=DIRECTION('',(-1.97215226305253E-31,-1.,0.));
#4708=DIRECTION('',(1.,-1.97215226305253E-31,6.93889390390722E-15));
#4709=DIRECTION('center_axis',(1.,-1.97215226305253E-31,6.93889390390722E-15));
#4710=DIRECTION('ref_axis',(-6.93889390390722E-15,1.3684555315672E-45,1.));
#4711=DIRECTION('center_axis',(-1.,1.97215226305253E-31,-6.93889390390722E-15));
#4712=DIRECTION('ref_axis',(6.93889390390722E-15,-1.3684555315672E-45,-1.));
#4713=DIRECTION('center_axis',(-1.,1.97215226305253E-31,-6.93889390390722E-15));
#4714=DIRECTION('ref_axis',(6.93889390390722E-15,-1.3684555315672E-45,-1.));
#4715=DIRECTION('',(1.,-1.97215226305253E-31,6.93889390390722E-15));
#4716=DIRECTION('center_axis',(-1.97215226305253E-31,-1.,0.));
#4717=DIRECTION('ref_axis',(0.,0.,-1.));
#4718=DIRECTION('',(0.,0.,1.));
#4719=DIRECTION('',(0.,0.,1.));
#4720=DIRECTION('',(1.,-1.97215226305253E-31,6.93889390390722E-15));
#4721=DIRECTION('center_axis',(6.93889390390722E-15,-1.3684555315672E-45,
-1.));
#4722=DIRECTION('ref_axis',(1.,-1.97215226305253E-31,6.93889390390722E-15));
#4723=DIRECTION('',(-1.97215226305253E-31,-1.,0.));
#4724=DIRECTION('',(-1.97215226305253E-31,-1.,0.));
#4725=DIRECTION('',(1.,-1.97215226305253E-31,6.93889390390722E-15));
#4726=DIRECTION('center_axis',(4.9065389333868E-15,0.707106781186546,-0.707106781186549));
#4727=DIRECTION('ref_axis',(1.39452223873684E-31,0.707106781186549,0.707106781186546));
#4728=DIRECTION('',(4.51930072987387E-15,-0.707106781186549,-0.707106781186546));
#4729=DIRECTION('',(4.51930072987387E-15,-0.707106781186549,-0.707106781186546));
#4730=DIRECTION('',(1.,-1.97215226305253E-31,6.93889390390722E-15));
#4731=DIRECTION('center_axis',(1.,-1.97215226305253E-31,6.93889390390722E-15));
#4732=DIRECTION('ref_axis',(-6.93889390390722E-15,1.3684555315672E-45,1.));
#4733=DIRECTION('center_axis',(1.,-1.97215226305253E-31,6.93889390390722E-15));
#4734=DIRECTION('ref_axis',(6.93889390390722E-15,-1.3684555315672E-45,-1.));
#4735=DIRECTION('center_axis',(1.,-1.97215226305253E-31,6.93889390390722E-15));
#4736=DIRECTION('ref_axis',(6.93889390390722E-15,-1.3684555315672E-45,-1.));
#4737=DIRECTION('',(1.,-1.97215226305253E-31,6.93889390390722E-15));
#4738=DIRECTION('center_axis',(5.43216855121408E-31,1.,-4.98640898113927E-17));
#4739=DIRECTION('ref_axis',(9.83395775665926E-48,4.98640898113927E-17,1.));
#4740=DIRECTION('',(6.7815162143494E-15,-4.98640898113927E-17,-1.));
#4741=DIRECTION('',(6.7815162143494E-15,-4.98640898113927E-17,-1.));
#4742=DIRECTION('',(1.,-1.97215226305253E-31,6.93889390390722E-15));
#4743=DIRECTION('center_axis',(1.,-1.97215226305253E-31,6.93889390390722E-15));
#4744=DIRECTION('ref_axis',(-6.93889390390722E-15,1.3684555315672E-45,1.));
#4745=DIRECTION('center_axis',(1.,-1.97215226305253E-31,6.93889390390722E-15));
#4746=DIRECTION('ref_axis',(6.93889390390722E-15,-1.3684555315672E-45,-1.));
#4747=DIRECTION('center_axis',(1.,-1.97215226305253E-31,6.93889390390722E-15));
#4748=DIRECTION('ref_axis',(6.93889390390722E-15,-1.3684555315672E-45,-1.));
#4749=DIRECTION('',(1.,-1.97215226305253E-31,6.93889390390722E-15));
#4750=DIRECTION('center_axis',(-4.90653893338679E-15,0.707106781186548,
0.707106781186547));
#4751=DIRECTION('ref_axis',(-1.39452223873684E-31,-0.707106781186547,0.707106781186548));
#4752=DIRECTION('',(4.51930072987388E-15,0.707106781186547,-0.707106781186548));
#4753=DIRECTION('',(4.51930072987388E-15,0.707106781186547,-0.707106781186548));
#4754=DIRECTION('',(1.,-1.97215226305253E-31,6.93889390390722E-15));
#4755=DIRECTION('center_axis',(-6.93889390390722E-15,-1.99393502985841E-15,
1.));
#4756=DIRECTION('ref_axis',(-1.,1.97215226305253E-31,-6.93889390390722E-15));
#4757=DIRECTION('',(1.97215226305253E-31,1.,1.99393502985841E-15));
#4758=DIRECTION('',(1.97215226305253E-31,1.,1.99393502985841E-15));
#4759=DIRECTION('',(1.,-1.97215226305253E-31,6.93889390390722E-15));
#4760=DIRECTION('center_axis',(1.86106943868513E-29,-1.,-2.71050543121376E-15));
#4761=DIRECTION('ref_axis',(5.34552942018439E-46,2.71050543121376E-15,-1.));
#4762=DIRECTION('',(-6.93889390390722E-15,-2.71050543121376E-15,1.));
#4763=DIRECTION('',(-6.93889390390722E-15,-2.71050543121376E-15,1.));
#4764=DIRECTION('center_axis',(1.,-1.97215226305253E-31,6.93889390390722E-15));
#4765=DIRECTION('ref_axis',(-6.93889390390722E-15,1.3684555315672E-45,1.));
#4766=DIRECTION('center_axis',(1.,-1.97215226305253E-31,6.93889390390722E-15));
#4767=DIRECTION('ref_axis',(-6.93889390390722E-15,1.3684555315672E-45,1.));
#4768=DIRECTION('center_axis',(-2.09632431777299E-29,-1.,-2.9738116731031E-15));
#4769=DIRECTION('ref_axis',(5.86480942100231E-46,2.9738116731031E-15,-1.));
#4770=DIRECTION('',(7.18671154333249E-15,-2.9738116731031E-15,1.));
#4771=DIRECTION('',(-1.,1.97215226305247E-31,6.98296672221876E-15));
#4772=DIRECTION('',(6.81498508419459E-15,-1.34401882564636E-45,1.));
#4773=DIRECTION('',(-1.,1.97215226305247E-31,6.98296672221876E-15));
#4774=DIRECTION('center_axis',(-6.98296672221877E-15,1.23908819712629E-15,
-1.));
#4775=DIRECTION('ref_axis',(-1.,1.97215226305253E-31,6.98296672221877E-15));
#4776=DIRECTION('',(-1.97215226305253E-31,-1.,-1.23908819712629E-15));
#4777=DIRECTION('',(-1.,1.97215226305247E-31,6.98296672221876E-15));
#4778=DIRECTION('',(-1.97215226305253E-31,-1.,-1.23908819712629E-15));
#4779=DIRECTION('center_axis',(-5.17309283212626E-16,0.99725218370585,-0.0740815907895744));
#4780=DIRECTION('ref_axis',(8.4470418705799E-33,0.0740815907895744,0.99725218370585));
#4781=DIRECTION('',(-7.16696378025236E-15,-0.0740815907895744,-0.99725218370585));
#4782=DIRECTION('',(-1.,1.97215226305247E-31,6.98296672221876E-15));
#4783=DIRECTION('',(-7.16696378025236E-15,-0.0740815907895744,-0.99725218370585));
#4784=DIRECTION('center_axis',(1.97215226305247E-31,1.,3.81993125315138E-59));
#4785=DIRECTION('ref_axis',(-1.,1.97215226305247E-31,0.));
#4786=DIRECTION('',(-6.81498508419461E-15,1.34401882564636E-45,-1.));
#4787=DIRECTION('',(-1.,1.97215226305247E-31,6.98296672221876E-15));
#4788=DIRECTION('',(-6.81498508419461E-15,1.34401882564636E-45,-1.));
#4789=DIRECTION('center_axis',(-6.98296672221876E-15,-2.49073472057484E-15,
-1.));
#4790=DIRECTION('ref_axis',(-1.,1.97215226305253E-31,6.98296672221877E-15));
#4791=DIRECTION('',(-1.97215226305253E-31,-1.,2.49073472057484E-15));
#4792=DIRECTION('',(-1.,1.97215226305247E-31,6.98296672221876E-15));
#4793=DIRECTION('',(-1.97215226305253E-31,-1.,2.49073472057484E-15));
#4794=DIRECTION('center_axis',(-1.,1.97215226305247E-31,6.98296672221876E-15));
#4795=DIRECTION('ref_axis',(6.98296672221877E-15,-1.37714736240442E-45,
1.));
#4796=DIRECTION('center_axis',(1.,-1.97215226305247E-31,-6.98296672221876E-15));
#4797=DIRECTION('ref_axis',(6.98296672221877E-15,-1.37714736240442E-45,
1.));
#4798=DIRECTION('',(-1.,1.97215226305247E-31,6.98296672221876E-15));
#4799=DIRECTION('center_axis',(1.,-1.97215226305247E-31,-6.98296672221876E-15));
#4800=DIRECTION('ref_axis',(6.98296672221877E-15,-1.37714736240442E-45,
1.));
#4801=DIRECTION('center_axis',(-4.9377031220809E-15,0.707106781186546,-0.707106781186549));
#4802=DIRECTION('ref_axis',(1.39452223873684E-31,0.707106781186549,0.707106781186546));
#4803=DIRECTION('',(-5.45170992598525E-15,-0.707106781186549,-0.707106781186546));
#4804=DIRECTION('',(-1.,1.97215226305247E-31,6.98296672221876E-15));
#4805=DIRECTION('',(-5.45170992598525E-15,-0.707106781186549,-0.707106781186546));
#4806=DIRECTION('center_axis',(-1.,1.97215226305247E-31,6.98296672221876E-15));
#4807=DIRECTION('ref_axis',(6.98296672221876E-15,-1.37714736240442E-45,
1.));
#4808=DIRECTION('center_axis',(1.,-1.97215226305247E-31,-6.98296672221876E-15));
#4809=DIRECTION('ref_axis',(6.98296672221876E-15,-1.37714736240442E-45,
1.));
#4810=DIRECTION('',(-1.,1.97215226305247E-31,6.98296672221876E-15));
#4811=DIRECTION('center_axis',(1.,-1.97215226305247E-31,-6.98296672221876E-15));
#4812=DIRECTION('ref_axis',(6.98296672221876E-15,-1.37714736240442E-45,
1.));
#4813=DIRECTION('center_axis',(8.28127533857208E-31,1.,9.03501810404582E-17));
#4814=DIRECTION('ref_axis',(-1.78184314006145E-47,-9.03501810404582E-17,
1.));
#4815=DIRECTION('',(-6.50521303491299E-15,9.03501810404582E-17,-1.));
#4816=DIRECTION('',(-1.,1.97215226305247E-31,6.98296672221876E-15));
#4817=DIRECTION('',(-6.50521303491299E-15,9.03501810404582E-17,-1.));
#4818=DIRECTION('center_axis',(-1.,1.97215226305247E-31,6.98296672221876E-15));
#4819=DIRECTION('ref_axis',(-6.98296672221876E-15,1.22464679914735E-16,
-1.));
#4820=DIRECTION('center_axis',(1.,-1.97215226305247E-31,-6.98296672221876E-15));
#4821=DIRECTION('ref_axis',(-6.98296672221876E-15,1.37714736240442E-45,
-1.));
#4822=DIRECTION('',(-1.,1.97215226305247E-31,6.98296672221876E-15));
#4823=DIRECTION('center_axis',(1.,-1.97215226305247E-31,-6.98296672221876E-15));
#4824=DIRECTION('ref_axis',(-6.98296672221877E-15,1.37714736240442E-45,
-1.));
#4825=DIRECTION('center_axis',(-1.97215226305247E-31,-1.,-3.84784881813065E-59));
#4826=DIRECTION('ref_axis',(1.,-1.97215226305247E-31,0.));
#4827=DIRECTION('',(6.8647916844479E-15,-1.35384144558681E-45,1.));
#4828=DIRECTION('',(-1.,1.97215226305247E-31,6.98296672221876E-15));
#4829=DIRECTION('',(6.8647916844479E-15,-1.35384144558681E-45,1.));
#4830=DIRECTION('center_axis',(4.93770312208089E-15,-0.707106781186548,
0.707106781186548));
#4831=DIRECTION('ref_axis',(-1.39452223873684E-31,-0.707106781186548,-0.707106781186548));
#4832=DIRECTION('',(4.69779728093039E-15,0.707106781186548,0.707106781186548));
#4833=DIRECTION('',(-1.,1.97215226305247E-31,6.98296672221876E-15));
#4834=DIRECTION('',(4.69779728093039E-15,0.707106781186548,0.707106781186548));
#4835=DIRECTION('center_axis',(-1.,1.97215226305247E-31,6.98296672221876E-15));
#4836=DIRECTION('ref_axis',(6.98296672221877E-15,-1.37714736240442E-45,
1.));
#4837=DIRECTION('center_axis',(-1.,1.97215226305247E-31,6.98296672221876E-15));
#4838=DIRECTION('ref_axis',(6.98296672221877E-15,-1.37714736240442E-45,
1.));
#4839=DIRECTION('',(-1.,1.97215226305247E-31,6.98296672221876E-15));
#4840=DIRECTION('center_axis',(-1.,1.97215226305247E-31,6.98296672221876E-15));
#4841=DIRECTION('ref_axis',(6.98296672221877E-15,-1.37714736240442E-45,
1.));
#4842=DIRECTION('center_axis',(6.98296672221876E-15,-1.59664406852017E-17,
1.));
#4843=DIRECTION('ref_axis',(1.,-1.97215226305253E-31,-6.98296672221877E-15));
#4844=DIRECTION('',(1.97215226305253E-31,1.,1.59664406852017E-17));
#4845=DIRECTION('',(-1.,1.97215226305247E-31,6.98296672221876E-15));
#4846=DIRECTION('',(1.97215226305253E-31,1.,1.59664406852017E-17));
#4847=DIRECTION('center_axis',(-1.,1.97215226305247E-31,6.98296672221876E-15));
#4848=DIRECTION('ref_axis',(6.98296672221876E-15,-1.37714736240442E-45,
1.));
#4849=DIRECTION('center_axis',(1.,-1.97215226305247E-31,-6.98296672221876E-15));
#4850=DIRECTION('ref_axis',(-6.98296672221876E-15,1.37714736240442E-45,
-1.));
#4851=DIRECTION('',(-1.,1.97215226305247E-31,6.98296672221876E-15));
#4852=DIRECTION('center_axis',(1.,-1.97215226305247E-31,-6.98296672221876E-15));
#4853=DIRECTION('ref_axis',(-6.98296672221876E-15,1.37714736240442E-45,
-1.));
#4854=DIRECTION('center_axis',(-1.97215226305247E-31,-1.,-4.86173068582895E-59));
#4855=DIRECTION('ref_axis',(1.,-1.97215226305247E-31,0.));
#4856=DIRECTION('',(8.67361737988391E-15,-1.71056941445898E-45,1.));
#4857=DIRECTION('',(-1.,1.97215226305247E-31,6.98296672221876E-15));
#4858=DIRECTION('',(8.67361737988391E-15,-1.71056941445898E-45,1.));
#4859=DIRECTION('center_axis',(-1.,1.97215226305247E-31,6.98296672221876E-15));
#4860=DIRECTION('ref_axis',(6.98296672221877E-15,-1.37714736240442E-45,
1.));
#4861=DIRECTION('center_axis',(1.,-1.97215226305247E-31,-6.98296672221876E-15));
#4862=DIRECTION('ref_axis',(-6.98296672221876E-15,1.37714736240442E-45,
-1.));
#4863=DIRECTION('',(-1.,1.97215226305247E-31,6.98296672221876E-15));
#4864=DIRECTION('center_axis',(1.,-1.97215226305247E-31,-6.98296672221876E-15));
#4865=DIRECTION('ref_axis',(-6.98296672221876E-15,1.37714736240442E-45,
-1.));
#4866=DIRECTION('center_axis',(-6.98296672221876E-15,4.4353725238043E-15,
-1.));
#4867=DIRECTION('ref_axis',(-1.,1.97215226305253E-31,6.98296672221877E-15));
#4868=DIRECTION('',(-1.97215226305253E-31,-1.,-4.4353725238043E-15));
#4869=DIRECTION('',(-1.97215226305253E-31,-1.,-4.4353725238043E-15));
#4870=DIRECTION('center_axis',(-1.,1.97215226305247E-31,6.98296672221876E-15));
#4871=DIRECTION('ref_axis',(6.98296672221877E-15,-1.37714736240442E-45,
1.));
#4872=DIRECTION('center_axis',(-1.,1.97215226305247E-31,6.98296672221876E-15));
#4873=DIRECTION('ref_axis',(6.98296672221877E-15,-1.37714736240442E-45,
1.));
#4874=DIRECTION('center_axis',(-2.09632431777299E-29,-1.,-2.9738116731031E-15));
#4875=DIRECTION('ref_axis',(5.86480942100231E-46,2.9738116731031E-15,-1.));
#4876=DIRECTION('',(7.18671154333249E-15,-2.9738116731031E-15,1.));
#4877=DIRECTION('',(-1.,1.97215226305247E-31,6.98296672221876E-15));
#4878=DIRECTION('',(6.81498508419459E-15,-1.34401882564636E-45,1.));
#4879=DIRECTION('',(-1.,1.97215226305247E-31,6.98296672221876E-15));
#4880=DIRECTION('center_axis',(-6.98296672221877E-15,1.23908819712629E-15,
-1.));
#4881=DIRECTION('ref_axis',(-1.,1.97215226305253E-31,6.98296672221877E-15));
#4882=DIRECTION('',(-1.97215226305253E-31,-1.,-1.23908819712629E-15));
#4883=DIRECTION('',(-1.,1.97215226305247E-31,6.98296672221876E-15));
#4884=DIRECTION('',(-1.97215226305253E-31,-1.,-1.23908819712629E-15));
#4885=DIRECTION('center_axis',(-5.17309283212626E-16,0.99725218370585,-0.0740815907895744));
#4886=DIRECTION('ref_axis',(8.4470418705799E-33,0.0740815907895744,0.99725218370585));
#4887=DIRECTION('',(-7.16696378025236E-15,-0.0740815907895744,-0.99725218370585));
#4888=DIRECTION('',(-1.,1.97215226305247E-31,6.98296672221876E-15));
#4889=DIRECTION('',(-7.16696378025236E-15,-0.0740815907895744,-0.99725218370585));
#4890=DIRECTION('center_axis',(1.97215226305247E-31,1.,3.81993125315138E-59));
#4891=DIRECTION('ref_axis',(-1.,1.97215226305247E-31,0.));
#4892=DIRECTION('',(-6.81498508419461E-15,1.34401882564636E-45,-1.));
#4893=DIRECTION('',(-1.,1.97215226305247E-31,6.98296672221876E-15));
#4894=DIRECTION('',(-6.81498508419461E-15,1.34401882564636E-45,-1.));
#4895=DIRECTION('center_axis',(-6.98296672221876E-15,-2.49073472057484E-15,
-1.));
#4896=DIRECTION('ref_axis',(-1.,1.97215226305253E-31,6.98296672221877E-15));
#4897=DIRECTION('',(-1.97215226305253E-31,-1.,2.49073472057484E-15));
#4898=DIRECTION('',(-1.,1.97215226305247E-31,6.98296672221876E-15));
#4899=DIRECTION('',(-1.97215226305253E-31,-1.,2.49073472057484E-15));
#4900=DIRECTION('center_axis',(-1.,1.97215226305247E-31,6.98296672221876E-15));
#4901=DIRECTION('ref_axis',(6.98296672221877E-15,-1.37714736240442E-45,
1.));
#4902=DIRECTION('center_axis',(1.,-1.97215226305247E-31,-6.98296672221876E-15));
#4903=DIRECTION('ref_axis',(6.98296672221877E-15,-1.37714736240442E-45,
1.));
#4904=DIRECTION('',(-1.,1.97215226305247E-31,6.98296672221876E-15));
#4905=DIRECTION('center_axis',(1.,-1.97215226305247E-31,-6.98296672221876E-15));
#4906=DIRECTION('ref_axis',(6.98296672221877E-15,-1.37714736240442E-45,
1.));
#4907=DIRECTION('center_axis',(-4.9377031220809E-15,0.707106781186546,-0.707106781186549));
#4908=DIRECTION('ref_axis',(1.39452223873684E-31,0.707106781186549,0.707106781186546));
#4909=DIRECTION('',(-5.45170992598525E-15,-0.707106781186549,-0.707106781186546));
#4910=DIRECTION('',(-1.,1.97215226305247E-31,6.98296672221876E-15));
#4911=DIRECTION('',(-5.45170992598525E-15,-0.707106781186549,-0.707106781186546));
#4912=DIRECTION('center_axis',(-1.,1.97215226305247E-31,6.98296672221876E-15));
#4913=DIRECTION('ref_axis',(6.98296672221876E-15,-1.37714736240442E-45,
1.));
#4914=DIRECTION('center_axis',(1.,-1.97215226305247E-31,-6.98296672221876E-15));
#4915=DIRECTION('ref_axis',(6.98296672221876E-15,-1.37714736240442E-45,
1.));
#4916=DIRECTION('',(-1.,1.97215226305247E-31,6.98296672221876E-15));
#4917=DIRECTION('center_axis',(1.,-1.97215226305247E-31,-6.98296672221876E-15));
#4918=DIRECTION('ref_axis',(6.98296672221876E-15,-1.37714736240442E-45,
1.));
#4919=DIRECTION('center_axis',(8.28127533857208E-31,1.,9.03501810404582E-17));
#4920=DIRECTION('ref_axis',(-1.78184314006145E-47,-9.03501810404582E-17,
1.));
#4921=DIRECTION('',(-6.50521303491299E-15,9.03501810404582E-17,-1.));
#4922=DIRECTION('',(-1.,1.97215226305247E-31,6.98296672221876E-15));
#4923=DIRECTION('',(-6.50521303491299E-15,9.03501810404582E-17,-1.));
#4924=DIRECTION('center_axis',(-1.,1.97215226305247E-31,6.98296672221876E-15));
#4925=DIRECTION('ref_axis',(-6.98296672221876E-15,1.22464679914735E-16,
-1.));
#4926=DIRECTION('center_axis',(1.,-1.97215226305247E-31,-6.98296672221876E-15));
#4927=DIRECTION('ref_axis',(-6.98296672221876E-15,1.37714736240442E-45,
-1.));
#4928=DIRECTION('',(-1.,1.97215226305247E-31,6.98296672221876E-15));
#4929=DIRECTION('center_axis',(1.,-1.97215226305247E-31,-6.98296672221876E-15));
#4930=DIRECTION('ref_axis',(-6.98296672221877E-15,1.37714736240442E-45,
-1.));
#4931=DIRECTION('center_axis',(-1.97215226305247E-31,-1.,-3.84784881813065E-59));
#4932=DIRECTION('ref_axis',(1.,-1.97215226305247E-31,0.));
#4933=DIRECTION('',(6.8647916844479E-15,-1.35384144558681E-45,1.));
#4934=DIRECTION('',(-1.,1.97215226305247E-31,6.98296672221876E-15));
#4935=DIRECTION('',(6.8647916844479E-15,-1.35384144558681E-45,1.));
#4936=DIRECTION('center_axis',(4.93770312208089E-15,-0.707106781186548,
0.707106781186548));
#4937=DIRECTION('ref_axis',(-1.39452223873684E-31,-0.707106781186548,-0.707106781186548));
#4938=DIRECTION('',(4.69779728093039E-15,0.707106781186548,0.707106781186548));
#4939=DIRECTION('',(-1.,1.97215226305247E-31,6.98296672221876E-15));
#4940=DIRECTION('',(4.69779728093039E-15,0.707106781186548,0.707106781186548));
#4941=DIRECTION('center_axis',(-1.,1.97215226305247E-31,6.98296672221876E-15));
#4942=DIRECTION('ref_axis',(6.98296672221877E-15,-1.37714736240442E-45,
1.));
#4943=DIRECTION('center_axis',(-1.,1.97215226305247E-31,6.98296672221876E-15));
#4944=DIRECTION('ref_axis',(6.98296672221877E-15,-1.37714736240442E-45,
1.));
#4945=DIRECTION('',(-1.,1.97215226305247E-31,6.98296672221876E-15));
#4946=DIRECTION('center_axis',(-1.,1.97215226305247E-31,6.98296672221876E-15));
#4947=DIRECTION('ref_axis',(6.98296672221877E-15,-1.37714736240442E-45,
1.));
#4948=DIRECTION('center_axis',(6.98296672221876E-15,-1.59664406852017E-17,
1.));
#4949=DIRECTION('ref_axis',(1.,-1.97215226305253E-31,-6.98296672221877E-15));
#4950=DIRECTION('',(1.97215226305253E-31,1.,1.59664406852017E-17));
#4951=DIRECTION('',(-1.,1.97215226305247E-31,6.98296672221876E-15));
#4952=DIRECTION('',(1.97215226305253E-31,1.,1.59664406852017E-17));
#4953=DIRECTION('center_axis',(-1.,1.97215226305247E-31,6.98296672221876E-15));
#4954=DIRECTION('ref_axis',(6.98296672221876E-15,-1.37714736240442E-45,
1.));
#4955=DIRECTION('center_axis',(1.,-1.97215226305247E-31,-6.98296672221876E-15));
#4956=DIRECTION('ref_axis',(-6.98296672221876E-15,1.37714736240442E-45,
-1.));
#4957=DIRECTION('',(-1.,1.97215226305247E-31,6.98296672221876E-15));
#4958=DIRECTION('center_axis',(1.,-1.97215226305247E-31,-6.98296672221876E-15));
#4959=DIRECTION('ref_axis',(-6.98296672221876E-15,1.37714736240442E-45,
-1.));
#4960=DIRECTION('center_axis',(-1.97215226305247E-31,-1.,-4.86173068582895E-59));
#4961=DIRECTION('ref_axis',(1.,-1.97215226305247E-31,0.));
#4962=DIRECTION('',(8.67361737988391E-15,-1.71056941445898E-45,1.));
#4963=DIRECTION('',(-1.,1.97215226305247E-31,6.98296672221876E-15));
#4964=DIRECTION('',(8.67361737988391E-15,-1.71056941445898E-45,1.));
#4965=DIRECTION('center_axis',(-1.,1.97215226305247E-31,6.98296672221876E-15));
#4966=DIRECTION('ref_axis',(6.98296672221877E-15,-1.37714736240442E-45,
1.));
#4967=DIRECTION('center_axis',(1.,-1.97215226305247E-31,-6.98296672221876E-15));
#4968=DIRECTION('ref_axis',(-6.98296672221876E-15,1.37714736240442E-45,
-1.));
#4969=DIRECTION('',(-1.,1.97215226305247E-31,6.98296672221876E-15));
#4970=DIRECTION('center_axis',(1.,-1.97215226305247E-31,-6.98296672221876E-15));
#4971=DIRECTION('ref_axis',(-6.98296672221876E-15,1.37714736240442E-45,
-1.));
#4972=DIRECTION('center_axis',(-6.98296672221876E-15,4.4353725238043E-15,
-1.));
#4973=DIRECTION('ref_axis',(-1.,1.97215226305253E-31,6.98296672221877E-15));
#4974=DIRECTION('',(-1.97215226305253E-31,-1.,-4.4353725238043E-15));
#4975=DIRECTION('',(-1.97215226305253E-31,-1.,-4.4353725238043E-15));
#4976=DIRECTION('center_axis',(-1.,1.97215226305247E-31,6.98296672221876E-15));
#4977=DIRECTION('ref_axis',(6.98296672221877E-15,-1.37714736240442E-45,
1.));
#4978=DIRECTION('center_axis',(-1.,1.97215226305247E-31,6.98296672221876E-15));
#4979=DIRECTION('ref_axis',(6.98296672221877E-15,-1.37714736240442E-45,
1.));
#4980=DIRECTION('center_axis',(-2.09632431777299E-29,-1.,-2.9738116731031E-15));
#4981=DIRECTION('ref_axis',(5.86480942100231E-46,2.9738116731031E-15,-1.));
#4982=DIRECTION('',(7.18671154333249E-15,-2.9738116731031E-15,1.));
#4983=DIRECTION('',(-1.,1.97215226305247E-31,6.98296672221876E-15));
#4984=DIRECTION('',(6.81498508419459E-15,-1.34401882564636E-45,1.));
#4985=DIRECTION('',(-1.,1.97215226305247E-31,6.98296672221876E-15));
#4986=DIRECTION('center_axis',(-6.98296672221877E-15,1.23908819712629E-15,
-1.));
#4987=DIRECTION('ref_axis',(-1.,1.97215226305253E-31,6.98296672221877E-15));
#4988=DIRECTION('',(-1.97215226305253E-31,-1.,-1.23908819712629E-15));
#4989=DIRECTION('',(-1.,1.97215226305247E-31,6.98296672221876E-15));
#4990=DIRECTION('',(-1.97215226305253E-31,-1.,-1.23908819712629E-15));
#4991=DIRECTION('center_axis',(-5.17309283212626E-16,0.99725218370585,-0.0740815907895744));
#4992=DIRECTION('ref_axis',(8.4470418705799E-33,0.0740815907895744,0.99725218370585));
#4993=DIRECTION('',(-7.16696378025236E-15,-0.0740815907895744,-0.99725218370585));
#4994=DIRECTION('',(-1.,1.97215226305247E-31,6.98296672221876E-15));
#4995=DIRECTION('',(-7.16696378025236E-15,-0.0740815907895744,-0.99725218370585));
#4996=DIRECTION('center_axis',(1.97215226305247E-31,1.,3.81993125315138E-59));
#4997=DIRECTION('ref_axis',(-1.,1.97215226305247E-31,0.));
#4998=DIRECTION('',(-6.81498508419461E-15,1.34401882564636E-45,-1.));
#4999=DIRECTION('',(-1.,1.97215226305247E-31,6.98296672221876E-15));
#5000=DIRECTION('',(-6.81498508419461E-15,1.34401882564636E-45,-1.));
#5001=DIRECTION('center_axis',(-6.98296672221876E-15,-2.49073472057484E-15,
-1.));
#5002=DIRECTION('ref_axis',(-1.,1.97215226305253E-31,6.98296672221877E-15));
#5003=DIRECTION('',(-1.97215226305253E-31,-1.,2.49073472057484E-15));
#5004=DIRECTION('',(-1.,1.97215226305247E-31,6.98296672221876E-15));
#5005=DIRECTION('',(-1.97215226305253E-31,-1.,2.49073472057484E-15));
#5006=DIRECTION('center_axis',(-1.,1.97215226305247E-31,6.98296672221876E-15));
#5007=DIRECTION('ref_axis',(6.98296672221877E-15,-1.37714736240442E-45,
1.));
#5008=DIRECTION('center_axis',(1.,-1.97215226305247E-31,-6.98296672221876E-15));
#5009=DIRECTION('ref_axis',(6.98296672221877E-15,-1.37714736240442E-45,
1.));
#5010=DIRECTION('',(-1.,1.97215226305247E-31,6.98296672221876E-15));
#5011=DIRECTION('center_axis',(1.,-1.97215226305247E-31,-6.98296672221876E-15));
#5012=DIRECTION('ref_axis',(6.98296672221877E-15,-1.37714736240442E-45,
1.));
#5013=DIRECTION('center_axis',(-4.9377031220809E-15,0.707106781186546,-0.707106781186549));
#5014=DIRECTION('ref_axis',(1.39452223873684E-31,0.707106781186549,0.707106781186546));
#5015=DIRECTION('',(-5.45170992598525E-15,-0.707106781186549,-0.707106781186546));
#5016=DIRECTION('',(-1.,1.97215226305247E-31,6.98296672221876E-15));
#5017=DIRECTION('',(-5.45170992598525E-15,-0.707106781186549,-0.707106781186546));
#5018=DIRECTION('center_axis',(-1.,1.97215226305247E-31,6.98296672221876E-15));
#5019=DIRECTION('ref_axis',(6.98296672221876E-15,-1.37714736240442E-45,
1.));
#5020=DIRECTION('center_axis',(1.,-1.97215226305247E-31,-6.98296672221876E-15));
#5021=DIRECTION('ref_axis',(6.98296672221876E-15,-1.37714736240442E-45,
1.));
#5022=DIRECTION('',(-1.,1.97215226305247E-31,6.98296672221876E-15));
#5023=DIRECTION('center_axis',(1.,-1.97215226305247E-31,-6.98296672221876E-15));
#5024=DIRECTION('ref_axis',(6.98296672221876E-15,-1.37714736240442E-45,
1.));
#5025=DIRECTION('center_axis',(8.28127533857208E-31,1.,9.03501810404582E-17));
#5026=DIRECTION('ref_axis',(-1.78184314006145E-47,-9.03501810404582E-17,
1.));
#5027=DIRECTION('',(-6.50521303491299E-15,9.03501810404582E-17,-1.));
#5028=DIRECTION('',(-1.,1.97215226305247E-31,6.98296672221876E-15));
#5029=DIRECTION('',(-6.50521303491299E-15,9.03501810404582E-17,-1.));
#5030=DIRECTION('center_axis',(-1.,1.97215226305247E-31,6.98296672221876E-15));
#5031=DIRECTION('ref_axis',(-6.98296672221876E-15,1.22464679914735E-16,
-1.));
#5032=DIRECTION('center_axis',(1.,-1.97215226305247E-31,-6.98296672221876E-15));
#5033=DIRECTION('ref_axis',(-6.98296672221876E-15,1.37714736240442E-45,
-1.));
#5034=DIRECTION('',(-1.,1.97215226305247E-31,6.98296672221876E-15));
#5035=DIRECTION('center_axis',(1.,-1.97215226305247E-31,-6.98296672221876E-15));
#5036=DIRECTION('ref_axis',(-6.98296672221877E-15,1.37714736240442E-45,
-1.));
#5037=DIRECTION('center_axis',(-1.97215226305247E-31,-1.,-3.84784881813065E-59));
#5038=DIRECTION('ref_axis',(1.,-1.97215226305247E-31,0.));
#5039=DIRECTION('',(6.8647916844479E-15,-1.35384144558681E-45,1.));
#5040=DIRECTION('',(-1.,1.97215226305247E-31,6.98296672221876E-15));
#5041=DIRECTION('',(6.8647916844479E-15,-1.35384144558681E-45,1.));
#5042=DIRECTION('center_axis',(4.93770312208089E-15,-0.707106781186548,
0.707106781186548));
#5043=DIRECTION('ref_axis',(-1.39452223873684E-31,-0.707106781186548,-0.707106781186548));
#5044=DIRECTION('',(4.69779728093039E-15,0.707106781186548,0.707106781186548));
#5045=DIRECTION('',(-1.,1.97215226305247E-31,6.98296672221876E-15));
#5046=DIRECTION('',(4.69779728093039E-15,0.707106781186548,0.707106781186548));
#5047=DIRECTION('center_axis',(-1.,1.97215226305247E-31,6.98296672221876E-15));
#5048=DIRECTION('ref_axis',(6.98296672221877E-15,-1.37714736240442E-45,
1.));
#5049=DIRECTION('center_axis',(-1.,1.97215226305247E-31,6.98296672221876E-15));
#5050=DIRECTION('ref_axis',(6.98296672221877E-15,-1.37714736240442E-45,
1.));
#5051=DIRECTION('',(-1.,1.97215226305247E-31,6.98296672221876E-15));
#5052=DIRECTION('center_axis',(-1.,1.97215226305247E-31,6.98296672221876E-15));
#5053=DIRECTION('ref_axis',(6.98296672221877E-15,-1.37714736240442E-45,
1.));
#5054=DIRECTION('center_axis',(6.98296672221876E-15,-1.59664406852017E-17,
1.));
#5055=DIRECTION('ref_axis',(1.,-1.97215226305253E-31,-6.98296672221877E-15));
#5056=DIRECTION('',(1.97215226305253E-31,1.,1.59664406852017E-17));
#5057=DIRECTION('',(-1.,1.97215226305247E-31,6.98296672221876E-15));
#5058=DIRECTION('',(1.97215226305253E-31,1.,1.59664406852017E-17));
#5059=DIRECTION('center_axis',(-1.,1.97215226305247E-31,6.98296672221876E-15));
#5060=DIRECTION('ref_axis',(6.98296672221876E-15,-1.37714736240442E-45,
1.));
#5061=DIRECTION('center_axis',(1.,-1.97215226305247E-31,-6.98296672221876E-15));
#5062=DIRECTION('ref_axis',(-6.98296672221876E-15,1.37714736240442E-45,
-1.));
#5063=DIRECTION('',(-1.,1.97215226305247E-31,6.98296672221876E-15));
#5064=DIRECTION('center_axis',(1.,-1.97215226305247E-31,-6.98296672221876E-15));
#5065=DIRECTION('ref_axis',(-6.98296672221876E-15,1.37714736240442E-45,
-1.));
#5066=DIRECTION('center_axis',(-1.97215226305247E-31,-1.,-4.86173068582895E-59));
#5067=DIRECTION('ref_axis',(1.,-1.97215226305247E-31,0.));
#5068=DIRECTION('',(8.67361737988391E-15,-1.71056941445898E-45,1.));
#5069=DIRECTION('',(-1.,1.97215226305247E-31,6.98296672221876E-15));
#5070=DIRECTION('',(8.67361737988391E-15,-1.71056941445898E-45,1.));
#5071=DIRECTION('center_axis',(-1.,1.97215226305247E-31,6.98296672221876E-15));
#5072=DIRECTION('ref_axis',(6.98296672221877E-15,-1.37714736240442E-45,
1.));
#5073=DIRECTION('center_axis',(1.,-1.97215226305247E-31,-6.98296672221876E-15));
#5074=DIRECTION('ref_axis',(-6.98296672221876E-15,1.37714736240442E-45,
-1.));
#5075=DIRECTION('',(-1.,1.97215226305247E-31,6.98296672221876E-15));
#5076=DIRECTION('center_axis',(1.,-1.97215226305247E-31,-6.98296672221876E-15));
#5077=DIRECTION('ref_axis',(-6.98296672221876E-15,1.37714736240442E-45,
-1.));
#5078=DIRECTION('center_axis',(-6.98296672221876E-15,4.4353725238043E-15,
-1.));
#5079=DIRECTION('ref_axis',(-1.,1.97215226305253E-31,6.98296672221877E-15));
#5080=DIRECTION('',(-1.97215226305253E-31,-1.,-4.4353725238043E-15));
#5081=DIRECTION('',(-1.97215226305253E-31,-1.,-4.4353725238043E-15));
#5082=DIRECTION('center_axis',(-1.,1.97215226305247E-31,6.98296672221876E-15));
#5083=DIRECTION('ref_axis',(6.98296672221877E-15,-1.37714736240442E-45,
1.));
#5084=DIRECTION('center_axis',(-1.,1.97215226305247E-31,6.98296672221876E-15));
#5085=DIRECTION('ref_axis',(6.98296672221877E-15,-1.37714736240442E-45,
1.));
#5086=DIRECTION('center_axis',(6.93889390390722E-15,-2.66880534765663E-15,
1.));
#5087=DIRECTION('ref_axis',(1.,-1.97215226305253E-31,-6.93889390390722E-15));
#5088=DIRECTION('',(1.97215226305253E-31,1.,2.66880534765663E-15));
#5089=DIRECTION('',(-1.,1.97215226305253E-31,6.93889390390722E-15));
#5090=DIRECTION('',(1.97215226305253E-31,1.,2.66880534765663E-15));
#5091=DIRECTION('',(-1.,1.97215226305253E-31,6.93889390390722E-15));
#5092=DIRECTION('center_axis',(-1.97215226305253E-31,-1.,0.));
#5093=DIRECTION('ref_axis',(0.,0.,-1.));
#5094=DIRECTION('',(7.58941520739841E-15,-1.49674823765161E-45,1.));
#5095=DIRECTION('',(-1.,1.97215226305253E-31,6.93889390390722E-15));
#5096=DIRECTION('',(7.58941520739841E-15,-1.49674823765161E-45,1.));
#5097=DIRECTION('center_axis',(-4.90653893338678E-15,-0.707106781186549,
-0.707106781186546));
#5098=DIRECTION('ref_axis',(1.39452223873684E-31,0.707106781186546,-0.707106781186549));
#5099=DIRECTION('',(3.06658683336685E-15,-0.707106781186546,0.707106781186549));
#5100=DIRECTION('',(-1.,1.97215226305253E-31,6.93889390390722E-15));
#5101=DIRECTION('',(3.06658683336685E-15,-0.707106781186546,0.707106781186549));
#5102=DIRECTION('center_axis',(-6.93889390390722E-15,1.3684555315672E-45,
-1.));
#5103=DIRECTION('ref_axis',(-1.,1.97215226305253E-31,6.93889390390722E-15));
#5104=DIRECTION('',(-1.97215226305253E-31,-1.,0.));
#5105=DIRECTION('',(-1.,1.97215226305253E-31,6.93889390390722E-15));
#5106=DIRECTION('',(-1.97215226305253E-31,-1.,0.));
#5107=DIRECTION('center_axis',(1.97215226305253E-31,1.,0.));
#5108=DIRECTION('ref_axis',(0.,0.,1.));
#5109=DIRECTION('',(0.,0.,-1.));
#5110=DIRECTION('',(-1.,1.97215226305253E-31,6.93889390390722E-15));
#5111=DIRECTION('',(0.,0.,-1.));
#5112=DIRECTION('center_axis',(-1.,1.97215226305253E-31,6.93889390390722E-15));
#5113=DIRECTION('ref_axis',(6.93889390390722E-15,-1.3684555315672E-45,1.));
#5114=DIRECTION('center_axis',(-1.,1.97215226305253E-31,6.93889390390722E-15));
#5115=DIRECTION('ref_axis',(6.93889390390722E-15,-1.3684555315672E-45,1.));
#5116=DIRECTION('',(-1.,1.97215226305253E-31,6.93889390390722E-15));
#5117=DIRECTION('center_axis',(-1.,1.97215226305253E-31,6.93889390390722E-15));
#5118=DIRECTION('ref_axis',(6.93889390390722E-15,-1.3684555315672E-45,1.));
#5119=DIRECTION('center_axis',(-6.93889390390722E-15,1.3684555315672E-45,
-1.));
#5120=DIRECTION('ref_axis',(-1.,1.97215226305253E-31,6.93889390390722E-15));
#5121=DIRECTION('',(-1.97215226305253E-31,-1.,0.));
#5122=DIRECTION('',(-1.,1.97215226305253E-31,6.93889390390722E-15));
#5123=DIRECTION('',(-1.97215226305253E-31,-1.,0.));
#5124=DIRECTION('center_axis',(-1.,1.97215226305253E-31,6.93889390390722E-15));
#5125=DIRECTION('ref_axis',(6.93889390390722E-15,-1.3684555315672E-45,1.));
#5126=DIRECTION('center_axis',(-1.,1.97215226305253E-31,6.93889390390722E-15));
#5127=DIRECTION('ref_axis',(6.93889390390722E-15,-1.3684555315672E-45,1.));
#5128=DIRECTION('',(-1.,1.97215226305253E-31,6.93889390390722E-15));
#5129=DIRECTION('center_axis',(-1.,1.97215226305253E-31,6.93889390390722E-15));
#5130=DIRECTION('ref_axis',(6.93889390390722E-15,-1.3684555315672E-45,1.));
#5131=DIRECTION('center_axis',(-1.,1.97215226305253E-31,6.93889390390722E-15));
#5132=DIRECTION('ref_axis',(6.93889390390722E-15,-1.3684555315672E-45,1.));
#5133=DIRECTION('center_axis',(1.,-1.97215226305253E-31,-6.93889390390722E-15));
#5134=DIRECTION('ref_axis',(-6.93889390390722E-15,1.3684555315672E-45,-1.));
#5135=DIRECTION('',(-1.,1.97215226305253E-31,6.93889390390722E-15));
#5136=DIRECTION('center_axis',(1.,-1.97215226305253E-31,-6.93889390390722E-15));
#5137=DIRECTION('ref_axis',(-6.93889390390722E-15,1.3684555315672E-45,-1.));
#5138=DIRECTION('center_axis',(-6.93889390390722E-15,1.3684555315672E-45,
-1.));
#5139=DIRECTION('ref_axis',(-1.,1.97215226305253E-31,6.93889390390722E-15));
#5140=DIRECTION('',(-1.97215226305253E-31,-1.,0.));
#5141=DIRECTION('',(-1.,1.97215226305253E-31,6.93889390390722E-15));
#5142=DIRECTION('',(-1.97215226305253E-31,-1.,0.));
#5143=DIRECTION('center_axis',(-1.,1.97215226305253E-31,6.93889390390722E-15));
#5144=DIRECTION('ref_axis',(6.93889390390722E-15,-1.3684555315672E-45,1.));
#5145=DIRECTION('center_axis',(1.,-1.97215226305253E-31,-6.93889390390722E-15));
#5146=DIRECTION('ref_axis',(6.93889390390722E-15,-1.3684555315672E-45,1.));
#5147=DIRECTION('',(-1.,1.97215226305253E-31,6.93889390390722E-15));
#5148=DIRECTION('center_axis',(1.,-1.97215226305253E-31,-6.93889390390722E-15));
#5149=DIRECTION('ref_axis',(6.93889390390722E-15,-1.3684555315672E-45,1.));
#5150=DIRECTION('center_axis',(-1.,1.97215226305253E-31,6.93889390390722E-15));
#5151=DIRECTION('ref_axis',(6.93889390390722E-15,-1.3684555315672E-45,1.));
#5152=DIRECTION('center_axis',(-1.,1.97215226305253E-31,6.93889390390722E-15));
#5153=DIRECTION('ref_axis',(-6.93889390390722E-15,1.3684555315672E-45,-1.));
#5154=DIRECTION('',(-1.,1.97215226305253E-31,6.93889390390722E-15));
#5155=DIRECTION('center_axis',(-1.,1.97215226305253E-31,6.93889390390722E-15));
#5156=DIRECTION('ref_axis',(-6.93889390390722E-15,1.3684555315672E-45,-1.));
#5157=DIRECTION('center_axis',(-6.93889390390722E-15,1.3684555315672E-45,
-1.));
#5158=DIRECTION('ref_axis',(-1.,1.97215226305253E-31,6.93889390390722E-15));
#5159=DIRECTION('',(-1.97215226305253E-31,-1.,0.));
#5160=DIRECTION('',(-1.,1.97215226305253E-31,6.93889390390722E-15));
#5161=DIRECTION('',(-1.97215226305253E-31,-1.,0.));
#5162=DIRECTION('center_axis',(-1.,1.97215226305253E-31,6.93889390390722E-15));
#5163=DIRECTION('ref_axis',(6.93889390390722E-15,-1.3684555315672E-45,1.));
#5164=DIRECTION('center_axis',(-1.,1.97215226305253E-31,6.93889390390722E-15));
#5165=DIRECTION('ref_axis',(-6.93889390390722E-15,1.3684555315672E-45,-1.));
#5166=DIRECTION('',(-1.,1.97215226305253E-31,6.93889390390722E-15));
#5167=DIRECTION('center_axis',(-1.,1.97215226305253E-31,6.93889390390722E-15));
#5168=DIRECTION('ref_axis',(-6.93889390390722E-15,1.3684555315672E-45,-1.));
#5169=DIRECTION('center_axis',(-1.97215226305253E-31,-1.,0.));
#5170=DIRECTION('ref_axis',(0.,0.,-1.));
#5171=DIRECTION('',(0.,0.,1.));
#5172=DIRECTION('',(-1.,1.97215226305253E-31,6.93889390390722E-15));
#5173=DIRECTION('',(0.,0.,1.));
#5174=DIRECTION('center_axis',(-6.93889390390722E-15,1.3684555315672E-45,
-1.));
#5175=DIRECTION('ref_axis',(-1.,1.97215226305253E-31,6.93889390390722E-15));
#5176=DIRECTION('',(-1.97215226305253E-31,-1.,0.));
#5177=DIRECTION('',(-1.,1.97215226305253E-31,6.93889390390722E-15));
#5178=DIRECTION('',(-1.97215226305253E-31,-1.,0.));
#5179=DIRECTION('center_axis',(-4.9065389333868E-15,0.707106781186546,-0.707106781186549));
#5180=DIRECTION('ref_axis',(1.39452223873684E-31,0.707106781186549,0.707106781186546));
#5181=DIRECTION('',(-4.51930072987387E-15,-0.707106781186549,-0.707106781186546));
#5182=DIRECTION('',(-1.,1.97215226305253E-31,6.93889390390722E-15));
#5183=DIRECTION('',(-4.51930072987387E-15,-0.707106781186549,-0.707106781186546));
#5184=DIRECTION('center_axis',(-1.,1.97215226305253E-31,6.93889390390722E-15));
#5185=DIRECTION('ref_axis',(6.93889390390722E-15,-1.3684555315672E-45,1.));
#5186=DIRECTION('center_axis',(1.,-1.97215226305253E-31,-6.93889390390722E-15));
#5187=DIRECTION('ref_axis',(-6.93889390390722E-15,1.3684555315672E-45,-1.));
#5188=DIRECTION('',(-1.,1.97215226305253E-31,6.93889390390722E-15));
#5189=DIRECTION('center_axis',(1.,-1.97215226305253E-31,-6.93889390390722E-15));
#5190=DIRECTION('ref_axis',(-6.93889390390722E-15,1.3684555315672E-45,-1.));
#5191=DIRECTION('center_axis',(-1.48786402510902E-31,1.,-4.98640898113927E-17));
#5192=DIRECTION('ref_axis',(9.83395775665926E-48,4.98640898113927E-17,1.));
#5193=DIRECTION('',(-6.7815162143494E-15,-4.98640898113927E-17,-1.));
#5194=DIRECTION('',(-1.,1.97215226305253E-31,6.93889390390722E-15));
#5195=DIRECTION('',(-6.7815162143494E-15,-4.98640898113927E-17,-1.));
#5196=DIRECTION('center_axis',(-1.,1.97215226305253E-31,6.93889390390722E-15));
#5197=DIRECTION('ref_axis',(6.93889390390722E-15,-1.3684555315672E-45,1.));
#5198=DIRECTION('center_axis',(1.,-1.97215226305253E-31,-6.93889390390722E-15));
#5199=DIRECTION('ref_axis',(-6.93889390390722E-15,1.3684555315672E-45,-1.));
#5200=DIRECTION('',(-1.,1.97215226305253E-31,6.93889390390722E-15));
#5201=DIRECTION('center_axis',(1.,-1.97215226305253E-31,-6.93889390390722E-15));
#5202=DIRECTION('ref_axis',(-6.93889390390722E-15,1.3684555315672E-45,-1.));
#5203=DIRECTION('center_axis',(4.90653893338679E-15,0.707106781186548,0.707106781186547));
#5204=DIRECTION('ref_axis',(-1.39452223873684E-31,-0.707106781186547,0.707106781186548));
#5205=DIRECTION('',(-4.51930072987388E-15,0.707106781186547,-0.707106781186548));
#5206=DIRECTION('',(-1.,1.97215226305253E-31,6.93889390390722E-15));
#5207=DIRECTION('',(-4.51930072987388E-15,0.707106781186547,-0.707106781186548));
#5208=DIRECTION('center_axis',(6.93889390390722E-15,-1.99393502985841E-15,
1.));
#5209=DIRECTION('ref_axis',(1.,-1.97215226305253E-31,-6.93889390390722E-15));
#5210=DIRECTION('',(1.97215226305253E-31,1.,1.99393502985841E-15));
#5211=DIRECTION('',(-1.,1.97215226305253E-31,6.93889390390722E-15));
#5212=DIRECTION('',(1.97215226305253E-31,1.,1.99393502985841E-15));
#5213=DIRECTION('center_axis',(-1.90051248394618E-29,-1.,-2.71050543121376E-15));
#5214=DIRECTION('ref_axis',(5.34552942018439E-46,2.71050543121376E-15,-1.));
#5215=DIRECTION('',(6.93889390390722E-15,-2.71050543121376E-15,1.));
#5216=DIRECTION('',(6.93889390390722E-15,-2.71050543121376E-15,1.));
#5217=DIRECTION('center_axis',(-1.,1.97215226305253E-31,6.93889390390722E-15));
#5218=DIRECTION('ref_axis',(6.93889390390722E-15,-1.3684555315672E-45,1.));
#5219=DIRECTION('center_axis',(-1.,1.97215226305253E-31,6.93889390390722E-15));
#5220=DIRECTION('ref_axis',(6.93889390390722E-15,-1.3684555315672E-45,1.));
#5221=DIRECTION('center_axis',(-2.09632431777299E-29,-1.,-2.9738116731031E-15));
#5222=DIRECTION('ref_axis',(5.86480942100231E-46,2.9738116731031E-15,-1.));
#5223=DIRECTION('',(7.18671154333249E-15,-2.9738116731031E-15,1.));
#5224=DIRECTION('',(-1.,1.97215226305247E-31,6.98296672221876E-15));
#5225=DIRECTION('',(6.81498508419459E-15,-1.34401882564636E-45,1.));
#5226=DIRECTION('',(-1.,1.97215226305247E-31,6.98296672221876E-15));
#5227=DIRECTION('center_axis',(-6.98296672221877E-15,1.23908819712629E-15,
-1.));
#5228=DIRECTION('ref_axis',(-1.,1.97215226305253E-31,6.98296672221877E-15));
#5229=DIRECTION('',(-1.97215226305253E-31,-1.,-1.23908819712629E-15));
#5230=DIRECTION('',(-1.,1.97215226305247E-31,6.98296672221876E-15));
#5231=DIRECTION('',(-1.97215226305253E-31,-1.,-1.23908819712629E-15));
#5232=DIRECTION('center_axis',(-5.17309283212626E-16,0.99725218370585,-0.0740815907895744));
#5233=DIRECTION('ref_axis',(8.4470418705799E-33,0.0740815907895744,0.99725218370585));
#5234=DIRECTION('',(-7.16696378025236E-15,-0.0740815907895744,-0.99725218370585));
#5235=DIRECTION('',(-1.,1.97215226305247E-31,6.98296672221876E-15));
#5236=DIRECTION('',(-7.16696378025236E-15,-0.0740815907895744,-0.99725218370585));
#5237=DIRECTION('center_axis',(1.97215226305247E-31,1.,3.81993125315138E-59));
#5238=DIRECTION('ref_axis',(-1.,1.97215226305247E-31,0.));
#5239=DIRECTION('',(-6.81498508419461E-15,1.34401882564636E-45,-1.));
#5240=DIRECTION('',(-1.,1.97215226305247E-31,6.98296672221876E-15));
#5241=DIRECTION('',(-6.81498508419461E-15,1.34401882564636E-45,-1.));
#5242=DIRECTION('center_axis',(-6.98296672221876E-15,-2.49073472057484E-15,
-1.));
#5243=DIRECTION('ref_axis',(-1.,1.97215226305253E-31,6.98296672221877E-15));
#5244=DIRECTION('',(-1.97215226305253E-31,-1.,2.49073472057484E-15));
#5245=DIRECTION('',(-1.,1.97215226305247E-31,6.98296672221876E-15));
#5246=DIRECTION('',(-1.97215226305253E-31,-1.,2.49073472057484E-15));
#5247=DIRECTION('center_axis',(-1.,1.97215226305247E-31,6.98296672221876E-15));
#5248=DIRECTION('ref_axis',(6.98296672221877E-15,-1.37714736240442E-45,
1.));
#5249=DIRECTION('center_axis',(1.,-1.97215226305247E-31,-6.98296672221876E-15));
#5250=DIRECTION('ref_axis',(6.98296672221877E-15,-1.37714736240442E-45,
1.));
#5251=DIRECTION('',(-1.,1.97215226305247E-31,6.98296672221876E-15));
#5252=DIRECTION('center_axis',(1.,-1.97215226305247E-31,-6.98296672221876E-15));
#5253=DIRECTION('ref_axis',(6.98296672221877E-15,-1.37714736240442E-45,
1.));
#5254=DIRECTION('center_axis',(-4.9377031220809E-15,0.707106781186546,-0.707106781186549));
#5255=DIRECTION('ref_axis',(1.39452223873684E-31,0.707106781186549,0.707106781186546));
#5256=DIRECTION('',(-5.45170992598525E-15,-0.707106781186549,-0.707106781186546));
#5257=DIRECTION('',(-1.,1.97215226305247E-31,6.98296672221876E-15));
#5258=DIRECTION('',(-5.45170992598525E-15,-0.707106781186549,-0.707106781186546));
#5259=DIRECTION('center_axis',(-1.,1.97215226305247E-31,6.98296672221876E-15));
#5260=DIRECTION('ref_axis',(6.98296672221876E-15,-1.37714736240442E-45,
1.));
#5261=DIRECTION('center_axis',(1.,-1.97215226305247E-31,-6.98296672221876E-15));
#5262=DIRECTION('ref_axis',(6.98296672221876E-15,-1.37714736240442E-45,
1.));
#5263=DIRECTION('',(-1.,1.97215226305247E-31,6.98296672221876E-15));
#5264=DIRECTION('center_axis',(1.,-1.97215226305247E-31,-6.98296672221876E-15));
#5265=DIRECTION('ref_axis',(6.98296672221876E-15,-1.37714736240442E-45,
1.));
#5266=DIRECTION('center_axis',(8.28127533857208E-31,1.,9.03501810404582E-17));
#5267=DIRECTION('ref_axis',(-1.78184314006145E-47,-9.03501810404582E-17,
1.));
#5268=DIRECTION('',(-6.50521303491299E-15,9.03501810404582E-17,-1.));
#5269=DIRECTION('',(-1.,1.97215226305247E-31,6.98296672221876E-15));
#5270=DIRECTION('',(-6.50521303491299E-15,9.03501810404582E-17,-1.));
#5271=DIRECTION('center_axis',(-1.,1.97215226305247E-31,6.98296672221876E-15));
#5272=DIRECTION('ref_axis',(-6.98296672221876E-15,1.22464679914735E-16,
-1.));
#5273=DIRECTION('center_axis',(1.,-1.97215226305247E-31,-6.98296672221876E-15));
#5274=DIRECTION('ref_axis',(-6.98296672221876E-15,1.37714736240442E-45,
-1.));
#5275=DIRECTION('',(-1.,1.97215226305247E-31,6.98296672221876E-15));
#5276=DIRECTION('center_axis',(1.,-1.97215226305247E-31,-6.98296672221876E-15));
#5277=DIRECTION('ref_axis',(-6.98296672221877E-15,1.37714736240442E-45,
-1.));
#5278=DIRECTION('center_axis',(-1.97215226305247E-31,-1.,-3.84784881813065E-59));
#5279=DIRECTION('ref_axis',(1.,-1.97215226305247E-31,0.));
#5280=DIRECTION('',(6.8647916844479E-15,-1.35384144558681E-45,1.));
#5281=DIRECTION('',(-1.,1.97215226305247E-31,6.98296672221876E-15));
#5282=DIRECTION('',(6.8647916844479E-15,-1.35384144558681E-45,1.));
#5283=DIRECTION('center_axis',(4.93770312208089E-15,-0.707106781186548,
0.707106781186548));
#5284=DIRECTION('ref_axis',(-1.39452223873684E-31,-0.707106781186548,-0.707106781186548));
#5285=DIRECTION('',(4.69779728093039E-15,0.707106781186548,0.707106781186548));
#5286=DIRECTION('',(-1.,1.97215226305247E-31,6.98296672221876E-15));
#5287=DIRECTION('',(4.69779728093039E-15,0.707106781186548,0.707106781186548));
#5288=DIRECTION('center_axis',(-1.,1.97215226305247E-31,6.98296672221876E-15));
#5289=DIRECTION('ref_axis',(6.98296672221877E-15,-1.37714736240442E-45,
1.));
#5290=DIRECTION('center_axis',(-1.,1.97215226305247E-31,6.98296672221876E-15));
#5291=DIRECTION('ref_axis',(6.98296672221877E-15,-1.37714736240442E-45,
1.));
#5292=DIRECTION('',(-1.,1.97215226305247E-31,6.98296672221876E-15));
#5293=DIRECTION('center_axis',(-1.,1.97215226305247E-31,6.98296672221876E-15));
#5294=DIRECTION('ref_axis',(6.98296672221877E-15,-1.37714736240442E-45,
1.));
#5295=DIRECTION('center_axis',(6.98296672221876E-15,-1.59664406852017E-17,
1.));
#5296=DIRECTION('ref_axis',(1.,-1.97215226305253E-31,-6.98296672221877E-15));
#5297=DIRECTION('',(1.97215226305253E-31,1.,1.59664406852017E-17));
#5298=DIRECTION('',(-1.,1.97215226305247E-31,6.98296672221876E-15));
#5299=DIRECTION('',(1.97215226305253E-31,1.,1.59664406852017E-17));
#5300=DIRECTION('center_axis',(-1.,1.97215226305247E-31,6.98296672221876E-15));
#5301=DIRECTION('ref_axis',(6.98296672221876E-15,-1.37714736240442E-45,
1.));
#5302=DIRECTION('center_axis',(1.,-1.97215226305247E-31,-6.98296672221876E-15));
#5303=DIRECTION('ref_axis',(-6.98296672221876E-15,1.37714736240442E-45,
-1.));
#5304=DIRECTION('',(-1.,1.97215226305247E-31,6.98296672221876E-15));
#5305=DIRECTION('center_axis',(1.,-1.97215226305247E-31,-6.98296672221876E-15));
#5306=DIRECTION('ref_axis',(-6.98296672221876E-15,1.37714736240442E-45,
-1.));
#5307=DIRECTION('center_axis',(-1.97215226305247E-31,-1.,-4.86173068582895E-59));
#5308=DIRECTION('ref_axis',(1.,-1.97215226305247E-31,0.));
#5309=DIRECTION('',(8.67361737988391E-15,-1.71056941445898E-45,1.));
#5310=DIRECTION('',(-1.,1.97215226305247E-31,6.98296672221876E-15));
#5311=DIRECTION('',(8.67361737988391E-15,-1.71056941445898E-45,1.));
#5312=DIRECTION('center_axis',(-1.,1.97215226305247E-31,6.98296672221876E-15));
#5313=DIRECTION('ref_axis',(6.98296672221877E-15,-1.37714736240442E-45,
1.));
#5314=DIRECTION('center_axis',(1.,-1.97215226305247E-31,-6.98296672221876E-15));
#5315=DIRECTION('ref_axis',(-6.98296672221876E-15,1.37714736240442E-45,
-1.));
#5316=DIRECTION('',(-1.,1.97215226305247E-31,6.98296672221876E-15));
#5317=DIRECTION('center_axis',(1.,-1.97215226305247E-31,-6.98296672221876E-15));
#5318=DIRECTION('ref_axis',(-6.98296672221876E-15,1.37714736240442E-45,
-1.));
#5319=DIRECTION('center_axis',(-6.98296672221876E-15,4.4353725238043E-15,
-1.));
#5320=DIRECTION('ref_axis',(-1.,1.97215226305253E-31,6.98296672221877E-15));
#5321=DIRECTION('',(-1.97215226305253E-31,-1.,-4.4353725238043E-15));
#5322=DIRECTION('',(-1.97215226305253E-31,-1.,-4.4353725238043E-15));
#5323=DIRECTION('center_axis',(-1.,1.97215226305247E-31,6.98296672221876E-15));
#5324=DIRECTION('ref_axis',(6.98296672221877E-15,-1.37714736240442E-45,
1.));
#5325=DIRECTION('center_axis',(-1.,1.97215226305247E-31,6.98296672221876E-15));
#5326=DIRECTION('ref_axis',(6.98296672221877E-15,-1.37714736240442E-45,
1.));
#5327=DIRECTION('center_axis',(6.98296672221876E-15,-1.37714736240442E-45,
1.));
#5328=DIRECTION('ref_axis',(1.,-1.97215226305253E-31,-6.98296672221877E-15));
#5329=DIRECTION('',(1.,-1.97215226305253E-31,-6.98296672221876E-15));
#5330=DIRECTION('',(-1.97215226305253E-31,-1.,0.));
#5331=DIRECTION('',(1.,-1.97215226305247E-31,-6.98296672221876E-15));
#5332=DIRECTION('',(-1.97215226305253E-31,-1.,1.18621681891193E-17));
#5333=DIRECTION('',(1.,-1.97215226305247E-31,-6.98296672221876E-15));
#5334=DIRECTION('',(-1.97215226305253E-31,-1.,1.18621681891193E-17));
#5335=DIRECTION('',(1.,-1.97215226305247E-31,-6.98296672221876E-15));
#5336=DIRECTION('',(-1.97215226305253E-31,-1.,1.18621681891193E-17));
#5337=DIRECTION('',(1.,-1.97215226305247E-31,-6.98296672221876E-15));
#5338=DIRECTION('',(-1.97215226305253E-31,-1.,1.18621681891193E-17));
#5339=DIRECTION('',(1.,-1.97215226305247E-31,-6.98296672221876E-15));
#5340=DIRECTION('',(-1.97215226305253E-31,-1.,1.18621681891193E-17));
#5341=DIRECTION('',(1.,-1.97215226305247E-31,-6.98296672221876E-15));
#5342=DIRECTION('',(-1.97215226305253E-31,-1.,1.18621681891193E-17));
#5343=DIRECTION('',(1.,-1.97215226305247E-31,-6.98296672221876E-15));
#5344=DIRECTION('',(-1.97215226305247E-31,-1.,-3.91408821771058E-59));
#5345=DIRECTION('center_axis',(-7.10687554193139E-15,3.49148336110938E-15,
-1.));
#5346=DIRECTION('ref_axis',(-1.,1.97215226305253E-31,7.1068755419314E-15));
#5347=DIRECTION('',(-1.,1.97215226305253E-31,7.10687554193139E-15));
#5348=DIRECTION('',(-1.97215226305253E-31,-1.,0.));
#5349=DIRECTION('',(-1.,-1.35525271560688E-16,0.));
#5350=DIRECTION('',(-0.669130606358855,-0.743144825477397,0.));
#5351=DIRECTION('',(-1.,-1.01847456117407E-15,0.));
#5352=DIRECTION('',(-1.97215226305253E-31,-1.,-2.08166817117217E-15));
#5353=DIRECTION('',(1.,1.81673471407074E-31,-7.10687554193139E-15));
#5354=DIRECTION('',(1.97215226305247E-31,1.,3.91408821771058E-59));
#5355=DIRECTION('',(1.,-1.97215226305253E-31,0.));
#5356=DIRECTION('',(-1.97215226305253E-31,-1.,0.));
#5357=DIRECTION('',(1.,-2.45781273481126E-29,-8.51255490019604E-44));
#5358=DIRECTION('',(1.97215226305253E-31,1.,0.));
#5359=DIRECTION('',(1.,-1.97215226305253E-31,0.));
#5360=DIRECTION('',(2.50107529304339E-29,1.,3.49148336110938E-15));
#5361=DIRECTION('',(1.,1.81673471407074E-31,-7.10687554193139E-15));
#5362=DIRECTION('',(-1.97215226305253E-31,-1.,-2.08166817117217E-15));
#5363=DIRECTION('',(1.,-1.01847456117407E-15,0.));
#5364=DIRECTION('',(0.669130606358855,-0.743144825477397,0.));
#5365=DIRECTION('',(1.,-1.35525271560688E-16,0.));
#5366=DIRECTION('',(-1.97215226305253E-31,-1.,0.));
#5367=DIRECTION('',(4.13029399042072E-16,-1.,-3.49148336110939E-15));
#5368=DIRECTION('',(-1.,-1.20466908053945E-16,7.10687554193139E-15));
#5369=DIRECTION('',(2.45781273481126E-29,1.,3.49148336110938E-15));
#5370=DIRECTION('',(-1.,2.45781273481126E-29,8.51255490019604E-44));
#5371=DIRECTION('',(-1.44560289664734E-15,1.,1.02421099374052E-29));
#5372=DIRECTION('',(1.,-2.45781273481126E-29,-8.51255490019604E-44));
#5373=DIRECTION('',(2.45781273481126E-29,1.,3.49148336110938E-15));
#5374=DIRECTION('',(1.,1.60622544071927E-16,-7.10687554193139E-15));
#5375=DIRECTION('',(4.13029399042072E-16,-1.,-3.49148336110939E-15));
#5376=DIRECTION('',(1.,-2.45781273481126E-29,-8.51255490019604E-44));
#5377=DIRECTION('',(1.59064665018211E-31,-1.,-2.52424633617201E-45));
#5378=DIRECTION('',(-1.,2.45781273481126E-29,8.51255490019604E-44));
#5379=DIRECTION('center_axis',(2.45781273481126E-29,1.,3.49148336110938E-15));
#5380=DIRECTION('ref_axis',(-6.88573681202212E-46,-3.49148336110938E-15,
1.));
#5381=DIRECTION('',(1.,-1.97215226305253E-31,0.));
#5382=DIRECTION('',(0.,0.,1.));
#5383=DIRECTION('',(0.,0.,1.));
#5384=DIRECTION('center_axis',(6.98296672221876E-15,-3.49148336110938E-15,
1.));
#5385=DIRECTION('ref_axis',(1.,-1.97215226305253E-31,-6.98296672221877E-15));
#5386=DIRECTION('',(2.45781273481126E-29,1.,3.49148336110938E-15));
#5387=DIRECTION('',(-1.,-1.60622544071902E-16,-5.60810940046105E-31));
#5388=DIRECTION('',(1.59064665018211E-31,-1.,-2.52424633617201E-45));
#5389=DIRECTION('',(1.,1.2046690805392E-16,4.20608205034558E-31));
#5390=DIRECTION('',(1.,-2.58142004404593E-29,-9.39758067834063E-44));
#5391=DIRECTION('',(-1.97215226305247E-31,-1.,-3.91408821771058E-59));
#5392=DIRECTION('',(-1.,1.97215226305253E-31,6.98296672221876E-15));
#5393=DIRECTION('',(-1.97215226305247E-31,-1.,-3.91408821771058E-59));
#5394=DIRECTION('',(-1.97215226305247E-31,-1.,-3.91408821771058E-59));
#5395=DIRECTION('',(-1.,1.97215226305253E-31,6.98296672221876E-15));
#5396=DIRECTION('',(-1.97215226305247E-31,-1.,-3.91408821771058E-59));
#5397=DIRECTION('',(1.,-2.58142004404593E-29,-9.39758067834063E-44));
#5398=DIRECTION('',(-1.97215226305247E-31,-1.,-3.91408821771058E-59));
#5399=DIRECTION('',(-1.,1.97215226305253E-31,6.98296672221876E-15));
#5400=DIRECTION('',(-1.97215226305247E-31,-1.,-3.91408821771058E-59));
#5401=DIRECTION('',(1.,-2.58142004404593E-29,-9.39758067834063E-44));
#5402=DIRECTION('center_axis',(1.2046690805392E-16,-1.,-3.49148336110938E-15));
#5403=DIRECTION('ref_axis',(6.88573681202212E-46,3.49148336110938E-15,-1.));
#5404=DIRECTION('',(1.,1.20466908053945E-16,-7.10687554193139E-15));
#5405=DIRECTION('',(-6.88573681202212E-46,-3.49148336110938E-15,1.));
#5406=DIRECTION('',(6.88573681202212E-46,3.49148336110938E-15,-1.));
#5407=DIRECTION('center_axis',(-1.60622544071902E-16,1.,3.49148336110938E-15));
#5408=DIRECTION('ref_axis',(-6.88573681202212E-46,-3.49148336110938E-15,
1.));
#5409=DIRECTION('',(6.88573681202212E-46,3.49148336110938E-15,-1.));
#5410=DIRECTION('',(-1.,-1.60622544071927E-16,7.10687554193139E-15));
#5411=DIRECTION('',(-6.88573681202212E-46,-3.49148336110938E-15,1.));
#5412=DIRECTION('center_axis',(2.45781273481126E-29,1.,3.49148336110938E-15));
#5413=DIRECTION('ref_axis',(-6.88573681202212E-46,-3.49148336110938E-15,
1.));
#5414=DIRECTION('',(-6.88573681202212E-46,-3.49148336110938E-15,1.));
#5415=DIRECTION('',(-1.,2.45781273481126E-29,8.51255490019604E-44));
#5416=DIRECTION('',(6.88573681202212E-46,3.49148336110938E-15,-1.));
#5417=DIRECTION('',(-6.88573681202212E-46,-3.49148336110938E-15,1.));
#5418=DIRECTION('',(-1.,2.45781273481126E-29,8.51255490019604E-44));
#5419=DIRECTION('',(6.88573681202212E-46,3.49148336110938E-15,-1.));
#5420=DIRECTION('center_axis',(-1.35525271560688E-16,1.,0.));
#5421=DIRECTION('ref_axis',(-1.,-1.35525271560688E-16,0.));
#5422=DIRECTION('',(1.,-1.97215226305247E-31,-6.98296672221876E-15));
#5423=DIRECTION('',(-7.09659603808688E-15,9.85638338623178E-17,-1.));
#5424=DIRECTION('',(0.707106781186541,9.583083854271E-17,-0.707106781186554));
#5425=DIRECTION('',(-1.,-1.35525271560688E-16,7.105427357601E-15));
#5426=DIRECTION('',(0.707106781186554,9.58308385427116E-17,0.707106781186541));
#5427=DIRECTION('',(-7.09659603808688E-15,9.85638338623178E-17,-1.));
#5428=DIRECTION('',(1.,-1.97215226305247E-31,-6.98296672221876E-15));
#5429=DIRECTION('',(-7.09659603808688E-15,9.85638338623178E-17,-1.));
#5430=DIRECTION('',(0.707106781186541,9.58308385427099E-17,-0.707106781186554));
#5431=DIRECTION('',(-1.,-1.35525271560688E-16,7.105427357601E-15));
#5432=DIRECTION('',(0.,0.,1.));
#5433=DIRECTION('',(1.,1.35525271560688E-16,-6.98296672221876E-15));
#5434=DIRECTION('',(0.,0.,1.));
#5435=DIRECTION('',(0.,0.,1.));
#5436=DIRECTION('',(1.,-1.97215226305253E-31,0.));
#5437=DIRECTION('',(0.,0.,1.));
#5438=DIRECTION('',(0.,0.,1.));
#5439=DIRECTION('',(1.,-1.35525271560688E-16,-6.98296672221877E-15));
#5440=DIRECTION('',(0.,0.,1.));
#5441=DIRECTION('',(-1.,-1.35525271560688E-16,7.105427357601E-15));
#5442=DIRECTION('',(0.707106781186556,9.58308385427119E-17,0.707106781186539));
#5443=DIRECTION('',(-7.09659603808688E-15,9.85638338623178E-17,-1.));
#5444=DIRECTION('',(1.,-1.97215226305247E-31,-6.98296672221876E-15));
#5445=DIRECTION('',(-7.09659603808688E-15,9.85638338623178E-17,-1.));
#5446=DIRECTION('',(0.707106781186541,9.58308385427099E-17,-0.707106781186554));
#5447=DIRECTION('',(-1.,-1.35525271560688E-16,7.105427357601E-15));
#5448=DIRECTION('',(0.707106781186553,9.58308385427115E-17,0.707106781186542));
#5449=DIRECTION('',(-7.09659603808688E-15,9.85638338623178E-17,-1.));
#5450=DIRECTION('center_axis',(0.,0.,1.));
#5451=DIRECTION('ref_axis',(1.,-1.97215226305253E-31,0.));
#5452=DIRECTION('',(-1.97215226305253E-31,-1.,0.));
#5453=DIRECTION('',(1.97215226305253E-31,1.,0.));
#5454=DIRECTION('center_axis',(-3.97765563292987E-15,-0.819152044288991,
-0.573576436351048));
#5455=DIRECTION('ref_axis',(1.,1.20466908053945E-16,-7.1068755419314E-15));
#5456=DIRECTION('',(-0.49754281216453,0.497542812164524,-0.710564775461624));
#5457=DIRECTION('',(0.497542812164519,0.497542812164524,-0.710564775461632));
#5458=DIRECTION('center_axis',(-4.20791063226682E-15,0.819152044288993,
-0.573576436351044));
#5459=DIRECTION('ref_axis',(-1.,-1.60622544071927E-16,7.1068755419314E-15));
#5460=DIRECTION('',(0.497542812164529,0.497542812164521,0.710564775461627));
#5461=DIRECTION('',(-0.497542812164517,0.497542812164521,0.710564775461635));
#5462=DIRECTION('center_axis',(6.98296672221876E-15,-1.37714736240442E-45,
1.));
#5463=DIRECTION('ref_axis',(1.,-1.97215226305253E-31,-6.98296672221877E-15));
#5464=DIRECTION('',(1.,-1.97215226305247E-31,-6.98296672221876E-15));
#5465=DIRECTION('',(-1.97215226305253E-31,-1.,1.18621681891193E-17));
#5466=DIRECTION('',(-1.97215226305253E-31,-1.,1.18621681891193E-17));
#5467=DIRECTION('center_axis',(6.98296672221876E-15,-1.37714736240442E-45,
1.));
#5468=DIRECTION('ref_axis',(1.,-1.97215226305253E-31,-6.98296672221877E-15));
#5469=DIRECTION('',(-1.97215226305253E-31,-1.,1.18621681891193E-17));
#5470=DIRECTION('',(1.,-1.97215226305247E-31,-6.98296672221876E-15));
#5471=DIRECTION('',(-1.97215226305253E-31,-1.,1.18621681891193E-17));
#5472=DIRECTION('center_axis',(7.105427357601E-15,-3.49148336110938E-15,
1.));
#5473=DIRECTION('ref_axis',(1.,-1.97215226305253E-31,-7.105427357601E-15));
#5474=DIRECTION('',(2.50590432295744E-29,1.,3.49148336110938E-15));
#5475=DIRECTION('',(1.,-1.97215226305247E-31,-6.98296672221876E-15));
#5476=DIRECTION('',(-2.50590432295744E-29,-1.,-3.49148336110938E-15));
#5477=DIRECTION('center_axis',(-1.97215226305247E-31,-1.,-3.97777965204194E-59));
#5478=DIRECTION('ref_axis',(1.,-1.97215226305247E-31,0.));
#5479=DIRECTION('',(-0.707106781186541,1.39452223873679E-31,0.707106781186554));
#5480=DIRECTION('',(7.09659603808697E-15,-1.39955679364828E-45,1.));
#5481=DIRECTION('',(7.09659603808697E-15,-1.39955679364828E-45,1.));
#5482=DIRECTION('',(-0.707106781186553,1.39452223873681E-31,-0.707106781186542));
#5483=DIRECTION('center_axis',(1.,-1.97215226305247E-31,-6.98296672221876E-15));
#5484=DIRECTION('ref_axis',(-6.98296672221877E-15,1.37714736240442E-45,
-1.));
#5485=DIRECTION('',(-1.97215226305247E-31,-1.,-3.91408821771058E-59));
#5486=DIRECTION('',(-6.98296672221876E-15,1.37714736240442E-45,-1.));
#5487=DIRECTION('',(-2.50056966189406E-29,-1.,-3.49148336110938E-15));
#5488=DIRECTION('',(-6.98296672221876E-15,1.37714736240442E-45,-1.));
#5489=DIRECTION('center_axis',(-1.,1.97215226305253E-31,-6.93889390390722E-15));
#5490=DIRECTION('ref_axis',(6.93889390390722E-15,-1.3684555315672E-45,-1.));
#5491=DIRECTION('',(1.97215226305253E-31,1.,0.));
#5492=DIRECTION('',(0.,0.,1.));
#5493=DIRECTION('',(4.90653893338679E-15,-0.707106781186548,-0.707106781186547));
#5494=DIRECTION('',(-6.93889390390719E-15,-2.60208521396519E-15,1.));
#5495=DIRECTION('',(1.97215226305253E-31,1.,2.00160401074247E-15));
#5496=DIRECTION('',(-6.93889390390722E-15,-2.71050543121376E-15,1.));
#5497=DIRECTION('center_axis',(6.98296672221876E-15,-3.49148336110938E-15,
1.));
#5498=DIRECTION('ref_axis',(1.,-1.97215226305253E-31,-6.98296672221877E-15));
#5499=DIRECTION('',(5.15344556341675E-31,-1.,-5.12120409487312E-45));
#5500=DIRECTION('',(0.669130606358855,-0.743144825477397,0.));
#5501=DIRECTION('',(1.,-1.01847456117407E-15,0.));
#5502=DIRECTION('',(-1.,1.97215226305253E-31,6.98296672221876E-15));
#5503=DIRECTION('center_axis',(1.,5.15344556341675E-31,-7.18705183703957E-15));
#5504=DIRECTION('ref_axis',(-7.18705183703957E-15,1.41739605450934E-45,
-1.));
#5505=DIRECTION('',(0.,0.,1.));
#5506=DIRECTION('',(3.7557864968429E-15,0.866025403784438,0.500000000000001));
#5507=DIRECTION('',(7.18705183703957E-15,-1.41739605450934E-45,1.));
#5508=DIRECTION('',(-5.15344556341675E-31,1.,5.12120409487312E-45));
#5509=DIRECTION('',(7.18705183703957E-15,-1.41739605450934E-45,1.));
#5510=DIRECTION('',(-2.50056966189406E-29,-1.,-3.49148336110938E-15));
#5511=DIRECTION('',(-7.18705183703957E-15,1.41739605450934E-45,-1.));
#5512=DIRECTION('',(5.15344556341675E-31,-1.,-5.12120409487312E-45));
#5513=DIRECTION('',(-7.18705183703957E-15,1.41739605450934E-45,-1.));
#5514=DIRECTION('',(5.08201309070991E-15,0.707106781186548,0.707106781186547));
#5515=DIRECTION('center_axis',(7.105427357601E-15,-3.49148336110938E-15,
1.));
#5516=DIRECTION('ref_axis',(1.,-1.97215226305253E-31,-7.105427357601E-15));
#5517=DIRECTION('',(1.,-1.97215226305247E-31,-6.98296672221876E-15));
#5518=DIRECTION('',(-2.50590432295744E-29,-1.,-3.49148336110938E-15));
#5519=DIRECTION('',(-1.,1.97215226305253E-31,7.105427357601E-15));
#5520=DIRECTION('center_axis',(-6.0474265752228E-15,0.500000000000001,-0.866025403784438));
#5521=DIRECTION('ref_axis',(5.65223848603952E-31,0.866025403784438,0.500000000000001));
#5522=DIRECTION('',(-1.70793395993446E-31,-0.866025403784438,-0.500000000000001));
#5523=DIRECTION('',(-1.70793395993446E-31,-0.866025403784438,-0.500000000000001));
#5524=DIRECTION('',(-1.,-3.02371328761141E-15,5.23722504166407E-15));
#5525=DIRECTION('',(-1.,1.97215226305253E-31,6.98296672221877E-15));
#5526=DIRECTION('center_axis',(1.,-1.97215226305247E-31,-6.98296672221876E-15));
#5527=DIRECTION('ref_axis',(-6.98296672221877E-15,1.37714736240442E-45,
-1.));
#5528=DIRECTION('',(-6.98296672221876E-15,1.37714736240442E-45,-1.));
#5529=DIRECTION('center_axis',(2.45781273481126E-29,1.,3.49148336110938E-15));
#5530=DIRECTION('ref_axis',(-6.88573681202212E-46,-3.49148336110938E-15,
1.));
#5531=DIRECTION('',(1.,-2.45781273481126E-29,-8.51255490019604E-44));
#5532=DIRECTION('center_axis',(-2.15497482718632E-29,-1.,-3.05780249211518E-15));
#5533=DIRECTION('ref_axis',(6.03045210479262E-46,3.05780249211518E-15,-1.));
#5534=DIRECTION('',(-1.,-1.81673471407074E-31,7.10687554193139E-15));
#5535=DIRECTION('',(1.,-2.15497482718632E-29,-6.52918287596787E-44));
#5536=DIRECTION('center_axis',(-2.53352221171749E-29,-1.,-3.59990357835793E-15));
#5537=DIRECTION('ref_axis',(7.0995579888295E-46,3.59990357835793E-15,-1.));
#5538=DIRECTION('',(-1.,2.5335222117175E-29,9.04944009592282E-44));
#5539=DIRECTION('center_axis',(6.98296672221876E-15,-3.49148336110938E-15,
1.));
#5540=DIRECTION('ref_axis',(1.,-1.97215226305253E-31,-6.98296672221877E-15));
#5541=DIRECTION('center_axis',(2.45781273481126E-29,1.,3.49148336110938E-15));
#5542=DIRECTION('ref_axis',(-6.88573681202212E-46,-3.49148336110938E-15,
1.));
#5543=DIRECTION('',(-1.,2.45781273481126E-29,8.51255490019604E-44));
#5544=DIRECTION('center_axis',(-6.98296672221876E-15,3.59990357835793E-15,
-1.));
#5545=DIRECTION('ref_axis',(-1.,1.97215226305253E-31,6.98296672221877E-15));
#5546=DIRECTION('center_axis',(-1.,-1.59064665018211E-31,7.08500927962916E-15));
#5547=DIRECTION('ref_axis',(7.08500927962916E-15,-1.39727170845688E-45,
1.));
#5548=DIRECTION('',(-7.08500927962916E-15,1.39727170845688E-45,-1.));
#5549=DIRECTION('',(-2.45781273481126E-29,-1.,-3.49148336110938E-15));
#5550=DIRECTION('',(-2.45781273481126E-29,-1.,-3.49148336110938E-15));
#5551=DIRECTION('',(7.08500927962916E-15,-1.39727170845688E-45,1.));
#5552=DIRECTION('',(-1.59064665018211E-31,1.,2.52424633617201E-45));
#5553=DIRECTION('center_axis',(2.45781273481126E-29,1.,3.49148336110938E-15));
#5554=DIRECTION('ref_axis',(-6.88573681202212E-46,-3.49148336110938E-15,
1.));
#5555=DIRECTION('',(-0.57357643635104,-2.86005573285375E-15,0.819152044288996));
#5556=DIRECTION('',(-6.88573681202212E-46,-3.49148336110938E-15,1.));
#5557=DIRECTION('',(-1.,2.45781273481126E-29,8.51255490019604E-44));
#5558=DIRECTION('center_axis',(6.98296672221876E-15,-3.49148336110938E-15,
1.));
#5559=DIRECTION('ref_axis',(1.,-1.97215226305253E-31,-6.98296672221877E-15));
#5560=DIRECTION('',(1.,-1.97215226305253E-31,-6.98296672221876E-15));
#5561=DIRECTION('',(-2.45781273481126E-29,-1.,-3.49148336110938E-15));
#5562=DIRECTION('center_axis',(-2.45781273481126E-29,-1.,-3.49148336110938E-15));
#5563=DIRECTION('ref_axis',(6.88573681202212E-46,3.49148336110938E-15,-1.));
#5564=DIRECTION('',(0.573576436351041,2.86005573285375E-15,-0.819152044288996));
#5565=DIRECTION('',(6.88573681202212E-46,3.49148336110938E-15,-1.));
#5566=DIRECTION('center_axis',(-1.,-1.44560289664734E-15,7.08500927962916E-15));
#5567=DIRECTION('ref_axis',(7.08500927962916E-15,-1.39727170845688E-45,
1.));
#5568=DIRECTION('center_axis',(-1.,1.97215226305253E-31,0.));
#5569=DIRECTION('ref_axis',(0.,0.,1.));
#5570=DIRECTION('center_axis',(-1.01847456117407E-15,-1.,0.));
#5571=DIRECTION('ref_axis',(1.,-1.01847456117407E-15,0.));
#5572=DIRECTION('',(0.,0.,1.));
#5573=DIRECTION('center_axis',(-0.743144825477397,-0.669130606358855,0.));
#5574=DIRECTION('ref_axis',(0.669130606358855,-0.743144825477397,0.));
#5575=DIRECTION('center_axis',(5.02531988874851E-15,-0.707106781186547,
0.707106781186548));
#5576=DIRECTION('ref_axis',(1.,-1.97215226305253E-31,-7.1068755419314E-15));
#5577=DIRECTION('center_axis',(-1.97215226305247E-31,-1.,-3.97777965204194E-59));
#5578=DIRECTION('ref_axis',(1.,-1.97215226305247E-31,0.));
#5579=DIRECTION('',(7.09659603808697E-15,-1.39955679364828E-45,1.));
#5580=DIRECTION('',(-0.707106781186556,1.39452223873682E-31,-0.707106781186539));
#5581=DIRECTION('center_axis',(1.,-1.97215226305253E-31,0.));
#5582=DIRECTION('ref_axis',(0.,0.,-1.));
#5583=DIRECTION('',(0.,0.,1.));
#5584=DIRECTION('center_axis',(-1.97215226305253E-31,-1.,0.));
#5585=DIRECTION('ref_axis',(0.,0.,-1.));
#5586=DIRECTION('center_axis',(-0.819152044288996,2.00263258384409E-15,
-0.573576436351041));
#5587=DIRECTION('ref_axis',(2.44546880618514E-29,1.,3.49148336110938E-15));
#5588=DIRECTION('center_axis',(-0.819152044288996,2.00263258384409E-15,
-0.57357643635104));
#5589=DIRECTION('ref_axis',(2.42574728355461E-29,1.,3.49148336110938E-15));
#5590=DIRECTION('center_axis',(-1.,2.81396242079277E-31,7.09659603808688E-15));
#5591=DIRECTION('ref_axis',(7.09659603808688E-15,-1.39955679364827E-45,
1.));
#5592=DIRECTION('',(2.50590432295744E-29,1.,3.49148336110938E-15));
#5593=DIRECTION('',(7.18671154333249E-15,-2.9738116731031E-15,1.));
#5594=DIRECTION('',(-6.81498508419461E-15,1.34401882564636E-45,-1.));
#5595=DIRECTION('center_axis',(-1.,2.81396242079277E-31,7.09659603808688E-15));
#5596=DIRECTION('ref_axis',(7.09659603808688E-15,-1.39955679364827E-45,
1.));
#5597=DIRECTION('',(-2.50590432295744E-29,-1.,-3.49148336110938E-15));
#5598=DIRECTION('',(-6.81498508419461E-15,1.34401882564636E-45,-1.));
#5599=DIRECTION('',(6.81498508419461E-15,-1.34401882564636E-45,1.));
#5600=DIRECTION('center_axis',(-1.,2.81396242079277E-31,7.09659603808688E-15));
#5601=DIRECTION('ref_axis',(7.09659603808688E-15,-1.39955679364827E-45,
1.));
#5602=DIRECTION('',(2.50590432295744E-29,1.,3.49148336110938E-15));
#5603=DIRECTION('',(7.18671154333249E-15,-2.9738116731031E-15,1.));
#5604=DIRECTION('',(-6.81498508419461E-15,1.34401882564636E-45,-1.));
#5605=DIRECTION('center_axis',(-0.707106781186539,-2.46885156104046E-15,
0.707106781186556));
#5606=DIRECTION('ref_axis',(2.54407641933776E-29,1.,3.49148336110938E-15));
#5607=DIRECTION('center_axis',(-0.707106781186554,2.46885156104044E-15,
-0.707106781186541));
#5608=DIRECTION('ref_axis',(-2.52435489670724E-29,-1.,-3.49148336110938E-15));
#5609=DIRECTION('center_axis',(-0.707106781186542,-2.46885156104044E-15,
0.707106781186553));
#5610=DIRECTION('ref_axis',(2.52435489670724E-29,1.,3.49148336110938E-15));
#5611=DIRECTION('center_axis',(1.97215226305247E-31,1.,3.81993125315138E-59));
#5612=DIRECTION('ref_axis',(-1.,1.97215226305247E-31,0.));
#5613=DIRECTION('',(6.81498508419461E-15,-1.34401882564636E-45,1.));
#5614=DIRECTION('center_axis',(-1.97215226305247E-31,-1.,-3.81993125315138E-59));
#5615=DIRECTION('ref_axis',(1.,-1.97215226305247E-31,0.));
#5616=DIRECTION('',(-6.81498508419461E-15,1.34401882564636E-45,-1.));
#5617=DIRECTION('center_axis',(1.97215226305247E-31,1.,3.81993125315138E-59));
#5618=DIRECTION('ref_axis',(-1.,1.97215226305247E-31,0.));
#5619=DIRECTION('center_axis',(-1.97215226305247E-31,-1.,-3.81993125315138E-59));
#5620=DIRECTION('ref_axis',(1.,-1.97215226305247E-31,0.));
#5621=DIRECTION('center_axis',(6.98296672221876E-15,-3.49148336110938E-15,
1.));
#5622=DIRECTION('ref_axis',(1.,-1.97215226305253E-31,-6.98296672221877E-15));
#5623=DIRECTION('',(-1.59064665018211E-31,1.,2.52424633617201E-45));
#5624=DIRECTION('',(-1.,1.97215226305253E-31,6.98296672221876E-15));
#5625=DIRECTION('',(4.13029399042097E-16,-1.,-2.92631712497292E-30));
#5626=DIRECTION('',(1.,-1.97215226305253E-31,-6.98296672221876E-15));
#5627=DIRECTION('center_axis',(-2.45781273481126E-29,-1.,-3.49148336110938E-15));
#5628=DIRECTION('ref_axis',(6.88573681202212E-46,3.49148336110938E-15,-1.));
#5629=DIRECTION('',(1.,-2.45781273481126E-29,-8.51255490019604E-44));
#5630=DIRECTION('',(6.98296672221876E-15,-1.37714736240442E-45,1.));
#5631=DIRECTION('',(1.,3.02371328761141E-15,-5.23722504166407E-15));
#5632=DIRECTION('',(-6.98296672221876E-15,1.37714736240442E-45,-1.));
#5633=DIRECTION('center_axis',(6.98296672221876E-15,-3.59990357835793E-15,
1.));
#5634=DIRECTION('ref_axis',(1.,-1.97215226305253E-31,-6.98296672221877E-15));
#5635=DIRECTION('',(-1.,2.45781273481126E-29,8.51255490019604E-44));
#5636=DIRECTION('',(1.97215226305247E-31,1.,3.91408821771058E-59));
#5637=DIRECTION('',(-1.97215226305247E-31,-1.,-3.91408821771058E-59));
#5638=DIRECTION('center_axis',(2.53352221171749E-29,1.,3.59990357835793E-15));
#5639=DIRECTION('ref_axis',(-7.0995579888295E-46,-3.59990357835793E-15,
1.));
#5640=DIRECTION('',(-1.,1.97215226305253E-31,6.98296672221876E-15));
#5641=DIRECTION('',(6.93889390390722E-15,-2.71050543121376E-15,1.));
#5642=DIRECTION('',(-1.,2.5335222117175E-29,9.04944009592282E-44));
#5643=DIRECTION('',(6.98296672221876E-15,-1.37714736240442E-45,1.));
#5644=DIRECTION('center_axis',(-6.98296672221876E-15,3.49148336110938E-15,
-1.));
#5645=DIRECTION('ref_axis',(-1.,1.97215226305253E-31,6.98296672221877E-15));
#5646=DIRECTION('',(-1.,2.15497482718632E-29,6.52918287596787E-44));
#5647=DIRECTION('',(1.97215226305253E-31,1.,2.00160401074247E-15));
#5648=DIRECTION('',(1.97215226305247E-31,1.,3.91408821771058E-59));
#5649=DIRECTION('center_axis',(2.15497482718632E-29,1.,3.05780249211518E-15));
#5650=DIRECTION('ref_axis',(-6.03045210479262E-46,-3.05780249211518E-15,
1.));
#5651=DIRECTION('',(6.98296672221876E-15,-1.37714736240442E-45,1.));
#5652=DIRECTION('',(-1.,-1.81673471407074E-31,7.10687554193139E-15));
#5653=DIRECTION('',(6.93889390390719E-15,-2.60208521396519E-15,1.));
#5654=DIRECTION('center_axis',(-2.45781273481126E-29,-1.,-3.49148336110938E-15));
#5655=DIRECTION('ref_axis',(6.88573681202212E-46,3.49148336110938E-15,-1.));
#5656=DIRECTION('',(-1.,1.97215226305253E-31,7.105427357601E-15));
#5657=DIRECTION('',(6.98296672221876E-15,-1.37714736240442E-45,1.));
#5658=DIRECTION('',(-6.98296672221876E-15,1.37714736240442E-45,-1.));
#5659=DIRECTION('center_axis',(-1.,1.97215226305247E-31,6.98296672221876E-15));
#5660=DIRECTION('ref_axis',(6.98296672221877E-15,-1.37714736240442E-45,
1.));
#5661=DIRECTION('',(2.50056966189406E-29,1.,3.49148336110938E-15));
#5662=DIRECTION('',(-7.09659603808698E-15,1.39955679364828E-45,-1.));
#5663=DIRECTION('center_axis',(-1.97215226305247E-31,-1.,-3.97777965204194E-59));
#5664=DIRECTION('ref_axis',(1.,-1.97215226305247E-31,0.));
#5665=DIRECTION('',(1.,-1.97215226305247E-31,-6.98296672221876E-15));
#5666=DIRECTION('',(-0.707106781186541,1.39452223873679E-31,0.707106781186554));
#5667=DIRECTION('',(7.09659603808697E-15,-1.39955679364828E-45,1.));
#5668=DIRECTION('',(7.09659603808697E-15,-1.39955679364828E-45,1.));
#5669=DIRECTION('',(-0.707106781186554,1.39452223873681E-31,-0.707106781186541));
#5670=DIRECTION('center_axis',(-1.97215226305247E-31,-1.,-3.97777965204194E-59));
#5671=DIRECTION('ref_axis',(1.,-1.97215226305247E-31,0.));
#5672=DIRECTION('',(1.,-1.97215226305247E-31,-6.98296672221876E-15));
#5673=DIRECTION('',(-0.707106781186541,1.39452223873679E-31,0.707106781186554));
#5674=DIRECTION('',(7.09659603808697E-15,-1.39955679364828E-45,1.));
#5675=DIRECTION('center_axis',(-1.97215226305253E-31,-1.,0.));
#5676=DIRECTION('ref_axis',(0.,0.,-1.));
#5677=DIRECTION('',(0.,0.,1.));
#5678=DIRECTION('',(0.,0.,1.));
#5679=DIRECTION('',(1.,-1.97215226305253E-31,-6.98296672221877E-15));
#5680=DIRECTION('center_axis',(-5.02531988874851E-15,0.707106781186547,
-0.707106781186548));
#5681=DIRECTION('ref_axis',(-1.,1.97215226305253E-31,7.1068755419314E-15));
#5682=DIRECTION('',(-4.93770312208088E-15,-0.707106781186548,-0.707106781186547));
#5683=DIRECTION('',(4.90653893338678E-15,0.707106781186548,0.707106781186547));
#5684=DIRECTION('center_axis',(1.,-1.97215226305253E-31,-6.93889390390722E-15));
#5685=DIRECTION('ref_axis',(-6.93889390390722E-15,1.3684555315672E-45,-1.));
#5686=DIRECTION('',(0.,0.,1.));
#5687=DIRECTION('',(1.97215226305253E-31,1.,0.));
#5688=DIRECTION('center_axis',(-1.01847456117406E-15,1.,0.));
#5689=DIRECTION('ref_axis',(-1.,-1.01847456117406E-15,0.));
#5690=DIRECTION('',(0.,0.,1.));
#5691=DIRECTION('',(-1.,-1.01847456117407E-15,0.));
#5692=DIRECTION('center_axis',(-2.45781273481126E-29,-1.,-3.49148336110938E-15));
#5693=DIRECTION('ref_axis',(6.88573681202212E-46,3.49148336110938E-15,-1.));
#5694=DIRECTION('',(7.08500927962916E-15,-1.39727170845688E-45,1.));
#5695=DIRECTION('',(0.573576436351054,-2.86005573285375E-15,0.819152044288987));
#5696=DIRECTION('',(-6.88573681202212E-46,-3.49148336110938E-15,1.));
#5697=DIRECTION('center_axis',(1.,1.59064665018211E-31,-7.08500927962916E-15));
#5698=DIRECTION('ref_axis',(-7.08500927962916E-15,1.39727170845688E-45,
-1.));
#5699=DIRECTION('',(6.88573681202212E-46,3.49148336110938E-15,-1.));
#5700=DIRECTION('center_axis',(2.45781273481126E-29,1.,3.49148336110938E-15));
#5701=DIRECTION('ref_axis',(-6.88573681202212E-46,-3.49148336110938E-15,
1.));
#5702=DIRECTION('',(-0.573576436351053,2.86005573285375E-15,-0.819152044288987));
#5703=DIRECTION('',(-7.08500927962916E-15,1.39727170845688E-45,-1.));
#5704=DIRECTION('center_axis',(1.97215226305247E-31,1.,3.81993125315138E-59));
#5705=DIRECTION('ref_axis',(-1.,1.97215226305247E-31,0.));
#5706=DIRECTION('',(7.18671154333249E-15,-2.9738116731031E-15,1.));
#5707=DIRECTION('',(6.81498508419461E-15,-1.34401882564636E-45,1.));
#5708=DIRECTION('center_axis',(-1.97215226305247E-31,-1.,-3.81993125315138E-59));
#5709=DIRECTION('ref_axis',(1.,-1.97215226305247E-31,0.));
#5710=DIRECTION('',(-6.81498508419461E-15,1.34401882564636E-45,-1.));
#5711=DIRECTION('',(1.,-1.97215226305247E-31,-6.98296672221876E-15));
#5712=DIRECTION('',(-6.81498508419461E-15,1.34401882564636E-45,-1.));
#5713=DIRECTION('center_axis',(1.,4.13029399042097E-16,-7.08500927962916E-15));
#5714=DIRECTION('ref_axis',(-7.08500927962916E-15,1.39727170845688E-45,
-1.));
#5715=DIRECTION('',(-4.13029399042072E-16,1.,3.49148336110939E-15));
#5716=DIRECTION('',(-4.13029399042072E-16,1.,3.49148336110939E-15));
#5717=DIRECTION('center_axis',(-1.,1.97215226305247E-31,6.98296672221876E-15));
#5718=DIRECTION('ref_axis',(6.98296672221877E-15,-1.37714736240442E-45,
1.));
#5719=DIRECTION('',(3.7557864968429E-15,0.866025403784438,0.500000000000001));
#5720=DIRECTION('center_axis',(6.0474265752228E-15,-0.500000000000001,0.866025403784438));
#5721=DIRECTION('ref_axis',(-5.65223848603952E-31,-0.866025403784438,-0.500000000000001));
#5722=DIRECTION('',(-1.70793395993446E-31,-0.866025403784438,-0.500000000000001));
#5723=DIRECTION('',(1.70793395993446E-31,0.866025403784438,0.500000000000001));
#5724=DIRECTION('center_axis',(-1.,1.97215226305253E-31,0.));
#5725=DIRECTION('ref_axis',(0.,0.,1.));
#5726=DIRECTION('center_axis',(-0.743144825477397,0.669130606358855,0.));
#5727=DIRECTION('ref_axis',(-0.669130606358855,-0.743144825477397,0.));
#5728=DIRECTION('',(-0.669130606358855,-0.743144825477397,0.));
#5729=DIRECTION('center_axis',(-6.98296672221876E-15,3.49148336110938E-15,
-1.));
#5730=DIRECTION('ref_axis',(-1.,1.97215226305253E-31,6.98296672221877E-15));
#5731=DIRECTION('',(1.97215226305247E-31,1.,3.91408821771058E-59));
#5732=DIRECTION('center_axis',(-1.,1.97215226305247E-31,6.98296672221876E-15));
#5733=DIRECTION('ref_axis',(6.98296672221877E-15,-1.37714736240442E-45,
1.));
#5734=DIRECTION('',(2.50056966189406E-29,1.,3.49148336110938E-15));
#5735=DIRECTION('center_axis',(7.105427357601E-15,-3.49148336110938E-15,
1.));
#5736=DIRECTION('ref_axis',(1.,-1.97215226305253E-31,-7.105427357601E-15));
#5737=DIRECTION('',(2.50590432295744E-29,1.,3.49148336110938E-15));
#5738=DIRECTION('center_axis',(-0.707106781186554,2.46885156104044E-15,
-0.707106781186541));
#5739=DIRECTION('ref_axis',(-2.52435489670724E-29,-1.,-3.49148336110938E-15));
#5740=DIRECTION('',(-2.50590432295744E-29,-1.,-3.49148336110938E-15));
#5741=DIRECTION('center_axis',(-1.,2.81396242079277E-31,7.09659603808688E-15));
#5742=DIRECTION('ref_axis',(7.09659603808688E-15,-1.39955679364827E-45,
1.));
#5743=DIRECTION('',(-1.97215226305253E-31,-1.,1.18621681891193E-17));
#5744=DIRECTION('center_axis',(6.98296672221876E-15,-1.37714736240442E-45,
1.));
#5745=DIRECTION('ref_axis',(1.,-1.97215226305253E-31,-6.98296672221877E-15));
#5746=DIRECTION('',(-1.97215226305253E-31,-1.,1.18621681891193E-17));
#5747=DIRECTION('center_axis',(-1.,2.81396242079277E-31,7.09659603808688E-15));
#5748=DIRECTION('ref_axis',(7.09659603808688E-15,-1.39955679364827E-45,
1.));
#5749=DIRECTION('',(2.50590432295744E-29,1.,3.49148336110938E-15));
#5750=DIRECTION('center_axis',(-0.707106781186541,-2.46885156104045E-15,
0.707106781186554));
#5751=DIRECTION('ref_axis',(2.52435489670724E-29,1.,3.49148336110938E-15));
#5752=DIRECTION('',(-2.50590432295744E-29,-1.,-3.49148336110938E-15));
#5753=DIRECTION('center_axis',(7.105427357601E-15,-3.49148336110938E-15,
1.));
#5754=DIRECTION('ref_axis',(1.,-1.97215226305253E-31,-7.105427357601E-15));
#5755=DIRECTION('',(2.50590432295744E-29,1.,3.49148336110938E-15));
#5756=DIRECTION('center_axis',(-0.707106781186554,2.46885156104044E-15,
-0.707106781186541));
#5757=DIRECTION('ref_axis',(-2.52435489670724E-29,-1.,-3.49148336110938E-15));
#5758=DIRECTION('',(-2.50590432295744E-29,-1.,-3.49148336110938E-15));
#5759=DIRECTION('center_axis',(-1.,1.97215226305253E-31,0.));
#5760=DIRECTION('ref_axis',(0.,0.,1.));
#5761=DIRECTION('center_axis',(0.819152044288986,2.34096646042089E-15,-0.573576436351054));
#5762=DIRECTION('ref_axis',(4.13029399042072E-16,-1.,-3.49148336110939E-15));
#5763=DIRECTION('center_axis',(0.819152044288987,2.34096646042088E-15,-0.573576436351053));
#5764=DIRECTION('ref_axis',(4.13029399042072E-16,-1.,-3.49148336110939E-15));
#5765=DIRECTION('center_axis',(-1.,2.81396242079277E-31,7.09659603808688E-15));
#5766=DIRECTION('ref_axis',(7.09659603808688E-15,-1.39955679364827E-45,
1.));
#5767=CARTESIAN_POINT('',(0.,0.,0.));
#5768=CARTESIAN_POINT('Origin',(-2.20000000000002,0.604999999999994,3.39499999999997));
#5769=CARTESIAN_POINT('',(-2.00000000000002,0.604999999999994,3.39499999999997));
#5770=CARTESIAN_POINT('',(-2.00000000000002,1.25499999999999,3.39499999999997));
#5771=CARTESIAN_POINT('',(-2.00000000000002,0.604999999999994,3.39499999999997));
#5772=CARTESIAN_POINT('',(-2.20000000000002,0.604999999999994,3.39499999999997));
#5773=CARTESIAN_POINT('',(-2.20000000000002,0.604999999999994,3.39499999999997));
#5774=CARTESIAN_POINT('',(-2.20000000000002,1.25499999999999,3.39499999999997));
#5775=CARTESIAN_POINT('',(-2.20000000000002,0.604999999999994,3.39499999999997));
#5776=CARTESIAN_POINT('',(-2.20000000000002,1.25499999999999,3.39499999999997));
#5777=CARTESIAN_POINT('Origin',(-2.20000000000002,1.25499999999999,3.39499999999997));
#5778=CARTESIAN_POINT('',(-2.00000000000002,1.25499999999999,3.79499999999998));
#5779=CARTESIAN_POINT('',(-2.00000000000002,1.25499999999999,3.39499999999997));
#5780=CARTESIAN_POINT('',(-2.20000000000002,1.25499999999999,3.79499999999997));
#5781=CARTESIAN_POINT('',(-2.20000000000002,1.25499999999999,3.39499999999997));
#5782=CARTESIAN_POINT('',(-2.20000000000002,1.25499999999999,3.79499999999997));
#5783=CARTESIAN_POINT('Origin',(-2.20000000000002,1.25499999999999,3.79499999999997));
#5784=CARTESIAN_POINT('',(-2.00000000000002,1.155,3.89499999999997));
#5785=CARTESIAN_POINT('',(-2.00000000000002,1.25499999999999,3.79499999999998));
#5786=CARTESIAN_POINT('',(-2.20000000000002,1.155,3.89499999999997));
#5787=CARTESIAN_POINT('',(-2.20000000000002,1.25499999999999,3.79499999999997));
#5788=CARTESIAN_POINT('',(-2.20000000000002,1.155,3.89499999999997));
#5789=CARTESIAN_POINT('Origin',(-2.20000000000002,1.155,3.89499999999997));
#5790=CARTESIAN_POINT('',(-2.00000000000002,1.00499999999999,3.89499999999997));
#5791=CARTESIAN_POINT('',(-2.00000000000002,1.155,3.89499999999997));
#5792=CARTESIAN_POINT('',(-2.20000000000002,1.00499999999999,3.89499999999997));
#5793=CARTESIAN_POINT('',(-2.20000000000002,1.155,3.89499999999997));
#5794=CARTESIAN_POINT('',(-2.20000000000002,1.00499999999999,3.89499999999997));
#5795=CARTESIAN_POINT('Origin',(-2.20000000000002,1.00499999999999,3.89499999999997));
#5796=CARTESIAN_POINT('',(-2.00000000000002,1.00499999999999,3.84499999999997));
#5797=CARTESIAN_POINT('',(-2.00000000000002,1.00499999999999,3.89499999999997));
#5798=CARTESIAN_POINT('',(-2.20000000000002,1.00499999999999,3.84499999999997));
#5799=CARTESIAN_POINT('',(-2.20000000000002,1.00499999999999,3.89499999999997));
#5800=CARTESIAN_POINT('',(-2.20000000000002,1.00499999999999,3.84499999999997));
#5801=CARTESIAN_POINT('Origin',(-2.20000000000002,0.954999999999992,3.84499999999997));
#5802=CARTESIAN_POINT('',(-2.00000000000002,0.954999999999992,3.79499999999997));
#5803=CARTESIAN_POINT('Origin',(-2.00000000000002,0.954999999999992,3.84499999999997));
#5804=CARTESIAN_POINT('',(-2.20000000000002,0.954999999999992,3.79499999999997));
#5805=CARTESIAN_POINT('Origin',(-2.20000000000002,0.954999999999992,3.84499999999997));
#5806=CARTESIAN_POINT('',(-2.20000000000002,0.954999999999992,3.79499999999997));
#5807=CARTESIAN_POINT('Origin',(-2.20000000000002,0.954999999999992,3.79499999999997));
#5808=CARTESIAN_POINT('',(-2.00000000000002,0.841602540378436,3.79499999999997));
#5809=CARTESIAN_POINT('',(-2.00000000000002,0.954999999999992,3.79499999999997));
#5810=CARTESIAN_POINT('',(-2.20000000000002,0.841602540378436,3.79499999999997));
#5811=CARTESIAN_POINT('',(-2.20000000000002,0.954999999999992,3.79499999999997));
#5812=CARTESIAN_POINT('',(-2.20000000000002,0.841602540378436,3.79499999999997));
#5813=CARTESIAN_POINT('Origin',(-2.20000000000002,0.841602540378436,3.84499999999997));
#5814=CARTESIAN_POINT('',(-2.00000000000002,0.798301270189214,3.81999999999997));
#5815=CARTESIAN_POINT('Origin',(-2.00000000000002,0.841602540378436,3.84499999999997));
#5816=CARTESIAN_POINT('',(-2.20000000000002,0.798301270189214,3.81999999999997));
#5817=CARTESIAN_POINT('Origin',(-2.20000000000002,0.841602540378436,3.84499999999997));
#5818=CARTESIAN_POINT('',(-2.20000000000002,0.798301270189214,3.81999999999997));
#5819=CARTESIAN_POINT('Origin',(-2.20000000000002,0.754999999999992,3.79499999999997));
#5820=CARTESIAN_POINT('',(-2.00000000000002,0.754999999999992,3.84499999999997));
#5821=CARTESIAN_POINT('Origin',(-2.00000000000002,0.754999999999992,3.79499999999997));
#5822=CARTESIAN_POINT('',(-2.20000000000002,0.754999999999992,3.84499999999997));
#5823=CARTESIAN_POINT('Origin',(-2.20000000000002,0.754999999999992,3.79499999999997));
#5824=CARTESIAN_POINT('',(-2.20000000000002,0.754999999999992,3.84499999999997));
#5825=CARTESIAN_POINT('Origin',(-2.20000000000002,0.754999999999992,3.84499999999997));
#5826=CARTESIAN_POINT('',(-2.00000000000002,0.654999999999991,3.84499999999997));
#5827=CARTESIAN_POINT('',(-2.00000000000002,0.754999999999992,3.84499999999997));
#5828=CARTESIAN_POINT('',(-2.20000000000002,0.654999999999991,3.84499999999997));
#5829=CARTESIAN_POINT('',(-2.20000000000002,0.754999999999992,3.84499999999997));
#5830=CARTESIAN_POINT('',(-2.20000000000002,0.654999999999991,3.84499999999997));
#5831=CARTESIAN_POINT('Origin',(-2.20000000000002,0.654999999999991,3.79499999999997));
#5832=CARTESIAN_POINT('',(-2.00000000000002,0.611698729810769,3.81999999999997));
#5833=CARTESIAN_POINT('Origin',(-2.00000000000002,0.654999999999991,3.79499999999997));
#5834=CARTESIAN_POINT('',(-2.20000000000002,0.611698729810769,3.81999999999997));
#5835=CARTESIAN_POINT('Origin',(-2.20000000000002,0.654999999999991,3.79499999999997));
#5836=CARTESIAN_POINT('',(-2.20000000000002,0.611698729810769,3.81999999999997));
#5837=CARTESIAN_POINT('Origin',(-2.20000000000002,0.568397459621548,3.84499999999997));
#5838=CARTESIAN_POINT('',(-2.00000000000002,0.568397459621548,3.79499999999997));
#5839=CARTESIAN_POINT('Origin',(-2.00000000000002,0.568397459621548,3.84499999999997));
#5840=CARTESIAN_POINT('',(-2.20000000000002,0.568397459621548,3.79499999999997));
#5841=CARTESIAN_POINT('Origin',(-2.20000000000002,0.568397459621548,3.84499999999997));
#5842=CARTESIAN_POINT('',(-2.20000000000002,0.568397459621548,3.79499999999997));
#5843=CARTESIAN_POINT('Origin',(-2.20000000000002,0.454999999999992,3.79499999999997));
#5844=CARTESIAN_POINT('',(-2.00000000000002,0.454999999999992,3.79499999999997));
#5845=CARTESIAN_POINT('',(-2.00000000000002,0.454999999999992,3.79499999999997));
#5846=CARTESIAN_POINT('',(-2.20000000000002,0.454999999999992,3.79499999999997));
#5847=CARTESIAN_POINT('',(-2.20000000000002,0.454999999999992,3.79499999999997));
#5848=CARTESIAN_POINT('',(-2.20000000000002,0.454999999999992,3.79499999999997));
#5849=CARTESIAN_POINT('Origin',(-2.20000000000002,0.454999999999992,3.84499999999997));
#5850=CARTESIAN_POINT('',(-2.00000000000002,0.404999999999992,3.84499999999997));
#5851=CARTESIAN_POINT('Origin',(-2.00000000000002,0.454999999999992,3.84499999999997));
#5852=CARTESIAN_POINT('',(-2.20000000000002,0.404999999999992,3.84499999999997));
#5853=CARTESIAN_POINT('Origin',(-2.20000000000002,0.454999999999992,3.84499999999997));
#5854=CARTESIAN_POINT('',(-2.20000000000002,0.404999999999992,3.84499999999997));
#5855=CARTESIAN_POINT('Origin',(-2.20000000000002,0.404999999999992,3.89499999999997));
#5856=CARTESIAN_POINT('',(-2.00000000000002,0.404999999999992,3.89499999999997));
#5857=CARTESIAN_POINT('',(-2.00000000000002,0.404999999999992,3.89499999999997));
#5858=CARTESIAN_POINT('',(-2.20000000000002,0.404999999999992,3.89499999999997));
#5859=CARTESIAN_POINT('',(-2.20000000000002,0.404999999999992,3.89499999999997));
#5860=CARTESIAN_POINT('',(-2.20000000000002,0.404999999999992,3.89499999999997));
#5861=CARTESIAN_POINT('Origin',(-2.20000000000002,0.404999999999992,3.89499999999997));
#5862=CARTESIAN_POINT('',(-2.00000000000002,0.169999999999999,3.89499999999997));
#5863=CARTESIAN_POINT('',(-2.00000000000002,0.404999999999992,3.89499999999997));
#5864=CARTESIAN_POINT('',(-2.20000000000002,0.169999999999999,3.89499999999997));
#5865=CARTESIAN_POINT('',(-2.20000000000002,0.404999999999992,3.89499999999997));
#5866=CARTESIAN_POINT('',(-2.20000000000002,0.169999999999999,3.89499999999997));
#5867=CARTESIAN_POINT('Origin',(-2.20000000000002,0.169999999999999,3.89499999999997));
#5868=CARTESIAN_POINT('',(-2.00000000000002,0.0342893218813364,3.75928932188131));
#5869=CARTESIAN_POINT('',(-2.00000000000002,0.169999999999999,3.89499999999997));
#5870=CARTESIAN_POINT('',(-2.20000000000002,0.0342893218813364,3.75928932188131));
#5871=CARTESIAN_POINT('',(-2.20000000000002,0.169999999999999,3.89499999999997));
#5872=CARTESIAN_POINT('',(-2.20000000000002,0.0342893218813364,3.75928932188131));
#5873=CARTESIAN_POINT('Origin',(-2.20000000000002,0.104999999999992,3.68857864376265));
#5874=CARTESIAN_POINT('',(-2.00000000000002,0.0049999999999913,3.68857864376265));
#5875=CARTESIAN_POINT('Origin',(-2.00000000000002,0.104999999999992,3.68857864376265));
#5876=CARTESIAN_POINT('',(-2.20000000000002,0.0049999999999913,3.68857864376265));
#5877=CARTESIAN_POINT('Origin',(-2.20000000000002,0.104999999999992,3.68857864376265));
#5878=CARTESIAN_POINT('',(-2.20000000000002,0.0049999999999913,3.68857864376265));
#5879=CARTESIAN_POINT('Origin',(-2.20000000000002,0.00499999999999164,3.68857864376265));
#5880=CARTESIAN_POINT('',(-2.00000000000001,0.00499999999999164,2.60142135623728));
#5881=CARTESIAN_POINT('',(-2.00000000000002,0.00499999999999164,3.68857864376265));
#5882=CARTESIAN_POINT('',(-2.20000000000001,0.00499999999999164,2.60142135623728));
#5883=CARTESIAN_POINT('',(-2.20000000000002,0.00499999999999164,3.68857864376265));
#5884=CARTESIAN_POINT('',(-2.20000000000001,0.00499999999999164,2.60142135623728));
#5885=CARTESIAN_POINT('Origin',(-2.20000000000001,0.104999999999992,2.60142135623728));
#5886=CARTESIAN_POINT('',(-2.00000000000001,0.0342893218813368,2.53071067811863));
#5887=CARTESIAN_POINT('Origin',(-2.00000000000001,0.104999999999992,2.60142135623728));
#5888=CARTESIAN_POINT('',(-2.20000000000001,0.0342893218813368,2.53071067811863));
#5889=CARTESIAN_POINT('Origin',(-2.20000000000001,0.104999999999992,2.60142135623728));
#5890=CARTESIAN_POINT('',(-2.20000000000001,0.0342893218813368,2.53071067811863));
#5891=CARTESIAN_POINT('Origin',(-2.20000000000001,0.034289321881337,2.53071067811863));
#5892=CARTESIAN_POINT('',(-2.00000000000001,0.169999999999999,2.39499999999997));
#5893=CARTESIAN_POINT('',(-2.00000000000001,0.034289321881337,2.53071067811863));
#5894=CARTESIAN_POINT('',(-2.20000000000001,0.169999999999999,2.39499999999996));
#5895=CARTESIAN_POINT('',(-2.20000000000001,0.034289321881337,2.53071067811863));
#5896=CARTESIAN_POINT('',(-2.20000000000001,0.169999999999999,2.39499999999996));
#5897=CARTESIAN_POINT('Origin',(-2.20000000000001,0.169999999999999,2.39499999999996));
#5898=CARTESIAN_POINT('',(-2.00000000000001,0.604999999999997,2.39499999999997));
#5899=CARTESIAN_POINT('',(-2.00000000000001,0.169999999999999,2.39499999999997));
#5900=CARTESIAN_POINT('',(-2.20000000000001,0.604999999999997,2.39499999999997));
#5901=CARTESIAN_POINT('',(-2.20000000000001,0.169999999999999,2.39499999999996));
#5902=CARTESIAN_POINT('',(-2.20000000000001,0.604999999999997,2.39499999999997));
#5903=CARTESIAN_POINT('Origin',(-2.20000000000001,0.604999999999997,2.39499999999997));
#5904=CARTESIAN_POINT('',(-2.00000000000001,0.604999999999997,2.39499999999997));
#5905=CARTESIAN_POINT('',(-2.20000000000001,0.604999999999997,2.39499999999997));
#5906=CARTESIAN_POINT('Origin',(-2.20000000000002,0.954999999999992,3.84499999999997));
#5907=CARTESIAN_POINT('Origin',(-2.00000000000002,0.954999999999992,3.84499999999997));
#5908=CARTESIAN_POINT('Origin',(-0.900000000000003,2.135,0.894999999999987));
#5909=CARTESIAN_POINT('',(-1.10000000000001,2.135,0.194999999999988));
#5910=CARTESIAN_POINT('',(-1.09999999999999,2.135,2.64499999999999));
#5911=CARTESIAN_POINT('',(-1.1,2.135,0.894999999999989));
#5912=CARTESIAN_POINT('',(-0.89999999999999,2.135,2.64499999999999));
#5913=CARTESIAN_POINT('',(-0.89999999999999,2.135,2.64499999999999));
#5914=CARTESIAN_POINT('',(-0.900000000000008,2.135,0.194999999999986));
#5915=CARTESIAN_POINT('',(-0.900000000000008,2.135,0.194999999999986));
#5916=CARTESIAN_POINT('',(-0.900000000000008,2.135,0.194999999999986));
#5917=CARTESIAN_POINT('Origin',(-0.89999999999999,2.135,2.64499999999999));
#5918=CARTESIAN_POINT('',(-1.09999999999999,1.785,2.64499999999999));
#5919=CARTESIAN_POINT('',(-1.09999999999999,2.135,2.64499999999999));
#5920=CARTESIAN_POINT('',(-0.89999999999999,1.785,2.64499999999999));
#5921=CARTESIAN_POINT('',(-0.89999999999999,1.785,2.64499999999999));
#5922=CARTESIAN_POINT('',(-0.89999999999999,2.135,2.64499999999999));
#5923=CARTESIAN_POINT('Origin',(-0.89999999999999,1.785,2.64499999999999));
#5924=CARTESIAN_POINT('',(-1.1,1.655,0.894999999999987));
#5925=CARTESIAN_POINT('',(-1.09999999999999,1.785,2.64499999999999));
#5926=CARTESIAN_POINT('',(-0.900000000000003,1.655,0.894999999999986));
#5927=CARTESIAN_POINT('',(-0.900000000000003,1.655,0.894999999999986));
#5928=CARTESIAN_POINT('',(-0.89999999999999,1.785,2.64499999999999));
#5929=CARTESIAN_POINT('Origin',(-0.900000000000003,1.655,0.894999999999986));
#5930=CARTESIAN_POINT('',(-1.10000000000001,1.655,0.194999999999988));
#5931=CARTESIAN_POINT('',(-1.1,1.655,0.894999999999987));
#5932=CARTESIAN_POINT('',(-0.900000000000008,1.655,0.194999999999986));
#5933=CARTESIAN_POINT('',(-0.900000000000008,1.655,0.194999999999986));
#5934=CARTESIAN_POINT('',(-0.900000000000003,1.655,0.894999999999986));
#5935=CARTESIAN_POINT('Origin',(-0.900000000000008,0.545000000000015,0.194999999999989));
#5936=CARTESIAN_POINT('',(-1.10000000000001,0.545000000000015,0.194999999999991));
#5937=CARTESIAN_POINT('',(-1.10000000000001,0.545000000000015,0.194999999999991));
#5938=CARTESIAN_POINT('',(-0.900000000000008,0.545000000000015,0.194999999999989));
#5939=CARTESIAN_POINT('',(-0.900000000000008,0.545000000000015,0.194999999999989));
#5940=CARTESIAN_POINT('',(-0.900000000000008,0.545000000000015,0.194999999999989));
#5941=CARTESIAN_POINT('Origin',(-0.900000000000008,0.545000000000014,0.0949999999999892));
#5942=CARTESIAN_POINT('',(-1.10000000000001,0.474289321881359,0.165710678118645));
#5943=CARTESIAN_POINT('Origin',(-1.10000000000001,0.545000000000014,0.0949999999999906));
#5944=CARTESIAN_POINT('',(-0.900000000000008,0.474289321881359,0.165710678118644));
#5945=CARTESIAN_POINT('',(-0.900000000000008,0.474289321881359,0.165710678118644));
#5946=CARTESIAN_POINT('Origin',(-0.900000000000008,0.545000000000014,0.0949999999999892));
#5947=CARTESIAN_POINT('Origin',(-0.900000000000011,0.0242893218813519,-0.284289321881362));
#5948=CARTESIAN_POINT('',(-1.10000000000001,0.0242893218813519,-0.284289321881361));
#5949=CARTESIAN_POINT('',(-1.10000000000001,0.0242893218813519,-0.284289321881361));
#5950=CARTESIAN_POINT('',(-0.900000000000011,0.0242893218813519,-0.284289321881362));
#5951=CARTESIAN_POINT('',(-0.900000000000011,0.0242893218813519,-0.284289321881362));
#5952=CARTESIAN_POINT('',(-0.900000000000011,0.0242893218813519,-0.284289321881362));
#5953=CARTESIAN_POINT('Origin',(-0.900000000000012,0.0950000000000064,-0.355000000000017));
#5954=CARTESIAN_POINT('',(-1.10000000000001,-0.00499999999999355,-0.355000000000015));
#5955=CARTESIAN_POINT('Origin',(-1.10000000000001,0.0950000000000064,-0.355000000000015));
#5956=CARTESIAN_POINT('',(-0.900000000000012,-0.00499999999999355,-0.355000000000017));
#5957=CARTESIAN_POINT('',(-0.900000000000012,-0.00499999999999355,-0.355000000000017));
#5958=CARTESIAN_POINT('Origin',(-0.900000000000012,0.0950000000000064,-0.355000000000017));
#5959=CARTESIAN_POINT('Origin',(-0.900000000000012,-0.00499999999999366,
-0.355000000000017));
#5960=CARTESIAN_POINT('',(-1.10000000000002,-0.00499999999999362,-0.955000000000019));
#5961=CARTESIAN_POINT('',(-1.10000000000001,-0.00499999999999366,-0.355000000000015));
#5962=CARTESIAN_POINT('',(-0.900000000000015,-0.00499999999999362,-0.95500000000002));
#5963=CARTESIAN_POINT('',(-0.900000000000015,-0.00499999999999362,-0.95500000000002));
#5964=CARTESIAN_POINT('',(-0.900000000000012,-0.00499999999999366,-0.355000000000017));
#5965=CARTESIAN_POINT('Origin',(-0.900000000000015,0.0950000000000073,-0.95500000000002));
#5966=CARTESIAN_POINT('',(-1.10000000000002,0.195000000000008,-0.955000000000019));
#5967=CARTESIAN_POINT('Origin',(-1.10000000000002,0.0950000000000073,-0.955000000000019));
#5968=CARTESIAN_POINT('',(-0.900000000000015,0.195000000000008,-0.95500000000002));
#5969=CARTESIAN_POINT('',(-0.900000000000015,0.195000000000008,-0.95500000000002));
#5970=CARTESIAN_POINT('Origin',(-0.900000000000015,0.0950000000000073,-0.95500000000002));
#5971=CARTESIAN_POINT('Origin',(-0.900000000000015,0.195000000000008,-0.95500000000002));
#5972=CARTESIAN_POINT('',(-1.10000000000001,0.195000000000008,-0.575952050175088));
#5973=CARTESIAN_POINT('',(-1.10000000000002,0.195000000000008,-0.955000000000019));
#5974=CARTESIAN_POINT('',(-0.900000000000013,0.195000000000008,-0.575952050175089));
#5975=CARTESIAN_POINT('',(-0.900000000000013,0.195000000000008,-0.575952050175089));
#5976=CARTESIAN_POINT('',(-0.900000000000015,0.195000000000008,-0.95500000000002));
#5977=CARTESIAN_POINT('Origin',(-0.900000000000013,0.195000000000008,-0.575952050175089));
#5978=CARTESIAN_POINT('',(-1.10000000000001,0.586662728293735,-0.184289321881361));
#5979=CARTESIAN_POINT('',(-1.10000000000001,0.195000000000008,-0.575952050175088));
#5980=CARTESIAN_POINT('',(-0.90000000000001,0.586662728293735,-0.184289321881362));
#5981=CARTESIAN_POINT('',(-0.90000000000001,0.586662728293735,-0.184289321881362));
#5982=CARTESIAN_POINT('',(-0.900000000000013,0.195000000000008,-0.575952050175089));
#5983=CARTESIAN_POINT('Origin',(-0.900000000000011,0.65737340641239,-0.255000000000017));
#5984=CARTESIAN_POINT('',(-1.10000000000001,0.65737340641239,-0.155000000000015));
#5985=CARTESIAN_POINT('Origin',(-1.10000000000001,0.65737340641239,-0.255000000000015));
#5986=CARTESIAN_POINT('',(-0.90000000000001,0.65737340641239,-0.155000000000017));
#5987=CARTESIAN_POINT('',(-0.90000000000001,0.65737340641239,-0.155000000000017));
#5988=CARTESIAN_POINT('Origin',(-0.900000000000011,0.65737340641239,-0.255000000000017));
#5989=CARTESIAN_POINT('Origin',(-0.90000000000001,0.65737340641239,-0.155000000000017));
#5990=CARTESIAN_POINT('',(-1.10000000000001,2.355,-0.155000000000015));
#5991=CARTESIAN_POINT('',(-1.10000000000001,0.65737340641239,-0.155000000000015));
#5992=CARTESIAN_POINT('',(-0.90000000000001,2.355,-0.155000000000016));
#5993=CARTESIAN_POINT('',(-0.90000000000001,2.355,-0.155000000000016));
#5994=CARTESIAN_POINT('',(-0.90000000000001,0.65737340641239,-0.155000000000017));
#5995=CARTESIAN_POINT('Origin',(-0.900000000000009,2.355,-0.0550000000000165));
#5996=CARTESIAN_POINT('',(-1.10000000000001,2.455,-0.0550000000000143));
#5997=CARTESIAN_POINT('Origin',(-1.10000000000001,2.355,-0.0550000000000151));
#5998=CARTESIAN_POINT('',(-0.900000000000009,2.455,-0.0550000000000157));
#5999=CARTESIAN_POINT('',(-0.900000000000009,2.455,-0.0550000000000157));
#6000=CARTESIAN_POINT('Origin',(-0.900000000000009,2.355,-0.0550000000000165));
#6001=CARTESIAN_POINT('Origin',(-0.900000000000009,2.455,-0.0550000000000158));
#6002=CARTESIAN_POINT('',(-1.10000000000001,2.455,0.0949999999999878));
#6003=CARTESIAN_POINT('',(-1.10000000000001,2.455,-0.0550000000000144));
#6004=CARTESIAN_POINT('',(-0.900000000000008,2.455,0.0949999999999864));
#6005=CARTESIAN_POINT('',(-0.900000000000008,2.455,0.0949999999999864));
#6006=CARTESIAN_POINT('',(-0.900000000000009,2.455,-0.0550000000000158));
#6007=CARTESIAN_POINT('Origin',(-0.900000000000008,2.355,0.0949999999999872));
#6008=CARTESIAN_POINT('',(-1.10000000000001,2.355,0.194999999999988));
#6009=CARTESIAN_POINT('Origin',(-1.10000000000001,2.355,0.0949999999999886));
#6010=CARTESIAN_POINT('',(-0.900000000000007,2.355,0.194999999999987));
#6011=CARTESIAN_POINT('',(-0.900000000000007,2.355,0.194999999999987));
#6012=CARTESIAN_POINT('Origin',(-0.900000000000008,2.355,0.0949999999999872));
#6013=CARTESIAN_POINT('Origin',(-0.900000000000008,2.355,0.194999999999987));
#6014=CARTESIAN_POINT('',(-1.10000000000001,2.355,0.194999999999989));
#6015=CARTESIAN_POINT('',(-0.900000000000008,2.355,0.194999999999987));
#6016=CARTESIAN_POINT('Origin',(-0.900000000000008,0.545000000000014,0.0949999999999892));
#6017=CARTESIAN_POINT('Origin',(-1.10000000000001,0.545000000000014,0.0949999999999906));
#6018=CARTESIAN_POINT('Origin',(0.0999999999999972,2.135,0.894999999999987));
#6019=CARTESIAN_POINT('',(-0.100000000000008,2.135,0.194999999999988));
#6020=CARTESIAN_POINT('',(-0.0999999999999902,2.135,2.64499999999999));
#6021=CARTESIAN_POINT('',(-0.100000000000003,2.135,0.894999999999989));
#6022=CARTESIAN_POINT('',(0.10000000000001,2.135,2.64499999999999));
#6023=CARTESIAN_POINT('',(0.10000000000001,2.135,2.64499999999999));
#6024=CARTESIAN_POINT('',(0.0999999999999924,2.135,0.194999999999986));
#6025=CARTESIAN_POINT('',(0.0999999999999924,2.135,0.194999999999986));
#6026=CARTESIAN_POINT('',(0.0999999999999924,2.135,0.194999999999986));
#6027=CARTESIAN_POINT('Origin',(0.10000000000001,2.135,2.64499999999999));
#6028=CARTESIAN_POINT('',(-0.0999999999999902,1.785,2.64499999999999));
#6029=CARTESIAN_POINT('',(-0.0999999999999902,2.135,2.64499999999999));
#6030=CARTESIAN_POINT('',(0.10000000000001,1.785,2.64499999999999));
#6031=CARTESIAN_POINT('',(0.10000000000001,1.785,2.64499999999999));
#6032=CARTESIAN_POINT('',(0.10000000000001,2.135,2.64499999999999));
#6033=CARTESIAN_POINT('Origin',(0.10000000000001,1.785,2.64499999999999));
#6034=CARTESIAN_POINT('',(-0.100000000000003,1.655,0.894999999999987));
#6035=CARTESIAN_POINT('',(-0.0999999999999902,1.785,2.64499999999999));
#6036=CARTESIAN_POINT('',(0.0999999999999972,1.655,0.894999999999986));
#6037=CARTESIAN_POINT('',(0.0999999999999972,1.655,0.894999999999986));
#6038=CARTESIAN_POINT('',(0.10000000000001,1.785,2.64499999999999));
#6039=CARTESIAN_POINT('Origin',(0.0999999999999972,1.655,0.894999999999986));
#6040=CARTESIAN_POINT('',(-0.100000000000008,1.655,0.194999999999988));
#6041=CARTESIAN_POINT('',(-0.100000000000003,1.655,0.894999999999987));
#6042=CARTESIAN_POINT('',(0.0999999999999924,1.655,0.194999999999986));
#6043=CARTESIAN_POINT('',(0.0999999999999924,1.655,0.194999999999986));
#6044=CARTESIAN_POINT('',(0.0999999999999972,1.655,0.894999999999986));
#6045=CARTESIAN_POINT('Origin',(0.0999999999999924,0.545000000000015,0.194999999999989));
#6046=CARTESIAN_POINT('',(-0.100000000000008,0.545000000000015,0.194999999999991));
#6047=CARTESIAN_POINT('',(-0.100000000000008,0.545000000000015,0.194999999999991));
#6048=CARTESIAN_POINT('',(0.0999999999999924,0.545000000000015,0.194999999999989));
#6049=CARTESIAN_POINT('',(0.0999999999999924,0.545000000000015,0.194999999999989));
#6050=CARTESIAN_POINT('',(0.0999999999999924,0.545000000000015,0.194999999999989));
#6051=CARTESIAN_POINT('Origin',(0.0999999999999919,0.545000000000014,0.0949999999999892));
#6052=CARTESIAN_POINT('',(-0.100000000000008,0.474289321881359,0.165710678118645));
#6053=CARTESIAN_POINT('Origin',(-0.100000000000008,0.545000000000014,0.0949999999999906));
#6054=CARTESIAN_POINT('',(0.0999999999999924,0.474289321881359,0.165710678118644));
#6055=CARTESIAN_POINT('',(0.0999999999999924,0.474289321881359,0.165710678118644));
#6056=CARTESIAN_POINT('Origin',(0.0999999999999919,0.545000000000014,0.0949999999999892));
#6057=CARTESIAN_POINT('Origin',(0.0999999999999889,0.0242893218813519,-0.284289321881362));
#6058=CARTESIAN_POINT('',(-0.100000000000011,0.0242893218813519,-0.284289321881361));
#6059=CARTESIAN_POINT('',(-0.100000000000011,0.0242893218813519,-0.284289321881361));
#6060=CARTESIAN_POINT('',(0.0999999999999889,0.0242893218813519,-0.284289321881362));
#6061=CARTESIAN_POINT('',(0.0999999999999889,0.0242893218813519,-0.284289321881362));
#6062=CARTESIAN_POINT('',(0.0999999999999889,0.0242893218813519,-0.284289321881362));
#6063=CARTESIAN_POINT('Origin',(0.0999999999999885,0.0950000000000064,-0.355000000000017));
#6064=CARTESIAN_POINT('',(-0.100000000000011,-0.00499999999999355,-0.355000000000015));
#6065=CARTESIAN_POINT('Origin',(-0.100000000000011,0.0950000000000064,-0.355000000000015));
#6066=CARTESIAN_POINT('',(0.0999999999999885,-0.00499999999999355,-0.355000000000017));
#6067=CARTESIAN_POINT('',(0.0999999999999885,-0.00499999999999355,-0.355000000000017));
#6068=CARTESIAN_POINT('Origin',(0.0999999999999885,0.0950000000000064,-0.355000000000017));
#6069=CARTESIAN_POINT('Origin',(0.0999999999999885,-0.00499999999999366,
-0.355000000000017));
#6070=CARTESIAN_POINT('',(-0.100000000000015,-0.00499999999999362,-0.955000000000019));
#6071=CARTESIAN_POINT('',(-0.100000000000011,-0.00499999999999366,-0.355000000000015));
#6072=CARTESIAN_POINT('',(0.0999999999999846,-0.00499999999999362,-0.95500000000002));
#6073=CARTESIAN_POINT('',(0.0999999999999846,-0.00499999999999362,-0.95500000000002));
#6074=CARTESIAN_POINT('',(0.0999999999999885,-0.00499999999999366,-0.355000000000017));
#6075=CARTESIAN_POINT('Origin',(0.0999999999999846,0.0950000000000073,-0.95500000000002));
#6076=CARTESIAN_POINT('',(-0.100000000000015,0.195000000000008,-0.955000000000019));
#6077=CARTESIAN_POINT('Origin',(-0.100000000000015,0.0950000000000073,-0.955000000000019));
#6078=CARTESIAN_POINT('',(0.0999999999999846,0.195000000000008,-0.95500000000002));
#6079=CARTESIAN_POINT('',(0.0999999999999846,0.195000000000008,-0.95500000000002));
#6080=CARTESIAN_POINT('Origin',(0.0999999999999846,0.0950000000000073,-0.95500000000002));
#6081=CARTESIAN_POINT('Origin',(0.0999999999999846,0.195000000000008,-0.95500000000002));
#6082=CARTESIAN_POINT('',(-0.100000000000013,0.195000000000008,-0.575952050175088));
#6083=CARTESIAN_POINT('',(-0.100000000000015,0.195000000000008,-0.955000000000019));
#6084=CARTESIAN_POINT('',(0.0999999999999872,0.195000000000008,-0.575952050175089));
#6085=CARTESIAN_POINT('',(0.0999999999999872,0.195000000000008,-0.575952050175089));
#6086=CARTESIAN_POINT('',(0.0999999999999846,0.195000000000008,-0.95500000000002));
#6087=CARTESIAN_POINT('Origin',(0.0999999999999872,0.195000000000008,-0.575952050175089));
#6088=CARTESIAN_POINT('',(-0.10000000000001,0.586662728293735,-0.184289321881361));
#6089=CARTESIAN_POINT('',(-0.100000000000013,0.195000000000008,-0.575952050175088));
#6090=CARTESIAN_POINT('',(0.0999999999999898,0.586662728293735,-0.184289321881362));
#6091=CARTESIAN_POINT('',(0.0999999999999898,0.586662728293735,-0.184289321881362));
#6092=CARTESIAN_POINT('',(0.0999999999999872,0.195000000000008,-0.575952050175089));
#6093=CARTESIAN_POINT('Origin',(0.0999999999999893,0.65737340641239,-0.255000000000017));
#6094=CARTESIAN_POINT('',(-0.10000000000001,0.65737340641239,-0.155000000000015));
#6095=CARTESIAN_POINT('Origin',(-0.100000000000011,0.65737340641239,-0.255000000000015));
#6096=CARTESIAN_POINT('',(0.0999999999999902,0.65737340641239,-0.155000000000017));
#6097=CARTESIAN_POINT('',(0.0999999999999902,0.65737340641239,-0.155000000000017));
#6098=CARTESIAN_POINT('Origin',(0.0999999999999893,0.65737340641239,-0.255000000000017));
#6099=CARTESIAN_POINT('Origin',(0.0999999999999902,0.65737340641239,-0.155000000000017));
#6100=CARTESIAN_POINT('',(-0.10000000000001,2.355,-0.155000000000015));
#6101=CARTESIAN_POINT('',(-0.10000000000001,0.65737340641239,-0.155000000000015));
#6102=CARTESIAN_POINT('',(0.0999999999999902,2.355,-0.155000000000016));
#6103=CARTESIAN_POINT('',(0.0999999999999902,2.355,-0.155000000000016));
#6104=CARTESIAN_POINT('',(0.0999999999999902,0.65737340641239,-0.155000000000017));
#6105=CARTESIAN_POINT('Origin',(0.0999999999999907,2.355,-0.0550000000000165));
#6106=CARTESIAN_POINT('',(-0.100000000000009,2.455,-0.0550000000000143));
#6107=CARTESIAN_POINT('Origin',(-0.100000000000009,2.355,-0.0550000000000151));
#6108=CARTESIAN_POINT('',(0.0999999999999907,2.455,-0.0550000000000157));
#6109=CARTESIAN_POINT('',(0.0999999999999907,2.455,-0.0550000000000157));
#6110=CARTESIAN_POINT('Origin',(0.0999999999999907,2.355,-0.0550000000000165));
#6111=CARTESIAN_POINT('Origin',(0.0999999999999907,2.455,-0.0550000000000158));
#6112=CARTESIAN_POINT('',(-0.100000000000008,2.455,0.0949999999999878));
#6113=CARTESIAN_POINT('',(-0.100000000000009,2.455,-0.0550000000000144));
#6114=CARTESIAN_POINT('',(0.0999999999999919,2.455,0.0949999999999864));
#6115=CARTESIAN_POINT('',(0.0999999999999919,2.455,0.0949999999999864));
#6116=CARTESIAN_POINT('',(0.0999999999999907,2.455,-0.0550000000000158));
#6117=CARTESIAN_POINT('Origin',(0.0999999999999919,2.355,0.0949999999999872));
#6118=CARTESIAN_POINT('',(-0.100000000000007,2.355,0.194999999999988));
#6119=CARTESIAN_POINT('Origin',(-0.100000000000008,2.355,0.0949999999999886));
#6120=CARTESIAN_POINT('',(0.0999999999999928,2.355,0.194999999999987));
#6121=CARTESIAN_POINT('',(0.0999999999999928,2.355,0.194999999999987));
#6122=CARTESIAN_POINT('Origin',(0.0999999999999919,2.355,0.0949999999999872));
#6123=CARTESIAN_POINT('Origin',(0.0999999999999924,2.355,0.194999999999987));
#6124=CARTESIAN_POINT('',(-0.100000000000008,2.355,0.194999999999989));
#6125=CARTESIAN_POINT('',(0.0999999999999924,2.355,0.194999999999987));
#6126=CARTESIAN_POINT('Origin',(0.0999999999999919,0.545000000000014,0.0949999999999892));
#6127=CARTESIAN_POINT('Origin',(-0.100000000000008,0.545000000000014,0.0949999999999906));
#6128=CARTESIAN_POINT('Origin',(1.1,2.135,0.894999999999987));
#6129=CARTESIAN_POINT('',(0.899999999999993,2.135,0.194999999999988));
#6130=CARTESIAN_POINT('',(0.90000000000001,2.135,2.64499999999999));
#6131=CARTESIAN_POINT('',(0.899999999999997,2.135,0.894999999999989));
#6132=CARTESIAN_POINT('',(1.10000000000001,2.135,2.64499999999999));
#6133=CARTESIAN_POINT('',(1.10000000000001,2.135,2.64499999999999));
#6134=CARTESIAN_POINT('',(1.09999999999999,2.135,0.194999999999986));
#6135=CARTESIAN_POINT('',(1.09999999999999,2.135,0.194999999999986));
#6136=CARTESIAN_POINT('',(1.09999999999999,2.135,0.194999999999986));
#6137=CARTESIAN_POINT('Origin',(1.10000000000001,2.135,2.64499999999999));
#6138=CARTESIAN_POINT('',(0.90000000000001,1.785,2.64499999999999));
#6139=CARTESIAN_POINT('',(0.90000000000001,2.135,2.64499999999999));
#6140=CARTESIAN_POINT('',(1.10000000000001,1.785,2.64499999999999));
#6141=CARTESIAN_POINT('',(1.10000000000001,1.785,2.64499999999999));
#6142=CARTESIAN_POINT('',(1.10000000000001,2.135,2.64499999999999));
#6143=CARTESIAN_POINT('Origin',(1.10000000000001,1.785,2.64499999999999));
#6144=CARTESIAN_POINT('',(0.899999999999997,1.655,0.894999999999987));
#6145=CARTESIAN_POINT('',(0.90000000000001,1.785,2.64499999999999));
#6146=CARTESIAN_POINT('',(1.1,1.655,0.894999999999986));
#6147=CARTESIAN_POINT('',(1.1,1.655,0.894999999999986));
#6148=CARTESIAN_POINT('',(1.10000000000001,1.785,2.64499999999999));
#6149=CARTESIAN_POINT('Origin',(1.1,1.655,0.894999999999986));
#6150=CARTESIAN_POINT('',(0.899999999999993,1.655,0.194999999999988));
#6151=CARTESIAN_POINT('',(0.899999999999997,1.655,0.894999999999987));
#6152=CARTESIAN_POINT('',(1.09999999999999,1.655,0.194999999999986));
#6153=CARTESIAN_POINT('',(1.09999999999999,1.655,0.194999999999986));
#6154=CARTESIAN_POINT('',(1.1,1.655,0.894999999999986));
#6155=CARTESIAN_POINT('Origin',(1.09999999999999,0.545000000000015,0.194999999999989));
#6156=CARTESIAN_POINT('',(0.899999999999993,0.545000000000015,0.194999999999991));
#6157=CARTESIAN_POINT('',(0.899999999999993,0.545000000000015,0.194999999999991));
#6158=CARTESIAN_POINT('',(1.09999999999999,0.545000000000015,0.194999999999989));
#6159=CARTESIAN_POINT('',(1.09999999999999,0.545000000000015,0.194999999999989));
#6160=CARTESIAN_POINT('',(1.09999999999999,0.545000000000015,0.194999999999989));
#6161=CARTESIAN_POINT('Origin',(1.09999999999999,0.545000000000014,0.0949999999999892));
#6162=CARTESIAN_POINT('',(0.899999999999993,0.474289321881359,0.165710678118645));
#6163=CARTESIAN_POINT('Origin',(0.899999999999992,0.545000000000014,0.0949999999999906));
#6164=CARTESIAN_POINT('',(1.09999999999999,0.474289321881359,0.165710678118644));
#6165=CARTESIAN_POINT('',(1.09999999999999,0.474289321881359,0.165710678118644));
#6166=CARTESIAN_POINT('Origin',(1.09999999999999,0.545000000000014,0.0949999999999892));
#6167=CARTESIAN_POINT('Origin',(1.09999999999999,0.0242893218813519,-0.284289321881362));
#6168=CARTESIAN_POINT('',(0.899999999999989,0.0242893218813519,-0.284289321881361));
#6169=CARTESIAN_POINT('',(0.899999999999989,0.0242893218813519,-0.284289321881361));
#6170=CARTESIAN_POINT('',(1.09999999999999,0.0242893218813519,-0.284289321881362));
#6171=CARTESIAN_POINT('',(1.09999999999999,0.0242893218813519,-0.284289321881362));
#6172=CARTESIAN_POINT('',(1.09999999999999,0.0242893218813519,-0.284289321881362));
#6173=CARTESIAN_POINT('Origin',(1.09999999999999,0.0950000000000064,-0.355000000000017));
#6174=CARTESIAN_POINT('',(0.899999999999989,-0.00499999999999355,-0.355000000000015));
#6175=CARTESIAN_POINT('Origin',(0.899999999999989,0.0950000000000064,-0.355000000000015));
#6176=CARTESIAN_POINT('',(1.09999999999999,-0.00499999999999355,-0.355000000000017));
#6177=CARTESIAN_POINT('',(1.09999999999999,-0.00499999999999355,-0.355000000000017));
#6178=CARTESIAN_POINT('Origin',(1.09999999999999,0.0950000000000064,-0.355000000000017));
#6179=CARTESIAN_POINT('Origin',(1.09999999999999,-0.00499999999999366,-0.355000000000017));
#6180=CARTESIAN_POINT('',(0.899999999999985,-0.00499999999999362,-0.955000000000019));
#6181=CARTESIAN_POINT('',(0.899999999999989,-0.00499999999999366,-0.355000000000015));
#6182=CARTESIAN_POINT('',(1.09999999999998,-0.00499999999999362,-0.95500000000002));
#6183=CARTESIAN_POINT('',(1.09999999999998,-0.00499999999999362,-0.95500000000002));
#6184=CARTESIAN_POINT('',(1.09999999999999,-0.00499999999999366,-0.355000000000017));
#6185=CARTESIAN_POINT('Origin',(1.09999999999998,0.0950000000000073,-0.95500000000002));
#6186=CARTESIAN_POINT('',(0.899999999999985,0.195000000000008,-0.955000000000019));
#6187=CARTESIAN_POINT('Origin',(0.899999999999985,0.0950000000000073,-0.955000000000019));
#6188=CARTESIAN_POINT('',(1.09999999999998,0.195000000000008,-0.95500000000002));
#6189=CARTESIAN_POINT('',(1.09999999999998,0.195000000000008,-0.95500000000002));
#6190=CARTESIAN_POINT('Origin',(1.09999999999998,0.0950000000000073,-0.95500000000002));
#6191=CARTESIAN_POINT('Origin',(1.09999999999998,0.195000000000008,-0.95500000000002));
#6192=CARTESIAN_POINT('',(0.899999999999987,0.195000000000008,-0.575952050175088));
#6193=CARTESIAN_POINT('',(0.899999999999985,0.195000000000008,-0.955000000000019));
#6194=CARTESIAN_POINT('',(1.09999999999999,0.195000000000008,-0.575952050175089));
#6195=CARTESIAN_POINT('',(1.09999999999999,0.195000000000008,-0.575952050175089));
#6196=CARTESIAN_POINT('',(1.09999999999998,0.195000000000008,-0.95500000000002));
#6197=CARTESIAN_POINT('Origin',(1.09999999999999,0.195000000000008,-0.575952050175089));
#6198=CARTESIAN_POINT('',(0.89999999999999,0.586662728293735,-0.184289321881361));
#6199=CARTESIAN_POINT('',(0.899999999999987,0.195000000000008,-0.575952050175088));
#6200=CARTESIAN_POINT('',(1.09999999999999,0.586662728293735,-0.184289321881362));
#6201=CARTESIAN_POINT('',(1.09999999999999,0.586662728293735,-0.184289321881362));
#6202=CARTESIAN_POINT('',(1.09999999999999,0.195000000000008,-0.575952050175089));
#6203=CARTESIAN_POINT('Origin',(1.09999999999999,0.65737340641239,-0.255000000000017));
#6204=CARTESIAN_POINT('',(0.89999999999999,0.65737340641239,-0.155000000000015));
#6205=CARTESIAN_POINT('Origin',(0.89999999999999,0.65737340641239,-0.255000000000015));
#6206=CARTESIAN_POINT('',(1.09999999999999,0.65737340641239,-0.155000000000017));
#6207=CARTESIAN_POINT('',(1.09999999999999,0.65737340641239,-0.155000000000017));
#6208=CARTESIAN_POINT('Origin',(1.09999999999999,0.65737340641239,-0.255000000000017));
#6209=CARTESIAN_POINT('Origin',(1.09999999999999,0.65737340641239,-0.155000000000017));
#6210=CARTESIAN_POINT('',(0.89999999999999,2.355,-0.155000000000015));
#6211=CARTESIAN_POINT('',(0.89999999999999,0.65737340641239,-0.155000000000015));
#6212=CARTESIAN_POINT('',(1.09999999999999,2.355,-0.155000000000016));
#6213=CARTESIAN_POINT('',(1.09999999999999,2.355,-0.155000000000016));
#6214=CARTESIAN_POINT('',(1.09999999999999,0.65737340641239,-0.155000000000017));
#6215=CARTESIAN_POINT('Origin',(1.09999999999999,2.355,-0.0550000000000165));
#6216=CARTESIAN_POINT('',(0.899999999999991,2.455,-0.0550000000000143));
#6217=CARTESIAN_POINT('Origin',(0.899999999999991,2.355,-0.0550000000000151));
#6218=CARTESIAN_POINT('',(1.09999999999999,2.455,-0.0550000000000157));
#6219=CARTESIAN_POINT('',(1.09999999999999,2.455,-0.0550000000000157));
#6220=CARTESIAN_POINT('Origin',(1.09999999999999,2.355,-0.0550000000000165));
#6221=CARTESIAN_POINT('Origin',(1.09999999999999,2.455,-0.0550000000000158));
#6222=CARTESIAN_POINT('',(0.899999999999992,2.455,0.0949999999999878));
#6223=CARTESIAN_POINT('',(0.899999999999991,2.455,-0.0550000000000144));
#6224=CARTESIAN_POINT('',(1.09999999999999,2.455,0.0949999999999864));
#6225=CARTESIAN_POINT('',(1.09999999999999,2.455,0.0949999999999864));
#6226=CARTESIAN_POINT('',(1.09999999999999,2.455,-0.0550000000000158));
#6227=CARTESIAN_POINT('Origin',(1.09999999999999,2.355,0.0949999999999872));
#6228=CARTESIAN_POINT('',(0.899999999999993,2.355,0.194999999999988));
#6229=CARTESIAN_POINT('Origin',(0.899999999999992,2.355,0.0949999999999886));
#6230=CARTESIAN_POINT('',(1.09999999999999,2.355,0.194999999999987));
#6231=CARTESIAN_POINT('',(1.09999999999999,2.355,0.194999999999987));
#6232=CARTESIAN_POINT('Origin',(1.09999999999999,2.355,0.0949999999999872));
#6233=CARTESIAN_POINT('Origin',(1.09999999999999,2.355,0.194999999999987));
#6234=CARTESIAN_POINT('',(0.899999999999993,2.355,0.194999999999989));
#6235=CARTESIAN_POINT('',(1.09999999999999,2.355,0.194999999999987));
#6236=CARTESIAN_POINT('Origin',(1.09999999999999,0.545000000000014,0.0949999999999892));
#6237=CARTESIAN_POINT('Origin',(0.899999999999992,0.545000000000014,0.0949999999999906));
#6238=CARTESIAN_POINT('Origin',(2.20000000000001,0.604999999999994,3.39499999999997));
#6239=CARTESIAN_POINT('',(2.00000000000001,0.604999999999994,3.39499999999997));
#6240=CARTESIAN_POINT('',(2.00000000000001,1.25499999999999,3.39499999999997));
#6241=CARTESIAN_POINT('',(2.00000000000001,0.604999999999994,3.39499999999997));
#6242=CARTESIAN_POINT('',(2.20000000000001,1.25499999999999,3.39499999999997));
#6243=CARTESIAN_POINT('',(2.20000000000001,1.25499999999999,3.39499999999997));
#6244=CARTESIAN_POINT('',(2.20000000000001,0.604999999999994,3.39499999999997));
#6245=CARTESIAN_POINT('',(2.20000000000001,0.604999999999994,3.39499999999997));
#6246=CARTESIAN_POINT('',(2.20000000000001,0.604999999999994,3.39499999999997));
#6247=CARTESIAN_POINT('Origin',(2.20000000000001,1.25499999999999,3.39499999999997));
#6248=CARTESIAN_POINT('',(2.00000000000002,1.25499999999999,3.79499999999998));
#6249=CARTESIAN_POINT('',(2.00000000000001,1.25499999999999,3.39499999999997));
#6250=CARTESIAN_POINT('',(2.20000000000002,1.25499999999999,3.79499999999997));
#6251=CARTESIAN_POINT('',(2.20000000000002,1.25499999999999,3.79499999999997));
#6252=CARTESIAN_POINT('',(2.20000000000001,1.25499999999999,3.39499999999997));
#6253=CARTESIAN_POINT('Origin',(2.20000000000002,1.25499999999999,3.79499999999997));
#6254=CARTESIAN_POINT('',(2.00000000000002,1.155,3.89499999999997));
#6255=CARTESIAN_POINT('',(2.00000000000002,1.25499999999999,3.79499999999998));
#6256=CARTESIAN_POINT('',(2.20000000000002,1.155,3.89499999999997));
#6257=CARTESIAN_POINT('',(2.20000000000002,1.155,3.89499999999997));
#6258=CARTESIAN_POINT('',(2.20000000000002,1.25499999999999,3.79499999999997));
#6259=CARTESIAN_POINT('Origin',(2.20000000000002,1.155,3.89499999999997));
#6260=CARTESIAN_POINT('',(2.00000000000002,1.00499999999999,3.89499999999997));
#6261=CARTESIAN_POINT('',(2.00000000000002,1.155,3.89499999999997));
#6262=CARTESIAN_POINT('',(2.20000000000002,1.00499999999999,3.89499999999997));
#6263=CARTESIAN_POINT('',(2.20000000000002,1.00499999999999,3.89499999999997));
#6264=CARTESIAN_POINT('',(2.20000000000002,1.155,3.89499999999997));
#6265=CARTESIAN_POINT('Origin',(2.20000000000002,1.00499999999999,3.89499999999997));
#6266=CARTESIAN_POINT('',(2.00000000000002,1.00499999999999,3.84499999999997));
#6267=CARTESIAN_POINT('',(2.00000000000002,1.00499999999999,3.89499999999997));
#6268=CARTESIAN_POINT('',(2.20000000000002,1.00499999999999,3.84499999999997));
#6269=CARTESIAN_POINT('',(2.20000000000002,1.00499999999999,3.84499999999997));
#6270=CARTESIAN_POINT('',(2.20000000000002,1.00499999999999,3.89499999999997));
#6271=CARTESIAN_POINT('Origin',(2.20000000000002,0.954999999999992,3.84499999999997));
#6272=CARTESIAN_POINT('',(2.00000000000002,0.954999999999992,3.79499999999997));
#6273=CARTESIAN_POINT('Origin',(2.00000000000002,0.954999999999992,3.84499999999997));
#6274=CARTESIAN_POINT('',(2.20000000000002,0.954999999999992,3.79499999999997));
#6275=CARTESIAN_POINT('',(2.20000000000002,0.954999999999992,3.79499999999997));
#6276=CARTESIAN_POINT('Origin',(2.20000000000002,0.954999999999992,3.84499999999997));
#6277=CARTESIAN_POINT('Origin',(2.20000000000002,0.954999999999992,3.79499999999997));
#6278=CARTESIAN_POINT('',(2.00000000000002,0.841602540378436,3.79499999999997));
#6279=CARTESIAN_POINT('',(2.00000000000002,0.954999999999992,3.79499999999997));
#6280=CARTESIAN_POINT('',(2.20000000000002,0.841602540378436,3.79499999999997));
#6281=CARTESIAN_POINT('',(2.20000000000002,0.841602540378436,3.79499999999997));
#6282=CARTESIAN_POINT('',(2.20000000000002,0.954999999999992,3.79499999999997));
#6283=CARTESIAN_POINT('Origin',(2.20000000000002,0.841602540378436,3.84499999999997));
#6284=CARTESIAN_POINT('',(2.00000000000002,0.798301270189214,3.81999999999997));
#6285=CARTESIAN_POINT('Origin',(2.00000000000002,0.841602540378436,3.84499999999997));
#6286=CARTESIAN_POINT('',(2.20000000000002,0.798301270189214,3.81999999999997));
#6287=CARTESIAN_POINT('',(2.20000000000002,0.798301270189214,3.81999999999997));
#6288=CARTESIAN_POINT('Origin',(2.20000000000002,0.841602540378436,3.84499999999997));
#6289=CARTESIAN_POINT('Origin',(2.20000000000002,0.754999999999992,3.79499999999997));
#6290=CARTESIAN_POINT('',(2.00000000000002,0.754999999999992,3.84499999999997));
#6291=CARTESIAN_POINT('Origin',(2.00000000000002,0.754999999999992,3.79499999999997));
#6292=CARTESIAN_POINT('',(2.20000000000002,0.754999999999992,3.84499999999997));
#6293=CARTESIAN_POINT('',(2.20000000000002,0.754999999999992,3.84499999999997));
#6294=CARTESIAN_POINT('Origin',(2.20000000000002,0.754999999999992,3.79499999999997));
#6295=CARTESIAN_POINT('Origin',(2.20000000000002,0.754999999999992,3.84499999999997));
#6296=CARTESIAN_POINT('',(2.00000000000002,0.654999999999991,3.84499999999997));
#6297=CARTESIAN_POINT('',(2.00000000000002,0.754999999999992,3.84499999999997));
#6298=CARTESIAN_POINT('',(2.20000000000002,0.654999999999991,3.84499999999997));
#6299=CARTESIAN_POINT('',(2.20000000000002,0.654999999999991,3.84499999999997));
#6300=CARTESIAN_POINT('',(2.20000000000002,0.754999999999992,3.84499999999997));
#6301=CARTESIAN_POINT('Origin',(2.20000000000002,0.654999999999991,3.79499999999997));
#6302=CARTESIAN_POINT('',(2.00000000000002,0.611698729810769,3.81999999999997));
#6303=CARTESIAN_POINT('Origin',(2.00000000000002,0.654999999999991,3.79499999999997));
#6304=CARTESIAN_POINT('',(2.20000000000002,0.611698729810769,3.81999999999997));
#6305=CARTESIAN_POINT('',(2.20000000000002,0.611698729810769,3.81999999999997));
#6306=CARTESIAN_POINT('Origin',(2.20000000000002,0.654999999999991,3.79499999999997));
#6307=CARTESIAN_POINT('Origin',(2.20000000000002,0.568397459621548,3.84499999999997));
#6308=CARTESIAN_POINT('',(2.00000000000002,0.568397459621548,3.79499999999997));
#6309=CARTESIAN_POINT('Origin',(2.00000000000002,0.568397459621548,3.84499999999997));
#6310=CARTESIAN_POINT('',(2.20000000000002,0.568397459621548,3.79499999999997));
#6311=CARTESIAN_POINT('',(2.20000000000002,0.568397459621548,3.79499999999997));
#6312=CARTESIAN_POINT('Origin',(2.20000000000002,0.568397459621548,3.84499999999997));
#6313=CARTESIAN_POINT('Origin',(2.20000000000002,0.454999999999992,3.79499999999997));
#6314=CARTESIAN_POINT('',(2.00000000000002,0.454999999999992,3.79499999999997));
#6315=CARTESIAN_POINT('',(2.00000000000002,0.454999999999992,3.79499999999997));
#6316=CARTESIAN_POINT('',(2.20000000000002,0.454999999999992,3.79499999999997));
#6317=CARTESIAN_POINT('',(2.20000000000002,0.454999999999992,3.79499999999997));
#6318=CARTESIAN_POINT('',(2.20000000000002,0.454999999999992,3.79499999999997));
#6319=CARTESIAN_POINT('Origin',(2.20000000000002,0.454999999999992,3.84499999999997));
#6320=CARTESIAN_POINT('',(2.00000000000002,0.404999999999992,3.84499999999997));
#6321=CARTESIAN_POINT('Origin',(2.00000000000002,0.454999999999992,3.84499999999997));
#6322=CARTESIAN_POINT('',(2.20000000000002,0.404999999999992,3.84499999999997));
#6323=CARTESIAN_POINT('',(2.20000000000002,0.404999999999992,3.84499999999997));
#6324=CARTESIAN_POINT('Origin',(2.20000000000002,0.454999999999992,3.84499999999997));
#6325=CARTESIAN_POINT('Origin',(2.20000000000002,0.404999999999992,3.89499999999997));
#6326=CARTESIAN_POINT('',(2.00000000000002,0.404999999999992,3.89499999999997));
#6327=CARTESIAN_POINT('',(2.00000000000002,0.404999999999992,3.89499999999997));
#6328=CARTESIAN_POINT('',(2.20000000000002,0.404999999999992,3.89499999999997));
#6329=CARTESIAN_POINT('',(2.20000000000002,0.404999999999992,3.89499999999997));
#6330=CARTESIAN_POINT('',(2.20000000000002,0.404999999999992,3.89499999999997));
#6331=CARTESIAN_POINT('Origin',(2.20000000000002,0.404999999999992,3.89499999999997));
#6332=CARTESIAN_POINT('',(2.00000000000002,0.169999999999999,3.89499999999997));
#6333=CARTESIAN_POINT('',(2.00000000000002,0.404999999999992,3.89499999999997));
#6334=CARTESIAN_POINT('',(2.20000000000002,0.169999999999999,3.89499999999997));
#6335=CARTESIAN_POINT('',(2.20000000000002,0.169999999999999,3.89499999999997));
#6336=CARTESIAN_POINT('',(2.20000000000002,0.404999999999992,3.89499999999997));
#6337=CARTESIAN_POINT('Origin',(2.20000000000002,0.169999999999999,3.89499999999997));
#6338=CARTESIAN_POINT('',(2.00000000000002,0.0342893218813364,3.75928932188131));
#6339=CARTESIAN_POINT('',(2.00000000000002,0.169999999999999,3.89499999999997));
#6340=CARTESIAN_POINT('',(2.20000000000002,0.0342893218813364,3.75928932188131));
#6341=CARTESIAN_POINT('',(2.20000000000002,0.0342893218813364,3.75928932188131));
#6342=CARTESIAN_POINT('',(2.20000000000002,0.169999999999999,3.89499999999997));
#6343=CARTESIAN_POINT('Origin',(2.20000000000002,0.104999999999992,3.68857864376265));
#6344=CARTESIAN_POINT('',(2.00000000000002,0.0049999999999913,3.68857864376265));
#6345=CARTESIAN_POINT('Origin',(2.00000000000002,0.104999999999992,3.68857864376265));
#6346=CARTESIAN_POINT('',(2.20000000000002,0.0049999999999913,3.68857864376265));
#6347=CARTESIAN_POINT('',(2.20000000000002,0.0049999999999913,3.68857864376265));
#6348=CARTESIAN_POINT('Origin',(2.20000000000002,0.104999999999992,3.68857864376265));
#6349=CARTESIAN_POINT('Origin',(2.20000000000002,0.00499999999999164,3.68857864376265));
#6350=CARTESIAN_POINT('',(2.00000000000001,0.00499999999999164,2.60142135623728));
#6351=CARTESIAN_POINT('',(2.00000000000002,0.00499999999999164,3.68857864376265));
#6352=CARTESIAN_POINT('',(2.20000000000001,0.00499999999999164,2.60142135623728));
#6353=CARTESIAN_POINT('',(2.20000000000001,0.00499999999999164,2.60142135623728));
#6354=CARTESIAN_POINT('',(2.20000000000002,0.00499999999999164,3.68857864376265));
#6355=CARTESIAN_POINT('Origin',(2.20000000000001,0.104999999999992,2.60142135623728));
#6356=CARTESIAN_POINT('',(2.00000000000001,0.0342893218813368,2.53071067811863));
#6357=CARTESIAN_POINT('Origin',(2.00000000000001,0.104999999999992,2.60142135623728));
#6358=CARTESIAN_POINT('',(2.20000000000001,0.0342893218813368,2.53071067811863));
#6359=CARTESIAN_POINT('',(2.20000000000001,0.0342893218813368,2.53071067811863));
#6360=CARTESIAN_POINT('Origin',(2.20000000000001,0.104999999999992,2.60142135623728));
#6361=CARTESIAN_POINT('Origin',(2.20000000000001,0.034289321881337,2.53071067811863));
#6362=CARTESIAN_POINT('',(2.00000000000001,0.169999999999999,2.39499999999997));
#6363=CARTESIAN_POINT('',(2.00000000000001,0.034289321881337,2.53071067811863));
#6364=CARTESIAN_POINT('',(2.20000000000001,0.169999999999999,2.39499999999996));
#6365=CARTESIAN_POINT('',(2.20000000000001,0.169999999999999,2.39499999999996));
#6366=CARTESIAN_POINT('',(2.20000000000001,0.034289321881337,2.53071067811863));
#6367=CARTESIAN_POINT('Origin',(2.20000000000001,0.169999999999999,2.39499999999996));
#6368=CARTESIAN_POINT('',(2.00000000000001,0.604999999999997,2.39499999999997));
#6369=CARTESIAN_POINT('',(2.00000000000001,0.169999999999999,2.39499999999997));
#6370=CARTESIAN_POINT('',(2.20000000000001,0.604999999999997,2.39499999999997));
#6371=CARTESIAN_POINT('',(2.20000000000001,0.604999999999997,2.39499999999997));
#6372=CARTESIAN_POINT('',(2.20000000000001,0.169999999999999,2.39499999999996));
#6373=CARTESIAN_POINT('Origin',(2.20000000000001,0.604999999999997,2.39499999999997));
#6374=CARTESIAN_POINT('',(2.00000000000001,0.604999999999997,2.39499999999997));
#6375=CARTESIAN_POINT('',(2.20000000000001,0.604999999999997,2.39499999999997));
#6376=CARTESIAN_POINT('Origin',(2.20000000000002,0.954999999999992,3.84499999999997));
#6377=CARTESIAN_POINT('Origin',(2.00000000000002,0.954999999999992,3.84499999999997));
#6378=CARTESIAN_POINT('Origin',(0.0999999999999972,2.135,0.894999999999987));
#6379=CARTESIAN_POINT('',(-0.100000000000008,2.135,0.194999999999988));
#6380=CARTESIAN_POINT('',(-0.0999999999999902,2.135,2.64499999999999));
#6381=CARTESIAN_POINT('',(-0.100000000000003,2.135,0.894999999999989));
#6382=CARTESIAN_POINT('',(0.10000000000001,2.135,2.64499999999999));
#6383=CARTESIAN_POINT('',(0.10000000000001,2.135,2.64499999999999));
#6384=CARTESIAN_POINT('',(0.0999999999999924,2.135,0.194999999999986));
#6385=CARTESIAN_POINT('',(0.0999999999999924,2.135,0.194999999999986));
#6386=CARTESIAN_POINT('',(0.0999999999999924,2.135,0.194999999999986));
#6387=CARTESIAN_POINT('Origin',(0.10000000000001,2.135,2.64499999999999));
#6388=CARTESIAN_POINT('',(-0.0999999999999902,1.785,2.64499999999999));
#6389=CARTESIAN_POINT('',(-0.0999999999999902,2.135,2.64499999999999));
#6390=CARTESIAN_POINT('',(0.10000000000001,1.785,2.64499999999999));
#6391=CARTESIAN_POINT('',(0.10000000000001,1.785,2.64499999999999));
#6392=CARTESIAN_POINT('',(0.10000000000001,2.135,2.64499999999999));
#6393=CARTESIAN_POINT('Origin',(0.10000000000001,1.785,2.64499999999999));
#6394=CARTESIAN_POINT('',(-0.100000000000003,1.655,0.894999999999987));
#6395=CARTESIAN_POINT('',(-0.0999999999999902,1.785,2.64499999999999));
#6396=CARTESIAN_POINT('',(0.0999999999999972,1.655,0.894999999999986));
#6397=CARTESIAN_POINT('',(0.0999999999999972,1.655,0.894999999999986));
#6398=CARTESIAN_POINT('',(0.10000000000001,1.785,2.64499999999999));
#6399=CARTESIAN_POINT('Origin',(0.0999999999999972,1.655,0.894999999999986));
#6400=CARTESIAN_POINT('',(-0.100000000000008,1.655,0.194999999999988));
#6401=CARTESIAN_POINT('',(-0.100000000000003,1.655,0.894999999999987));
#6402=CARTESIAN_POINT('',(0.0999999999999924,1.655,0.194999999999986));
#6403=CARTESIAN_POINT('',(0.0999999999999924,1.655,0.194999999999986));
#6404=CARTESIAN_POINT('',(0.0999999999999972,1.655,0.894999999999986));
#6405=CARTESIAN_POINT('Origin',(0.0999999999999924,0.545000000000015,0.194999999999989));
#6406=CARTESIAN_POINT('',(-0.100000000000008,0.545000000000015,0.194999999999991));
#6407=CARTESIAN_POINT('',(-0.100000000000008,0.545000000000015,0.194999999999991));
#6408=CARTESIAN_POINT('',(0.0999999999999924,0.545000000000015,0.194999999999989));
#6409=CARTESIAN_POINT('',(0.0999999999999924,0.545000000000015,0.194999999999989));
#6410=CARTESIAN_POINT('',(0.0999999999999924,0.545000000000015,0.194999999999989));
#6411=CARTESIAN_POINT('Origin',(0.0999999999999919,0.545000000000014,0.0949999999999892));
#6412=CARTESIAN_POINT('',(-0.100000000000008,0.474289321881359,0.165710678118645));
#6413=CARTESIAN_POINT('Origin',(-0.100000000000008,0.545000000000014,0.0949999999999906));
#6414=CARTESIAN_POINT('',(0.0999999999999924,0.474289321881359,0.165710678118644));
#6415=CARTESIAN_POINT('',(0.0999999999999924,0.474289321881359,0.165710678118644));
#6416=CARTESIAN_POINT('Origin',(0.0999999999999919,0.545000000000014,0.0949999999999892));
#6417=CARTESIAN_POINT('Origin',(0.0999999999999889,0.0242893218813519,-0.284289321881362));
#6418=CARTESIAN_POINT('',(-0.100000000000011,0.0242893218813519,-0.284289321881361));
#6419=CARTESIAN_POINT('',(-0.100000000000011,0.0242893218813519,-0.284289321881361));
#6420=CARTESIAN_POINT('',(0.0999999999999889,0.0242893218813519,-0.284289321881362));
#6421=CARTESIAN_POINT('',(0.0999999999999889,0.0242893218813519,-0.284289321881362));
#6422=CARTESIAN_POINT('',(0.0999999999999889,0.0242893218813519,-0.284289321881362));
#6423=CARTESIAN_POINT('Origin',(0.0999999999999885,0.0950000000000064,-0.355000000000017));
#6424=CARTESIAN_POINT('',(-0.100000000000011,-0.00499999999999355,-0.355000000000015));
#6425=CARTESIAN_POINT('Origin',(-0.100000000000011,0.0950000000000064,-0.355000000000015));
#6426=CARTESIAN_POINT('',(0.0999999999999885,-0.00499999999999355,-0.355000000000017));
#6427=CARTESIAN_POINT('',(0.0999999999999885,-0.00499999999999355,-0.355000000000017));
#6428=CARTESIAN_POINT('Origin',(0.0999999999999885,0.0950000000000064,-0.355000000000017));
#6429=CARTESIAN_POINT('Origin',(0.0999999999999885,-0.00499999999999366,
-0.355000000000017));
#6430=CARTESIAN_POINT('',(-0.100000000000015,-0.00499999999999362,-0.955000000000019));
#6431=CARTESIAN_POINT('',(-0.100000000000011,-0.00499999999999366,-0.355000000000015));
#6432=CARTESIAN_POINT('',(0.0999999999999846,-0.00499999999999362,-0.95500000000002));
#6433=CARTESIAN_POINT('',(0.0999999999999846,-0.00499999999999362,-0.95500000000002));
#6434=CARTESIAN_POINT('',(0.0999999999999885,-0.00499999999999366,-0.355000000000017));
#6435=CARTESIAN_POINT('Origin',(0.0999999999999846,0.0950000000000073,-0.95500000000002));
#6436=CARTESIAN_POINT('',(-0.100000000000015,0.195000000000008,-0.955000000000019));
#6437=CARTESIAN_POINT('Origin',(-0.100000000000015,0.0950000000000073,-0.955000000000019));
#6438=CARTESIAN_POINT('',(0.0999999999999846,0.195000000000008,-0.95500000000002));
#6439=CARTESIAN_POINT('',(0.0999999999999846,0.195000000000008,-0.95500000000002));
#6440=CARTESIAN_POINT('Origin',(0.0999999999999846,0.0950000000000073,-0.95500000000002));
#6441=CARTESIAN_POINT('Origin',(0.0999999999999846,0.195000000000008,-0.95500000000002));
#6442=CARTESIAN_POINT('',(-0.100000000000013,0.195000000000008,-0.575952050175088));
#6443=CARTESIAN_POINT('',(-0.100000000000015,0.195000000000008,-0.955000000000019));
#6444=CARTESIAN_POINT('',(0.0999999999999872,0.195000000000008,-0.575952050175089));
#6445=CARTESIAN_POINT('',(0.0999999999999872,0.195000000000008,-0.575952050175089));
#6446=CARTESIAN_POINT('',(0.0999999999999846,0.195000000000008,-0.95500000000002));
#6447=CARTESIAN_POINT('Origin',(0.0999999999999872,0.195000000000008,-0.575952050175089));
#6448=CARTESIAN_POINT('',(-0.10000000000001,0.586662728293735,-0.184289321881361));
#6449=CARTESIAN_POINT('',(-0.100000000000013,0.195000000000008,-0.575952050175088));
#6450=CARTESIAN_POINT('',(0.0999999999999898,0.586662728293735,-0.184289321881362));
#6451=CARTESIAN_POINT('',(0.0999999999999898,0.586662728293735,-0.184289321881362));
#6452=CARTESIAN_POINT('',(0.0999999999999872,0.195000000000008,-0.575952050175089));
#6453=CARTESIAN_POINT('Origin',(0.0999999999999893,0.65737340641239,-0.255000000000017));
#6454=CARTESIAN_POINT('',(-0.10000000000001,0.65737340641239,-0.155000000000015));
#6455=CARTESIAN_POINT('Origin',(-0.100000000000011,0.65737340641239,-0.255000000000015));
#6456=CARTESIAN_POINT('',(0.0999999999999902,0.65737340641239,-0.155000000000017));
#6457=CARTESIAN_POINT('',(0.0999999999999902,0.65737340641239,-0.155000000000017));
#6458=CARTESIAN_POINT('Origin',(0.0999999999999893,0.65737340641239,-0.255000000000017));
#6459=CARTESIAN_POINT('Origin',(0.0999999999999902,0.65737340641239,-0.155000000000017));
#6460=CARTESIAN_POINT('',(-0.10000000000001,2.355,-0.155000000000015));
#6461=CARTESIAN_POINT('',(-0.10000000000001,0.65737340641239,-0.155000000000015));
#6462=CARTESIAN_POINT('',(0.0999999999999902,2.355,-0.155000000000016));
#6463=CARTESIAN_POINT('',(0.0999999999999902,2.355,-0.155000000000016));
#6464=CARTESIAN_POINT('',(0.0999999999999902,0.65737340641239,-0.155000000000017));
#6465=CARTESIAN_POINT('Origin',(0.0999999999999907,2.355,-0.0550000000000165));
#6466=CARTESIAN_POINT('',(-0.100000000000009,2.455,-0.0550000000000143));
#6467=CARTESIAN_POINT('Origin',(-0.100000000000009,2.355,-0.0550000000000151));
#6468=CARTESIAN_POINT('',(0.0999999999999907,2.455,-0.0550000000000157));
#6469=CARTESIAN_POINT('',(0.0999999999999907,2.455,-0.0550000000000157));
#6470=CARTESIAN_POINT('Origin',(0.0999999999999907,2.355,-0.0550000000000165));
#6471=CARTESIAN_POINT('Origin',(0.0999999999999907,2.455,-0.0550000000000158));
#6472=CARTESIAN_POINT('',(-0.100000000000008,2.455,0.0949999999999878));
#6473=CARTESIAN_POINT('',(-0.100000000000009,2.455,-0.0550000000000144));
#6474=CARTESIAN_POINT('',(0.0999999999999919,2.455,0.0949999999999864));
#6475=CARTESIAN_POINT('',(0.0999999999999919,2.455,0.0949999999999864));
#6476=CARTESIAN_POINT('',(0.0999999999999907,2.455,-0.0550000000000158));
#6477=CARTESIAN_POINT('Origin',(0.0999999999999919,2.355,0.0949999999999872));
#6478=CARTESIAN_POINT('',(-0.100000000000007,2.355,0.194999999999988));
#6479=CARTESIAN_POINT('Origin',(-0.100000000000008,2.355,0.0949999999999886));
#6480=CARTESIAN_POINT('',(0.0999999999999928,2.355,0.194999999999987));
#6481=CARTESIAN_POINT('',(0.0999999999999928,2.355,0.194999999999987));
#6482=CARTESIAN_POINT('Origin',(0.0999999999999919,2.355,0.0949999999999872));
#6483=CARTESIAN_POINT('Origin',(0.0999999999999924,2.355,0.194999999999987));
#6484=CARTESIAN_POINT('',(-0.100000000000008,2.355,0.194999999999989));
#6485=CARTESIAN_POINT('',(0.0999999999999924,2.355,0.194999999999987));
#6486=CARTESIAN_POINT('Origin',(0.0999999999999919,0.545000000000014,0.0949999999999892));
#6487=CARTESIAN_POINT('Origin',(-0.100000000000008,0.545000000000014,0.0949999999999906));
#6488=CARTESIAN_POINT('Origin',(-2.50000000000004,2.955,0.195000000000027));
#6489=CARTESIAN_POINT('',(-2.00000000000001,2.955,0.195000000000004));
#6490=CARTESIAN_POINT('',(1.99999999999999,2.955,0.194999999999981));
#6491=CARTESIAN_POINT('',(-2.50000000000001,2.955,0.195000000000027));
#6492=CARTESIAN_POINT('',(1.99999999999999,2.455,0.194999999999981));
#6493=CARTESIAN_POINT('',(1.99999999999999,2.955,0.194999999999981));
#6494=CARTESIAN_POINT('',(1.09999999999999,2.455,0.194999999999988));
#6495=CARTESIAN_POINT('',(-4.50000000000004,2.455,0.195000000000027));
#6496=CARTESIAN_POINT('',(1.09999999999999,2.135,0.194999999999988));
#6497=CARTESIAN_POINT('',(1.09999999999999,2.455,0.194999999999988));
#6498=CARTESIAN_POINT('',(0.899999999999992,2.135,0.19499999999999));
#6499=CARTESIAN_POINT('',(0.899999999999992,2.135,0.19499999999999));
#6500=CARTESIAN_POINT('',(0.899999999999988,2.455,0.194999999999989));
#6501=CARTESIAN_POINT('',(0.899999999999992,2.455,0.194999999999989));
#6502=CARTESIAN_POINT('',(0.0999999999999926,2.455,0.194999999999988));
#6503=CARTESIAN_POINT('',(-4.50000000000004,2.455,0.195000000000027));
#6504=CARTESIAN_POINT('',(0.0999999999999926,2.135,0.194999999999988));
#6505=CARTESIAN_POINT('',(0.0999999999999926,2.455,0.194999999999988));
#6506=CARTESIAN_POINT('',(-0.100000000000008,2.135,0.19499999999999));
#6507=CARTESIAN_POINT('',(-0.100000000000008,2.135,0.19499999999999));
#6508=CARTESIAN_POINT('',(-0.100000000000007,2.455,0.19500000000001));
#6509=CARTESIAN_POINT('',(-0.100000000000008,2.455,0.194999999999989));
#6510=CARTESIAN_POINT('',(-0.900000000000007,2.455,0.194999999999988));
#6511=CARTESIAN_POINT('',(-2.50000000000004,2.455,0.195000000000027));
#6512=CARTESIAN_POINT('',(-0.900000000000007,2.135,0.194999999999988));
#6513=CARTESIAN_POINT('',(-0.900000000000007,2.455,0.194999999999988));
#6514=CARTESIAN_POINT('',(-1.10000000000001,2.135,0.19499999999999));
#6515=CARTESIAN_POINT('',(-1.10000000000001,2.135,0.19499999999999));
#6516=CARTESIAN_POINT('',(-1.10000000000001,2.455,0.195000000000017));
#6517=CARTESIAN_POINT('',(-1.10000000000001,2.455,0.194999999999989));
#6518=CARTESIAN_POINT('',(-2.00000000000001,2.455,0.195000000000023));
#6519=CARTESIAN_POINT('',(-2.50000000000004,2.455,0.195000000000027));
#6520=CARTESIAN_POINT('',(-2.00000000000001,2.45500000000001,0.195000000000023));
#6521=CARTESIAN_POINT('Origin',(-2.49999999999998,2.95499999999999,3.89500000000003));
#6522=CARTESIAN_POINT('',(1.70000000000001,0.0549999999999991,3.89499999999999));
#6523=CARTESIAN_POINT('',(-1.70000000000001,0.0549999999999991,3.89499999999999));
#6524=CARTESIAN_POINT('',(-2.49999999999998,0.0549999999999917,3.89500000000002));
#6525=CARTESIAN_POINT('',(1.70000000000001,0.169999999999999,3.89499999999999));
#6526=CARTESIAN_POINT('',(1.70000000000001,0.0549999999999991,3.89499999999999));
#6527=CARTESIAN_POINT('',(1.79000000000002,0.169999999999999,3.89499999999999));
#6528=CARTESIAN_POINT('',(2.50000000000001,0.169999999999999,3.89499999999999));
#6529=CARTESIAN_POINT('',(1.89354646509427,0.284999999999999,3.89499999999999));
#6530=CARTESIAN_POINT('',(1.79000000000002,0.169999999999999,3.89499999999999));
#6531=CARTESIAN_POINT('',(2.00000000000001,0.284999999999999,3.89499999999999));
#6532=CARTESIAN_POINT('',(1.89354646509427,0.284999999999999,3.89499999999999));
#6533=CARTESIAN_POINT('',(2.00000000000002,1.35499999999999,3.89499999999998));
#6534=CARTESIAN_POINT('',(2.00000000000002,1.25499999999999,3.89499999999997));
#6535=CARTESIAN_POINT('',(2.50000000000002,1.35499999999999,3.89499999999997));
#6536=CARTESIAN_POINT('',(-4.49999999999998,1.35499999999999,3.89500000000002));
#6537=CARTESIAN_POINT('',(2.50000000000002,2.80499999999999,3.89499999999999));
#6538=CARTESIAN_POINT('',(2.50000000000002,2.95500000000001,3.89499999999997));
#6539=CARTESIAN_POINT('',(2.26000000000002,2.80499999999999,3.89499999999999));
#6540=CARTESIAN_POINT('',(2.50000000000002,2.80499999999999,3.89499999999999));
#6541=CARTESIAN_POINT('',(2.26000000000002,2.95499999999999,3.89499999999999));
#6542=CARTESIAN_POINT('',(2.26000000000002,2.95499999999999,3.89499999999999));
#6543=CARTESIAN_POINT('',(-2.26000000000002,2.95499999999999,3.89500000000003));
#6544=CARTESIAN_POINT('',(-2.49999999999998,2.95499999999999,3.89500000000003));
#6545=CARTESIAN_POINT('',(-2.26000000000002,2.80499999999999,3.89499999999999));
#6546=CARTESIAN_POINT('',(-2.26000000000002,2.95499999999999,3.89499999999999));
#6547=CARTESIAN_POINT('',(-2.50000000000002,2.80499999999999,3.89499999999999));
#6548=CARTESIAN_POINT('',(-2.50000000000002,2.80499999999999,3.89499999999999));
#6549=CARTESIAN_POINT('',(-2.49999999999998,1.35499999999999,3.89500000000002));
#6550=CARTESIAN_POINT('',(-2.49999999999998,2.95499999999999,3.89500000000003));
#6551=CARTESIAN_POINT('',(-2.00000000000002,1.35499999999999,3.89499999999997));
#6552=CARTESIAN_POINT('',(-2.00000000000002,1.35499999999999,3.89500000000002));
#6553=CARTESIAN_POINT('',(-2.00000000000001,0.284999999999999,3.89499999999999));
#6554=CARTESIAN_POINT('',(-2.00000000000002,1.25499999999999,3.89499999999997));
#6555=CARTESIAN_POINT('',(-1.89354646509427,0.284999999999999,3.89499999999999));
#6556=CARTESIAN_POINT('',(-1.89354646509427,0.284999999999999,3.89499999999999));
#6557=CARTESIAN_POINT('',(-1.79000000000002,0.169999999999999,3.89499999999999));
#6558=CARTESIAN_POINT('',(-1.79000000000002,0.169999999999999,3.89499999999999));
#6559=CARTESIAN_POINT('',(-1.70000000000001,0.169999999999999,3.89499999999999));
#6560=CARTESIAN_POINT('',(-2.50000000000001,0.169999999999999,3.89499999999999));
#6561=CARTESIAN_POINT('',(-1.70000000000001,0.0549999999999991,3.89499999999999));
#6562=CARTESIAN_POINT('',(1.84004150764196,1.45499999999999,3.89499999999998));
#6563=CARTESIAN_POINT('',(1.84004150764196,0.314958492358051,3.89499999999998));
#6564=CARTESIAN_POINT('',(1.84004150764196,2.95499999999999,3.89499999999999));
#6565=CARTESIAN_POINT('',(-1.84004150764192,0.314958492358051,3.89500000000002));
#6566=CARTESIAN_POINT('',(-2.49999999999998,0.314958492358051,3.89500000000002));
#6567=CARTESIAN_POINT('',(-1.84004150764192,1.45499999999999,3.89500000000002));
#6568=CARTESIAN_POINT('',(-1.84004150764192,2.95499999999999,3.89500000000003));
#6569=CARTESIAN_POINT('',(-2.04999999999998,1.455,3.89500000000002));
#6570=CARTESIAN_POINT('',(-1.7,1.45499999999999,3.89500000000002));
#6571=CARTESIAN_POINT('',(-2.04999999999999,2.05499999999999,3.89500000000002));
#6572=CARTESIAN_POINT('',(-2.04999999999998,2.055,3.89500000000002));
#6573=CARTESIAN_POINT('',(-1.84004150764192,2.05499999999999,3.89500000000002));
#6574=CARTESIAN_POINT('',(-1.7,2.05499999999999,3.89500000000002));
#6575=CARTESIAN_POINT('',(-1.84004150764192,2.69504150764193,3.89500000000002));
#6576=CARTESIAN_POINT('',(-1.84004150764192,2.95499999999999,3.89500000000003));
#6577=CARTESIAN_POINT('',(1.84004150764196,2.69504150764193,3.89499999999998));
#6578=CARTESIAN_POINT('',(-2.49999999999998,2.69504150764193,3.89500000000003));
#6579=CARTESIAN_POINT('',(1.84004150764196,2.05499999999999,3.89499999999998));
#6580=CARTESIAN_POINT('',(1.84004150764196,2.95499999999999,3.89499999999999));
#6581=CARTESIAN_POINT('',(2.05000000000002,2.055,3.89499999999998));
#6582=CARTESIAN_POINT('',(1.7,2.05499999999999,3.89499999999998));
#6583=CARTESIAN_POINT('',(2.05000000000001,1.45499999999999,3.89499999999998));
#6584=CARTESIAN_POINT('',(2.05000000000002,2.055,3.89499999999998));
#6585=CARTESIAN_POINT('',(1.7,1.45499999999999,3.89499999999998));
#6586=CARTESIAN_POINT('Origin',(-2.49999999999998,0.0549999999999915,3.89500000000002));
#6587=CARTESIAN_POINT('',(-1.70000000000001,0.0549999999999989,0.584999999999976));
#6588=CARTESIAN_POINT('',(1.70000000000001,0.0549999999999989,0.584999999999976));
#6589=CARTESIAN_POINT('',(-2.50000000000001,0.0549999999999989,0.584999999999976));
#6590=CARTESIAN_POINT('',(1.70000000000001,0.0549999999999991,-1.05500000000002));
#6591=CARTESIAN_POINT('',(-1.70000000000001,0.0549999999999991,-1.05500000000002));
#6592=CARTESIAN_POINT('Origin',(3.7,2.555,0.894999999999984));
#6593=CARTESIAN_POINT('',(1.7,0.454999999999999,0.894999999999986));
#6594=CARTESIAN_POINT('',(1.7,2.555,0.89499999999998));
#6595=CARTESIAN_POINT('',(1.7,2.555,0.894999999999984));
#6596=CARTESIAN_POINT('',(-1.7,2.555,0.895000000000012));
#6597=CARTESIAN_POINT('',(-1.7,2.555,0.894999999999984));
#6598=CARTESIAN_POINT('',(-1.7,0.455000000000002,0.895000000000018));
#6599=CARTESIAN_POINT('',(-1.7,2.555,0.895000000000022));
#6600=CARTESIAN_POINT('',(3.7,0.455000000000003,0.895000000000014));
#6601=CARTESIAN_POINT('',(-0.100000000000003,2.135,0.895000000000008));
#6602=CARTESIAN_POINT('',(0.0999999999999972,2.135,0.894999999999993));
#6603=CARTESIAN_POINT('',(-0.0999999999999902,2.135,0.895000000000009));
#6604=CARTESIAN_POINT('',(0.100000000000001,1.655,0.894999999999993));
#6605=CARTESIAN_POINT('',(0.099999999999998,0.145000000000004,0.894999999999994));
#6606=CARTESIAN_POINT('',(-0.100000000000003,1.655,0.894999999999987));
#6607=CARTESIAN_POINT('',(3.7,1.655,0.894999999999981));
#6608=CARTESIAN_POINT('',(-0.100000000000002,0.145000000000004,0.895000000000009));
#6609=CARTESIAN_POINT('',(-0.900000000000003,2.135,0.895000000000014));
#6610=CARTESIAN_POINT('',(-0.899999999999999,1.655,0.895000000000014));
#6611=CARTESIAN_POINT('',(-0.900000000000002,0.145000000000004,0.895000000000015));
#6612=CARTESIAN_POINT('',(-1.1,1.655,0.894999999999987));
#6613=CARTESIAN_POINT('',(3.7,1.655,0.894999999999981));
#6614=CARTESIAN_POINT('',(-1.1,2.135,0.895000000000015));
#6615=CARTESIAN_POINT('',(-1.1,0.145000000000004,0.895000000000016));
#6616=CARTESIAN_POINT('',(-1.09999999999999,2.135,0.895000000000016));
#6617=CARTESIAN_POINT('',(1.1,2.135,0.894999999999986));
#6618=CARTESIAN_POINT('',(1.1,1.655,0.894999999999986));
#6619=CARTESIAN_POINT('',(1.1,0.145000000000004,0.894999999999987));
#6620=CARTESIAN_POINT('',(0.899999999999997,1.655,0.894999999999987));
#6621=CARTESIAN_POINT('',(1.7,1.655,0.894999999999981));
#6622=CARTESIAN_POINT('',(0.899999999999997,2.135,0.894999999999987));
#6623=CARTESIAN_POINT('',(0.899999999999998,0.145000000000004,0.894999999999988));
#6624=CARTESIAN_POINT('',(0.90000000000001,2.135,0.894999999999988));
#6625=CARTESIAN_POINT('Origin',(3.7,0.455000000000003,0.894999999999977));
#6626=CARTESIAN_POINT('',(-1.69999999999998,0.454999999999992,3.695));
#6627=CARTESIAN_POINT('',(1.7,0.454999999999993,3.69499999999998));
#6628=CARTESIAN_POINT('',(3.70000000000002,0.454999999999993,3.69499999999998));
#6629=CARTESIAN_POINT('',(1.7,0.455000000000003,0.894999999999977));
#6630=CARTESIAN_POINT('',(-1.69999999999998,0.455000000000002,0.894999999999977));
#6631=CARTESIAN_POINT('Origin',(-1.7,2.555,0.895000000000022));
#6632=CARTESIAN_POINT('',(1.70000000000002,2.55499999999999,3.69499999999998));
#6633=CARTESIAN_POINT('',(1.70000000000002,2.555,0.895000000000022));
#6634=CARTESIAN_POINT('',(-1.7,2.55499999999999,3.695));
#6635=CARTESIAN_POINT('',(-1.69999999999998,2.55499999999999,3.69500000000002));
#6636=CARTESIAN_POINT('',(-1.7,2.555,0.895000000000022));
#6637=CARTESIAN_POINT('Origin',(-2.49999999999998,2.95499999999999,3.89500000000003));
#6638=CARTESIAN_POINT('',(2.26000000000002,2.955,1.13367513459479));
#6639=CARTESIAN_POINT('',(2.26000000000002,2.95499999999999,3.89500000000003));
#6640=CARTESIAN_POINT('',(2.,2.955,1.13367513459479));
#6641=CARTESIAN_POINT('',(-4.49999999999998,2.955,1.13367513459479));
#6642=CARTESIAN_POINT('',(2.,2.95499999999999,3.89500000000003));
#6643=CARTESIAN_POINT('',(-2.,2.955,1.13367513459484));
#6644=CARTESIAN_POINT('',(-2.00000000000001,2.95499999999999,3.89500000000003));
#6645=CARTESIAN_POINT('',(-2.26000000000002,2.95499999999999,1.13367513459484));
#6646=CARTESIAN_POINT('',(-2.49999999999998,2.955,1.13367513459484));
#6647=CARTESIAN_POINT('',(-2.26000000000002,2.95499999999999,3.89500000000003));
#6648=CARTESIAN_POINT('Origin',(4.50000000000001,0.169999999999999,-1.05500000000002));
#6649=CARTESIAN_POINT('',(-0.100000000000008,0.169999999999999,0.194999999999989));
#6650=CARTESIAN_POINT('',(0.0999999999999926,0.169999999999999,0.194999999999988));
#6651=CARTESIAN_POINT('',(-0.100000000000008,0.169999999999999,0.194999999999989));
#6652=CARTESIAN_POINT('',(0.0999999999999902,0.169999999999999,-0.155000000000016));
#6653=CARTESIAN_POINT('',(0.0999999999999887,0.169999999999999,-0.355000000000017));
#6654=CARTESIAN_POINT('',(0.299999999999985,0.169999999999999,-0.355000000000014));
#6655=CARTESIAN_POINT('',(0.29999999999998,0.169999999999999,-0.355000000000009));
#6656=CARTESIAN_POINT('',(0.699999999999985,0.169999999999999,-0.355000000000016));
#6657=CARTESIAN_POINT('',(2.49999999999999,0.169999999999999,-0.355000000000029));
#6658=CARTESIAN_POINT('',(0.89999999999999,0.169999999999999,-0.155000000000015));
#6659=CARTESIAN_POINT('',(0.899999999999989,0.169999999999999,-0.155000000000016));
#6660=CARTESIAN_POINT('',(0.899999999999992,0.169999999999999,0.194999999999989));
#6661=CARTESIAN_POINT('',(0.899999999999988,0.169999999999999,-0.355000000000015));
#6662=CARTESIAN_POINT('',(1.09999999999999,0.169999999999999,0.194999999999988));
#6663=CARTESIAN_POINT('',(0.899999999999992,0.169999999999999,0.194999999999989));
#6664=CARTESIAN_POINT('',(1.09999999999999,0.169999999999999,-0.155000000000017));
#6665=CARTESIAN_POINT('',(1.09999999999999,0.169999999999999,-0.355000000000017));
#6666=CARTESIAN_POINT('',(1.29999999999999,0.169999999999999,-0.355000000000021));
#6667=CARTESIAN_POINT('',(1.29999999999999,0.169999999999999,-0.355000000000016));
#6668=CARTESIAN_POINT('',(2.50000000000001,0.169999999999999,-0.355000000000027));
#6669=CARTESIAN_POINT('',(2.49999999999999,0.169999999999999,-0.355000000000029));
#6670=CARTESIAN_POINT('',(2.50000000000001,0.169999999999999,2.39499999999996));
#6671=CARTESIAN_POINT('',(2.50000000000001,0.169999999999999,-1.05500000000002));
#6672=CARTESIAN_POINT('',(1.79000000000002,0.169999999999999,2.39499999999999));
#6673=CARTESIAN_POINT('',(2.00000000000001,0.169999999999999,2.39499999999997));
#6674=CARTESIAN_POINT('',(1.79000000000002,0.169999999999999,2.39499999999999));
#6675=CARTESIAN_POINT('',(1.70000000000001,0.169999999999999,0.584999999999976));
#6676=CARTESIAN_POINT('',(1.70000000000001,0.169999999999999,-1.05500000000002));
#6677=CARTESIAN_POINT('',(-1.70000000000001,0.169999999999999,0.584999999999976));
#6678=CARTESIAN_POINT('',(-2.50000000000001,0.169999999999999,0.584999999999976));
#6679=CARTESIAN_POINT('',(-1.70000000000001,0.169999999999999,-1.05500000000002));
#6680=CARTESIAN_POINT('',(-1.79000000000002,0.169999999999999,2.39499999999999));
#6681=CARTESIAN_POINT('',(-1.79000000000002,0.169999999999999,2.39499999999999));
#6682=CARTESIAN_POINT('',(-2.50000000000001,0.169999999999999,2.39500000000001));
#6683=CARTESIAN_POINT('',(-1.99999999999999,0.169999999999999,2.39500000000001));
#6684=CARTESIAN_POINT('',(-2.50000000000001,0.169999999999999,-0.354999999999983));
#6685=CARTESIAN_POINT('',(-2.50000000000001,0.169999999999999,-1.05500000000002));
#6686=CARTESIAN_POINT('',(-1.29999999999999,0.169999999999998,-0.354999999999988));
#6687=CARTESIAN_POINT('',(4.49999999999999,0.169999999999999,-0.355000000000029));
#6688=CARTESIAN_POINT('',(-1.10000000000001,0.169999999999999,-0.155000000000017));
#6689=CARTESIAN_POINT('',(-1.10000000000001,0.169999999999998,-0.155000000000018));
#6690=CARTESIAN_POINT('',(-1.10000000000001,0.169999999999999,0.194999999999989));
#6691=CARTESIAN_POINT('',(-1.10000000000001,0.169999999999999,-0.355000000000015));
#6692=CARTESIAN_POINT('',(-0.900000000000007,0.169999999999999,0.194999999999988));
#6693=CARTESIAN_POINT('',(-1.10000000000001,0.169999999999999,0.194999999999989));
#6694=CARTESIAN_POINT('',(-0.90000000000001,0.169999999999999,-0.155000000000016));
#6695=CARTESIAN_POINT('',(-0.900000000000011,0.169999999999999,-0.355000000000017));
#6696=CARTESIAN_POINT('',(-0.700000000000037,0.169999999999998,-0.354999999999992));
#6697=CARTESIAN_POINT('',(-0.700000000000042,0.169999999999998,-0.354999999999988));
#6698=CARTESIAN_POINT('',(-0.299999999999994,0.169999999999998,-0.354999999999995));
#6699=CARTESIAN_POINT('',(4.49999999999999,0.169999999999999,-0.355000000000029));
#6700=CARTESIAN_POINT('',(-0.10000000000001,0.169999999999999,-0.155000000000015));
#6701=CARTESIAN_POINT('',(-0.100000000000011,0.169999999999998,-0.155000000000015));
#6702=CARTESIAN_POINT('',(-0.100000000000011,0.169999999999999,-0.355000000000015));
#6703=CARTESIAN_POINT('Origin',(-2.50000000000001,0.0549999999999989,0.584999999999976));
#6704=CARTESIAN_POINT('',(1.70000000000001,0.0549999999999989,0.584999999999976));
#6705=CARTESIAN_POINT('',(-1.70000000000001,0.0549999999999991,0.584999999999976));
#6706=CARTESIAN_POINT('Origin',(3.70000000000002,0.454999999999993,3.69499999999998));
#6707=CARTESIAN_POINT('',(1.70000000000002,0.454999999999993,3.69499999999998));
#6708=CARTESIAN_POINT('',(-1.18650226864033,0.968497731359653,2.96164923849212));
#6709=CARTESIAN_POINT('Origin',(-1.69999999999998,2.55499999999999,3.69500000000002));
#6710=CARTESIAN_POINT('',(0.363236210342458,1.21823621034246,1.78590345831554));
#6711=CARTESIAN_POINT('',(-1.90439393345641,2.75939393345642,3.986904788656));
#6712=CARTESIAN_POINT('Origin',(-2.50000000000004,2.955,0.195000000000027));
#6713=CARTESIAN_POINT('',(-0.100000000000008,1.655,0.194999999999988));
#6714=CARTESIAN_POINT('',(0.0999999999999924,1.655,0.194999999999986));
#6715=CARTESIAN_POINT('',(-0.100000000000008,1.655,0.194999999999988));
#6716=CARTESIAN_POINT('',(0.0999999999999926,2.455,0.194999999999988));
#6717=CARTESIAN_POINT('',(-0.100000000000008,2.455,0.194999999999989));
#6718=CARTESIAN_POINT('Origin',(-2.50000000000004,2.955,0.195000000000027));
#6719=CARTESIAN_POINT('',(-1.10000000000001,1.655,0.194999999999988));
#6720=CARTESIAN_POINT('',(-1.10000000000001,2.455,0.194999999999989));
#6721=CARTESIAN_POINT('',(-0.900000000000008,1.655,0.194999999999986));
#6722=CARTESIAN_POINT('',(-1.10000000000001,1.655,0.194999999999988));
#6723=CARTESIAN_POINT('',(-0.900000000000007,2.455,0.194999999999988));
#6724=CARTESIAN_POINT('Origin',(4.49999999999999,2.95500000000001,-0.35500000000002));
#6725=CARTESIAN_POINT('',(-0.700000000000037,2.455,-0.354999999999983));
#6726=CARTESIAN_POINT('',(-0.700000000000037,2.455,-0.354999999999984));
#6727=CARTESIAN_POINT('',(-0.299999999999993,2.455,-0.354999999999986));
#6728=CARTESIAN_POINT('',(-2.50000000000004,2.455,-0.35499999999997));
#6729=CARTESIAN_POINT('',(-0.299999999999993,2.95500000000001,-0.354999999999985));
#6730=CARTESIAN_POINT('Origin',(-2.50000000000004,2.455,-0.35499999999997));
#6731=CARTESIAN_POINT('',(-0.90000000000001,2.455,-0.155000000000008));
#6732=CARTESIAN_POINT('',(-0.700000000000038,2.455,-0.354999999999983));
#6733=CARTESIAN_POINT('',(-0.900000000000007,2.455,0.194999999999988));
#6734=CARTESIAN_POINT('',(-0.10000000000001,2.455,-0.155000000000007));
#6735=CARTESIAN_POINT('',(-0.100000000000008,2.455,0.194999999999989));
#6736=CARTESIAN_POINT('',(-0.100000000000015,2.455,-0.155000000000011));
#6737=CARTESIAN_POINT('Origin',(-2.00000000000001,2.45500000000001,-0.354999999999976));
#6738=CARTESIAN_POINT('',(-2.00000000000001,1.455,0.195000000000022));
#6739=CARTESIAN_POINT('',(-2.00000000000001,2.45500000000001,0.195000000000024));
#6740=CARTESIAN_POINT('',(-2.00000000000001,2.455,-0.354999999999974));
#6741=CARTESIAN_POINT('',(-2.00000000000001,2.455,-0.354999999999976));
#6742=CARTESIAN_POINT('',(-2.00000000000001,1.45500000000001,-0.354999999999979));
#6743=CARTESIAN_POINT('',(-2.00000000000001,2.95500000000001,-0.354999999999973));
#6744=CARTESIAN_POINT('',(-2.00000000000001,1.455,-0.354999999999976));
#6745=CARTESIAN_POINT('Origin',(-1.99999999999999,-0.3,-2.09466450261374E-14));
#6746=CARTESIAN_POINT('',(-2.00000000000001,0.284999999999999,2.39499999999999));
#6747=CARTESIAN_POINT('',(-2.00000000000001,0.604999999999997,2.39499999999997));
#6748=CARTESIAN_POINT('',(-2.00000000000001,0.00499999999999574,2.39499999999997));
#6749=CARTESIAN_POINT('',(-2.00000000000001,0.284999999999999,2.39499999999999));
#6750=CARTESIAN_POINT('',(-2.00000000000002,1.25499999999999,3.79500000000002));
#6751=CARTESIAN_POINT('',(-2.00000000000002,1.25499999999999,3.79500000000002));
#6752=CARTESIAN_POINT('',(-2.00000000000002,1.25499999999999,3.39499999999997));
#6753=CARTESIAN_POINT('',(-2.00000000000002,1.25499999999999,3.39499999999997));
#6754=CARTESIAN_POINT('',(-2.00000000000002,0.604999999999994,3.39499999999997));
#6755=CARTESIAN_POINT('',(-2.00000000000002,0.604999999999994,3.39499999999997));
#6756=CARTESIAN_POINT('',(-2.00000000000001,0.604999999999997,2.39499999999997));
#6757=CARTESIAN_POINT('Origin',(-1.99999999999999,0.604999999999997,2.39500000000001));
#6758=CARTESIAN_POINT('',(-2.49999999999999,0.604999999999996,2.39500000000001));
#6759=CARTESIAN_POINT('',(-2.49999999999999,2.95500000000001,2.39500000000001));
#6760=CARTESIAN_POINT('',(-1.89354646509427,0.284999999999999,2.39499999999999));
#6761=CARTESIAN_POINT('',(-1.79000000000002,0.169999999999999,2.39499999999999));
#6762=CARTESIAN_POINT('',(-1.89354646509427,0.284999999999999,2.39499999999999));
#6763=CARTESIAN_POINT('',(-1.99999999999999,0.604999999999997,2.39500000000001));
#6764=CARTESIAN_POINT('Origin',(-2.50000000000001,2.95500000000001,-0.35499999999997));
#6765=CARTESIAN_POINT('',(-2.50000000000002,2.80499999999999,1.04707259421639));
#6766=CARTESIAN_POINT('',(-2.50000000000002,2.80499999999999,-1.05500000000002));
#6767=CARTESIAN_POINT('',(-2.50000000000001,2.455,0.845000000000028));
#6768=CARTESIAN_POINT('',(-2.50000000000001,2.455,0.845000000000028));
#6769=CARTESIAN_POINT('',(-2.50000000000001,2.455,0.195000000000026));
#6770=CARTESIAN_POINT('',(-2.50000000000001,2.455,-0.35499999999997));
#6771=CARTESIAN_POINT('',(-2.50000000000001,1.455,0.195000000000024));
#6772=CARTESIAN_POINT('',(-2.50000000000001,2.95500000000001,0.195000000000024));
#6773=CARTESIAN_POINT('',(-2.50000000000001,1.45500000000001,-0.354999999999978));
#6774=CARTESIAN_POINT('',(-2.50000000000001,1.45500000000001,-0.35499999999997));
#6775=CARTESIAN_POINT('',(-2.50000000000001,2.95500000000001,-0.35499999999997));
#6776=CARTESIAN_POINT('',(-2.49999999999999,0.604999999999993,3.39500000000001));
#6777=CARTESIAN_POINT('',(-2.50000000000001,0.604999999999994,-0.35499999999997));
#6778=CARTESIAN_POINT('',(-2.49999999999998,1.25499999999999,3.39500000000002));
#6779=CARTESIAN_POINT('',(-2.49999999999999,2.95500000000001,3.39500000000002));
#6780=CARTESIAN_POINT('',(-2.49999999999998,1.25499999999999,3.79500000000002));
#6781=CARTESIAN_POINT('',(-2.50000000000001,1.25499999999999,-0.35499999999997));
#6782=CARTESIAN_POINT('',(-2.49999999999998,1.25499999999999,3.79500000000002));
#6783=CARTESIAN_POINT('Origin',(4.49999999999999,2.95500000000001,-0.35500000000002));
#6784=CARTESIAN_POINT('',(-1.29999999999999,2.455,-0.354999999999979));
#6785=CARTESIAN_POINT('',(-2.50000000000004,2.455,-0.35499999999997));
#6786=CARTESIAN_POINT('',(-1.29999999999999,2.95500000000001,-0.354999999999978));
#6787=CARTESIAN_POINT('',(4.49999999999999,1.45500000000001,-0.355000000000025));
#6788=CARTESIAN_POINT('Origin',(-2.,2.455,0.845000000000024));
#6789=CARTESIAN_POINT('',(-2.26000000000002,2.80499999999999,1.04707259421639));
#6790=CARTESIAN_POINT('',(-2.26000000000002,2.455,0.845000000000026));
#6791=CARTESIAN_POINT('',(-2.,2.455,0.845000000000025));
#6792=CARTESIAN_POINT('',(-2.,2.455,0.845000000000024));
#6793=CARTESIAN_POINT('',(-2.,2.455,0.845000000000024));
#6794=CARTESIAN_POINT('',(-2.,2.80499999999999,1.04707259421639));
#6795=CARTESIAN_POINT('Origin',(-2.00000000000001,2.45500000000001,-0.354999999999976));
#6796=CARTESIAN_POINT('',(-2.00000000000001,2.455,-0.354999999999976));
#6797=CARTESIAN_POINT('Origin',(-2.00000000000001,1.455,0.19500000000002));
#6798=CARTESIAN_POINT('',(-2.00000000000001,1.455,0.195000000000024));
#6799=CARTESIAN_POINT('Origin',(-1.99999999999998,1.25499999999999,3.89500000000001));
#6800=CARTESIAN_POINT('',(-2.49999999999998,1.25499999999999,3.79500000000002));
#6801=CARTESIAN_POINT('',(-1.99999999999998,1.25499999999999,3.39500000000002));
#6802=CARTESIAN_POINT('Origin',(-1.99999999999999,0.604999999999993,3.39500000000001));
#6803=CARTESIAN_POINT('',(-1.99999999999999,0.604999999999993,3.39500000000001));
#6804=CARTESIAN_POINT('Origin',(-1.99999999999999,1.25499999999999,3.39500000000001));
#6805=CARTESIAN_POINT('Origin',(-2.00000000000001,2.455,0.195000000000024));
#6806=CARTESIAN_POINT('',(-2.00000000000001,2.455,0.195000000000024));
#6807=CARTESIAN_POINT('Origin',(-2.00000000000001,2.455,0.195000000000024));
#6808=CARTESIAN_POINT('Origin',(-1.7,2.555,0.895000000000022));
#6809=CARTESIAN_POINT('',(-1.69999999999998,1.45499999999999,3.69500000000002));
#6810=CARTESIAN_POINT('',(-1.7,1.455,1.49500000000002));
#6811=CARTESIAN_POINT('',(-1.7,1.45499999999999,0.895000000000022));
#6812=CARTESIAN_POINT('',(-1.69999999999998,2.55499999999999,3.69500000000003));
#6813=CARTESIAN_POINT('',(-1.69999999999998,2.055,3.69500000000002));
#6814=CARTESIAN_POINT('',(-1.69999999999998,2.55499999999999,3.69500000000002));
#6815=CARTESIAN_POINT('',(-1.69999999999999,2.055,1.49500000000002));
#6816=CARTESIAN_POINT('',(-1.7,2.055,0.895000000000022));
#6817=CARTESIAN_POINT('',(-1.7,2.555,1.49500000000002));
#6818=CARTESIAN_POINT('Origin',(-1.7,2.055,1.49500000000002));
#6819=CARTESIAN_POINT('',(-1.84004150764192,2.05499999999999,3.89500000000002));
#6820=CARTESIAN_POINT('',(-2.05,2.055,1.49500000000002));
#6821=CARTESIAN_POINT('',(-2.05,2.055,1.49500000000002));
#6822=CARTESIAN_POINT('',(-1.7,2.055,1.49500000000002));
#6823=CARTESIAN_POINT('Origin',(-2.05,2.055,1.49500000000002));
#6824=CARTESIAN_POINT('',(-2.04999999999999,1.455,1.49500000000002));
#6825=CARTESIAN_POINT('',(-2.05,1.455,1.49500000000002));
#6826=CARTESIAN_POINT('',(-2.05,2.055,1.49500000000002));
#6827=CARTESIAN_POINT('Origin',(-1.7,1.455,1.49500000000002));
#6828=CARTESIAN_POINT('',(-1.84004150764192,1.45499999999999,3.89500000000002));
#6829=CARTESIAN_POINT('',(-2.04999999999998,1.455,1.49500000000002));
#6830=CARTESIAN_POINT('Origin',(-2.05,2.055,1.49500000000002));
#6831=CARTESIAN_POINT('Origin',(-1.70000000000001,0.0549999999999991,-1.05500000000002));
#6832=CARTESIAN_POINT('Origin',(-1.89354646509427,0.284999999999999,2.39499999999999));
#6833=CARTESIAN_POINT('',(-1.89354646509427,0.284999999999999,2.39499999999999));
#6834=CARTESIAN_POINT('Origin',(-1.79000000000002,0.169999999999999,2.39499999999999));
#6835=CARTESIAN_POINT('Origin',(-1.99999999999998,1.25499999999999,3.79500000000002));
#6836=CARTESIAN_POINT('Origin',(-2.50000000000004,2.455,-0.35499999999997));
#6837=CARTESIAN_POINT('',(-1.10000000000001,2.455,-0.155000000000009));
#6838=CARTESIAN_POINT('',(-1.10000000000001,2.455,0.194999999999989));
#6839=CARTESIAN_POINT('',(-1.10000000000001,2.455,-0.155000000000014));
#6840=CARTESIAN_POINT('Origin',(-2.26000000000002,2.95499999999999,-1.05500000000002));
#6841=CARTESIAN_POINT('',(-2.26000000000002,2.80499999999999,-1.05500000000002));
#6842=CARTESIAN_POINT('Origin',(-2.50000000000002,2.80499999999999,-1.05500000000002));
#6843=CARTESIAN_POINT('Origin',(-1.84004150764192,2.95499999999999,3.89500000000003));
#6844=CARTESIAN_POINT('Origin',(-1.84004150764192,2.95499999999999,3.89500000000003));
#6845=CARTESIAN_POINT('Origin',(-1.10000000000001,-0.3,-1.363367328203E-14));
#6846=CARTESIAN_POINT('',(-1.10000000000001,-0.299999999999999,-0.155000000000018));
#6847=CARTESIAN_POINT('',(-1.1,2.135,0.894999999999989));
#6848=CARTESIAN_POINT('',(-1.10000000000001,1.655,0.194999999999988));
#6849=CARTESIAN_POINT('Origin',(-0.900000000000009,-0.3,-1.50302666264737E-14));
#6850=CARTESIAN_POINT('',(-0.90000000000001,0.169999999999998,-0.155000000000016));
#6851=CARTESIAN_POINT('',(-0.900000000000008,1.655,0.194999999999986));
#6852=CARTESIAN_POINT('',(-0.900000000000003,2.135,0.894999999999987));
#6853=CARTESIAN_POINT('Origin',(-0.100000000000009,-0.3,-1.363367328203E-14));
#6854=CARTESIAN_POINT('',(-0.10000000000001,-0.299999999999999,-0.155000000000016));
#6855=CARTESIAN_POINT('',(-0.100000000000003,2.135,0.894999999999989));
#6856=CARTESIAN_POINT('',(-0.100000000000008,1.655,0.194999999999988));
#6857=CARTESIAN_POINT('Origin',(-1.10000000000001,-0.299999999999999,-0.155000000000019));
#6858=CARTESIAN_POINT('Origin',(-0.700000000000037,2.95500000000001,-0.354999999999983));
#6859=CARTESIAN_POINT('Origin',(-0.10000000000001,-0.299999999999999,-0.155000000000016));
#6860=CARTESIAN_POINT('Origin',(-0.100000000000003,2.135,0.894999999999989));
#6861=CARTESIAN_POINT('',(0.0999999999999972,2.135,0.894999999999987));
#6862=CARTESIAN_POINT('Origin',(-0.100000000000008,1.655,0.194999999999988));
#6863=CARTESIAN_POINT('',(0.0999999999999924,1.655,0.194999999999986));
#6864=CARTESIAN_POINT('Origin',(-1.1,2.135,0.894999999999989));
#6865=CARTESIAN_POINT('Origin',(-1.10000000000001,1.655,0.194999999999988));
#6866=CARTESIAN_POINT('Origin',(1.7,1.455,1.49499999999998));
#6867=CARTESIAN_POINT('',(2.05,1.455,1.49499999999998));
#6868=CARTESIAN_POINT('',(2.05,2.055,1.49499999999998));
#6869=CARTESIAN_POINT('',(2.05,2.055,1.49499999999998));
#6870=CARTESIAN_POINT('',(1.7,2.055,1.49499999999998));
#6871=CARTESIAN_POINT('',(1.7,2.055,1.49499999999998));
#6872=CARTESIAN_POINT('',(1.70000000000001,1.455,1.49499999999998));
#6873=CARTESIAN_POINT('',(1.7,2.555,1.49499999999998));
#6874=CARTESIAN_POINT('',(1.7,1.455,1.49499999999998));
#6875=CARTESIAN_POINT('Origin',(1.99999999999999,2.455,0.194999999999982));
#6876=CARTESIAN_POINT('',(2.49999999999999,2.455,0.19499999999998));
#6877=CARTESIAN_POINT('',(1.99999999999999,2.455,0.194999999999982));
#6878=CARTESIAN_POINT('',(2.,2.455,0.844999999999982));
#6879=CARTESIAN_POINT('',(1.99999999999999,2.455,-0.355000000000018));
#6880=CARTESIAN_POINT('',(2.49999999999999,2.455,0.844999999999979));
#6881=CARTESIAN_POINT('',(2.,2.455,0.844999999999982));
#6882=CARTESIAN_POINT('',(2.49999999999999,2.455,-0.35500000000002));
#6883=CARTESIAN_POINT('Origin',(1.99999999999999,2.455,0.194999999999982));
#6884=CARTESIAN_POINT('',(2.49999999999999,1.455,0.194999999999976));
#6885=CARTESIAN_POINT('',(1.99999999999999,1.455,0.194999999999977));
#6886=CARTESIAN_POINT('',(1.99999999999999,1.455,0.194999999999975));
#6887=CARTESIAN_POINT('',(1.99999999999999,2.45500000000001,0.194999999999979));
#6888=CARTESIAN_POINT('',(2.49999999999999,2.95500000000001,0.194999999999979));
#6889=CARTESIAN_POINT('Origin',(2.00000000000001,0.604999999999993,3.39499999999997));
#6890=CARTESIAN_POINT('',(2.50000000000001,0.604999999999994,3.39499999999997));
#6891=CARTESIAN_POINT('',(2.00000000000001,0.604999999999994,3.39499999999997));
#6892=CARTESIAN_POINT('',(2.00000000000001,0.604999999999993,3.39499999999997));
#6893=CARTESIAN_POINT('',(2.00000000000001,0.604999999999997,2.39499999999997));
#6894=CARTESIAN_POINT('',(2.00000000000001,0.604999999999997,2.39499999999997));
#6895=CARTESIAN_POINT('',(2.50000000000001,0.604999999999997,2.39499999999996));
#6896=CARTESIAN_POINT('',(2.00000000000001,0.604999999999997,2.39499999999996));
#6897=CARTESIAN_POINT('',(2.49999999999999,0.604999999999997,-0.35500000000002));
#6898=CARTESIAN_POINT('Origin',(2.00000000000001,1.25499999999999,3.39499999999997));
#6899=CARTESIAN_POINT('',(2.50000000000001,1.25499999999999,3.39499999999997));
#6900=CARTESIAN_POINT('',(2.00000000000001,1.25499999999999,3.39499999999997));
#6901=CARTESIAN_POINT('',(2.00000000000002,1.25499999999999,3.39499999999997));
#6902=CARTESIAN_POINT('',(2.00000000000001,0.604999999999994,3.39499999999997));
#6903=CARTESIAN_POINT('',(2.50000000000001,2.95500000000001,3.39499999999996));
#6904=CARTESIAN_POINT('Origin',(2.00000000000002,1.25499999999999,3.89499999999997));
#6905=CARTESIAN_POINT('',(2.50000000000002,1.25499999999999,3.79499999999997));
#6906=CARTESIAN_POINT('',(2.49999999999999,1.25499999999999,-0.35500000000002));
#6907=CARTESIAN_POINT('',(2.00000000000002,1.25499999999999,3.79499999999998));
#6908=CARTESIAN_POINT('',(2.00000000000002,1.25499999999999,3.79499999999998));
#6909=CARTESIAN_POINT('',(2.00000000000001,1.25499999999999,3.39499999999997));
#6910=CARTESIAN_POINT('Origin',(1.99999999999999,1.455,0.194999999999979));
#6911=CARTESIAN_POINT('',(2.49999999999999,1.45500000000001,-0.355000000000024));
#6912=CARTESIAN_POINT('',(1.99999999999999,1.45500000000001,-0.35500000000002));
#6913=CARTESIAN_POINT('',(2.49999999999999,1.45500000000001,-0.355000000000025));
#6914=CARTESIAN_POINT('',(1.99999999999999,1.45500000000001,-0.355000000000018));
#6915=CARTESIAN_POINT('',(2.49999999999999,1.455,-0.35500000000002));
#6916=CARTESIAN_POINT('Origin',(1.99999999999999,2.45500000000001,-0.355000000000018));
#6917=CARTESIAN_POINT('',(1.99999999999999,2.455,-0.355000000000016));
#6918=CARTESIAN_POINT('',(1.99999999999999,2.95500000000001,-0.355000000000016));
#6919=CARTESIAN_POINT('',(1.99999999999999,2.455,-0.355000000000016));
#6920=CARTESIAN_POINT('Origin',(-4.50000000000004,2.455,-0.35499999999997));
#6921=CARTESIAN_POINT('',(0.299999999999985,2.455,-0.355000000000004));
#6922=CARTESIAN_POINT('',(0.699999999999985,2.455,-0.355000000000007));
#6923=CARTESIAN_POINT('',(-4.50000000000004,2.455,-0.35499999999997));
#6924=CARTESIAN_POINT('',(0.0999999999999902,2.455,-0.155000000000008));
#6925=CARTESIAN_POINT('',(0.299999999999984,2.455,-0.355000000000005));
#6926=CARTESIAN_POINT('',(0.0999999999999926,2.455,0.194999999999988));
#6927=CARTESIAN_POINT('',(0.89999999999999,2.455,-0.155000000000007));
#6928=CARTESIAN_POINT('',(0.899999999999992,2.455,0.194999999999989));
#6929=CARTESIAN_POINT('',(0.899999999999985,2.455,-0.155000000000012));
#6930=CARTESIAN_POINT('Origin',(-4.50000000000004,2.455,-0.35499999999997));
#6931=CARTESIAN_POINT('',(1.29999999999999,2.455,-0.355000000000011));
#6932=CARTESIAN_POINT('',(-4.50000000000004,2.455,-0.35499999999997));
#6933=CARTESIAN_POINT('',(1.09999999999999,2.455,-0.155000000000009));
#6934=CARTESIAN_POINT('',(1.29999999999999,2.455,-0.355000000000012));
#6935=CARTESIAN_POINT('',(1.09999999999999,2.455,0.194999999999988));
#6936=CARTESIAN_POINT('Origin',(2.50000000000002,2.80499999999999,-1.05500000000002));
#6937=CARTESIAN_POINT('',(2.26000000000002,2.80499999999999,1.04707259421634));
#6938=CARTESIAN_POINT('',(2.26000000000002,2.80499999999999,-1.05500000000002));
#6939=CARTESIAN_POINT('',(2.50000000000002,2.80499999999999,1.04707259421634));
#6940=CARTESIAN_POINT('',(2.50000000000002,2.80499999999999,-1.05500000000002));
#6941=CARTESIAN_POINT('',(2.,2.80499999999999,1.04707259421635));
#6942=CARTESIAN_POINT('Origin',(2.00000000000002,1.25499999999999,3.79499999999998));
#6943=CARTESIAN_POINT('',(2.50000000000002,1.25499999999999,3.79499999999997));
#6944=CARTESIAN_POINT('',(2.00000000000002,1.25499999999999,3.79499999999998));
#6945=CARTESIAN_POINT('Origin',(1.99999999999999,-0.3,-2.09466450261374E-14));
#6946=CARTESIAN_POINT('',(2.00000000000001,0.284999999999999,2.39499999999999));
#6947=CARTESIAN_POINT('',(2.00000000000001,0.284999999999999,2.39499999999999));
#6948=CARTESIAN_POINT('',(2.00000000000001,0.00499999999999574,2.39499999999997));
#6949=CARTESIAN_POINT('Origin',(1.89354646509427,0.284999999999999,2.39499999999999));
#6950=CARTESIAN_POINT('',(1.89354646509427,0.284999999999999,2.39499999999999));
#6951=CARTESIAN_POINT('',(1.89354646509427,0.284999999999999,2.39499999999999));
#6952=CARTESIAN_POINT('',(1.89354646509427,0.284999999999999,2.39499999999999));
#6953=CARTESIAN_POINT('Origin',(1.7,1.455,1.49499999999998));
#6954=CARTESIAN_POINT('',(1.70000000000002,1.455,3.69499999999998));
#6955=CARTESIAN_POINT('',(1.7,1.455,0.894999999999984));
#6956=CARTESIAN_POINT('',(1.84004150764196,1.45499999999999,3.89499999999998));
#6957=CARTESIAN_POINT('',(2.05,1.455,1.49499999999998));
#6958=CARTESIAN_POINT('Origin',(2.05,2.055,1.49499999999998));
#6959=CARTESIAN_POINT('',(2.05000000000002,2.055,1.49499999999998));
#6960=CARTESIAN_POINT('Origin',(1.7,2.055,1.49499999999998));
#6961=CARTESIAN_POINT('',(1.70000000000002,2.05499999999999,3.69499999999998));
#6962=CARTESIAN_POINT('',(1.84004150764196,2.05499999999999,3.89499999999998));
#6963=CARTESIAN_POINT('',(1.7,2.05499999999999,0.894999999999984));
#6964=CARTESIAN_POINT('Origin',(0.899999999999997,2.135,0.894999999999989));
#6965=CARTESIAN_POINT('',(0.899999999999997,2.135,0.894999999999989));
#6966=CARTESIAN_POINT('',(1.1,2.135,0.894999999999987));
#6967=CARTESIAN_POINT('Origin',(0.899999999999992,1.655,0.194999999999988));
#6968=CARTESIAN_POINT('',(1.09999999999999,1.655,0.194999999999986));
#6969=CARTESIAN_POINT('',(1.09999999999999,1.655,0.194999999999986));
#6970=CARTESIAN_POINT('',(0.899999999999992,1.655,0.194999999999988));
#6971=CARTESIAN_POINT('',(0.899999999999992,1.655,0.194999999999988));
#6972=CARTESIAN_POINT('',(0.899999999999992,1.655,0.194999999999988));
#6973=CARTESIAN_POINT('Origin',(1.7,2.555,0.894999999999984));
#6974=CARTESIAN_POINT('',(1.70000000000002,2.55499999999999,3.69499999999999));
#6975=CARTESIAN_POINT('',(1.70000000000002,2.55499999999999,3.69499999999999));
#6976=CARTESIAN_POINT('Origin',(1.99999999999999,2.45500000000001,-0.355000000000018));
#6977=CARTESIAN_POINT('',(2.,2.455,0.844999999999982));
#6978=CARTESIAN_POINT('Origin',(2.,2.455,0.844999999999982));
#6979=CARTESIAN_POINT('',(2.26000000000002,2.455,0.844999999999981));
#6980=CARTESIAN_POINT('',(2.5,2.455,0.84499999999998));
#6981=CARTESIAN_POINT('Origin',(2.26000000000002,2.95499999999999,-1.05500000000002));
#6982=CARTESIAN_POINT('Origin',(1.79000000000002,0.169999999999999,2.39499999999999));
#6983=CARTESIAN_POINT('',(1.79000000000002,0.169999999999999,2.39499999999999));
#6984=CARTESIAN_POINT('Origin',(2.00000000000001,0.604999999999997,2.39499999999997));
#6985=CARTESIAN_POINT('',(2.50000000000001,2.95500000000001,2.39499999999996));
#6986=CARTESIAN_POINT('Origin',(2.49999999999999,2.95500000000001,-0.35500000000002));
#6987=CARTESIAN_POINT('',(2.49999999999999,2.95500000000001,-0.35500000000002));
#6988=CARTESIAN_POINT('Origin',(2.49999999999999,2.95500000000001,-0.35500000000002));
#6989=CARTESIAN_POINT('',(1.29999999999999,2.455,-0.355000000000013));
#6990=CARTESIAN_POINT('Origin',(1.29999999999999,2.95500000000001,-0.355000000000011));
#6991=CARTESIAN_POINT('',(1.09999999999999,0.169999999999998,-0.155000000000017));
#6992=CARTESIAN_POINT('Origin',(1.09999999999999,-0.3,-1.50302666264737E-14));
#6993=CARTESIAN_POINT('',(1.09999999999999,2.455,0.194999999999988));
#6994=CARTESIAN_POINT('Origin',(-4.50000000000004,2.955,0.195000000000027));
#6995=CARTESIAN_POINT('',(0.899999999999992,2.455,0.194999999999989));
#6996=CARTESIAN_POINT('Origin',(0.899999999999991,-0.3,-1.363367328203E-14));
#6997=CARTESIAN_POINT('',(0.89999999999999,-0.299999999999999,-0.155000000000017));
#6998=CARTESIAN_POINT('Origin',(0.89999999999999,-0.299999999999999,-0.155000000000017));
#6999=CARTESIAN_POINT('',(0.699999999999985,2.95500000000001,-0.355000000000007));
#7000=CARTESIAN_POINT('Origin',(2.49999999999999,2.95500000000001,-0.35500000000002));
#7001=CARTESIAN_POINT('',(0.299999999999985,2.455,-0.355000000000006));
#7002=CARTESIAN_POINT('Origin',(0.299999999999985,2.95500000000001,-0.355000000000004));
#7003=CARTESIAN_POINT('',(0.0999999999999902,0.169999999999998,-0.155000000000016));
#7004=CARTESIAN_POINT('Origin',(1.70000000000001,0.0549999999999991,-1.05500000000002));
#7005=CARTESIAN_POINT('Origin',(1.84004150764196,2.95499999999999,3.89499999999999));
#7006=CARTESIAN_POINT('Origin',(1.84004150764196,2.95499999999999,3.89499999999999));
#7007=CARTESIAN_POINT('Origin',(0.0999999999999913,-0.3,-1.50302666264737E-14));
#7008=UNCERTAINTY_MEASURE_WITH_UNIT(LENGTH_MEASURE(0.01),#7012,
'DISTANCE_ACCURACY_VALUE',
'Maximum model space distance between geometric entities at asserted c
onnectivities');
#7009=UNCERTAINTY_MEASURE_WITH_UNIT(LENGTH_MEASURE(0.01),#7012,
'DISTANCE_ACCURACY_VALUE',
'Maximum model space distance between geometric entities at asserted c
onnectivities');
#7010=(
GEOMETRIC_REPRESENTATION_CONTEXT(3)
GLOBAL_UNCERTAINTY_ASSIGNED_CONTEXT((#7008))
GLOBAL_UNIT_ASSIGNED_CONTEXT((#7012,#7014,#7015))
REPRESENTATION_CONTEXT('','3D')
);
#7011=(
GEOMETRIC_REPRESENTATION_CONTEXT(3)
GLOBAL_UNCERTAINTY_ASSIGNED_CONTEXT((#7009))
GLOBAL_UNIT_ASSIGNED_CONTEXT((#7012,#7014,#7015))
REPRESENTATION_CONTEXT('','3D')
);
#7012=(
LENGTH_UNIT()
NAMED_UNIT(*)
SI_UNIT(.MILLI.,.METRE.)
);
#7013=(
LENGTH_UNIT()
NAMED_UNIT(*)
SI_UNIT($,.METRE.)
);
#7014=(
NAMED_UNIT(*)
PLANE_ANGLE_UNIT()
SI_UNIT($,.RADIAN.)
);
#7015=(
NAMED_UNIT(*)
SI_UNIT($,.STERADIAN.)
SOLID_ANGLE_UNIT()
);
#7016=SHAPE_DEFINITION_REPRESENTATION(#7017,#7018);
#7017=PRODUCT_DEFINITION_SHAPE('',$,#7020);
#7018=SHAPE_REPRESENTATION('',(#4330),#7010);
#7019=PRODUCT_DEFINITION_CONTEXT('part definition',#7024,'design');
#7020=PRODUCT_DEFINITION('SM03B-SRSS-TB(LF)(SN)',
'SM03B-SRSS-TB (LF)(SN)',#7021,#7019);
#7021=PRODUCT_DEFINITION_FORMATION('',$,#7026);
#7022=PRODUCT_RELATED_PRODUCT_CATEGORY('SM03B-SRSS-TB (LF)(SN)',
'SM03B-SRSS-TB (LF)(SN)',(#7026));
#7023=APPLICATION_PROTOCOL_DEFINITION('international standard',
'automotive_design',2009,#7024);
#7024=APPLICATION_CONTEXT(
'Core Data for Automotive Mechanical Design Process');
#7025=PRODUCT_CONTEXT('part definition',#7024,'mechanical');
#7026=PRODUCT('SM03B-SRSS-TB(LF)(SN)','SM03B-SRSS-TB (LF)(SN)',
'STEP AP214',(#7025));
#7027=PRESENTATION_STYLE_ASSIGNMENT((#7030));
#7028=PRESENTATION_STYLE_ASSIGNMENT((#7031));
#7029=PRESENTATION_STYLE_ASSIGNMENT((#7032));
#7030=SURFACE_STYLE_USAGE(.BOTH.,#7033);
#7031=SURFACE_STYLE_USAGE(.BOTH.,#7034);
#7032=SURFACE_STYLE_USAGE(.BOTH.,#7035);
#7033=SURFACE_SIDE_STYLE('',(#7036));
#7034=SURFACE_SIDE_STYLE('',(#7037));
#7035=SURFACE_SIDE_STYLE('',(#7038));
#7036=SURFACE_STYLE_FILL_AREA(#7039);
#7037=SURFACE_STYLE_FILL_AREA(#7040);
#7038=SURFACE_STYLE_FILL_AREA(#7041);
#7039=FILL_AREA_STYLE('Steel - Satin',(#7042));
#7040=FILL_AREA_STYLE('Opaque(255,255,255)',(#7043));
#7041=FILL_AREA_STYLE('Opaque(255,255,192)',(#7044));
#7042=FILL_AREA_STYLE_COLOUR('Steel - Satin',#7045);
#7043=FILL_AREA_STYLE_COLOUR('Opaque(255,255,255)',#7046);
#7044=FILL_AREA_STYLE_COLOUR('Opaque(255,255,192)',#7047);
#7045=COLOUR_RGB('Steel - Satin',0.627450980392157,0.627450980392157,0.627450980392157);
#7046=COLOUR_RGB('Opaque(255,255,255)',1.,1.,1.);
#7047=COLOUR_RGB('Opaque(255,255,192)',1.,1.,0.752941176470588);
ENDSEC;
END-ISO-10303-21;
